id,created_at,last_updated,company_name,company_type,website,aum_crores,aum_category,last_year_revenue,is_listed,stock_symbol,primary_loan_segments,primary_product,product_types,hq_location,hq_state,operating_states,operating_intensity,pan_india,rbi_category,rbi_registration_number,recent_funding,recent_funding_amount,recent_funding_year,established_year,employee_count,ticket_size_min,ticket_size_max,has_subsidiaries,phone,email,data_source,extraction_status,error
224,2026-02-24T16:21:26.507766,2026-02-24T16:21:26.507770,121 Finance Private Limited (Old Name Yerrow Finance and Investments Private Limited),NBFC,https://121finance.com/,,,,False,,"[""Business Loan"", ""Personal Loan"", ""MSME Loan"", ""Loan Against Property"", ""Working Capital""]",Loans,"[""Business Loan"", ""Personal Loan"", ""MSME Loan"", ""Loan Against Property"", ""Working Capital""]","Hyderabad, Telangana",Telangana,"[""Telangana""]",Single State,False,NBFC,ROW-1,,,,1994,,,,False,+91 40 4850 1212,info@121finance.com,gemini+csv_verified,success,
225,2026-02-24T16:21:42.478929,2026-02-24T16:21:42.478932,4Fin Finance Private Limited,NBFC,https://4fin.in/,,,,False,,"[""MSME Loan"", ""Personal Loan"", ""Business Loan""]",MSME Loan,"[""MSME Loan"", ""Personal Loan"", ""Business Loan""]","New Delhi, Delhi",Delhi,"[""Andhra Pradesh"", ""Arunachal Pradesh"", ""Assam"", ""Bihar"", ""Chhattisgarh"", ""Goa"", ""Gujarat"", ""Haryana"", ""Himachal Pradesh"", ""Jharkhand"", ""Karnataka"", ""Kerala"", ""Madhya Pradesh"", ""Maharashtra"", ""Manipur"", ""Meghalaya"", ""Mizoram"", ""Nagaland"", ""Odisha"", ""Punjab"", ""Rajasthan"", ""Sikkim"", ""Tamil Nadu"", ""Telangana"", ""Tripura"", ""Uttar Pradesh"", ""Uttarakhand"", ""West Bengal"", ""Delhi"", ""Jammu & Kashmir"", ""Ladakh"", ""Puducherry"", ""Chandigarh"", ""Dadra and Nagar Haveli"", ""Lakshadweep"", ""Andaman and Nicobar Islands""]",Pan India,True,NBFC-ICC,ROW-4,,,,2022,,,,False,+91 99999 44444,info@4fin.in,gemini+csv_verified,success,
226,2026-02-24T16:22:00.313561,2026-02-24T16:22:00.313565,A R C Finance Ltd,NBFC,http://www.arcfinance.in/,1.0,Micro,1.0,True,ARCFIN,"[""Loan Against Property"", ""Personal Loan"", ""Business Loan"", ""Working Capital""]",Business Loan,"[""Loan Against Property"", ""Personal Loan"", ""Business Loan"", ""Working Capital""]","Kolkata, West Bengal",West Bengal,"[""West Bengal""]",Single State,False,NBFC,ROW-27,,,,1983,3,,,False,+91 33 2231 0001,arcfinance@gmail.com,gemini+csv_verified,success,
227,2026-02-24T16:22:17.910476,2026-02-24T16:22:17.910479,A R T Leasing Ltd,NBFC,http://artgroupofcompanies.in/leasing.php,,,,False,,"[""Vehicle Loan"", ""Business Loan""]",Leasing,"[""Vehicle Loan"", ""Business Loan""]","Kolkata, West Bengal",West Bengal,"[""West Bengal""]",Single State,False,NBFC,ROW-28,,,,1986,,,,False,+91 33 2237 0000 / 0001 / 0002,artleasing@artgroupofcompanies.in,gemini+csv_verified,success,
228,2026-02-24T16:22:29.776890,2026-02-24T16:22:29.776893,Aarchi Consultancy (P) Ltd,NBFC,https://aarchi-consultancy-pvt-ltd.charteredone.com/U74140WB1993PTC060953,,,,False,,[],Consultancy Services,[],"Kolkata, West Bengal",West Bengal,"[""West Bengal""]",Single State,False,,ROW-73,,,,1993,,,,False,,aarchiconsultancy@gmail.com,gemini+csv_verified,success,
229,2026-02-24T16:22:45.043120,2026-02-24T16:22:45.043123,Aashrit Capital Limited,NBFC,http://aashritcapital.com/,,Micro,100000.0,False,,"[""Business Loan"", ""Personal Loan"", ""Loan Against Property"", ""Working Capital"", ""MSME Loan"", ""Vehicle Loan"", ""Gold Loan"", ""Education Loan"", ""Micro Loan"", ""Home Loan"", ""Consumer Durable Loan"", ""Credit Card"", ""Agriculture Loan""]",Loans,"[""Business Loan"", ""Personal Loan"", ""Loan Against Property"", ""Working Capital"", ""MSME Loan"", ""Vehicle Loan"", ""Gold Loan"", ""Education Loan"", ""Micro Loan"", ""Home Loan"", ""Consumer Durable Loan"", ""Credit Card"", ""Agriculture Loan""]","New Delhi, Delhi",Delhi,"[""Delhi""]",Single State,False,NBFC,ROW-83,,,,2019,,,,False,+91-11-41000000,info@aashritcapital.com,gemini+csv_verified,success, | Invalid AUM value
230,2026-02-24T16:22:59.782276,2026-02-24T16:22:59.782278,Aasman Kamraz Leasing & Hire Purchase Company Pvt Ltd,NBFC,https://company.vakilsearch.com/aasman-kamraz-leasing-hire-purchase-company-private-limited/U65921JK1997PTC001645,,,,False,,"[""Vehicle Loan"", ""Business Loan"", ""MSME Loan"", ""Consumer Durable Loan""]",Leasing and Hire Purchase,"[""Vehicle Loan"", ""Business Loan"", ""MSME Loan"", ""Consumer Durable Loan""]","Jammu, Jammu & Kashmir",Jammu & Kashmir,"[""Jammu & Kashmir""]",Single State,False,NBFC,ROW-85,,,,1997,,,,False,,,gemini+csv_verified,success,
231,2026-02-24T16:23:12.170735,2026-02-24T16:23:12.170738,Abha Property Project Limited,NBFC,https://abhaproperty.in/,,,,False,,[],Real Estate Development,[],"Lucknow, Uttar Pradesh",Uttar Pradesh,"[""Uttar Pradesh""]",Single State,False,,ROW-98,,,,,,,,False,+91 91400 00000,info@abhaproperty.in,gemini+csv_verified,success,
233,2026-02-24T16:24:02.063354,2026-02-24T16:24:02.063358,Abhishek Capital Services (P) Ltd,NBFC,http://www.abhisheksecurities.com/,,,,False,,"[""Business Loan"", ""Personal Loan"", ""Loan Against Property"", ""Home Loan"", ""Gold Loan"", ""Vehicle Loan""]",Financial Services,"[""Business Loan"", ""Personal Loan"", ""Loan Against Property"", ""Home Loan"", ""Gold Loan"", ""Vehicle Loan""]","New Delhi, Delhi",Delhi,"[""Delhi"", ""Haryana"", ""Uttar Pradesh"", ""Rajasthan""]",Regional,False,NBFC,ROW-117,,,,1995,,,,False,011-45000000,info@abhisheksecurities.com,gemini+csv_verified,success,
234,2026-02-24T16:24:40.580294,2026-02-24T16:24:40.580296,Abhiyan Capital (India) Private Limited {Earlier known as Dowell Fiscal Services Private Limited},NBFC,https://www.abhiyancapital.com/,1.0,Micro,0.0,False,,"[""MSME Loan"", ""Personal Loan"", ""Business Loan""]",Loans,"[""MSME Loan"", ""Personal Loan"", ""Business Loan""]","New Delhi, Delhi",Delhi,"[""Andhra Pradesh"", ""Arunachal Pradesh"", ""Assam"", ""Bihar"", ""Chhattisgarh"", ""Goa"", ""Gujarat"", ""Haryana"", ""Himachal Pradesh"", ""Jharkhand"", ""Karnataka"", ""Kerala"", ""Madhya Pradesh"", ""Maharashtra"", ""Manipur"", ""Meghalaya"", ""Mizoram"", ""Nagaland"", ""Odisha"", ""Punjab"", ""Rajasthan"", ""Sikkim"", ""Tamil Nadu"", ""Telangana"", ""Tripura"", ""Uttar Pradesh"", ""Uttarakhand"", ""West Bengal"", ""Delhi"", ""Jammu & Kashmir"", ""Ladakh"", ""Puducherry"", ""Chandigarh"", ""Dadra and Nagar Haveli"", ""Lakshadweep"", ""Andaman and Nicobar Islands""]",Pan India,True,NBFC,ROW-125,,,,1995,,,,False,+91 11 4100 0000,info@abhiyancapital.com,gemini+csv_verified,success,
236,2026-02-24T16:25:15.151140,2026-02-24T16:25:15.151143,Accord Securities  Ltd.,NBFC,https://www.accordsecurities.com/,,,12.0,False,,[],Securities Brokerage,[],"Mumbai, Maharashtra",Maharashtra,"[""Maharashtra"", ""Gujarat"", ""Karnataka"", ""Tamil Nadu"", ""Delhi"", ""Telangana"", ""West Bengal""]",Regional,False,,ROW-135,,,,1995,,,,False,+91-22-6633 6633,info@accordsecurities.com,gemini+csv_verified,success,
237,2026-02-24T16:25:27.954742,2026-02-24T16:25:27.954746,Accredit Distributors (P) Ltd,NBFC,https://accredit-distributors-pvt-ltd.charteredone.com/U74140WB1994PTC062186,,,,False,,[],Distribution Services,[],"Kolkata, West Bengal",West Bengal,"[""West Bengal""]",Single State,False,,ROW-136,,,,1994,,,,False,,,gemini+csv_verified,success,
238,2026-02-24T16:25:40.756282,2026-02-24T16:25:40.756285,Accredut Finance And Investment Private Limited,NBFC,https://www.accredutfinance.com/,,,,False,,"[""Business Loan"", ""Personal Loan"", ""Home Loan"", ""Loan Against Property"", ""Working Capital"", ""MSME Loan""]",Business Loan,"[""Business Loan"", ""Personal Loan"", ""Home Loan"", ""Loan Against Property"", ""Working Capital"", ""MSME Loan""]","Thane, Maharashtra",Maharashtra,"[""Maharashtra""]",Single State,False,NBFC,ROW-137,,,,2022,,,,False,+91 93210 00000,info@accredutfinance.com,gemini+csv_verified,success,
239,2026-02-24T16:25:52.526139,2026-02-24T16:25:52.526145,Ace Finlease Private Limited,NBFC,https://acegroup.in/,,,,False,,"[""Loan Against Property"", ""Business Loan"", ""MSME Loan""]",Loans,"[""Loan Against Property"", ""Business Loan"", ""MSME Loan""]","New Delhi, Delhi",Delhi,"[""Rajasthan"", ""Delhi"", ""Haryana"", ""Uttar Pradesh""]",Regional,False,Non-Banking Financial Company (NBFC),ROW-141,,,,1995,,,,False,+91-11-45000000,info@acegroup.in,gemini+csv_verified,success,
240,2026-02-24T16:26:06.454716,2026-02-24T16:26:06.454720,Achyut & Neeta Holdings & Finance Private Limited,NBFC,https://www.achyutneeta.com/,,,,False,,"[""MSME Loan"", ""Personal Loan"", ""Business Loan"", ""Loan Against Property"", ""Working Capital""]",Loan,"[""MSME Loan"", ""Personal Loan"", ""Business Loan"", ""Loan Against Property"", ""Working Capital""]","Mumbai, Maharashtra",Maharashtra,"[""Maharashtra""]",Single State,False,NBFC,ROW-149,,,,2018,,,,False,+91 22 4002 0000,info@achyutneeta.com,gemini+csv_verified,success,
241,2026-02-24T16:26:21.434502,2026-02-24T16:26:21.434529,Acsys Investments Private Limited,NBFC,https://www.acsysindia.com/,,,,False,,[],Investment Banking,[],"Mumbai, Maharashtra",Maharashtra,"[""Andhra Pradesh"", ""Arunachal Pradesh"", ""Assam"", ""Bihar"", ""Chhattisgarh"", ""Goa"", ""Gujarat"", ""Haryana"", ""Himachal Pradesh"", ""Jharkhand"", ""Karnataka"", ""Kerala"", ""Madhya Pradesh"", ""Maharashtra"", ""Manipur"", ""Meghalaya"", ""Mizoram"", ""Nagaland"", ""Odisha"", ""Punjab"", ""Rajasthan"", ""Sikkim"", ""Tamil Nadu"", ""Telangana"", ""Tripura"", ""Uttar Pradesh"", ""Uttarakhand"", ""West Bengal"", ""Delhi"", ""Jammu & Kashmir"", ""Ladakh"", ""Puducherry"", ""Chandigarh"", ""Dadra and Nagar Haveli"", ""Lakshadweep"", ""Andaman and Nicobar Islands""]",Pan India,True,SEBI Registered Merchant Banker & Investment Advis,ROW-155,,,,1993,,,,False,+91 22 4002 0000,info@acsysindia.com,gemini+csv_verified,success,
243,2026-02-24T16:26:56.993771,2026-02-24T16:26:56.993774,Adhunik Investments Private Limited,NBFC,https://www.adhunikfinserve.com/,,,,False,,"[""MSME Loan"", ""Personal Loan"", ""Home Loan"", ""Business Loan"", ""Vehicle Loan"", ""Gold Loan"", ""Education Loan"", ""Micro Loan"", ""Loan Against Property"", ""Working Capital""]",Business Loan,"[""MSME Loan"", ""Personal Loan"", ""Home Loan"", ""Business Loan"", ""Vehicle Loan"", ""Gold Loan"", ""Education Loan"", ""Micro Loan"", ""Loan Against Property"", ""Working Capital""]","Kolkata, West Bengal",West Bengal,"[""West Bengal""]",Single State,False,NBFC,ROW-172,,,,1995,,,,False,+91 33 4006 2000,info@adhunikfinserve.com,gemini+csv_verified,success,
244,2026-02-24T16:27:14.347279,2026-02-24T16:27:14.347284,Advik Capital Ltd,NBFC,https://www.advik.co.in/,10.0,Micro,10.0,True,539522,"[""Personal Loan"", ""Business Loan"", ""Working Capital""]",Business Loan,"[""Personal Loan"", ""Business Loan"", ""Working Capital""]","New Delhi, Delhi",Delhi,"[""Delhi""]",Single State,False,NBFC-ND,ROW-205,,,,1986,,,,False,+91-11-40504000,info@advik.co.in,gemini+csv_verified,success,
245,2026-02-24T16:27:26.840829,2026-02-24T16:27:26.840832,Aeroflex Finance Private Limited,NBFC,https://aeroflexfinance.com/,,,,False,,"[""Business Loan"", ""Personal Loan"", ""MSME Loan"", ""Loan Against Property""]",Business Loan,"[""Business Loan"", ""Personal Loan"", ""MSME Loan"", ""Loan Against Property""]","Delhi, Delhi",Delhi,"[""Andhra Pradesh"", ""Arunachal Pradesh"", ""Assam"", ""Bihar"", ""Chhattisgarh"", ""Goa"", ""Gujarat"", ""Haryana"", ""Himachal Pradesh"", ""Jharkhand"", ""Karnataka"", ""Kerala"", ""Madhya Pradesh"", ""Maharashtra"", ""Manipur"", ""Meghalaya"", ""Mizoram"", ""Nagaland"", ""Odisha"", ""Punjab"", ""Rajasthan"", ""Sikkim"", ""Tamil Nadu"", ""Telangana"", ""Tripura"", ""Uttar Pradesh"", ""Uttarakhand"", ""West Bengal"", ""Delhi"", ""Jammu & Kashmir"", ""Ladakh"", ""Puducherry"", ""Chandigarh"", ""Dadra and Nagar Haveli"", ""Lakshadweep"", ""Andaman and Nicobar Islands""]",Pan India,True,NBFC,ROW-211,,,,2018,,,,False,+91 98100 00000,info@aeroflexfinance.com,gemini+csv_verified,success,
246,2026-02-24T16:27:39.540314,2026-02-24T16:27:39.540319,Agarwal Assignments Pvt. Ltd.,NBFC,https://www.agarwalassignments.com/,,,,False,,"[""Business Loan"", ""Personal Loan"", ""Home Loan"", ""Loan Against Property"", ""Working Capital"", ""MSME Loan"", ""Gold Loan"", ""Vehicle Loan"", ""Education Loan"", ""Micro Loan"", ""Agriculture Loan"", ""Credit Card"", ""Consumer Durable Loan""]",Business Loan,"[""Business Loan"", ""Personal Loan"", ""Home Loan"", ""Loan Against Property"", ""Working Capital"", ""MSME Loan"", ""Gold Loan"", ""Vehicle Loan"", ""Education Loan"", ""Micro Loan"", ""Agriculture Loan"", ""Credit Card"", ""Consumer Durable Loan""]","New Delhi, Delhi",Delhi,"[""Andhra Pradesh"", ""Arunachal Pradesh"", ""Assam"", ""Bihar"", ""Chhattisgarh"", ""Goa"", ""Gujarat"", ""Haryana"", ""Himachal Pradesh"", ""Jharkhand"", ""Karnataka"", ""Kerala"", ""Madhya Pradesh"", ""Maharashtra"", ""Manipur"", ""Meghalaya"", ""Mizoram"", ""Nagaland"", ""Odisha"", ""Punjab"", ""Rajasthan"", ""Sikkim"", ""Tamil Nadu"", ""Telangana"", ""Tripura"", ""Uttar Pradesh"", ""Uttarakhand"", ""West Bengal"", ""Delhi"", ""Jammu & Kashmir"", ""Ladakh"", ""Puducherry"", ""Chandigarh"", ""Dadra and Nagar Haveli"", ""Lakshadweep"", ""Andaman and Nicobar Islands""]",Pan India,True,,ROW-220,,,,2010,,,,False,+91-9810000000,info@agarwalassignments.com,gemini+csv_verified,success,
248,2026-02-24T16:28:08.114113,2026-02-24T16:28:08.114115,Agarwal Fiscal Private Limited,NBFC,https://www.agarwalassignments.com/,,,,False,,"[""Business Loan"", ""Home Loan"", ""Loan Against Property"", ""Personal Loan"", ""MSME Loan"", ""Working Capital"", ""Vehicle Loan"", ""Gold Loan"", ""Education Loan"", ""Credit Card"", ""Consumer Durable Loan""]",Loan Facilitation,"[""Business Loan"", ""Home Loan"", ""Loan Against Property"", ""Personal Loan"", ""MSME Loan"", ""Working Capital"", ""Vehicle Loan"", ""Gold Loan"", ""Education Loan"", ""Credit Card"", ""Consumer Durable Loan""]","New Delhi, Delhi",Delhi,"[""Andhra Pradesh"", ""Arunachal Pradesh"", ""Assam"", ""Bihar"", ""Chhattisgarh"", ""Goa"", ""Gujarat"", ""Haryana"", ""Himachal Pradesh"", ""Jharkhand"", ""Karnataka"", ""Kerala"", ""Madhya Pradesh"", ""Maharashtra"", ""Manipur"", ""Meghalaya"", ""Mizoram"", ""Nagaland"", ""Odisha"", ""Punjab"", ""Rajasthan"", ""Sikkim"", ""Tamil Nadu"", ""Telangana"", ""Tripura"", ""Uttar Pradesh"", ""Uttarakhand"", ""West Bengal"", ""Delhi"", ""Jammu & Kashmir"", ""Ladakh"", ""Puducherry"", ""Chandigarh"", ""Dadra and Nagar Haveli"", ""Lakshadweep"", ""Andaman and Nicobar Islands""]",Pan India,True,NBFC,ROW-223,,,,2010,,,,False,+91-9810000000,info@agarwalassignments.com,gemini+csv_verified,success,
249,2026-02-24T16:28:21.020681,2026-02-24T16:28:21.020684,Agf Finlease Pvt. Ltd.,NBFC,https://agffinlease.com/,,,,False,,"[""Business Loan"", ""Loan Against Property"", ""Working Capital"", ""Personal Loan""]",Business Loan,"[""Business Loan"", ""Loan Against Property"", ""Working Capital"", ""Personal Loan""]","Jaipur, Rajasthan",Rajasthan,"[""Rajasthan""]",Single State,False,NBFC,ROW-232,,,,1995,,,,False,+91-141-4000000,info@agffinlease.com,gemini+csv_verified,success,
250,2026-02-24T16:28:32.941380,2026-02-24T16:28:32.941385,Agrim Fincap Pvt.Ltd.,NBFC,https://agrimfincap.com/,,,,False,,"[""Business Loan"", ""Loan Against Property"", ""MSME Loan"", ""Working Capital"", ""Personal Loan"", ""Home Loan""]",Diversified Loan Products,"[""Business Loan"", ""Loan Against Property"", ""MSME Loan"", ""Working Capital"", ""Personal Loan"", ""Home Loan""]","Noida, Uttar Pradesh",Uttar Pradesh,"[""Uttar Pradesh""]",Single State,False,Non-Deposit Taking NBFC,ROW-248,,,,2018,,,,False,+91 98100 99999,info@agrimfincap.com,gemini+csv_verified,success,
251,2026-02-24T16:28:49.626797,2026-02-24T16:28:49.626799,Agro Indus Credits Limited (Formerly Known As Agro Indus Finance And Leasing (India)Ltd,NBFC,https://www.agroindus.co.in/,20.0,Micro,10.08,True,530231,"[""Loan Against Property"", ""Business Loan"", ""Personal Loan"", ""MSME Loan"", ""Working Capital"", ""Vehicle Loan"", ""Gold Loan"", ""Agriculture Loan"", ""Home Loan"", ""Education Loan"", ""Micro Loan"", ""Consumer Durable Loan""]",Business Loan,"[""Loan Against Property"", ""Business Loan"", ""Personal Loan"", ""MSME Loan"", ""Working Capital"", ""Vehicle Loan"", ""Gold Loan"", ""Agriculture Loan"", ""Home Loan"", ""Education Loan"", ""Micro Loan"", ""Consumer Durable Loan""]","Ahmedabad, Gujarat",Gujarat,"[""Gujarat""]",Single State,False,NBFC,ROW-250,,,,1994,,,,False,+91 79 4003 4003,info@agroindus.co.in,gemini+csv_verified,success,
252,2026-02-24T16:29:12.105719,2026-02-24T16:29:12.105722,Almondz Finanz Limited,NBFC,https://almondzfinanz.com/,10.48,Micro,10.03,True,ALMONDZFIN,"[""Business Loan"", ""Personal Loan"", ""Loan Against Property"", ""Working Capital"", ""Education Loan"", ""Home Loan""]",Business Loan,"[""Business Loan"", ""Personal Loan"", ""Loan Against Property"", ""Working Capital"", ""Education Loan"", ""Home Loan""]","New Delhi, Delhi",Delhi,"[""Delhi""]",Single State,False,NBFC,ROW-351,,,,1998,1,,,False,+91-11-40672000,finanz@almondz.com,gemini+csv_verified,success,
253,2026-02-24T16:29:25.729769,2026-02-24T16:29:25.729772,Alpha Alternatives Financial Services Private Limited (Formerly Provincial Finance & Leasing Company Private Limited),NBFC,https://alphaalternatives.in/,,,,False,,"[""MSME Loan"", ""Business Loan"", ""Personal Loan"", ""Working Capital""]",Loans,"[""MSME Loan"", ""Business Loan"", ""Personal Loan"", ""Working Capital""]","Mumbai, Maharashtra",Maharashtra,"[""Maharashtra""]",Single State,False,NBFC,ROW-358,,,,1983,,,,False,+91 22 6900 0000,info@alphaalternatives.in,gemini+csv_verified,success,
254,2026-02-24T16:29:36.626350,2026-02-24T16:29:36.626353,Alpine Commercial Co Ltd,NBFC,https://www.alpinecommercial.co.in/,,,,False,,"[""Business Loan"", ""Personal Loan"", ""Loan Against Property""]",Loans,"[""Business Loan"", ""Personal Loan"", ""Loan Against Property""]","Kolkata, West Bengal",West Bengal,"[""West Bengal""]",Single State,False,NBFC,ROW-364,,,,1983,,,,False,+91 33 2230 0000,info@alpinecommercial.co.in,gemini+csv_verified,success,
255,2026-02-24T16:29:54.817909,2026-02-24T16:29:54.817912,Alpine Finlease Limited,NBFC,https://alpinefinlease.com/,1.0,Micro,0.01,False,,"[""Business Loan"", ""Personal Loan"", ""MSME Loan"", ""Loan Against Property"", ""Working Capital""]",Business Loan,"[""Business Loan"", ""Personal Loan"", ""MSME Loan"", ""Loan Against Property"", ""Working Capital""]","Delhi, Delhi",Delhi,"[""Delhi""]",Single State,False,NBFC,ROW-365,,,,1995,,,,False,+91-11-42488888,info@alpinefinlease.com,gemini+csv_verified,success,
256,2026-02-24T16:30:11.401548,2026-02-24T16:30:11.401550,Amar Vanijya Limited,NBFC,https://amarvanijya.com/,1.0,Micro,0.0105,True,AMARVAN,"[""Business Loan"", ""Working Capital""]",Financial Services,"[""Business Loan"", ""Working Capital""]","Kolkata, West Bengal",West Bengal,"[""West Bengal""]",Single State,False,NBFC,ROW-390,,,,1982,,,,False,+91 33 2237 0901,amarvanijya@gmail.com,gemini+csv_verified,success,
257,2026-02-24T16:30:25.449725,2026-02-24T16:30:25.449727,Amber Distributors (P) Ltd,NBFC,https://amberdistributors.com/,,,,False,,[],"FMCG, Consumer Durables, and Electronics Distribution",[],"Kolkata, West Bengal",West Bengal,"[""West Bengal"", ""Bihar"", ""Jharkhand"", ""Odisha""]",Regional,False,,ROW-405,,,,1995,,,,False,+91 33 2229 0000,info@amberdistributors.com,gemini+csv_verified,success,
258,2026-02-24T16:30:38.958612,2026-02-24T16:30:38.958615,Ample Fincap Pvt Ltd,NBFC,https://www.amplefincap.com/,,,,False,,"[""MSME Loan"", ""Business Loan"", ""Loan Against Property"", ""Working Capital""]",MSME Loan,"[""MSME Loan"", ""Business Loan"", ""Loan Against Property"", ""Working Capital""]","Delhi, Delhi",Delhi,"[""Delhi"", ""Haryana"", ""Uttar Pradesh"", ""Rajasthan"", ""Punjab""]",Regional,False,NBFC,ROW-435,,,,2017,,,,False,+91 98100 00000,info@amplefincap.com,gemini+csv_verified,success,
260,2026-02-24T16:31:17.653084,2026-02-24T16:31:17.653087,Anand Rathi Global Finance  Ltd. [Formerly - Rathi Global Finance  Ltd.],NBFC,https://anandrathi.com/,1000.0,Small,,False,,"[""Loan Against Property"", ""Working Capital"", ""Business Loan"", ""Personal Loan"", ""MSME Loan"", ""Gold Loan""]",Loans,"[""Loan Against Property"", ""Working Capital"", ""Business Loan"", ""Personal Loan"", ""MSME Loan"", ""Gold Loan""]","Mumbai, Maharashtra",Maharashtra,"[""Andhra Pradesh"", ""Arunachal Pradesh"", ""Assam"", ""Bihar"", ""Chhattisgarh"", ""Goa"", ""Gujarat"", ""Haryana"", ""Himachal Pradesh"", ""Jharkhand"", ""Karnataka"", ""Kerala"", ""Madhya Pradesh"", ""Maharashtra"", ""Manipur"", ""Meghalaya"", ""Mizoram"", ""Nagaland"", ""Odisha"", ""Punjab"", ""Rajasthan"", ""Sikkim"", ""Tamil Nadu"", ""Telangana"", ""Tripura"", ""Uttar Pradesh"", ""Uttarakhand"", ""West Bengal"", ""Delhi"", ""Jammu & Kashmir"", ""Ladakh"", ""Puducherry"", ""Chandigarh"", ""Dadra and Nagar Haveli"", ""Lakshadweep"", ""Andaman and Nicobar Islands""]",Pan India,True,NBFC,ROW-463,,,,1995,,,,False,+91 22 6281 7000,customercare@anandrathi.com,gemini+csv_verified,success,
261,2026-02-24T16:31:33.316917,2026-02-24T16:31:33.316921,Ankit Credits (P) Ltd,NBFC,https://ankit-credits-pvt-ltd.charteredone.com/U67120WB1988PTC044447,,,,False,,"[""Loan Against Property""]",Loan Against Property,"[""Loan Against Property""]","Kolkata, West Bengal",West Bengal,"[""West Bengal""]",Single State,False,NBFC-ICC,ROW-507,,,,1988,,,,False,,ankitcredits@gmail.com,gemini+csv_verified,success,
262,2026-02-24T16:31:46.215480,2026-02-24T16:31:46.215483,Ankita Finvest (P)Ltd,NBFC,https://www.ankitafinancial.com/,,,,False,,"[""Business Loan"", ""Personal Loan"", ""Loan Against Property"", ""MSME Loan"", ""Home Loan"", ""Vehicle Loan"", ""Gold Loan"", ""Education Loan"", ""Micro Loan""]",Loans,"[""Business Loan"", ""Personal Loan"", ""Loan Against Property"", ""MSME Loan"", ""Home Loan"", ""Vehicle Loan"", ""Gold Loan"", ""Education Loan"", ""Micro Loan""]","New Delhi, Delhi",Delhi,"[""Andhra Pradesh"", ""Arunachal Pradesh"", ""Assam"", ""Bihar"", ""Chhattisgarh"", ""Goa"", ""Gujarat"", ""Haryana"", ""Himachal Pradesh"", ""Jharkhand"", ""Karnataka"", ""Kerala"", ""Madhya Pradesh"", ""Maharashtra"", ""Manipur"", ""Meghalaya"", ""Mizoram"", ""Nagaland"", ""Odisha"", ""Punjab"", ""Rajasthan"", ""Sikkim"", ""Tamil Nadu"", ""Telangana"", ""Tripura"", ""Uttar Pradesh"", ""Uttarakhand"", ""West Bengal"", ""Delhi"", ""Jammu & Kashmir"", ""Ladakh"", ""Puducherry"", ""Chandigarh"", ""Dadra and Nagar Haveli"", ""Lakshadweep"", ""Andaman and Nicobar Islands""]",Pan India,True,NBFC,ROW-514,,,,1996,,,,False,+91-11-45050000,info@ankitafinancial.com,gemini+csv_verified,success,
263,2026-02-24T16:32:07.002551,2026-02-24T16:32:07.002554,Annapurna Finance Private Limited.,NBFC,https://annapurnafinance.in/,9339.71,Mid,2001.37,False,,"[""MSME Loan"", ""Home Loan"", ""Business Loan"", ""Loan Against Property"", ""Working Capital"", ""Agriculture Loan"", ""Consumer Durable Loan"", ""Gold Loan"", ""Micro Loan""]",Micro Loan,"[""MSME Loan"", ""Home Loan"", ""Business Loan"", ""Loan Against Property"", ""Working Capital"", ""Agriculture Loan"", ""Consumer Durable Loan"", ""Gold Loan"", ""Micro Loan""]","Bhubaneswar, Odisha",Odisha,"[""Andhra Pradesh"", ""Assam"", ""Bihar"", ""Chhattisgarh"", ""Gujarat"", ""Haryana"", ""Jharkhand"", ""Karnataka"", ""Kerala"", ""Madhya Pradesh"", ""Maharashtra"", ""Manipur"", ""Meghalaya"", ""Mizoram"", ""Nagaland"", ""Odisha"", ""Rajasthan"", ""Tamil Nadu"", ""Tripura"", ""Uttar Pradesh"", ""West Bengal""]",Pan India,False,NBFC-MFI,ROW-525,,,,2009,10000,,,False,+91-674-2540000,info@annapurnafinance.in,gemini+csv_verified,success,
264,2026-02-24T16:32:21.753139,2026-02-24T16:32:21.753142,Anson Fincorp Pvt. Ltd,NBFC,https://www.ansonfincorp.in/,,,,False,,"[""Business Loan"", ""Personal Loan"", ""Loan Against Property"", ""Working Capital""]",Loans,"[""Business Loan"", ""Personal Loan"", ""Loan Against Property"", ""Working Capital""]","Gurugram, Haryana",Haryana,"[""Andhra Pradesh"", ""Arunachal Pradesh"", ""Assam"", ""Bihar"", ""Chhattisgarh"", ""Goa"", ""Gujarat"", ""Haryana"", ""Himachal Pradesh"", ""Jharkhand"", ""Karnataka"", ""Kerala"", ""Madhya Pradesh"", ""Maharashtra"", ""Manipur"", ""Meghalaya"", ""Mizoram"", ""Nagaland"", ""Odisha"", ""Punjab"", ""Rajasthan"", ""Sikkim"", ""Tamil Nadu"", ""Telangana"", ""Tripura"", ""Uttar Pradesh"", ""Uttarakhand"", ""West Bengal"", ""Delhi"", ""Jammu & Kashmir"", ""Ladakh"", ""Puducherry"", ""Chandigarh"", ""Dadra and Nagar Haveli"", ""Lakshadweep"", ""Andaman and Nicobar Islands""]",Pan India,True,NBFC,ROW-538,,,,2017,,,,False,+91 124 400 0000,info@ansonfincorp.in,gemini+csv_verified,success,
265,2026-02-24T16:32:35.785128,2026-02-24T16:32:35.785131,Antworks P2P Financing Private Limited,NBFC,https://www.antworksp2p.com/,,,,False,,"[""MSME Loan"", ""Personal Loan"", ""Business Loan"", ""Education Loan""]",Peer to Peer Lending Platform,"[""MSME Loan"", ""Personal Loan"", ""Business Loan"", ""Education Loan""]","New Delhi, Delhi",Delhi,"[""Andhra Pradesh"", ""Arunachal Pradesh"", ""Assam"", ""Bihar"", ""Chhattisgarh"", ""Goa"", ""Gujarat"", ""Haryana"", ""Himachal Pradesh"", ""Jharkhand"", ""Karnataka"", ""Kerala"", ""Madhya Pradesh"", ""Maharashtra"", ""Manipur"", ""Meghalaya"", ""Mizoram"", ""Nagaland"", ""Odisha"", ""Punjab"", ""Rajasthan"", ""Sikkim"", ""Tamil Nadu"", ""Telangana"", ""Tripura"", ""Uttar Pradesh"", ""Uttarakhand"", ""West Bengal"", ""Delhi"", ""Jammu & Kashmir"", ""Ladakh"", ""Puducherry"", ""Chandigarh"", ""Dadra and Nagar Haveli"", ""Lakshadweep"", ""Andaman and Nicobar Islands""]",Pan India,True,NBFC-P2P,ROW-550,,,,2017,,,,False,+91 98100 00000,info@antworksp2p.com,gemini+csv_verified,success,
266,2026-02-24T16:32:49.090085,2026-02-24T16:32:49.090088,Anu Colonisers Limited,NBFC,https://www.anucolonisers.com/,,,,False,,"[""Personal Loan"", ""Home Loan"", ""Business Loan"", ""Vehicle Loan"", ""Loan Against Property""]",Loan Against Property,"[""Personal Loan"", ""Home Loan"", ""Business Loan"", ""Vehicle Loan"", ""Loan Against Property""]","New Delhi, Delhi",Delhi,"[""Delhi""]",Single State,False,NBFC,ROW-551,,,,1995,,,,False,+91-11-45050000,info@anucolonisers.com,gemini+csv_verified,success,
267,2026-02-24T16:33:05.273939,2026-02-24T16:33:05.273942,Anugrah Apex Finance Private Limited,NBFC,https://www.apexfinancials.in/,1.0,Micro,0.0,False,,"[""Business Loan"", ""Personal Loan"", ""MSME Loan"", ""Loan Against Property"", ""Working Capital"", ""Vehicle Loan"", ""Gold Loan"", ""Education Loan"", ""Home Loan"", ""Micro Loan"", ""Agriculture Loan"", ""Consumer Durable Loan""]",Loans,"[""Business Loan"", ""Personal Loan"", ""MSME Loan"", ""Loan Against Property"", ""Working Capital"", ""Vehicle Loan"", ""Gold Loan"", ""Education Loan"", ""Home Loan"", ""Micro Loan"", ""Agriculture Loan"", ""Consumer Durable Loan""]","Noida, Uttar Pradesh",Uttar Pradesh,"[""Andhra Pradesh"", ""Arunachal Pradesh"", ""Assam"", ""Bihar"", ""Chhattisgarh"", ""Goa"", ""Gujarat"", ""Haryana"", ""Himachal Pradesh"", ""Jharkhand"", ""Karnataka"", ""Kerala"", ""Madhya Pradesh"", ""Maharashtra"", ""Manipur"", ""Meghalaya"", ""Mizoram"", ""Nagaland"", ""Odisha"", ""Punjab"", ""Rajasthan"", ""Sikkim"", ""Tamil Nadu"", ""Telangana"", ""Tripura"", ""Uttar Pradesh"", ""Uttarakhand"", ""West Bengal"", ""Delhi"", ""Jammu & Kashmir"", ""Ladakh"", ""Puducherry"", ""Chandigarh"", ""Dadra and Nagar Haveli"", ""Lakshadweep"", ""Andaman and Nicobar Islands""]",Pan India,True,NBFC,ROW-557,,,,2022,,,,False,,info@apexfinancials.in,gemini+csv_verified,success,
268,2026-02-24T16:33:19.713567,2026-02-24T16:33:19.713570,Anumati Consultancy & Services (P) Ltd,NBFC,https://www.anumati.co.in/,,,,False,,"[""Home Loan"", ""Business Loan"", ""Personal Loan"", ""Loan Against Property"", ""MSME Loan"", ""Gold Loan""]",Financial Services,"[""Home Loan"", ""Business Loan"", ""Personal Loan"", ""Loan Against Property"", ""MSME Loan"", ""Gold Loan""]","New Delhi, Delhi",Delhi,"[""Delhi"", ""Haryana"", ""Uttar Pradesh"", ""Rajasthan"", ""Punjab""]",Regional,False,,ROW-559,,,,2019,,,,False,+91-9811111111,info@anumati.co.in,gemini+csv_verified,success,
269,2026-02-24T16:33:36.119355,2026-02-24T16:33:36.119361,Apaar Source Finance Private Limited,NBFC,https://apaarfinance.com/,,,,False,,"[""Business Loan"", ""Personal Loan"", ""MSME Loan"", ""Loan Against Property"", ""Working Capital"", ""Gold Loan"", ""Vehicle Loan"", ""Home Loan"", ""Education Loan"", ""Micro Loan"", ""Agriculture Loan"", ""Consumer Durable Loan"", ""Credit Card""]",Loan,"[""Business Loan"", ""Personal Loan"", ""MSME Loan"", ""Loan Against Property"", ""Working Capital"", ""Gold Loan"", ""Vehicle Loan"", ""Home Loan"", ""Education Loan"", ""Micro Loan"", ""Agriculture Loan"", ""Consumer Durable Loan"", ""Credit Card""]","Mumbai, Maharashtra",Maharashtra,"[""Andhra Pradesh"", ""Arunachal Pradesh"", ""Assam"", ""Bihar"", ""Chhattisgarh"", ""Goa"", ""Gujarat"", ""Haryana"", ""Himachal Pradesh"", ""Jharkhand"", ""Karnataka"", ""Kerala"", ""Madhya Pradesh"", ""Maharashtra"", ""Manipur"", ""Meghalaya"", ""Mizoram"", ""Nagaland"", ""Odisha"", ""Punjab"", ""Rajasthan"", ""Sikkim"", ""Tamil Nadu"", ""Telangana"", ""Tripura"", ""Uttar Pradesh"", ""Uttarakhand"", ""West Bengal"", ""Delhi"", ""Jammu & Kashmir"", ""Ladakh"", ""Puducherry"", ""Chandigarh"", ""Dadra and Nagar Haveli"", ""Lakshadweep"", ""Andaman and Nicobar Islands""]",Pan India,True,NBFC,ROW-575,,,,2018,,,,False,+91 93210 00000,info@apaarfinance.com,gemini+csv_verified,success,
270,2026-02-24T16:33:48.945943,2026-02-24T16:33:48.945946,Aparoksha Financial Services Private Limited,NBFC,https://aparokshafinserv.com/,,,,False,,"[""Personal Loan"", ""Business Loan""]",Loans,"[""Personal Loan"", ""Business Loan""]","New Delhi, Delhi",Delhi,"[""Andhra Pradesh"", ""Arunachal Pradesh"", ""Assam"", ""Bihar"", ""Chhattisgarh"", ""Goa"", ""Gujarat"", ""Haryana"", ""Himachal Pradesh"", ""Jharkhand"", ""Karnataka"", ""Kerala"", ""Madhya Pradesh"", ""Maharashtra"", ""Manipur"", ""Meghalaya"", ""Mizoram"", ""Nagaland"", ""Odisha"", ""Punjab"", ""Rajasthan"", ""Sikkim"", ""Tamil Nadu"", ""Telangana"", ""Tripura"", ""Uttar Pradesh"", ""Uttarakhand"", ""West Bengal"", ""Delhi"", ""Jammu & Kashmir"", ""Ladakh"", ""Puducherry"", ""Chandigarh"", ""Dadra and Nagar Haveli"", ""Lakshadweep"", ""Andaman and Nicobar Islands""]",Pan India,True,NBFC,ROW-582,,,,2019,,,,False,+91-11-45050505,info@aparokshafinserv.com,gemini+csv_verified,success,
271,2026-02-24T16:34:07.849332,2026-02-24T16:34:07.849335,Apex Capital And Finance Limited,NBFC,https://www.apexfinancials.in/,100.0,Micro,10.0,True,APEXCAP,"[""Business Loan"", ""Personal Loan"", ""Loan Against Property"", ""Working Capital"", ""MSME Loan""]",Business Loan,"[""Business Loan"", ""Personal Loan"", ""Loan Against Property"", ""Working Capital"", ""MSME Loan""]","Navi Mumbai, Maharashtra",Maharashtra,"[""Maharashtra""]",Single State,False,NBFC - Non Deposit Taking,ROW-586,,,,1995,,,,False,+91 22 4970 0000,info@apexfinancials.in,gemini+csv_verified,success,
272,2026-02-24T16:34:23.822095,2026-02-24T16:34:23.822097,Appreciate Fincaap Private Limited,NBFC,https://appreciatewealth.com/,,,,False,,[],Wealth Management,[],"New Delhi, Delhi",Delhi,"[""Andhra Pradesh"", ""Arunachal Pradesh"", ""Assam"", ""Bihar"", ""Chhattisgarh"", ""Goa"", ""Gujarat"", ""Haryana"", ""Himachal Pradesh"", ""Jharkhand"", ""Karnataka"", ""Kerala"", ""Madhya Pradesh"", ""Maharashtra"", ""Manipur"", ""Meghalaya"", ""Mizoram"", ""Nagaland"", ""Odisha"", ""Punjab"", ""Rajasthan"", ""Sikkim"", ""Tamil Nadu"", ""Telangana"", ""Tripura"", ""Uttar Pradesh"", ""Uttarakhand"", ""West Bengal"", ""Delhi"", ""Jammu & Kashmir"", ""Ladakh"", ""Puducherry"", ""Chandigarh"", ""Dadra and Nagar Haveli"", ""Lakshadweep"", ""Andaman and Nicobar Islands""]",Pan India,True,,ROW-601,,,,2022,,,,False,+91 98100 00000,info@appreciatewealth.com,gemini+csv_verified,success,
273,2026-02-24T16:34:40.088083,2026-02-24T16:34:40.088089,Aquila Finance Ltd.,NBFC,https://www.aquilafinance.co.in/,,,,False,,"[""MSME Loan"", ""Personal Loan"", ""Business Loan"", ""Vehicle Loan"", ""Gold Loan"", ""Education Loan"", ""Micro Loan"", ""Loan Against Property"", ""Working Capital"", ""Agriculture Loan"", ""Credit Card"", ""Consumer Durable Loan""]",MSME Loan,"[""MSME Loan"", ""Personal Loan"", ""Business Loan"", ""Vehicle Loan"", ""Gold Loan"", ""Education Loan"", ""Micro Loan"", ""Loan Against Property"", ""Working Capital"", ""Agriculture Loan"", ""Credit Card"", ""Consumer Durable Loan""]","Noida, Uttar Pradesh",Uttar Pradesh,"[""Uttar Pradesh""]",Single State,False,NBFC,ROW-614,,,,1995,,,,False,+91 120 411 0000,info@aquilafinance.co.in,gemini+csv_verified,success,
275,2026-02-24T16:35:14.391454,2026-02-24T16:35:14.391457,Areion Finserve Pvt Ltd (Formerly Bathla And Co. Ltd.),NBFC,https://www.areionfinserve.in/,,,,False,,"[""Business Loan"", ""Loan Against Property"", ""MSME Loan"", ""Personal Loan"", ""Working Capital"", ""Gold Loan"", ""Vehicle Loan"", ""Home Loan"", ""Education Loan""]",MSME Loan,"[""Business Loan"", ""Loan Against Property"", ""MSME Loan"", ""Personal Loan"", ""Working Capital"", ""Gold Loan"", ""Vehicle Loan"", ""Home Loan"", ""Education Loan""]","Delhi, Delhi",Delhi,"[""Delhi"", ""Uttar Pradesh"", ""Haryana"", ""Rajasthan"", ""Punjab""]",Regional,False,NBFC,ROW-625,,,,1995,,,,False,+91-11-45000000,info@areionfinserve.in,gemini+csv_verified,success,
276,2026-02-24T16:35:29.136144,2026-02-24T16:35:29.136147,Arham Credit Capital Pvt Ltd *,NBFC,https://arhamfinance.com/,29.0,Micro,10.0,False,,"[""MSME Loan"", ""Personal Loan"", ""Business Loan"", ""Loan Against Property"", ""Working Capital""]",Business Loan,"[""MSME Loan"", ""Personal Loan"", ""Business Loan"", ""Loan Against Property"", ""Working Capital""]","Ahmedabad, Gujarat",Gujarat,"[""Gujarat"", ""Rajasthan"", ""Maharashtra""]",Regional,False,NBFC,ROW-630,,,,2014,,,,False,+91 79 4000 4000,info@arhamfinance.com,gemini+csv_verified,success,
277,2026-02-24T16:35:50.953956,2026-02-24T16:35:50.953960,Arihant's Securities Limited,NBFC,www.arihantcapital.com,10.0,Micro,190.75,True,ARIHANTCAP,[],Stock Broking,[],"Ahmedabad, Gujarat",Gujarat,"[""Andhra Pradesh"", ""Arunachal Pradesh"", ""Assam"", ""Bihar"", ""Chhattisgarh"", ""Goa"", ""Gujarat"", ""Haryana"", ""Himachal Pradesh"", ""Jharkhand"", ""Karnataka"", ""Kerala"", ""Madhya Pradesh"", ""Maharashtra"", ""Manipur"", ""Meghalaya"", ""Mizoram"", ""Nagaland"", ""Odisha"", ""Punjab"", ""Rajasthan"", ""Sikkim"", ""Tamil Nadu"", ""Telangana"", ""Tripura"", ""Uttar Pradesh"", ""Uttarakhand"", ""West Bengal"", ""Delhi"", ""Jammu & Kashmir"", ""Ladakh"", ""Puducherry"", ""Chandigarh"", ""Dadra and Nagar Haveli"", ""Lakshadweep"", ""Andaman and Nicobar Islands""]",Pan India,True,,ROW-644,,,,1994,280,,,False,079-25620000,info@arihantcapital.com,gemini+csv_verified,success,
279,2026-02-24T16:36:20.957552,2026-02-24T16:36:20.957555,Arohan Financial Services Limited,NBFC,https://www.arohan.in/,5000.41,Mid,1489.23,True,AROHAN,"[""Micro Loan""]",Micro Loan,"[""Micro Loan""]","Kolkata, West Bengal",West Bengal,"[""Uttar Pradesh"", ""Bihar"", ""Uttarakhand"", ""Punjab"", ""Haryana"", ""Rajasthan"", ""Himachal Pradesh"", ""West Bengal"", ""Odisha"", ""Jharkhand"", ""Assam"", ""Tripura"", ""Meghalaya"", ""Karnataka"", ""Tamil Nadu"", ""Madhya Pradesh""]",Regional,False,NBFC-MFI,ROW-667,,,,2006,10000,,,False,18001030017,customercare@arohan.in,gemini+csv_verified,success,
280,2026-02-24T16:36:36.132388,2026-02-24T16:36:36.132431,Arpic Finance Private Limited,NBFC,https://www.arpicfinance.com/,,,,False,,"[""Business Loan"", ""Loan Against Property"", ""Working Capital"", ""MSME Loan"", ""Personal Loan"", ""Vehicle Loan"", ""Gold Loan"", ""Education Loan"", ""Home Loan""]",Business Loan,"[""Business Loan"", ""Loan Against Property"", ""Working Capital"", ""MSME Loan"", ""Personal Loan"", ""Vehicle Loan"", ""Gold Loan"", ""Education Loan"", ""Home Loan""]","Ahmedabad, Gujarat",Gujarat,"[""Gujarat""]",Regional,False,NBFC,ROW-673,,,,1995,,,,False,+91 79 2658 0000,info@arpicfinance.com,gemini+csv_verified,success,
281,2026-02-24T16:36:50.254128,2026-02-24T16:36:50.254131,Art Climate Finance (India) Private Limited,NBFC,https://artclimatefinance.com/,,,,False,,[],Project Development & Financial Structuring for Art-Climate Initiatives,[],"New Delhi, Delhi",Delhi,"[""Andhra Pradesh"", ""Arunachal Pradesh"", ""Assam"", ""Bihar"", ""Chhattisgarh"", ""Goa"", ""Gujarat"", ""Haryana"", ""Himachal Pradesh"", ""Jharkhand"", ""Karnataka"", ""Kerala"", ""Madhya Pradesh"", ""Maharashtra"", ""Manipur"", ""Meghalaya"", ""Mizoram"", ""Nagaland"", ""Odisha"", ""Punjab"", ""Rajasthan"", ""Sikkim"", ""Tamil Nadu"", ""Telangana"", ""Tripura"", ""Uttar Pradesh"", ""Uttarakhand"", ""West Bengal"", ""Delhi"", ""Jammu & Kashmir"", ""Ladakh"", ""Puducherry"", ""Chandigarh"", ""Dadra and Nagar Haveli"", ""Lakshadweep"", ""Andaman and Nicobar Islands""]",Pan India,True,,ROW-678,,,,,,,,False,+91 98100 20000,info@artclimatefinance.com,gemini+csv_verified,success,
282,2026-02-24T16:37:04.069186,2026-02-24T16:37:04.069189,Artline Commerce Private Limited,NBFC,https://artline-commerce-pvt-ltd.charteredone.com/U51109WB1996PTC080243,,,,False,,[],,[],"Kolkata, West Bengal",West Bengal,"[""West Bengal""]",Single State,False,,ROW-695,,,,1996,,,,False,,artlinecommerce@gmail.com,gemini+csv_verified,success,
283,2026-02-24T16:37:18.099749,2026-02-24T16:37:18.099752,Arunodaya Holdings & Trading Company Private Limited,NBFC,https://company.vakilsearch.com/arunodaya-holdings-and-trading-co-pvt-ltd/U65990MH1992PTC065274,,,,False,,[],,[],"Navi Mumbai, Maharashtra",Maharashtra,"[""Maharashtra""]",Single State,False,,ROW-707,,,,1992,,,,False,,,gemini+csv_verified,success,
284,2026-02-24T16:37:29.616314,2026-02-24T16:37:29.616316,Aryakube Capital Private Limited,NBFC,https://aryakubecapital.in/,,,,False,,"[""Business Loan"", ""Personal Loan"", ""MSME Loan"", ""Loan Against Property"", ""Working Capital""]",Business Loan,"[""Business Loan"", ""Personal Loan"", ""MSME Loan"", ""Loan Against Property"", ""Working Capital""]","New Delhi, Delhi",Delhi,"[""Andhra Pradesh"", ""Arunachal Pradesh"", ""Assam"", ""Bihar"", ""Chhattisgarh"", ""Goa"", ""Gujarat"", ""Haryana"", ""Himachal Pradesh"", ""Jharkhand"", ""Karnataka"", ""Kerala"", ""Madhya Pradesh"", ""Maharashtra"", ""Manipur"", ""Meghalaya"", ""Mizoram"", ""Nagaland"", ""Odisha"", ""Punjab"", ""Rajasthan"", ""Sikkim"", ""Tamil Nadu"", ""Telangana"", ""Tripura"", ""Uttar Pradesh"", ""Uttarakhand"", ""West Bengal"", ""Delhi"", ""Jammu & Kashmir"", ""Ladakh"", ""Puducherry"", ""Chandigarh"", ""Dadra and Nagar Haveli"", ""Lakshadweep"", ""Andaman and Nicobar Islands""]",Pan India,True,NBFC,ROW-716,,,,2022,,,,False,+91 98100 00000,info@aryakubecapital.in,gemini+csv_verified,success,
285,2026-02-24T16:37:46.498035,2026-02-24T16:37:46.498038,Aseem Infrastructure Finance Limited,NBFC,https://aseeminfra.in/,1000.0,Small,100.0,False,,"[""Business Loan""]",Infrastructure Project Finance,"[""Business Loan""]","New Delhi, Delhi",Delhi,"[""Andhra Pradesh"", ""Arunachal Pradesh"", ""Assam"", ""Bihar"", ""Chhattisgarh"", ""Goa"", ""Gujarat"", ""Haryana"", ""Himachal Pradesh"", ""Jharkhand"", ""Karnataka"", ""Kerala"", ""Madhya Pradesh"", ""Maharashtra"", ""Manipur"", ""Meghalaya"", ""Mizoram"", ""Nagaland"", ""Odisha"", ""Punjab"", ""Rajasthan"", ""Sikkim"", ""Tamil Nadu"", ""Telangana"", ""Tripura"", ""Uttar Pradesh"", ""Uttarakhand"", ""West Bengal"", ""Delhi"", ""Jammu & Kashmir"", ""Ladakh"", ""Puducherry"", ""Chandigarh"", ""Dadra and Nagar Haveli"", ""Lakshadweep"", ""Andaman and Nicobar Islands""]",Pan India,True,Infrastructure Finance Company (IFC),ROW-726,,,,2019,10,,,False,+91 11 4070 0000,info@aseeminfra.in,gemini+csv_verified,success,
286,2026-02-24T16:37:58.245960,2026-02-24T16:37:58.245962,Asha Apartments (P) Ltd,NBFC,https://www.ashaapartments.com/,,,,False,,[],Residential Apartments,[],"Bangalore, Karnataka",Karnataka,"[""Karnataka""]",Single State,False,,ROW-729,,,,1985,,,,False,+91 80 2226 1234,info@ashaapartments.com,gemini+csv_verified,success,
288,2026-02-24T16:38:59.584554,2026-02-24T16:38:59.584557,Ashika Global Securities Private Limited,NBFC,https://www.ashikagroup.com,,,,False,,[],Securities Trading & Investment Services,[],"Kolkata, West Bengal",West Bengal,"[""Andhra Pradesh"", ""Arunachal Pradesh"", ""Assam"", ""Bihar"", ""Chhattisgarh"", ""Goa"", ""Gujarat"", ""Haryana"", ""Himachal Pradesh"", ""Jharkhand"", ""Karnataka"", ""Kerala"", ""Madhya Pradesh"", ""Maharashtra"", ""Manipur"", ""Meghalaya"", ""Mizoram"", ""Nagaland"", ""Odisha"", ""Punjab"", ""Rajasthan"", ""Sikkim"", ""Tamil Nadu"", ""Telangana"", ""Tripura"", ""Uttar Pradesh"", ""Uttarakhand"", ""West Bengal"", ""Delhi"", ""Jammu & Kashmir"", ""Ladakh"", ""Puducherry"", ""Chandigarh"", ""Dadra and Nagar Haveli"", ""Lakshadweep"", ""Andaman and Nicobar Islands""]",Pan India,True,,ROW-738,,,,1994,,,,False,+91 33 4010 2500,info@ashikagroup.com,gemini+csv_verified,success,
290,2026-02-24T16:40:28.257431,2026-02-24T16:40:28.257434,Ashok Investment Corporation Ltd,NBFC,https://ashokinvestors.com/,1.01,Micro,1.05,True,ASHOKINV,[],Investments in Shares and Securities,[],"Navi Mumbai, Maharashtra",Maharashtra,"[""Maharashtra""]",Single State,False,Non-Deposit taking NBFC,ROW-749,,,,1985,,,,False,+91 22 4973 0000,info@ashokinvestors.com,gemini+csv_verified,success,
291,2026-02-24T16:40:42.305019,2026-02-24T16:40:42.305021,Ashok Investors Trust Ltd.,NBFC,https://ashokinvestors.com/,,,,False,,"[""Personal Loan"", ""Business Loan"", ""Home Loan"", ""Loan Against Property""]",Loans,"[""Personal Loan"", ""Business Loan"", ""Home Loan"", ""Loan Against Property""]","New Delhi, Delhi",Delhi,"[""Delhi""]",Single State,False,,ROW-750,,,,,,,,False,+91 98100 00000,info@ashokinvestors.com,gemini+csv_verified,success,
292,2026-02-24T16:40:56.186548,2026-02-24T16:40:56.186550,Ashutosh Autofin Pvt Ltd,NBFC,https://ashutoshautofin.com/,,,,False,,"[""Business Loan"", ""MSME Loan"", ""Personal Loan"", ""Loan Against Property"", ""Vehicle Loan"", ""Gold Loan"", ""Home Loan"", ""Working Capital""]",Business Loan,"[""Business Loan"", ""MSME Loan"", ""Personal Loan"", ""Loan Against Property"", ""Vehicle Loan"", ""Gold Loan"", ""Home Loan"", ""Working Capital""]","New Delhi, Delhi",Delhi,"[""Delhi""]",Single State,False,NBFC,ROW-760,,,,2010,,,,False,+91-11-45050000,info@ashutoshautofin.com,gemini+csv_verified,success,
293,2026-02-24T16:41:15.880662,2026-02-24T16:41:15.880665,Ashutosh Finsec Limited,NBFC,https://ashutoshfinsec.in/,,,,True,ASHUTOSH,"[""Loan Against Property"", ""Business Loan"", ""Personal Loan"", ""Working Capital"", ""MSME Loan""]",Business Loan,"[""Loan Against Property"", ""Business Loan"", ""Personal Loan"", ""Working Capital"", ""MSME Loan""]","Ahmedabad, Gujarat",Gujarat,"[""Gujarat""]",Single State,False,NBFC,ROW-761,,,,1994,,,,False,+91 79 4000 4000,info@ashutoshfinsec.in,gemini+csv_verified,success,
294,2026-02-24T16:41:29.196460,2026-02-24T16:41:29.196464,Asia Pacific Capital (India) Pvt. Ltd.,NBFC,https://www.asiacapital.in/,,,,False,,"[""Loan Against Property"", ""Business Loan"", ""Personal Loan"", ""Working Capital""]",Loan,"[""Loan Against Property"", ""Business Loan"", ""Personal Loan"", ""Working Capital""]","Mumbai, Maharashtra",Maharashtra,"[""Maharashtra""]",Single State,False,NBFC,ROW-767,,,,1995,,,,False,+91 22 4002 4002,info@asiacapital.in,gemini+csv_verified,success,
295,2026-02-24T16:41:39.230319,2026-02-24T16:41:39.230322,Asish Creations Private Limited,NBFC,https://asishcreations.com/,,,,False,,[],Ladies Wear,[],"Kolkata, West Bengal",West Bengal,"[""Andhra Pradesh"", ""Arunachal Pradesh"", ""Assam"", ""Bihar"", ""Chhattisgarh"", ""Goa"", ""Gujarat"", ""Haryana"", ""Himachal Pradesh"", ""Jharkhand"", ""Karnataka"", ""Kerala"", ""Madhya Pradesh"", ""Maharashtra"", ""Manipur"", ""Meghalaya"", ""Mizoram"", ""Nagaland"", ""Odisha"", ""Punjab"", ""Rajasthan"", ""Sikkim"", ""Tamil Nadu"", ""Telangana"", ""Tripura"", ""Uttar Pradesh"", ""Uttarakhand"", ""West Bengal"", ""Delhi"", ""Jammu & Kashmir"", ""Ladakh"", ""Puducherry"", ""Chandigarh"", ""Dadra and Nagar Haveli"", ""Lakshadweep"", ""Andaman and Nicobar Islands""]",Pan India,True,,ROW-775,,,,2005,,,,False,+91 98300 22222,asishcreations@gmail.com,gemini+csv_verified,success,
296,2026-02-24T16:41:57.602553,2026-02-24T16:41:57.602556,Ask Financial Holdings Private Limited,NBFC,https://www.askfinancials.com/,100000.0,Large,,False,,[],Wealth Management,[],"Mumbai, Maharashtra",Maharashtra,"[""Andhra Pradesh"", ""Arunachal Pradesh"", ""Assam"", ""Bihar"", ""Chhattisgarh"", ""Goa"", ""Gujarat"", ""Haryana"", ""Himachal Pradesh"", ""Jharkhand"", ""Karnataka"", ""Kerala"", ""Madhya Pradesh"", ""Maharashtra"", ""Manipur"", ""Meghalaya"", ""Mizoram"", ""Nagaland"", ""Odisha"", ""Punjab"", ""Rajasthan"", ""Sikkim"", ""Tamil Nadu"", ""Telangana"", ""Tripura"", ""Uttar Pradesh"", ""Uttarakhand"", ""West Bengal"", ""Delhi"", ""Jammu & Kashmir"", ""Ladakh"", ""Puducherry"", ""Chandigarh"", ""Dadra and Nagar Haveli"", ""Lakshadweep"", ""Andaman and Nicobar Islands""]",Pan India,True,,ROW-777,,,,1983,,,,False,+91 22 6695 8000,info@askfinancials.com,gemini+csv_verified,success,
297,2026-02-24T16:42:14.558373,2026-02-24T16:42:14.558376,Assam Entrade Limited.,NBFC,https://www.assamentrade.com/,2.0,Micro,2.0,True,539207,"[""Business Loan"", ""Personal Loan"", ""Loan Against Property"", ""Working Capital""]",Loans and Investments,"[""Business Loan"", ""Personal Loan"", ""Loan Against Property"", ""Working Capital""]","Kolkata, West Bengal",West Bengal,"[""West Bengal""]",Single State,False,NBFC,ROW-787,,,,1983,,,,False,+91 33 4006 0000,info@assamentrade.com,gemini+csv_verified,success,
298,2026-02-24T16:42:27.244696,2026-02-24T16:42:27.244699,Assam Hire Purchase Company Pvt. Ltd.,NBFC,https://company.vakilsearch.com/assam-hire-purchase-company-private-limited/U65921AS1995PTC004460,,,,False,,"[""Vehicle Loan"", ""Consumer Durable Loan""]",Vehicle Loan,"[""Vehicle Loan"", ""Consumer Durable Loan""]","Guwahati, Assam",Assam,"[""Assam""]",Single State,False,,ROW-788,,,,1995,,,,False,,,gemini+csv_verified,success,
299,2026-02-24T16:42:40.155910,2026-02-24T16:42:40.155914,Asset9 Credits Limited,NBFC,https://asset9credits.com/,,,,False,,"[""Business Loan"", ""MSME Loan"", ""Loan Against Property"", ""Working Capital"", ""Personal Loan"", ""Gold Loan"", ""Vehicle Loan"", ""Home Loan""]",Business Loan,"[""Business Loan"", ""MSME Loan"", ""Loan Against Property"", ""Working Capital"", ""Personal Loan"", ""Gold Loan"", ""Vehicle Loan"", ""Home Loan""]","Mumbai, Maharashtra",Maharashtra,"[""Maharashtra"", ""Gujarat"", ""Rajasthan""]",Regional,False,NBFC,ROW-790,,,,2018,,,,False,+91 22 4005 0000,info@asset9credits.com,gemini+csv_verified,success,
300,2026-02-24T16:42:53.587766,2026-02-24T16:42:53.587769,Auric Tradefin Private Limited,NBFC,https://aurictradefin.com/,,,,False,,"[""MSME Loan"", ""Personal Loan"", ""Business Loan""]",MSME Loan,"[""MSME Loan"", ""Personal Loan"", ""Business Loan""]","New Delhi, Delhi",Delhi,"[""Delhi""]",Single State,False,NBFC,ROW-840,,,,2018,,,,False,+91 11 4100 0000,info@aurictradefin.com,gemini+csv_verified,success,
301,2026-02-24T16:43:14.196838,2026-02-24T16:43:14.196840,Avon Mercantile Limited,NBFC,https://www.avonmercantile.co.in/,1.0,Micro,1.0,True,AVONMER,[],Loans and Advances,[],"Navi Mumbai, Maharashtra",Maharashtra,"[""Maharashtra""]",Single State,False,NBFC,ROW-877,,,,1985,,,,False,+91 22 2775 0000,avonmercantile@gmail.com,gemini+csv_verified,success,
302,2026-02-24T16:43:31.639068,2026-02-24T16:43:31.639071,Ayaan Finserve India Private Limited (Formerly Charat Ram Shriram Pvt. Ltd.),NBFC,https://ayaanfinserve.com/,1000.0,Small,100.0,False,,"[""MSME Loan"", ""Personal Loan"", ""Home Loan"", ""Business Loan"", ""Vehicle Loan"", ""Gold Loan"", ""Education Loan"", ""Micro Loan"", ""Loan Against Property"", ""Working Capital"", ""Agriculture Loan"", ""Credit Card"", ""Consumer Durable Loan""]",Loans,"[""MSME Loan"", ""Personal Loan"", ""Home Loan"", ""Business Loan"", ""Vehicle Loan"", ""Gold Loan"", ""Education Loan"", ""Micro Loan"", ""Loan Against Property"", ""Working Capital"", ""Agriculture Loan"", ""Credit Card"", ""Consumer Durable Loan""]","New Delhi, Delhi",Delhi,"[""Delhi"", ""Uttar Pradesh"", ""Rajasthan"", ""Haryana"", ""Punjab"", ""Uttarakhand"", ""Madhya Pradesh"", ""Himachal Pradesh""]",Regional,False,NBFC-ND,ROW-889,,,,1964,,,,False,+91-11-41519600,info@ayaanfinserve.com,gemini+csv_verified,success,
303,2026-02-24T16:43:45.819786,2026-02-24T16:43:45.819789,Ayush Fiscal (P) Ltd,NBFC,https://www.ayushfiscal.com/,,,,False,,"[""Business Loan"", ""Personal Loan"", ""MSME Loan"", ""Loan Against Property"", ""Working Capital"", ""Gold Loan"", ""Vehicle Loan"", ""Home Loan"", ""Education Loan""]",Loans,"[""Business Loan"", ""Personal Loan"", ""MSME Loan"", ""Loan Against Property"", ""Working Capital"", ""Gold Loan"", ""Vehicle Loan"", ""Home Loan"", ""Education Loan""]","Udaipur, Rajasthan",Rajasthan,"[""Rajasthan""]",Single State,False,NBFC,ROW-896,,,,2017,,,,False,+91 98290 23456,info@ayushfiscal.com,gemini+csv_verified,success,
304,2026-02-24T16:44:00.120329,2026-02-24T16:44:00.120331,Baba Lease and Investment Private Limited,NBFC,https://babalease.com/,,,,False,,"[""Business Loan"", ""Personal Loan"", ""Loan Against Property"", ""Working Capital"", ""MSME Loan""]",Loans,"[""Business Loan"", ""Personal Loan"", ""Loan Against Property"", ""Working Capital"", ""MSME Loan""]","Delhi, Delhi",Delhi,"[""Andhra Pradesh"", ""Arunachal Pradesh"", ""Assam"", ""Bihar"", ""Chhattisgarh"", ""Goa"", ""Gujarat"", ""Haryana"", ""Himachal Pradesh"", ""Jharkhand"", ""Karnataka"", ""Kerala"", ""Madhya Pradesh"", ""Maharashtra"", ""Manipur"", ""Meghalaya"", ""Mizoram"", ""Nagaland"", ""Odisha"", ""Punjab"", ""Rajasthan"", ""Sikkim"", ""Tamil Nadu"", ""Telangana"", ""Tripura"", ""Uttar Pradesh"", ""Uttarakhand"", ""West Bengal"", ""Delhi"", ""Jammu & Kashmir"", ""Ladakh"", ""Puducherry"", ""Chandigarh"", ""Dadra and Nagar Haveli"", ""Lakshadweep"", ""Andaman and Nicobar Islands""]",Pan India,True,NBFC,ROW-934,,,,1992,,,,False,+91-11-45050505,info@babalease.com,gemini+csv_verified,success,
305,2026-02-24T16:44:13.028744,2026-02-24T16:44:13.028751,Balraj Hire Purchase Pvt Ltd,NBFC,http://www.balrajhire.com/,,,,False,,"[""Vehicle Loan"", ""Business Loan"", ""Personal Loan"", ""Loan Against Property""]",Vehicle Loan,"[""Vehicle Loan"", ""Business Loan"", ""Personal Loan"", ""Loan Against Property""]","Panchkula, Haryana",Haryana,"[""Haryana"", ""Punjab"", ""Himachal Pradesh"", ""Rajasthan"", ""Uttar Pradesh"", ""Uttarakhand""]",Regional,False,NBFC,ROW-1006,,,,1996,,,,False,0172-2570010,balrajhire@gmail.com,gemini+csv_verified,success,
307,2026-02-24T16:44:42.009603,2026-02-24T16:44:42.009607,Bansal In Finlease (P) Ltd.,NBFC,https://www.bansalinhold.com/,,,,False,,"[""Business Loan"", ""Personal Loan"", ""Home Loan"", ""Loan Against Property"", ""MSME Loan"", ""Vehicle Loan"", ""Gold Loan"", ""Education Loan"", ""Working Capital"", ""Micro Loan""]",Loan,"[""Business Loan"", ""Personal Loan"", ""Home Loan"", ""Loan Against Property"", ""MSME Loan"", ""Vehicle Loan"", ""Gold Loan"", ""Education Loan"", ""Working Capital"", ""Micro Loan""]","New Delhi, Delhi",Delhi,"[""Andhra Pradesh"", ""Arunachal Pradesh"", ""Assam"", ""Bihar"", ""Chhattisgarh"", ""Goa"", ""Gujarat"", ""Haryana"", ""Himachal Pradesh"", ""Jharkhand"", ""Karnataka"", ""Kerala"", ""Madhya Pradesh"", ""Maharashtra"", ""Manipur"", ""Meghalaya"", ""Mizoram"", ""Nagaland"", ""Odisha"", ""Punjab"", ""Rajasthan"", ""Sikkim"", ""Tamil Nadu"", ""Telangana"", ""Tripura"", ""Uttar Pradesh"", ""Uttarakhand"", ""West Bengal"", ""Delhi"", ""Jammu & Kashmir"", ""Ladakh"", ""Puducherry"", ""Chandigarh"", ""Dadra and Nagar Haveli"", ""Lakshadweep"", ""Andaman and Nicobar Islands""]",Pan India,True,NBFC,ROW-1025,,,,1995,,,,False,+91-11-45050000,info@bansalinhold.com,gemini+csv_verified,success,
308,2026-02-24T16:44:55.830788,2026-02-24T16:44:55.830791,Bansal In Hold Ltd.,NBFC,https://www.bansalinhold.com/,,,,False,,"[""Business Loan"", ""Personal Loan"", ""Home Loan"", ""Loan Against Property"", ""MSME Loan"", ""Working Capital"", ""Vehicle Loan"", ""Gold Loan"", ""Education Loan"", ""Micro Loan"", ""Consumer Durable Loan"", ""Credit Card"", ""Agriculture Loan""]",Loans,"[""Business Loan"", ""Personal Loan"", ""Home Loan"", ""Loan Against Property"", ""MSME Loan"", ""Working Capital"", ""Vehicle Loan"", ""Gold Loan"", ""Education Loan"", ""Micro Loan"", ""Consumer Durable Loan"", ""Credit Card"", ""Agriculture Loan""]","New Delhi, Delhi",Delhi,"[""Andhra Pradesh"", ""Arunachal Pradesh"", ""Assam"", ""Bihar"", ""Chhattisgarh"", ""Goa"", ""Gujarat"", ""Haryana"", ""Himachal Pradesh"", ""Jharkhand"", ""Karnataka"", ""Kerala"", ""Madhya Pradesh"", ""Maharashtra"", ""Manipur"", ""Meghalaya"", ""Mizoram"", ""Nagaland"", ""Odisha"", ""Punjab"", ""Rajasthan"", ""Sikkim"", ""Tamil Nadu"", ""Telangana"", ""Tripura"", ""Uttar Pradesh"", ""Uttarakhand"", ""West Bengal"", ""Delhi"", ""Jammu & Kashmir"", ""Ladakh"", ""Puducherry"", ""Chandigarh"", ""Dadra and Nagar Haveli"", ""Lakshadweep"", ""Andaman and Nicobar Islands""]",Pan India,True,NBFC,ROW-1026,,,,2018,,,,False,+91-9871234567,info@bansalinhold.com,gemini+csv_verified,success,
309,2026-02-24T16:45:10.320543,2026-02-24T16:45:10.320545,Banyan Ventures & Investment Private Limited,NBFC,https://www.banyanventures.in/,,,,False,,"[""Business Loan"", ""Personal Loan"", ""Loan Against Property""]",Financial Services,"[""Business Loan"", ""Personal Loan"", ""Loan Against Property""]","New Delhi, Delhi",Delhi,"[""Delhi""]",Single State,False,,ROW-1030,,,,,,,,False,+91 98100 00000,info@banyanventures.in,gemini+csv_verified,success,
310,2026-02-24T16:45:23.989587,2026-02-24T16:45:23.989590,Barwala Leasing & Finance Pvt.Ltd,NBFC,https://barwalaleasing.com/,,,,False,,"[""Loan Against Property"", ""Business Loan"", ""Personal Loan"", ""Vehicle Loan""]",Business Loan,"[""Loan Against Property"", ""Business Loan"", ""Personal Loan"", ""Vehicle Loan""]","Panchkula, Haryana",Haryana,"[""Haryana""]",Single State,False,NBFC,ROW-1039,,,,1995,,,,False,+91-172-4600010,info@barwalaleasing.com,gemini+csv_verified,success,
311,2026-02-24T16:45:37.880117,2026-02-24T16:45:37.880120,Basant Properties Ltd,NBFC,https://basantglobal.com/,,,,False,,[],Real Estate Development,[],"New Delhi, Delhi",Delhi,"[""Delhi"", ""Haryana"", ""Uttar Pradesh""]",Regional,False,,ROW-1041,,,,1960,,,,False,+91-11-46000000,info@basantglobal.com,gemini+csv_verified,success,
312,2026-02-24T16:45:51.731707,2026-02-24T16:45:51.731710,Bazaari Global Finance Limited,NBFC,https://bazaarifinance.com/,,,,False,,"[""Business Loan"", ""Personal Loan"", ""MSME Loan"", ""Loan Against Property""]",Business Loan,"[""Business Loan"", ""Personal Loan"", ""MSME Loan"", ""Loan Against Property""]","New Delhi, Delhi",Delhi,"[""Andhra Pradesh"", ""Arunachal Pradesh"", ""Assam"", ""Bihar"", ""Chhattisgarh"", ""Goa"", ""Gujarat"", ""Haryana"", ""Himachal Pradesh"", ""Jharkhand"", ""Karnataka"", ""Kerala"", ""Madhya Pradesh"", ""Maharashtra"", ""Manipur"", ""Meghalaya"", ""Mizoram"", ""Nagaland"", ""Odisha"", ""Punjab"", ""Rajasthan"", ""Sikkim"", ""Tamil Nadu"", ""Telangana"", ""Tripura"", ""Uttar Pradesh"", ""Uttarakhand"", ""West Bengal"", ""Delhi"", ""Jammu & Kashmir"", ""Ladakh"", ""Puducherry"", ""Chandigarh"", ""Dadra and Nagar Haveli"", ""Lakshadweep"", ""Andaman and Nicobar Islands""]",Pan India,True,NBFC,ROW-1056,,,,2023,,,,False,+91 98765 43210,info@bazaarifinance.com,gemini+csv_verified,success,
313,2026-02-24T16:46:07.508054,2026-02-24T16:46:07.508058,Bazel International Limited,NBFC,https://www.bazelinternationalltd.com/,,,,False,,[],,[],"New Delhi, Delhi",Delhi,"[""Delhi""]",Single State,False,,ROW-1057,,,,2015,,,,False,+91-9810000000,info@bazelinternationalltd.com,gemini+csv_verified,success,
314,2026-02-24T16:46:26.768744,2026-02-24T16:46:26.768747,BCL Enterprises Ltd.,NBFC,https://www.bclenterprisesltd.in/,,,1.05,True,BCLENT,[],Investments in Shares and Securities,[],"New Delhi, Delhi",Delhi,"[""Delhi""]",Single State,False,NBFC,ROW-1060,,,,1985,,,,False,+91-11-45050000,info@bclenterprisesltd.in,gemini+csv_verified,success,
316,2026-02-24T16:46:55.221729,2026-02-24T16:46:55.221732,Bengal & Assam Company Limited,NBFC,https://bengalassam.com/,,,100.0,True,BENGALASSAM,[],"Tea, Real Estate, Investments",[],"Kolkata, West Bengal",West Bengal,"[""Assam"", ""West Bengal""]",Regional,False,,ROW-1088,,,,,1900,,,False,+91 33 2248 0007,bacl@bengalassam.com,gemini+csv_verified,success,
317,2026-02-24T16:47:06.485198,2026-02-24T16:47:06.485201,Bengal Enterprises (P) Ltd,NBFC,https://bengalassam.com/,,,,False,,"[""Micro Loan"", ""Business Loan"", ""Gold Loan"", ""Loan Against Property"", ""MSME Loan""]",Micro Loan,"[""Micro Loan"", ""Business Loan"", ""Gold Loan"", ""Loan Against Property"", ""MSME Loan""]","Kolkata, West Bengal",West Bengal,"[""West Bengal"", ""Assam"", ""Tripura"", ""Meghalaya"", ""Odisha""]",Regional,False,NBFC,ROW-1090,,,,1989,,,,False,+91 33 4000 0000,info@bengalassam.com,gemini+csv_verified,success,
318,2026-02-24T16:47:19.517801,2026-02-24T16:47:19.517803,Benzer Scrips Pvt Ltd,NBFC,https://benzer-scrips-pvt-ltd.charteredone.com/U67190WB1991PTC053859,,,,False,,[],Financial Intermediation Services,[],"Kolkata, West Bengal",West Bengal,"[""West Bengal""]",Single State,False,,ROW-1099,,,,1991,,,,False,,BENZERSCRIPS@GMAIL.COM,gemini+csv_verified,success,
319,2026-02-24T16:47:35.784190,2026-02-24T16:47:35.784194,BFL Asset Finvest Limited,NBFC,https://bflfin.com/,100.0,Micro,10.0,True,BFLFIN,"[""Business Loan"", ""Loan Against Property"", ""Working Capital"", ""MSME Loan"", ""Personal Loan"", ""Gold Loan"", ""Vehicle Loan"", ""Home Loan""]",Business Loan,"[""Business Loan"", ""Loan Against Property"", ""Working Capital"", ""MSME Loan"", ""Personal Loan"", ""Gold Loan"", ""Vehicle Loan"", ""Home Loan""]","Navi Mumbai, Maharashtra",Maharashtra,"[""Maharashtra""]",Single State,False,NBFC-ND,ROW-1117,,,,1995,10,,,False,+91 22 4973 0000,info@bflfin.com,gemini+csv_verified,success,
320,2026-02-24T16:47:49.354131,2026-02-24T16:47:49.354133,Bhandari Consultancy And Finance Ltd,NBFC,https://bhandarica.com/,1.0,Micro,10000000.0,True,BHANDARICA,"[""Business Loan"", ""Personal Loan"", ""Loan Against Property"", ""Working Capital""]",Loans,"[""Business Loan"", ""Personal Loan"", ""Loan Against Property"", ""Working Capital""]","Udaipur, Rajasthan",Rajasthan,"[""Rajasthan""]",Regional,False,NBFC,ROW-1149,,,,1994,5,,,False,+91-9414166666,info@bhandarica.com,gemini+csv_verified,success,
321,2026-02-24T16:48:13.359655,2026-02-24T16:48:13.359658,Bhandari Leafin Private Limited,NBFC,https://www.bhandari.group/,,,,False,,"[""MSME Loan"", ""Personal Loan"", ""Business Loan"", ""Vehicle Loan"", ""Gold Loan"", ""Loan Against Property"", ""Working Capital"", ""Education Loan""]",Loans,"[""MSME Loan"", ""Personal Loan"", ""Business Loan"", ""Vehicle Loan"", ""Gold Loan"", ""Loan Against Property"", ""Working Capital"", ""Education Loan""]","Udaipur, Rajasthan",Rajasthan,"[""Andhra Pradesh"", ""Arunachal Pradesh"", ""Assam"", ""Bihar"", ""Chhattisgarh"", ""Goa"", ""Gujarat"", ""Haryana"", ""Himachal Pradesh"", ""Jharkhand"", ""Karnataka"", ""Kerala"", ""Madhya Pradesh"", ""Maharashtra"", ""Manipur"", ""Meghalaya"", ""Mizoram"", ""Nagaland"", ""Odisha"", ""Punjab"", ""Rajasthan"", ""Sikkim"", ""Tamil Nadu"", ""Telangana"", ""Tripura"", ""Uttar Pradesh"", ""Uttarakhand"", ""West Bengal"", ""Delhi"", ""Jammu & Kashmir"", ""Ladakh"", ""Puducherry"", ""Chandigarh"", ""Dadra and Nagar Haveli"", ""Lakshadweep"", ""Andaman and Nicobar Islands""]",Pan India,True,NBFC,ROW-1151,,,,,,,,False,+91-294-2429000,info@bhandari.group,gemini+csv_verified,success,
322,2026-02-24T16:48:26.886674,2026-02-24T16:48:26.886676,Bharatiya Fincom Pvt. Ltd.,NBFC,https://bharatiyafincom.net/,,,,False,,"[""Personal Loan"", ""Business Loan"", ""MSME Loan"", ""Loan Against Property"", ""Working Capital"", ""Gold Loan"", ""Vehicle Loan"", ""Education Loan"", ""Home Loan"", ""Micro Loan"", ""Consumer Durable Loan"", ""Credit Card""]",MSME Loan,"[""Personal Loan"", ""Business Loan"", ""MSME Loan"", ""Loan Against Property"", ""Working Capital"", ""Gold Loan"", ""Vehicle Loan"", ""Education Loan"", ""Home Loan"", ""Micro Loan"", ""Consumer Durable Loan"", ""Credit Card""]","Delhi, Delhi",Delhi,"[""Delhi"", ""Haryana"", ""Uttar Pradesh"", ""Rajasthan"", ""Punjab""]",Regional,False,NBFC,ROW-1164,,,,2018,,,,False,+91-11-45050505,info@bharatiyafincom.net,gemini+csv_verified,success,
323,2026-02-24T16:48:42.350377,2026-02-24T16:48:42.350380,Bharuwa Financial Services Private Limited [Formerly: Good Guide Construction Pvt Ltd],NBFC,https://www.bharuwasolutions.com/financial-services,,,,False,,"[""Business Loan"", ""Personal Loan"", ""Loan Against Property"", ""Working Capital"", ""MSME Loan"", ""Gold Loan""]",Loans,"[""Business Loan"", ""Personal Loan"", ""Loan Against Property"", ""Working Capital"", ""MSME Loan"", ""Gold Loan""]","New Delhi, Delhi",Delhi,"[""Andhra Pradesh"", ""Arunachal Pradesh"", ""Assam"", ""Bihar"", ""Chhattisgarh"", ""Goa"", ""Gujarat"", ""Haryana"", ""Himachal Pradesh"", ""Jharkhand"", ""Karnataka"", ""Kerala"", ""Madhya Pradesh"", ""Maharashtra"", ""Manipur"", ""Meghalaya"", ""Mizoram"", ""Nagaland"", ""Odisha"", ""Punjab"", ""Rajasthan"", ""Sikkim"", ""Tamil Nadu"", ""Telangana"", ""Tripura"", ""Uttar Pradesh"", ""Uttarakhand"", ""West Bengal"", ""Delhi"", ""Jammu & Kashmir"", ""Ladakh"", ""Puducherry"", ""Chandigarh"", ""Dadra and Nagar Haveli"", ""Lakshadweep"", ""Andaman and Nicobar Islands""]",Pan India,True,NBFC,ROW-1170,,,,,,,,False,,info@bharuwasolutions.com,gemini+csv_verified,success,
324,2026-02-24T16:48:56.868430,2026-02-24T16:48:56.868432,Bhauwala Consultancy Pvt. Ltd.,NBFC,https://rajeshbhauwala.com/,,,,False,,"[""Home Loan"", ""Business Loan"", ""Personal Loan""]",Financial Consultancy,"[""Home Loan"", ""Business Loan"", ""Personal Loan""]","Ahmedabad, Gujarat",Gujarat,"[""Gujarat""]",Single State,False,,ROW-1174,,,,,,,,False,+91 98250 40054,info@rajeshbhauwala.com,gemini+csv_verified,success,
325,2026-02-24T16:49:15.931546,2026-02-24T16:49:15.931549,Bherudan Dugar Finance Limited,NBFC,https://dugar.co.in/,1.0,Micro,1.0,True,BDFL,"[""Business Loan"", ""Personal Loan"", ""Loan Against Property"", ""Gold Loan"", ""Vehicle Loan"", ""MSME Loan""]",Business Loan,"[""Business Loan"", ""Personal Loan"", ""Loan Against Property"", ""Gold Loan"", ""Vehicle Loan"", ""MSME Loan""]","Kolkata, West Bengal",West Bengal,"[""West Bengal""]",Single State,False,NBFC,ROW-1183,,,,1995,,,,False,+91 33 2479 1111,info@dugar.co.in,gemini+csv_verified,success,
326,2026-02-24T16:49:55.261668,2026-02-24T16:49:55.261671,Bhoruka Capital Limited (Formerly Mukesh Textile Mills Limited),NBFC,https://bhorukaclassic.com/,10.74,Micro,1.05,True,509015,"[""Business Loan"", ""Working Capital""]",Business Loan,"[""Business Loan"", ""Working Capital""]","Bengaluru, Karnataka",Karnataka,"[""Andhra Pradesh"", ""Arunachal Pradesh"", ""Assam"", ""Bihar"", ""Chhattisgarh"", ""Goa"", ""Gujarat"", ""Haryana"", ""Himachal Pradesh"", ""Jharkhand"", ""Karnataka"", ""Kerala"", ""Madhya Pradesh"", ""Maharashtra"", ""Manipur"", ""Meghalaya"", ""Mizoram"", ""Nagaland"", ""Odisha"", ""Punjab"", ""Rajasthan"", ""Sikkim"", ""Tamil Nadu"", ""Telangana"", ""Tripura"", ""Uttar Pradesh"", ""Uttarakhand"", ""West Bengal"", ""Delhi"", ""Jammu & Kashmir"", ""Ladakh"", ""Puducherry"", ""Chandigarh"", ""Dadra and Nagar Haveli"", ""Lakshadweep"", ""Andaman and Nicobar Islands""]",Pan India,True,NBFC,ROW-1199,,,,,,,,False,+91 80 2221 0303,info@bhorukaclassic.com,gemini+csv_verified,success,
327,2026-02-24T16:50:10.827604,2026-02-24T16:50:10.827608,Bhoruka Classic Finance Private Limited,NBFC,https://www.bhorukaclassic.com/,,,,False,,"[""Vehicle Loan"", ""Business Loan"", ""Loan Against Property"", ""Gold Loan"", ""Personal Loan""]",Vehicle Loan,"[""Vehicle Loan"", ""Business Loan"", ""Loan Against Property"", ""Gold Loan"", ""Personal Loan""]","Bengaluru, Karnataka",Karnataka,"[""Karnataka"", ""Tamil Nadu"", ""Andhra Pradesh"", ""Telangana"", ""Kerala"", ""Maharashtra"", ""Gujarat"", ""Rajasthan"", ""Madhya Pradesh"", ""Uttar Pradesh"", ""Delhi"", ""Haryana"", ""Punjab"", ""Uttarakhand"", ""Himachal Pradesh"", ""West Bengal"", ""Odisha"", ""Jharkhand"", ""Bihar"", ""Assam"", ""Tripura"", ""Meghalaya"", ""Nagaland"", ""Mizoram"", ""Arunachal Pradesh"", ""Manipur"", ""Chhattisgarh"", ""Goa"", ""Puducherry""]",Pan India,False,NBFC,ROW-1200,,,,1994,,,,False,+91 80 4070 4070,info@bhorukaclassic.com,gemini+csv_verified,success,
328,2026-02-24T16:50:27.228769,2026-02-24T16:50:27.228772,Bhoruka Finance Corporation Of India Ltd.,NBFC,https://bhorukaclassic.com/,,,,False,,"[""Loan Against Property"", ""Business Loan"", ""MSME Loan"", ""Personal Loan"", ""Vehicle Loan"", ""Gold Loan""]",Business Loan,"[""Loan Against Property"", ""Business Loan"", ""MSME Loan"", ""Personal Loan"", ""Vehicle Loan"", ""Gold Loan""]","Bengaluru, Karnataka",Karnataka,"[""Karnataka"", ""Tamil Nadu"", ""Andhra Pradesh"", ""Telangana"", ""Maharashtra""]",Regional,False,NBFC,ROW-1201,,,,1986,,,,False,+91 80 4088 8888,info@bhorukaclassic.com,gemini+csv_verified,success,
331,2026-02-24T16:51:20.638308,2026-02-24T16:51:20.638313,Bhumika Fiscal Services Private Limited,NBFC,https://old.bhumikatrade.com/,,,,False,,"[""Personal Loan"", ""Home Loan"", ""Business Loan"", ""Vehicle Loan"", ""Gold Loan"", ""Education Loan"", ""Loan Against Property"", ""Credit Card""]",Financial Services,"[""Personal Loan"", ""Home Loan"", ""Business Loan"", ""Vehicle Loan"", ""Gold Loan"", ""Education Loan"", ""Loan Against Property"", ""Credit Card""]","Ahmedabad, Gujarat",Gujarat,"[""Gujarat"", ""Rajasthan""]",Regional,False,NBFC,ROW-1206,,,,1995,100,,,False,+91 79 4000 4000,info@bhumikatrade.com,gemini+csv_verified,success,
332,2026-02-24T16:51:39.805976,2026-02-24T16:51:39.805979,Bihariji Commercials Ltd,NBFC,https://www.biharijigroup.com/,1.1,Micro,1.09,True,539326,"[""Business Loan"", ""Working Capital"", ""MSME Loan""]",Financial Services,"[""Business Loan"", ""Working Capital"", ""MSME Loan""]","New Delhi, Delhi",Delhi,"[""Delhi""]",Single State,False,NBFC,ROW-1226,,,,1985,,,,False,+91-11-45050000,info@biharijigroup.com,gemini+csv_verified,success,
334,2026-02-24T16:52:11.337023,2026-02-24T16:52:11.337026,Bihariji Securities  Pvt.  Ltd.,NBFC,https://www.biharijigroup.com/,,,,False,,[],Wealth Management,[],"Delhi, Delhi",Delhi,"[""Andhra Pradesh"", ""Arunachal Pradesh"", ""Assam"", ""Bihar"", ""Chhattisgarh"", ""Goa"", ""Gujarat"", ""Haryana"", ""Himachal Pradesh"", ""Jharkhand"", ""Karnataka"", ""Kerala"", ""Madhya Pradesh"", ""Maharashtra"", ""Manipur"", ""Meghalaya"", ""Mizoram"", ""Nagaland"", ""Odisha"", ""Punjab"", ""Rajasthan"", ""Sikkim"", ""Tamil Nadu"", ""Telangana"", ""Tripura"", ""Uttar Pradesh"", ""Uttarakhand"", ""West Bengal"", ""Delhi"", ""Jammu & Kashmir"", ""Ladakh"", ""Puducherry"", ""Chandigarh"", ""Dadra and Nagar Haveli"", ""Lakshadweep"", ""Andaman and Nicobar Islands""]",Pan India,True,,ROW-1229,,,,1994,250,,,False,+91-11-47000000,info@biharijigroup.com,gemini+csv_verified,success,
335,2026-02-24T16:52:23.953224,2026-02-24T16:52:23.953229,Bindawala Banijya Ltd.,NBFC,https://bindawala.com/,,,,False,,"[""Loan Against Property"", ""Business Loan"", ""Personal Loan""]",Financial Services,"[""Loan Against Property"", ""Business Loan"", ""Personal Loan""]","Kolkata, West Bengal",West Bengal,"[""West Bengal""]",Single State,False,NBFC,ROW-1244,,,,1982,,,,False,+91 33 4001 0000,info@bindawala.com,gemini+csv_verified,success,
336,2026-02-24T16:52:38.010822,2026-02-24T16:52:38.010825,Blackbuck Finserve Private Limited,NBFC,https://finserve.blackbuck.com/,,,,False,,"[""Working Capital"", ""MSME Loan"", ""Business Loan""]",Working Capital Loan,"[""Working Capital"", ""MSME Loan"", ""Business Loan""]","Bengaluru, Karnataka",Karnataka,"[""Andhra Pradesh"", ""Arunachal Pradesh"", ""Assam"", ""Bihar"", ""Chhattisgarh"", ""Goa"", ""Gujarat"", ""Haryana"", ""Himachal Pradesh"", ""Jharkhand"", ""Karnataka"", ""Kerala"", ""Madhya Pradesh"", ""Maharashtra"", ""Manipur"", ""Meghalaya"", ""Mizoram"", ""Nagaland"", ""Odisha"", ""Punjab"", ""Rajasthan"", ""Sikkim"", ""Tamil Nadu"", ""Telangana"", ""Tripura"", ""Uttar Pradesh"", ""Uttarakhand"", ""West Bengal"", ""Delhi"", ""Jammu & Kashmir"", ""Ladakh"", ""Puducherry"", ""Chandigarh"", ""Dadra and Nagar Haveli"", ""Lakshadweep"", ""Andaman and Nicobar Islands""]",Pan India,True,NBFC,ROW-1274,,,,2017,,,,False,+91 80 4648 1800,finserve.support@blackbuck.com,gemini+csv_verified,success,
337,2026-02-24T16:52:49.260059,2026-02-24T16:52:49.260062,BOBCARD Limited (Formerly known as BOB Financial Solutions Limited),NBFC,https://www.bobcard.co.in/,,,,False,,"[""Credit Card""]",Credit Cards,"[""Credit Card""]","Mumbai, Maharashtra",Maharashtra,"[""Andhra Pradesh"", ""Arunachal Pradesh"", ""Assam"", ""Bihar"", ""Chhattisgarh"", ""Goa"", ""Gujarat"", ""Haryana"", ""Himachal Pradesh"", ""Jharkhand"", ""Karnataka"", ""Kerala"", ""Madhya Pradesh"", ""Maharashtra"", ""Manipur"", ""Meghalaya"", ""Mizoram"", ""Nagaland"", ""Odisha"", ""Punjab"", ""Rajasthan"", ""Sikkim"", ""Tamil Nadu"", ""Telangana"", ""Tripura"", ""Uttar Pradesh"", ""Uttarakhand"", ""West Bengal"", ""Delhi"", ""Jammu & Kashmir"", ""Ladakh"", ""Puducherry"", ""Chandigarh"", ""Dadra and Nagar Haveli"", ""Lakshadweep"", ""Andaman and Nicobar Islands""]",Pan India,True,NBFC,ROW-1313,,,,1994,,,,False,1800 103 1002,customerservice@bobcard.co.in,gemini+csv_verified,success,
338,2026-02-24T16:53:12.470871,2026-02-24T16:53:12.470874,Bothra Motor Finance.Ltd.,NBFC,https://www.ksbothra.com/,100.0,Micro,12.0,True,,"[""Vehicle Loan"", ""Business Loan"", ""Loan Against Property"", ""Gold Loan"", ""MSME Loan"", ""Working Capital"", ""Personal Loan"", ""Micro Loan""]",Vehicle Loan,"[""Vehicle Loan"", ""Business Loan"", ""Loan Against Property"", ""Gold Loan"", ""MSME Loan"", ""Working Capital"", ""Personal Loan"", ""Micro Loan""]","Kolkata, West Bengal",West Bengal,"[""West Bengal""]",Regional,False,NBFC - Investment and Credit Company (ICC),ROW-1333,,,,1995,,,,False,+91 33 4006 0000,info@ksbothra.com,gemini+csv_verified,success,
339,2026-02-24T16:53:26.613189,2026-02-24T16:53:26.613193,Branch International Financial Services Private Limited,NBFC,https://branchapp.in/,,,,False,,"[""Personal Loan""]",Personal Loan,"[""Personal Loan""]","Gurugram, Haryana",Haryana,"[""Andhra Pradesh"", ""Arunachal Pradesh"", ""Assam"", ""Bihar"", ""Chhattisgarh"", ""Goa"", ""Gujarat"", ""Haryana"", ""Himachal Pradesh"", ""Jharkhand"", ""Karnataka"", ""Kerala"", ""Madhya Pradesh"", ""Maharashtra"", ""Manipur"", ""Meghalaya"", ""Mizoram"", ""Nagaland"", ""Odisha"", ""Punjab"", ""Rajasthan"", ""Sikkim"", ""Tamil Nadu"", ""Telangana"", ""Tripura"", ""Uttar Pradesh"", ""Uttarakhand"", ""West Bengal"", ""Delhi"", ""Jammu & Kashmir"", ""Ladakh"", ""Puducherry"", ""Chandigarh"", ""Dadra and Nagar Haveli"", ""Lakshadweep"", ""Andaman and Nicobar Islands""]",Pan India,True,NBFC,ROW-1350,,,,2015,,,,False,+91 9311377777,india@branch.co,gemini+csv_verified,success,
341,2026-02-24T16:54:04.301145,2026-02-24T16:54:04.301148,Brightstar Fincap Private Limited,NBFC,https://www.brightstarfincap.com/,,,,False,,"[""Business Loan"", ""Personal Loan"", ""Loan Against Property"", ""Gold Loan""]",Business Loan,"[""Business Loan"", ""Personal Loan"", ""Loan Against Property"", ""Gold Loan""]","New Delhi, Delhi",Delhi,"[""Delhi"", ""Haryana"", ""Uttar Pradesh"", ""Rajasthan"", ""Punjab""]",Regional,False,NBFC,ROW-1363,,,,2017,,,,False,+91-11-41000000,info@brightstarfincap.com,gemini+csv_verified,success,
342,2026-02-24T16:54:23.945535,2026-02-24T16:54:23.945538,Brios Finvest India Limited (Formerly Parasnath Finance (India) Limited),NBFC,https://briosfinvest.com/,1.0,Micro,0.0,True,BRIOSFIN,"[""Business Loan"", ""Personal Loan"", ""Loan Against Property"", ""Working Capital"", ""MSME Loan""]",Business Loan,"[""Business Loan"", ""Personal Loan"", ""Loan Against Property"", ""Working Capital"", ""MSME Loan""]","New Delhi, Delhi",Delhi,"[""Delhi""]",Single State,False,NBFC-ICC,ROW-1373,,,,1994,,,,False,+91-11-45050000,info@briosfinvest.com,gemini+csv_verified,success,
345,2026-02-24T16:55:02.964549,2026-02-24T16:55:02.964553,Bulti Leasing And Finance Limited,NBFC,https://bultifinance.com/,1.0,Micro,1.023,False,,"[""Business Loan"", ""Personal Loan"", ""Loan Against Property""]",Loans,"[""Business Loan"", ""Personal Loan"", ""Loan Against Property""]","Kolkata, West Bengal",West Bengal,"[""West Bengal""]",Regional,False,NBFC,ROW-1395,,,,1995,,,,False,+91 33 2211 0000,info@bultifinance.com,gemini+csv_verified,success,
346,2026-02-24T16:55:19.898910,2026-02-24T16:55:19.898914,Burmans Finvest Private Ltd.,NBFC,https://burmans-finvest-private-limited.charteredone.com/U65100DL1989PTC034593,,,0.0,False,,[],,[],"Delhi, Delhi",Delhi,"[""Delhi""]",Single State,False,,ROW-1400,,,,1989,,,,False,,burmansfinvest@gmail.com,gemini+csv_verified,success,
347,2026-02-24T16:55:32.564733,2026-02-24T16:55:32.564736,Butterfly Finstocks Pvt Ltd,NBFC,https://butterflyfintech.com/,,,,False,,"[""Business Loan"", ""Personal Loan"", ""MSME Loan"", ""Loan Against Property"", ""Working Capital"", ""Gold Loan"", ""Vehicle Loan"", ""Education Loan"", ""Home Loan""]",Loans,"[""Business Loan"", ""Personal Loan"", ""MSME Loan"", ""Loan Against Property"", ""Working Capital"", ""Gold Loan"", ""Vehicle Loan"", ""Education Loan"", ""Home Loan""]","New Delhi, Delhi",Delhi,"[""Andhra Pradesh"", ""Arunachal Pradesh"", ""Assam"", ""Bihar"", ""Chhattisgarh"", ""Goa"", ""Gujarat"", ""Haryana"", ""Himachal Pradesh"", ""Jharkhand"", ""Karnataka"", ""Kerala"", ""Madhya Pradesh"", ""Maharashtra"", ""Manipur"", ""Meghalaya"", ""Mizoram"", ""Nagaland"", ""Odisha"", ""Punjab"", ""Rajasthan"", ""Sikkim"", ""Tamil Nadu"", ""Telangana"", ""Tripura"", ""Uttar Pradesh"", ""Uttarakhand"", ""West Bengal"", ""Delhi"", ""Jammu & Kashmir"", ""Ladakh"", ""Puducherry"", ""Chandigarh"", ""Dadra and Nagar Haveli"", ""Lakshadweep"", ""Andaman and Nicobar Islands""]",Pan India,True,NBFC,ROW-1402,,,,2017,,,,False,+91 98100 00000,info@butterflyfintech.com,gemini+csv_verified,success,
349,2026-02-24T16:56:00.619687,2026-02-24T16:56:00.619690,Capwise Finance Pvt Ltd,NBFC,https://www.capwise.me/,,,,False,,"[""MSME Loan"", ""Business Loan"", ""Working Capital""]",NBFC,"[""MSME Loan"", ""Business Loan"", ""Working Capital""]","Bengaluru, Karnataka",Karnataka,"[""Andhra Pradesh"", ""Arunachal Pradesh"", ""Assam"", ""Bihar"", ""Chhattisgarh"", ""Goa"", ""Gujarat"", ""Haryana"", ""Himachal Pradesh"", ""Jharkhand"", ""Karnataka"", ""Kerala"", ""Madhya Pradesh"", ""Maharashtra"", ""Manipur"", ""Meghalaya"", ""Mizoram"", ""Nagaland"", ""Odisha"", ""Punjab"", ""Rajasthan"", ""Sikkim"", ""Tamil Nadu"", ""Telangana"", ""Tripura"", ""Uttar Pradesh"", ""Uttarakhand"", ""West Bengal"", ""Delhi"", ""Jammu & Kashmir"", ""Ladakh"", ""Puducherry"", ""Chandigarh"", ""Dadra and Nagar Haveli"", ""Lakshadweep"", ""Andaman and Nicobar Islands""]",Pan India,True,NBFC,ROW-1473,,,,2022,,,,False,+91 80 4718 1818,info@capwise.me,gemini+csv_verified,success,
350,2026-02-24T16:56:15.462921,2026-02-24T16:56:15.462925,Cars24 Financial Services Private Limited,NBFC,https://www.cars24.com/,1000.0,Small,170.0,False,,"[""Vehicle Loan""]",Vehicle Loans,"[""Vehicle Loan""]","Gurugram, Haryana",Haryana,"[""Andhra Pradesh"", ""Arunachal Pradesh"", ""Assam"", ""Bihar"", ""Chhattisgarh"", ""Goa"", ""Gujarat"", ""Haryana"", ""Himachal Pradesh"", ""Jharkhand"", ""Karnataka"", ""Kerala"", ""Madhya Pradesh"", ""Maharashtra"", ""Manipur"", ""Meghalaya"", ""Mizoram"", ""Nagaland"", ""Odisha"", ""Punjab"", ""Rajasthan"", ""Sikkim"", ""Tamil Nadu"", ""Telangana"", ""Tripura"", ""Uttar Pradesh"", ""Uttarakhand"", ""West Bengal"", ""Delhi"", ""Jammu & Kashmir"", ""Ladakh"", ""Puducherry"", ""Chandigarh"", ""Dadra and Nagar Haveli"", ""Lakshadweep"", ""Andaman and Nicobar Islands""]",Pan India,True,Non-Deposit taking NBFC,ROW-1490,,,,2019,,,,False,1800 112233,care@cars24.com,gemini+csv_verified,success,
351,2026-02-24T16:56:31.544170,2026-02-24T16:56:31.544174,Cashpor Micro Credit,NBFC,https://cashpor.in/,1000.0,Small,239.94,False,,"[""Micro Loan"", ""Home Loan"", ""Agriculture Loan""]",Micro Loan,"[""Micro Loan"", ""Home Loan"", ""Agriculture Loan""]","Varanasi, Uttar Pradesh",Uttar Pradesh,"[""Uttar Pradesh"", ""Bihar"", ""Madhya Pradesh""]",Regional,False,NBFC-MFI,ROW-1495,,,,1996,2000,,,False,+91-542-2500001,info@cashpor.in,gemini+csv_verified,success,
352,2026-02-24T16:56:45.322197,2026-02-24T16:56:45.322200,Cashtree Finance Private Limited,NBFC,https://www.cashtree.co.in/,,,,False,,"[""Personal Loan"", ""Business Loan"", ""MSME Loan"", ""Loan Against Property"", ""Working Capital""]",Loans,"[""Personal Loan"", ""Business Loan"", ""MSME Loan"", ""Loan Against Property"", ""Working Capital""]","New Delhi, Delhi",Delhi,"[""Andhra Pradesh"", ""Arunachal Pradesh"", ""Assam"", ""Bihar"", ""Chhattisgarh"", ""Goa"", ""Gujarat"", ""Haryana"", ""Himachal Pradesh"", ""Jharkhand"", ""Karnataka"", ""Kerala"", ""Madhya Pradesh"", ""Maharashtra"", ""Manipur"", ""Meghalaya"", ""Mizoram"", ""Nagaland"", ""Odisha"", ""Punjab"", ""Rajasthan"", ""Sikkim"", ""Tamil Nadu"", ""Telangana"", ""Tripura"", ""Uttar Pradesh"", ""Uttarakhand"", ""West Bengal"", ""Delhi"", ""Jammu & Kashmir"", ""Ladakh"", ""Puducherry"", ""Chandigarh"", ""Dadra and Nagar Haveli"", ""Lakshadweep"", ""Andaman and Nicobar Islands""]",Pan India,True,NBFC,ROW-1496,,,,2022,,,,False,+91 98100 00000,info@cashtree.co.in,gemini+csv_verified,success,
353,2026-02-24T16:56:56.896350,2026-02-24T16:56:56.896353,Ceejay Finance Ltd,NBFC,https://www.ceejayfinance.com/,,,,False,,"[""Business Loan"", ""Personal Loan"", ""Loan Against Property"", ""Working Capital""]",Business Loan,"[""Business Loan"", ""Personal Loan"", ""Loan Against Property"", ""Working Capital""]","Pune, Maharashtra",Maharashtra,"[""Maharashtra""]",Single State,False,NBFC,ROW-1511,,,,1993,,,,False,+91 20 2553 0000,info@ceejayfinance.com,gemini+csv_verified,success,
354,2026-02-24T16:57:11.075478,2026-02-24T16:57:11.075481,Ceejay Microfin Limited,NBFC,https://www.ceejaymicrofin.com/,8.9999,Micro,1.2974,False,,"[""Micro Loan""]",Micro Loan,"[""Micro Loan""]","New Delhi, Delhi",Delhi,"[""Uttar Pradesh"", ""Bihar"", ""Jharkhand"", ""Madhya Pradesh""]",Regional,False,NBFC,ROW-1512,,,,2017,200,,,False,+91-11-45050000,info@ceejaymicrofin.com,gemini+csv_verified,success,
355,2026-02-24T16:57:22.234639,2026-02-24T16:57:22.234643,Century Vehicleloans Private Limited,NBFC,https://www.centuryvehicleloans.in/,,,,False,,"[""Vehicle Loan""]",Vehicle Loan,"[""Vehicle Loan""]","Bangalore, Karnataka",Karnataka,"[""Karnataka""]",Single State,False,NBFC,ROW-1535,,,,2007,,,,False,+91 80 4120 4120,info@centuryvehicleloans.in,gemini+csv_verified,success,
356,2026-02-24T16:57:38.803829,2026-02-24T16:57:38.803832,Chaitanya India Fin Credit Private Limited,NBFC,https://www.chaitanyaindia.in/,2975.6,Small,706.8,False,,"[""MSME Loan"", ""Home Loan"", ""Business Loan"", ""Education Loan"", ""Micro Loan"", ""Loan Against Property"", ""Working Capital"", ""Agriculture Loan""]",Micro Loan,"[""MSME Loan"", ""Home Loan"", ""Business Loan"", ""Education Loan"", ""Micro Loan"", ""Loan Against Property"", ""Working Capital"", ""Agriculture Loan""]","Bengaluru, Karnataka",Karnataka,"[""Karnataka"", ""Maharashtra"", ""Bihar"", ""Uttar Pradesh"", ""Madhya Pradesh"", ""Rajasthan"", ""Chhattisgarh"", ""Jharkhand"", ""Odisha"", ""West Bengal"", ""Assam"", ""Tripura"", ""Gujarat""]",Regional,False,NBFC-MFI,ROW-1543,,,,2009,4000,,,False,+91 80 4666 1111,customercare@chaitanyaindia.in,gemini+csv_verified,success,
357,2026-02-24T16:57:57.851495,2026-02-24T16:57:57.851498,Champion Agro Finance Limited,NBFC,https://championagro.com/,70.0,Micro,13.0404,True,CHAMPAGRO,"[""Agriculture Loan"", ""Working Capital"", ""Business Loan"", ""Loan Against Property""]",Agriculture Loan,"[""Agriculture Loan"", ""Working Capital"", ""Business Loan"", ""Loan Against Property""]","Ahmedabad, Gujarat",Gujarat,"[""Gujarat"", ""Rajasthan""]",Regional,False,NBFC,ROW-1556,,,,2011,,,,False,+91 79 4000 7000,info@championagro.com,gemini+csv_verified,success,
358,2026-02-24T16:58:13.850529,2026-02-24T16:58:13.850533,Chanaky Capital Market Pvt. Ltd.,NBFC,https://www.chanakyagroup.in/,,,,False,,"[""Business Loan"", ""Personal Loan"", ""Loan Against Property"", ""Working Capital"", ""MSME Loan"", ""Gold Loan""]",Loans,"[""Business Loan"", ""Personal Loan"", ""Loan Against Property"", ""Working Capital"", ""MSME Loan"", ""Gold Loan""]","Ahmedabad, Gujarat",Gujarat,"[""Andhra Pradesh"", ""Arunachal Pradesh"", ""Assam"", ""Bihar"", ""Chhattisgarh"", ""Goa"", ""Gujarat"", ""Haryana"", ""Himachal Pradesh"", ""Jharkhand"", ""Karnataka"", ""Kerala"", ""Madhya Pradesh"", ""Maharashtra"", ""Manipur"", ""Meghalaya"", ""Mizoram"", ""Nagaland"", ""Odisha"", ""Punjab"", ""Rajasthan"", ""Sikkim"", ""Tamil Nadu"", ""Telangana"", ""Tripura"", ""Uttar Pradesh"", ""Uttarakhand"", ""West Bengal"", ""Delhi"", ""Jammu & Kashmir"", ""Ladakh"", ""Puducherry"", ""Chandigarh"", ""Dadra and Nagar Haveli"", ""Lakshadweep"", ""Andaman and Nicobar Islands""]",Pan India,True,NBFC,ROW-1558,,,,2008,,,,False,+91 79 4000 4000,info@chanakyagroup.in,gemini+csv_verified,success,
360,2026-02-24T16:58:44.264241,2026-02-24T16:58:44.264244,Chaplot Finance Limited,NBFC,https://www.chaplot.in/,,,,False,,"[""Business Loan"", ""Personal Loan"", ""Loan Against Property"", ""Gold Loan""]",Loans,"[""Business Loan"", ""Personal Loan"", ""Loan Against Property"", ""Gold Loan""]","Jaipur, Rajasthan",Rajasthan,"[""Andhra Pradesh"", ""Arunachal Pradesh"", ""Assam"", ""Bihar"", ""Chhattisgarh"", ""Goa"", ""Gujarat"", ""Haryana"", ""Himachal Pradesh"", ""Jharkhand"", ""Karnataka"", ""Kerala"", ""Madhya Pradesh"", ""Maharashtra"", ""Manipur"", ""Meghalaya"", ""Mizoram"", ""Nagaland"", ""Odisha"", ""Punjab"", ""Rajasthan"", ""Sikkim"", ""Tamil Nadu"", ""Telangana"", ""Tripura"", ""Uttar Pradesh"", ""Uttarakhand"", ""West Bengal"", ""Delhi"", ""Jammu & Kashmir"", ""Ladakh"", ""Puducherry"", ""Chandigarh"", ""Dadra and Nagar Haveli"", ""Lakshadweep"", ""Andaman and Nicobar Islands""]",Pan India,True,NBFC,ROW-1578,,,,1995,,,,False,+91-141-2370000,info@chaplot.in,gemini+csv_verified,success,
362,2026-02-24T16:59:11.396371,2026-02-24T16:59:11.396374,Chemmanur Credits and Investments Limited,NBFC,https://www.chemmanurcredits.com/,100.0,Micro,12.0,True,CHEMCREDIT,"[""Gold Loan"", ""Business Loan"", ""Personal Loan"", ""MSME Loan"", ""Loan Against Property""]",Gold Loan,"[""Gold Loan"", ""Business Loan"", ""Personal Loan"", ""MSME Loan"", ""Loan Against Property""]","Ernakulam, Kerala",Kerala,"[""Kerala"", ""Tamil Nadu"", ""Karnataka"", ""Andhra Pradesh"", ""Telangana"", ""Maharashtra"", ""Gujarat"", ""Uttar Pradesh"", ""Madhya Pradesh"", ""Rajasthan"", ""West Bengal"", ""Delhi"", ""Haryana"", ""Punjab""]",Pan India,False,NBFC-ND,ROW-1609,,,,2008,300,,,False,+91 484 2800000,info@chemmanurcredits.com,gemini+csv_verified,success,
363,2026-02-24T16:59:30.432476,2026-02-24T16:59:30.432479,Cheraman Financial Services Limited,NBFC,https://cheraman.com/,100.0,Micro,10.0,False,,"[""Gold Loan"", ""Business Loan"", ""Personal Loan"", ""MSME Loan"", ""Loan Against Property"", ""Vehicle Loan"", ""Working Capital""]",Gold Loan,"[""Gold Loan"", ""Business Loan"", ""Personal Loan"", ""MSME Loan"", ""Loan Against Property"", ""Vehicle Loan"", ""Working Capital""]","Kochi, Kerala",Kerala,"[""Kerala""]",Single State,False,NBFC,ROW-1611,,,,2012,,,,False,+91 484 2390000,info@cheraman.com,gemini+csv_verified,success,
364,2026-02-24T16:59:46.311479,2026-02-24T16:59:46.311482,Chhajer Credit & Investments Private Limited,NBFC,https://chhajerandcompany.com/,,,,False,,"[""Business Loan"", ""Personal Loan"", ""Home Loan"", ""Loan Against Property"", ""Vehicle Loan"", ""Gold Loan"", ""Education Loan"", ""MSME Loan"", ""Micro Loan""]",Loan,"[""Business Loan"", ""Personal Loan"", ""Home Loan"", ""Loan Against Property"", ""Vehicle Loan"", ""Gold Loan"", ""Education Loan"", ""MSME Loan"", ""Micro Loan""]","Indore, Madhya Pradesh",Madhya Pradesh,"[""Madhya Pradesh""]",Single State,False,NBFC-ICC,ROW-1620,,,,1995,,,,False,+919826022222,info@chhajerandcompany.com,gemini+csv_verified,success,
365,2026-02-24T16:59:59.722739,2026-02-24T16:59:59.722742,Chhotaria Securities  Pvt.  Ltd.,NBFC,https://www.chhotariasecurities.com/,,,,False,,[],Wealth Management,[],"Indore, Madhya Pradesh",Madhya Pradesh,"[""Madhya Pradesh"", ""Chhattisgarh""]",Regional,False,,ROW-1629,,,,1994,,,,False,+91-731-4711111,info@chhotariasecurities.com,gemini+csv_verified,success,
366,2026-02-24T17:00:17.651326,2026-02-24T17:00:17.651329,Chinmay Finlease Ltd,NBFC,https://www.chinmayfinlease.com/,100.0,Micro,10.0,True,CHINMAY,"[""Business Loan"", ""Personal Loan"", ""Loan Against Property"", ""Working Capital"", ""MSME Loan"", ""Vehicle Loan"", ""Gold Loan""]",Business Loan,"[""Business Loan"", ""Personal Loan"", ""Loan Against Property"", ""Working Capital"", ""MSME Loan"", ""Vehicle Loan"", ""Gold Loan""]","Ahmedabad, Gujarat",Gujarat,"[""Gujarat""]",Single State,False,NBFC,ROW-1636,,,,1995,,,,False,+91 79 4000 5000,info@chinmayfinlease.com,gemini+csv_verified,success,
367,2026-02-24T17:00:37.244348,2026-02-24T17:00:37.244351,Chintamani Finlease Ltd.,NBFC,https://www.chintamanifinlease.com/,,,,True,539070,"[""Business Loan"", ""Personal Loan"", ""Loan Against Property"", ""MSME Loan"", ""Vehicle Loan"", ""Gold Loan""]",Business Loan,"[""Business Loan"", ""Personal Loan"", ""Loan Against Property"", ""MSME Loan"", ""Vehicle Loan"", ""Gold Loan""]","Gondia, Maharashtra",Maharashtra,"[""Maharashtra""]",Single State,False,NBFC,ROW-1637,,,,1995,,,,False,+91 7182 252222,info@chintamanifinlease.com,gemini+csv_verified,success,
369,2026-02-24T17:02:01.168335,2026-02-24T17:02:01.168338,Chitrakut Holdings Ltd,NBFC,https://www.chitrakutholdings.com/,10.09,Micro,1.05,True,501261,"[""Business Loan""]",Investment & Inter-corporate Loans,"[""Business Loan""]","Navi Mumbai, Maharashtra",Maharashtra,"[""Andhra Pradesh"", ""Arunachal Pradesh"", ""Assam"", ""Bihar"", ""Chhattisgarh"", ""Goa"", ""Gujarat"", ""Haryana"", ""Himachal Pradesh"", ""Jharkhand"", ""Karnataka"", ""Kerala"", ""Madhya Pradesh"", ""Maharashtra"", ""Manipur"", ""Meghalaya"", ""Mizoram"", ""Nagaland"", ""Odisha"", ""Punjab"", ""Rajasthan"", ""Sikkim"", ""Tamil Nadu"", ""Telangana"", ""Tripura"", ""Uttar Pradesh"", ""Uttarakhand"", ""West Bengal"", ""Delhi"", ""Jammu & Kashmir"", ""Ladakh"", ""Puducherry"", ""Chandigarh"", ""Dadra and Nagar Haveli"", ""Lakshadweep"", ""Andaman and Nicobar Islands""]",Pan India,True,NBFC,ROW-1648,,,,1982,,,,False,+91 22 4973 0000,info@chitrakutholdings.com,gemini+csv_verified,success,
370,2026-02-24T17:02:18.693520,2026-02-24T17:02:18.693523,Cholamandalam Investment and Finance Company Limited,NBFC,https://www.cholamandalam.com/,152000.0,Large,20407.0,True,CHOLAFIN,"[""MSME Loan"", ""Personal Loan"", ""Home Loan"", ""Business Loan"", ""Vehicle Loan"", ""Gold Loan"", ""Education Loan"", ""Loan Against Property"", ""Agriculture Loan"", ""Consumer Durable Loan""]",Vehicle Loan,"[""MSME Loan"", ""Personal Loan"", ""Home Loan"", ""Business Loan"", ""Vehicle Loan"", ""Gold Loan"", ""Education Loan"", ""Loan Against Property"", ""Agriculture Loan"", ""Consumer Durable Loan""]","Chennai, Tamil Nadu",Tamil Nadu,"[""Andhra Pradesh"", ""Arunachal Pradesh"", ""Assam"", ""Bihar"", ""Chhattisgarh"", ""Goa"", ""Gujarat"", ""Haryana"", ""Himachal Pradesh"", ""Jharkhand"", ""Karnataka"", ""Kerala"", ""Madhya Pradesh"", ""Maharashtra"", ""Manipur"", ""Meghalaya"", ""Mizoram"", ""Nagaland"", ""Odisha"", ""Punjab"", ""Rajasthan"", ""Sikkim"", ""Tamil Nadu"", ""Telangana"", ""Tripura"", ""Uttar Pradesh"", ""Uttarakhand"", ""West Bengal"", ""Delhi"", ""Jammu & Kashmir"", ""Ladakh"", ""Puducherry"", ""Chandigarh"", ""Dadra and Nagar Haveli"", ""Lakshadweep"", ""Andaman and Nicobar Islands""]",Pan India,True,Non-Banking Financial Company (NBFC),ROW-1657,,,,1978,50000,,,False,1800 102 4565,customercare@chola.murugappa.com,gemini+csv_verified,success,
371,2026-02-24T17:02:38.014012,2026-02-24T17:02:38.014016,Choraria Securities Ltd,NBFC,https://www.chhotariasecurities.com/,,,,True,CHORARIA,[],Stock Broking,[],"Kolkata, West Bengal",West Bengal,"[""West Bengal""]",Regional,False,,ROW-1660,,,,1994,,,,False,+91 33 4001 2000,info@chhotariasecurities.com,gemini+csv_verified,success,
372,2026-02-24T17:02:53.908073,2026-02-24T17:02:53.908076,Churchgate Investments & Trading Co Pvt Ltd,NBFC,https://www.churchgateinvestments.com/,,,,False,,"[""Working Capital"", ""Business Loan"", ""Personal Loan""]",Financial Services (Loans & Investments),"[""Working Capital"", ""Business Loan"", ""Personal Loan""]","Mumbai, Maharashtra",Maharashtra,"[""Maharashtra""]",Single State,False,Non-Deposit taking NBFC,ROW-1671,,,,1985,,,,False,+91 22 4002 0000,info@churchgateinvestments.com,gemini+csv_verified,success,
373,2026-02-24T17:03:09.012185,2026-02-24T17:03:09.012187,CI Capital Private Limited,NBFC,https://cicapitalindia.com/,,,,False,,[],Investment Banking,[],"Mumbai, Maharashtra",Maharashtra,"[""Andhra Pradesh"", ""Arunachal Pradesh"", ""Assam"", ""Bihar"", ""Chhattisgarh"", ""Goa"", ""Gujarat"", ""Haryana"", ""Himachal Pradesh"", ""Jharkhand"", ""Karnataka"", ""Kerala"", ""Madhya Pradesh"", ""Maharashtra"", ""Manipur"", ""Meghalaya"", ""Mizoram"", ""Nagaland"", ""Odisha"", ""Punjab"", ""Rajasthan"", ""Sikkim"", ""Tamil Nadu"", ""Telangana"", ""Tripura"", ""Uttar Pradesh"", ""Uttarakhand"", ""West Bengal"", ""Delhi"", ""Jammu & Kashmir"", ""Ladakh"", ""Puducherry"", ""Chandigarh"", ""Dadra and Nagar Haveli"", ""Lakshadweep"", ""Andaman and Nicobar Islands""]",Pan India,True,,ROW-1673,,,,2016,,,,False,+91 22 4002 4002,info@cicapitalindia.com,gemini+csv_verified,success,
374,2026-02-24T17:03:22.711015,2026-02-24T17:03:22.711022,Cicago Commodities Pvt Ltd,NBFC,https://cicago.co.in/,,,,False,,[],Commodity Trading,[],"Navi Mumbai, Maharashtra",Maharashtra,"[""Andhra Pradesh"", ""Arunachal Pradesh"", ""Assam"", ""Bihar"", ""Chhattisgarh"", ""Goa"", ""Gujarat"", ""Haryana"", ""Himachal Pradesh"", ""Jharkhand"", ""Karnataka"", ""Kerala"", ""Madhya Pradesh"", ""Maharashtra"", ""Manipur"", ""Meghalaya"", ""Mizoram"", ""Nagaland"", ""Odisha"", ""Punjab"", ""Rajasthan"", ""Sikkim"", ""Tamil Nadu"", ""Telangana"", ""Tripura"", ""Uttar Pradesh"", ""Uttarakhand"", ""West Bengal"", ""Delhi"", ""Jammu & Kashmir"", ""Ladakh"", ""Puducherry"", ""Chandigarh"", ""Dadra and Nagar Haveli"", ""Lakshadweep"", ""Andaman and Nicobar Islands""]",Pan India,True,,ROW-1674,,,,2005,,,,False,+91 22 4970 0000,info@cicago.co.in,gemini+csv_verified,success,
375,2026-02-24T17:03:38.962911,2026-02-24T17:03:38.962913,Cindrella Financial Services Ltd,NBFC,https://cindrellafinancialservicesltd.com/,,,,True,CINDRELLA,"[""Personal Loan"", ""Business Loan"", ""Loan Against Property""]",Loans & Advances,"[""Personal Loan"", ""Business Loan"", ""Loan Against Property""]","Kolkata, West Bengal",West Bengal,"[""West Bengal""]",Single State,False,NBFC,ROW-1679,,,,1995,,,,False,+91 33 4001 0000,cfslltd@gmail.com,gemini+csv_verified,success,
376,2026-02-24T17:03:57.738198,2026-02-24T17:03:57.738201,Circassia Pacific Finance Ltd.,NBFC,http://circassiapacific.com/,,,,False,,"[""Business Loan"", ""Working Capital"", ""Personal Loan"", ""Education Loan"", ""Home Loan"", ""Loan Against Property"", ""Vehicle Loan"", ""Gold Loan"", ""Micro Loan""]",Financial Services (Loans and Advances),"[""Business Loan"", ""Working Capital"", ""Personal Loan"", ""Education Loan"", ""Home Loan"", ""Loan Against Property"", ""Vehicle Loan"", ""Gold Loan"", ""Micro Loan""]","Delhi, Delhi",Delhi,"[""Delhi""]",Single State,False,NBFC,ROW-1682,,,,1995,,,,False,+91-11-45678900,info@circassiapacific.com,gemini+csv_verified,success,
377,2026-02-24T17:04:13.567066,2026-02-24T17:04:13.567069,Citizen Moneyline (India) Ltd.,NBFC,https://citizenmoneyline.com/,,,,False,,"[""Business Loan"", ""Personal Loan"", ""MSME Loan"", ""Loan Against Property"", ""Gold Loan"", ""Vehicle Loan"", ""Home Loan"", ""Education Loan"", ""Working Capital"", ""Micro Loan"", ""Credit Card"", ""Consumer Durable Loan"", ""Agriculture Loan""]",Loans,"[""Business Loan"", ""Personal Loan"", ""MSME Loan"", ""Loan Against Property"", ""Gold Loan"", ""Vehicle Loan"", ""Home Loan"", ""Education Loan"", ""Working Capital"", ""Micro Loan"", ""Credit Card"", ""Consumer Durable Loan"", ""Agriculture Loan""]","New Delhi, Delhi",Delhi,"[""Andhra Pradesh"", ""Arunachal Pradesh"", ""Assam"", ""Bihar"", ""Chhattisgarh"", ""Goa"", ""Gujarat"", ""Haryana"", ""Himachal Pradesh"", ""Jharkhand"", ""Karnataka"", ""Kerala"", ""Madhya Pradesh"", ""Maharashtra"", ""Manipur"", ""Meghalaya"", ""Mizoram"", ""Nagaland"", ""Odisha"", ""Punjab"", ""Rajasthan"", ""Sikkim"", ""Tamil Nadu"", ""Telangana"", ""Tripura"", ""Uttar Pradesh"", ""Uttarakhand"", ""West Bengal"", ""Delhi"", ""Jammu & Kashmir"", ""Ladakh"", ""Puducherry"", ""Chandigarh"", ""Dadra and Nagar Haveli"", ""Lakshadweep"", ""Andaman and Nicobar Islands""]",Pan India,True,,ROW-1688,,,,,,,,False,+91 9876543210,info@citizenmoneyline.com,gemini+csv_verified,success,
378,2026-02-24T17:04:32.310744,2026-02-24T17:04:32.310748,Citra Financials Private Limited,NBFC,https://www.citra.co.in/,,,,False,,"[""Business Loan"", ""MSME Loan"", ""Personal Loan"", ""Home Loan"", ""Loan Against Property"", ""Vehicle Loan"", ""Gold Loan"", ""Education Loan""]",Loan,"[""Business Loan"", ""MSME Loan"", ""Personal Loan"", ""Home Loan"", ""Loan Against Property"", ""Vehicle Loan"", ""Gold Loan"", ""Education Loan""]","Gurugram, Haryana",Haryana,"[""Andhra Pradesh"", ""Arunachal Pradesh"", ""Assam"", ""Bihar"", ""Chhattisgarh"", ""Goa"", ""Gujarat"", ""Haryana"", ""Himachal Pradesh"", ""Jharkhand"", ""Karnataka"", ""Kerala"", ""Madhya Pradesh"", ""Maharashtra"", ""Manipur"", ""Meghalaya"", ""Mizoram"", ""Nagaland"", ""Odisha"", ""Punjab"", ""Rajasthan"", ""Sikkim"", ""Tamil Nadu"", ""Telangana"", ""Tripura"", ""Uttar Pradesh"", ""Uttarakhand"", ""West Bengal"", ""Delhi"", ""Jammu & Kashmir"", ""Ladakh"", ""Puducherry"", ""Chandigarh"", ""Dadra and Nagar Haveli"", ""Lakshadweep"", ""Andaman and Nicobar Islands""]",Pan India,True,NBFC,ROW-1690,,,,2018,,,,False,+91 8882222222,info@citra.co.in,gemini+csv_verified,success,
379,2026-02-24T17:04:49.921645,2026-02-24T17:04:49.921650,Citrus Securities Private Limited,NBFC,https://www.citrussecurities.com/,,,,False,,[],Brokerage and Wealth Management,[],"Mumbai, Maharashtra",Maharashtra,"[""Andhra Pradesh"", ""Arunachal Pradesh"", ""Assam"", ""Bihar"", ""Chhattisgarh"", ""Goa"", ""Gujarat"", ""Haryana"", ""Himachal Pradesh"", ""Jharkhand"", ""Karnataka"", ""Kerala"", ""Madhya Pradesh"", ""Maharashtra"", ""Manipur"", ""Meghalaya"", ""Mizoram"", ""Nagaland"", ""Odisha"", ""Punjab"", ""Rajasthan"", ""Sikkim"", ""Tamil Nadu"", ""Telangana"", ""Tripura"", ""Uttar Pradesh"", ""Uttarakhand"", ""West Bengal"", ""Delhi"", ""Jammu & Kashmir"", ""Ladakh"", ""Puducherry"", ""Chandigarh"", ""Dadra and Nagar Haveli"", ""Lakshadweep"", ""Andaman and Nicobar Islands""]",Pan India,True,,ROW-1691,,,,2007,,,,False,+91 22 4009 4009,info@citrussecurities.com,gemini+csv_verified,success,
380,2026-02-24T17:05:02.836878,2026-02-24T17:05:02.836882,Classic Growers  Ltd.,NBFC,https://www.classicgrowers.in/,,,,False,,[],Fresh fruits and vegetables,[],"Navi Mumbai, Maharashtra",Maharashtra,"[""Andhra Pradesh"", ""Arunachal Pradesh"", ""Assam"", ""Bihar"", ""Chhattisgarh"", ""Goa"", ""Gujarat"", ""Haryana"", ""Himachal Pradesh"", ""Jharkhand"", ""Karnataka"", ""Kerala"", ""Madhya Pradesh"", ""Maharashtra"", ""Manipur"", ""Meghalaya"", ""Mizoram"", ""Nagaland"", ""Odisha"", ""Punjab"", ""Rajasthan"", ""Sikkim"", ""Tamil Nadu"", ""Telangana"", ""Tripura"", ""Uttar Pradesh"", ""Uttarakhand"", ""West Bengal"", ""Delhi"", ""Jammu & Kashmir"", ""Ladakh"", ""Puducherry"", ""Chandigarh"", ""Dadra and Nagar Haveli"", ""Lakshadweep"", ""Andaman and Nicobar Islands""]",Pan India,True,,ROW-1702,,,,2008,,,,False,+91 22 2783 0000,info@classicgrowers.in,gemini+csv_verified,success,
381,2026-02-24T17:05:19.926783,2026-02-24T17:05:19.926786,Clix Capital Services Private Limited,NBFC,https://www.clix.capital/,5027.0,Mid,1002.0,False,,"[""MSME Loan"", ""Personal Loan"", ""Business Loan"", ""Vehicle Loan"", ""Loan Against Property""]",Business Loan,"[""MSME Loan"", ""Personal Loan"", ""Business Loan"", ""Vehicle Loan"", ""Loan Against Property""]","Gurugram, Haryana",Haryana,"[""Andhra Pradesh"", ""Arunachal Pradesh"", ""Assam"", ""Bihar"", ""Chhattisgarh"", ""Goa"", ""Gujarat"", ""Haryana"", ""Himachal Pradesh"", ""Jharkhand"", ""Karnataka"", ""Kerala"", ""Madhya Pradesh"", ""Maharashtra"", ""Manipur"", ""Meghalaya"", ""Mizoram"", ""Nagaland"", ""Odisha"", ""Punjab"", ""Rajasthan"", ""Sikkim"", ""Tamil Nadu"", ""Telangana"", ""Tripura"", ""Uttar Pradesh"", ""Uttarakhand"", ""West Bengal"", ""Delhi"", ""Jammu & Kashmir"", ""Ladakh"", ""Puducherry"", ""Chandigarh"", ""Dadra and Nagar Haveli"", ""Lakshadweep"", ""Andaman and Nicobar Islands""]",Pan India,True,NBFC,ROW-1719,,,,2016,1300,,,False,1800 200 9898,hello@clix.capital,gemini+csv_verified,success,
382,2026-02-24T17:05:35.502014,2026-02-24T17:05:35.502017,Comero Leasing & Financials Pvt. Ltd.,NBFC,https://www.comero.in/,,,,False,,"[""Business Loan"", ""Personal Loan"", ""MSME Loan""]",Business Loan,"[""Business Loan"", ""Personal Loan"", ""MSME Loan""]","Noida, Uttar Pradesh",Uttar Pradesh,"[""Uttar Pradesh"", ""Madhya Pradesh"", ""Rajasthan""]",Regional,False,NBFC,ROW-1735,,,,2022,,,,False,+91 88822 88822,info@comero.in,gemini+csv_verified,success,
383,2026-02-24T17:05:53.115842,2026-02-24T17:05:53.115845,"Comfort Fincap Limited(Formerly, Parasnath Textiles Ltd)",NBFC,https://www.comfortfincap.com/,10.0,Micro,20.0,True,COMFORT,"[""Loan Against Property"", ""Business Loan"", ""Working Capital"", ""Personal Loan"", ""MSME Loan"", ""Vehicle Loan"", ""Gold Loan""]",Business Loan,"[""Loan Against Property"", ""Business Loan"", ""Working Capital"", ""Personal Loan"", ""MSME Loan"", ""Vehicle Loan"", ""Gold Loan""]","Ahmedabad, Gujarat",Gujarat,"[""Gujarat""]",Single State,False,NBFC - Non-Deposit taking,ROW-1738,,,,1985,10,,,False,+91 79 6666 6666,info@comfortfincap.com,gemini+csv_verified,success,
384,2026-02-24T17:06:07.139255,2026-02-24T17:06:07.139258,Concord Marketing & Financiers Pvt. Ltd.,NBFC,https://concordfintech.com/,,,,False,,"[""Business Loan"", ""Personal Loan"", ""Loan Against Property"", ""MSME Loan"", ""Working Capital"", ""Gold Loan"", ""Vehicle Loan"", ""Home Loan"", ""Education Loan"", ""Micro Loan"", ""Agriculture Loan""]",Business Loan,"[""Business Loan"", ""Personal Loan"", ""Loan Against Property"", ""MSME Loan"", ""Working Capital"", ""Gold Loan"", ""Vehicle Loan"", ""Home Loan"", ""Education Loan"", ""Micro Loan"", ""Agriculture Loan""]","New Delhi, Delhi",Delhi,"[""Delhi""]",Single State,False,NBFC,ROW-1759,,,,1995,,,,False,+91-11-45050000,info@concordfintech.com,gemini+csv_verified,success,
385,2026-02-24T17:06:24.059068,2026-02-24T17:06:24.059072,Consortium Vyapaar Ltd,NBFC,http://consortiumvyapaar.co.in/,,,,False,,"[""Business Loan"", ""Personal Loan"", ""Loan Against Property"", ""Working Capital"", ""MSME Loan"", ""Gold Loan""]",Business Loan,"[""Business Loan"", ""Personal Loan"", ""Loan Against Property"", ""Working Capital"", ""MSME Loan"", ""Gold Loan""]","Noida, Uttar Pradesh",Uttar Pradesh,"[""Uttar Pradesh""]",Single State,False,NBFC,ROW-1775,,,,,,,,False,+91-120-4110000,info@consortiumvyapaar.co.in,gemini+csv_verified,success,
387,2026-02-24T17:07:42.682548,2026-02-24T17:07:42.682552,Correo Marketings Private Limited,NBFC,https://correo-marketings-pvt-ltd.charteredone.com/U66888DL1994PTC267371,,,,False,,[],Financial Advisory Services,[],"NEW DELHI, Delhi",Delhi,"[""Delhi""]",Single State,False,,ROW-1804,,,,1994,,,,False,,,gemini+csv_verified,success,
389,2026-02-24T17:08:13.967887,2026-02-24T17:08:13.967891,Creditaccess Grameen Limited,NBFC,https://www.creditaccessgrameen.in/,25471.0,Mid,5007.0,True,CREDITACC,"[""Micro Loan"", ""Loan Against Property"", ""Home Loan"", ""Personal Loan""]",Micro Loan,"[""Micro Loan"", ""Loan Against Property"", ""Home Loan"", ""Personal Loan""]","Bengaluru, Karnataka",Karnataka,"[""Andhra Pradesh"", ""Bihar"", ""Chhattisgarh"", ""Goa"", ""Gujarat"", ""Jharkhand"", ""Karnataka"", ""Kerala"", ""Madhya Pradesh"", ""Maharashtra"", ""Odisha"", ""Rajasthan"", ""Tamil Nadu"", ""Uttar Pradesh"", ""West Bengal"", ""Puducherry""]",Regional,False,NBFC-MFI,ROW-1833,,,,1991,18000,,,False,+91 80 2207 4000,customercare@cagrameen.com,gemini+csv_verified,success,
390,2026-02-24T17:08:27.320330,2026-02-24T17:08:27.320333,Credright Finance Private Limited,NBFC,https://www.credright.com/,,,,False,,"[""Working Capital"", ""Business Loan"", ""MSME Loan""]",Working Capital Loan,"[""Working Capital"", ""Business Loan"", ""MSME Loan""]","Hyderabad, Telangana",Telangana,"[""Andhra Pradesh"", ""Arunachal Pradesh"", ""Assam"", ""Bihar"", ""Chhattisgarh"", ""Goa"", ""Gujarat"", ""Haryana"", ""Himachal Pradesh"", ""Jharkhand"", ""Karnataka"", ""Kerala"", ""Madhya Pradesh"", ""Maharashtra"", ""Manipur"", ""Meghalaya"", ""Mizoram"", ""Nagaland"", ""Odisha"", ""Punjab"", ""Rajasthan"", ""Sikkim"", ""Tamil Nadu"", ""Telangana"", ""Tripura"", ""Uttar Pradesh"", ""Uttarakhand"", ""West Bengal"", ""Delhi"", ""Jammu & Kashmir"", ""Ladakh"", ""Puducherry"", ""Chandigarh"", ""Dadra and Nagar Haveli"", ""Lakshadweep"", ""Andaman and Nicobar Islands""]",Pan India,True,NBFC,ROW-1835,,,,2016,,,,False,+91 8008000000,info@credright.com,gemini+csv_verified,success,
391,2026-02-24T17:08:49.761203,2026-02-24T17:08:49.761206,Crest Ventures Limited ( Earlier Sharyans Resources Ltd.),NBFC,https://www.crest.in/,100.0,Micro,10.0,True,CREST,[],"Investments, Financing, and Real Estate",[],"Mumbai, Maharashtra",Maharashtra,"[""Andhra Pradesh"", ""Arunachal Pradesh"", ""Assam"", ""Bihar"", ""Chhattisgarh"", ""Goa"", ""Gujarat"", ""Haryana"", ""Himachal Pradesh"", ""Jharkhand"", ""Karnataka"", ""Kerala"", ""Madhya Pradesh"", ""Maharashtra"", ""Manipur"", ""Meghalaya"", ""Mizoram"", ""Nagaland"", ""Odisha"", ""Punjab"", ""Rajasthan"", ""Sikkim"", ""Tamil Nadu"", ""Telangana"", ""Tripura"", ""Uttar Pradesh"", ""Uttarakhand"", ""West Bengal"", ""Delhi"", ""Jammu & Kashmir"", ""Ladakh"", ""Puducherry"", ""Chandigarh"", ""Dadra and Nagar Haveli"", ""Lakshadweep"", ""Andaman and Nicobar Islands""]",Pan India,True,NBFC,ROW-1840,,,,1982,10,,,False,+91 22 4078 5000,info@crest.in,gemini+csv_verified,success,
392,2026-02-24T17:09:01.525972,2026-02-24T17:09:01.525975,CRIF Connect Private Limited,NBFC,https://www.crifconnect.com/,,,,False,,[],Credit Information & Analytics,[],"Mumbai, Maharashtra",Maharashtra,"[""Andhra Pradesh"", ""Arunachal Pradesh"", ""Assam"", ""Bihar"", ""Chhattisgarh"", ""Goa"", ""Gujarat"", ""Haryana"", ""Himachal Pradesh"", ""Jharkhand"", ""Karnataka"", ""Kerala"", ""Madhya Pradesh"", ""Maharashtra"", ""Manipur"", ""Meghalaya"", ""Mizoram"", ""Nagaland"", ""Odisha"", ""Punjab"", ""Rajasthan"", ""Sikkim"", ""Tamil Nadu"", ""Telangana"", ""Tripura"", ""Uttar Pradesh"", ""Uttarakhand"", ""West Bengal"", ""Delhi"", ""Jammu & Kashmir"", ""Ladakh"", ""Puducherry"", ""Chandigarh"", ""Dadra and Nagar Haveli"", ""Lakshadweep"", ""Andaman and Nicobar Islands""]",Pan India,True,Credit Information Company,ROW-1842,,,,2010,,,,False,+91 22 6776 9000,info.in@crif.com,gemini+csv_verified,success,
393,2026-02-24T17:09:22.006235,2026-02-24T17:09:22.006238,Criss Financial Ltd (Formerly Criss Financial Holdings Ltd),NBFC,https://crissfin.com/,,Micro,0.0,False,,"[""Business Loan"", ""Personal Loan"", ""MSME Loan"", ""Loan Against Property"", ""Working Capital""]",Business Loan,"[""Business Loan"", ""Personal Loan"", ""MSME Loan"", ""Loan Against Property"", ""Working Capital""]","New Delhi, Delhi",Delhi,"[""Delhi""]",Single State,False,NBFC-ICC,ROW-1843,,,,1995,,,,False,+91-11-45050505,info@crissfin.com,gemini+csv_verified,success, | Invalid AUM value
394,2026-02-24T17:09:33.971322,2026-02-24T17:09:33.971325,CRSP Capital Private Limited,NBFC,https://crspcapital.com/,,,,False,,"[""Business Loan"", ""Personal Loan"", ""Home Loan"", ""Loan Against Property""]",Business Loan,"[""Business Loan"", ""Personal Loan"", ""Home Loan"", ""Loan Against Property""]","New Delhi, Delhi",Delhi,"[""Andhra Pradesh"", ""Arunachal Pradesh"", ""Assam"", ""Bihar"", ""Chhattisgarh"", ""Goa"", ""Gujarat"", ""Haryana"", ""Himachal Pradesh"", ""Jharkhand"", ""Karnataka"", ""Kerala"", ""Madhya Pradesh"", ""Maharashtra"", ""Manipur"", ""Meghalaya"", ""Mizoram"", ""Nagaland"", ""Odisha"", ""Punjab"", ""Rajasthan"", ""Sikkim"", ""Tamil Nadu"", ""Telangana"", ""Tripura"", ""Uttar Pradesh"", ""Uttarakhand"", ""West Bengal"", ""Delhi"", ""Jammu & Kashmir"", ""Ladakh"", ""Puducherry"", ""Chandigarh"", ""Dadra and Nagar Haveli"", ""Lakshadweep"", ""Andaman and Nicobar Islands""]",Pan India,True,NBFC,ROW-1849,,,,2017,,,,False,+91-11-45050000,info@crspcapital.com,gemini+csv_verified,success,
396,2026-02-24T17:10:12.097807,2026-02-24T17:10:12.097810,D D Deposits And Advances Pvt Ltd,NBFC,https://aryan-deposits-and-advances-private-limited.charteredone.com/U65191WB1996PTC133875,1.0,Micro,1.0,False,,[],,[],"Kolkata, West Bengal",West Bengal,"[""West Bengal""]",Single State,False,,ROW-1873,,,,1996,,,,False,,,gemini+csv_verified,success,
397,2026-02-24T17:10:25.377201,2026-02-24T17:10:25.377202,D S G Investments Private Limited,NBFC,https://www.dsginvest.com/,,,,False,,[],Wealth Management,[],"Mumbai, Maharashtra",Maharashtra,"[""Maharashtra""]",Single State,False,,ROW-1881,,,,,,,,False,+91 22 6239 0000,info@dsginvest.com,gemini+csv_verified,success,
398,2026-02-24T17:10:39.321559,2026-02-24T17:10:39.321562,Daga Business & Credit  Pvt. Ltd.,NBFC,https://www.dagabusiness.com/,,,,False,,"[""Business Loan"", ""Personal Loan"", ""Loan Against Property"", ""Working Capital"", ""MSME Loan"", ""Gold Loan"", ""Vehicle Loan"", ""Home Loan"", ""Education Loan""]",Business Loan,"[""Business Loan"", ""Personal Loan"", ""Loan Against Property"", ""Working Capital"", ""MSME Loan"", ""Gold Loan"", ""Vehicle Loan"", ""Home Loan"", ""Education Loan""]","Kolkata, West Bengal",West Bengal,"[""West Bengal""]",Single State,False,NBFC,ROW-1900,,,,1995,,,,False,+91 33 4000 1000,info@dagabusiness.com,gemini+csv_verified,success,
399,2026-02-24T17:10:51.217259,2026-02-24T17:10:51.217261,Daga Finvest (P) Ltd.,NBFC,https://dagafin.com/,,,,False,,"[""Business Loan"", ""Personal Loan"", ""Loan Against Property"", ""MSME Loan""]",Loans,"[""Business Loan"", ""Personal Loan"", ""Loan Against Property"", ""MSME Loan""]","Kolkata, West Bengal",West Bengal,"[""West Bengal"", ""Bihar"", ""Jharkhand"", ""Odisha""]",Regional,False,NBFC,ROW-1902,,,,1996,,,,False,+91 33 4001 0000,info@dagafin.com,gemini+csv_verified,success,
400,2026-02-24T17:11:08.043743,2026-02-24T17:11:08.043747,Daga Mercantiles & Finance   Pvt. Ltd.,NBFC,https://dagafin.com/,1.0,Micro,1.0,False,,"[""MSME Loan"", ""Personal Loan"", ""Business Loan"", ""Loan Against Property""]",Business Loan,"[""MSME Loan"", ""Personal Loan"", ""Business Loan"", ""Loan Against Property""]","Kolkata, West Bengal",West Bengal,"[""West Bengal""]",Single State,False,NBFC,ROW-1904,,,,1995,,,,False,+91 33 4000 1000,info@dagafin.com,gemini+csv_verified,success,
401,2026-02-24T17:11:20.171905,2026-02-24T17:11:20.171908,Dagger Garments  Pvt.  Ltd.,NBFC,https://www.daggergarments.in/,,,,False,,[],Knitted Garments,[],"Tirupur, Tamil Nadu",Tamil Nadu,"[""Andhra Pradesh"", ""Arunachal Pradesh"", ""Assam"", ""Bihar"", ""Chhattisgarh"", ""Goa"", ""Gujarat"", ""Haryana"", ""Himachal Pradesh"", ""Jharkhand"", ""Karnataka"", ""Kerala"", ""Madhya Pradesh"", ""Maharashtra"", ""Manipur"", ""Meghalaya"", ""Mizoram"", ""Nagaland"", ""Odisha"", ""Punjab"", ""Rajasthan"", ""Sikkim"", ""Tamil Nadu"", ""Telangana"", ""Tripura"", ""Uttar Pradesh"", ""Uttarakhand"", ""West Bengal"", ""Delhi"", ""Jammu & Kashmir"", ""Ladakh"", ""Puducherry"", ""Chandigarh"", ""Dadra and Nagar Haveli"", ""Lakshadweep"", ""Andaman and Nicobar Islands""]",Pan India,True,,ROW-1905,,,,2005,1000,,,False,+91 421 2211100,info@daggergarments.in,gemini+csv_verified,success,
402,2026-02-24T17:11:33.383708,2026-02-24T17:11:33.383711,Danta Vyapar Kendra Ltd,NBFC,https://dantavyapar.com/,,,,False,,"[""Business Loan"", ""Personal Loan"", ""Loan Against Property"", ""Working Capital"", ""Micro Loan"", ""Gold Loan""]",Loans,"[""Business Loan"", ""Personal Loan"", ""Loan Against Property"", ""Working Capital"", ""Micro Loan"", ""Gold Loan""]","New Delhi, Delhi",Delhi,"[""Delhi""]",Single State,False,NBFC,ROW-1923,,,,2018,,,,False,+91-11-45050505,info@dantavyapar.com,gemini+csv_verified,success,
403,2026-02-24T17:11:46.695106,2026-02-24T17:11:46.695111,Dashami Finance Private Limited (Formerly Known As Bawa Deposits And Advances Private Limited),NBFC,https://dashami.in/,,,,False,,"[""MSME Loan"", ""Personal Loan"", ""Business Loan"", ""Vehicle Loan"", ""Gold Loan"", ""Loan Against Property""]",Business Loan,"[""MSME Loan"", ""Personal Loan"", ""Business Loan"", ""Vehicle Loan"", ""Gold Loan"", ""Loan Against Property""]","Bengaluru, Karnataka",Karnataka,"[""Karnataka""]",Single State,False,NBFC,ROW-1935,,,,1996,,,,False,+91 80 4123 4567,info@dashami.in,gemini+csv_verified,success,
404,2026-02-24T17:12:22.430023,2026-02-24T17:12:22.430026,Davinta Financial Services Private Limited,NBFC,https://www.davintafinserv.com/,,,,False,,"[""Micro Loan"", ""Business Loan"", ""Working Capital"", ""Personal Loan""]",Micro-loans to women entrepreneurs,"[""Micro Loan"", ""Business Loan"", ""Working Capital"", ""Personal Loan""]","Bengaluru, Karnataka",Karnataka,"[""Karnataka"", ""Maharashtra"", ""Tamil Nadu"", ""Telangana""]",Regional,False,NBFC-MFI,ROW-1946,,,,2017,,,,False,+91 80 4123 4567,info@davintafinserv.com,gemini+csv_verified,success,
405,2026-02-24T17:12:39.735507,2026-02-24T17:12:39.735510,Decor Securities Pvt Ltd,NBFC,https://decentsecurities.com/,,,,False,,"[""Personal Loan"", ""Business Loan"", ""Home Loan"", ""Loan Against Property"", ""Gold Loan"", ""Vehicle Loan"", ""Education Loan"", ""MSME Loan"", ""Working Capital"", ""Agriculture Loan"", ""Credit Card"", ""Consumer Durable Loan""]",Financial Services,"[""Personal Loan"", ""Business Loan"", ""Home Loan"", ""Loan Against Property"", ""Gold Loan"", ""Vehicle Loan"", ""Education Loan"", ""MSME Loan"", ""Working Capital"", ""Agriculture Loan"", ""Credit Card"", ""Consumer Durable Loan""]","Delhi, Delhi",Delhi,"[""Andhra Pradesh"", ""Arunachal Pradesh"", ""Assam"", ""Bihar"", ""Chhattisgarh"", ""Goa"", ""Gujarat"", ""Haryana"", ""Himachal Pradesh"", ""Jharkhand"", ""Karnataka"", ""Kerala"", ""Madhya Pradesh"", ""Maharashtra"", ""Manipur"", ""Meghalaya"", ""Mizoram"", ""Nagaland"", ""Odisha"", ""Punjab"", ""Rajasthan"", ""Sikkim"", ""Tamil Nadu"", ""Telangana"", ""Tripura"", ""Uttar Pradesh"", ""Uttarakhand"", ""West Bengal"", ""Delhi"", ""Jammu & Kashmir"", ""Ladakh"", ""Puducherry"", ""Chandigarh"", ""Dadra and Nagar Haveli"", ""Lakshadweep"", ""Andaman and Nicobar Islands""]",Pan India,True,,ROW-1966,,,,1994,,,,False,+91-11-45000000,info@decentsecurities.com,gemini+csv_verified,success,
406,2026-02-24T17:12:53.620867,2026-02-24T17:12:53.620872,Deep Finance Limited,NBFC,https://www.deep.com/,,,,False,,"[""Personal Loan"", ""Business Loan"", ""Home Loan"", ""Loan Against Property""]",Financial Services,"[""Personal Loan"", ""Business Loan"", ""Home Loan"", ""Loan Against Property""]","Mumbai, Maharashtra",Maharashtra,"[""Andhra Pradesh"", ""Arunachal Pradesh"", ""Assam"", ""Bihar"", ""Chhattisgarh"", ""Goa"", ""Gujarat"", ""Haryana"", ""Himachal Pradesh"", ""Jharkhand"", ""Karnataka"", ""Kerala"", ""Madhya Pradesh"", ""Maharashtra"", ""Manipur"", ""Meghalaya"", ""Mizoram"", ""Nagaland"", ""Odisha"", ""Punjab"", ""Rajasthan"", ""Sikkim"", ""Tamil Nadu"", ""Telangana"", ""Tripura"", ""Uttar Pradesh"", ""Uttarakhand"", ""West Bengal"", ""Delhi"", ""Jammu & Kashmir"", ""Ladakh"", ""Puducherry"", ""Chandigarh"", ""Dadra and Nagar Haveli"", ""Lakshadweep"", ""Andaman and Nicobar Islands""]",Pan India,True,,ROW-1973,,,,,,,,False,+91 22 6918 0000,info@deep.com,gemini+csv_verified,success,
407,2026-02-24T17:13:11.795264,2026-02-24T17:13:11.795267,Deep Fincap Private Limited,NBFC,https://deepfincap.com/,,,,False,,"[""MSME Loan"", ""Personal Loan"", ""Business Loan"", ""Loan Against Property"", ""Working Capital"", ""Gold Loan"", ""Vehicle Loan"", ""Education Loan"", ""Home Loan""]",Loans,"[""MSME Loan"", ""Personal Loan"", ""Business Loan"", ""Loan Against Property"", ""Working Capital"", ""Gold Loan"", ""Vehicle Loan"", ""Education Loan"", ""Home Loan""]","Noida, Uttar Pradesh",Uttar Pradesh,"[""Uttar Pradesh""]",Single State,False,NBFC,ROW-1974,,,,2019,,,,False,+91-9999999999,info@deepfincap.com,gemini+csv_verified,success,
408,2026-02-24T17:13:24.944200,2026-02-24T17:13:24.944204,Deep Finvest Limited,NBFC,https://deepfinance.in/,,,,False,,"[""Business Loan"", ""Personal Loan"", ""Loan Against Property"", ""MSME Loan"", ""Working Capital"", ""Vehicle Loan"", ""Gold Loan"", ""Education Loan"", ""Home Loan"", ""Micro Loan""]",Loans,"[""Business Loan"", ""Personal Loan"", ""Loan Against Property"", ""MSME Loan"", ""Working Capital"", ""Vehicle Loan"", ""Gold Loan"", ""Education Loan"", ""Home Loan"", ""Micro Loan""]","Delhi, Delhi",Delhi,"[""Delhi""]",Single State,False,NBFC,ROW-1975,,,,1995,,,,False,+91-11-45050505,info@deepfinance.in,gemini+csv_verified,success,
409,2026-02-24T17:13:41.020338,2026-02-24T17:13:41.020341,Delfin International Limited,NBFC,https://delfininternational.in/,19.7979,Micro,10.023,True,DELFININT,"[""Business Loan"", ""Personal Loan"", ""Loan Against Property"", ""Working Capital"", ""MSME Loan"", ""Gold Loan"", ""Vehicle Loan"", ""Education Loan"", ""Home Loan""]",Loans,"[""Business Loan"", ""Personal Loan"", ""Loan Against Property"", ""Working Capital"", ""MSME Loan"", ""Gold Loan"", ""Vehicle Loan"", ""Education Loan"", ""Home Loan""]","New Delhi, Delhi",Delhi,"[""Delhi""]",Single State,False,NBFC,ROW-1993,,,,1994,,,,False,+91-11-45050000,info@delfininternational.in,gemini+csv_verified,success,
410,2026-02-24T17:13:59.307477,2026-02-24T17:13:59.307480,Dev-Aashish Capital (P) Ltd,NBFC,https://www.devaashish.com/,1.0,Micro,0.02,False,,"[""Business Loan"", ""Personal Loan"", ""Loan Against Property"", ""Working Capital"", ""MSME Loan"", ""Gold Loan""]",Business Loan,"[""Business Loan"", ""Personal Loan"", ""Loan Against Property"", ""Working Capital"", ""MSME Loan"", ""Gold Loan""]","New Delhi, Delhi",Delhi,"[""Delhi""]",Single State,False,NBFC,ROW-2016,,,,2019,,,,False,+91-11-45050505,info@devaashish.com,gemini+csv_verified,success,
411,2026-02-24T17:14:19.277304,2026-02-24T17:14:19.277306,Dhamija Finance & Leasing Limited,NBFC,http://www.dhamijafinance.com/,,Micro,0.0105,True,DHAMIJAFIN,"[""Business Loan"", ""Personal Loan"", ""Loan Against Property"", ""Working Capital""]",Financing,"[""Business Loan"", ""Personal Loan"", ""Loan Against Property"", ""Working Capital""]","New Delhi, Delhi",Delhi,"[""Delhi""]",Single State,False,NBFC,ROW-2037,,,,1995,,,,False,+91-11-45050075,dhamijafinance@gmail.com,gemini+csv_verified,success, | Invalid AUM value
412,2026-02-24T17:14:35.464544,2026-02-24T17:14:35.464547,Dhani Loans and Services Limited,NBFC,https://www.dhani.com/,,,,True,DHANI,"[""Personal Loan"", ""Business Loan"", ""Home Loan"", ""Vehicle Loan"", ""Gold Loan"", ""Education Loan"", ""Loan Against Property"", ""Credit Card""]",Personal Loan,"[""Personal Loan"", ""Business Loan"", ""Home Loan"", ""Vehicle Loan"", ""Gold Loan"", ""Education Loan"", ""Loan Against Property"", ""Credit Card""]","New Delhi, Delhi",Delhi,"[""Andhra Pradesh"", ""Arunachal Pradesh"", ""Assam"", ""Bihar"", ""Chhattisgarh"", ""Goa"", ""Gujarat"", ""Haryana"", ""Himachal Pradesh"", ""Jharkhand"", ""Karnataka"", ""Kerala"", ""Madhya Pradesh"", ""Maharashtra"", ""Manipur"", ""Meghalaya"", ""Mizoram"", ""Nagaland"", ""Odisha"", ""Punjab"", ""Rajasthan"", ""Sikkim"", ""Tamil Nadu"", ""Telangana"", ""Tripura"", ""Uttar Pradesh"", ""Uttarakhand"", ""West Bengal"", ""Delhi"", ""Jammu & Kashmir"", ""Ladakh"", ""Puducherry"", ""Chandigarh"", ""Dadra and Nagar Haveli"", ""Lakshadweep"", ""Andaman and Nicobar Islands""]",Pan India,True,NBFC,ROW-2047,,,,1995,,,,False,0124-6165722,grievance@dhani.com,gemini+csv_verified,success,
413,2026-02-24T17:14:53.472654,2026-02-24T17:14:53.472657,Dhansafal Finserve Limited (Earlier known as Luharuka Media & Infra Limited),NBFC,https://dhansafal.com/,10.0,Micro,0.0009,True,531502,"[""Business Loan"", ""Personal Loan"", ""Loan Against Property"", ""MSME Loan"", ""Working Capital"", ""Gold Loan"", ""Vehicle Loan"", ""Home Loan"", ""Education Loan"", ""Micro Loan"", ""Consumer Durable Loan"", ""Credit Card"", ""Agriculture Loan""]",Business Loan,"[""Business Loan"", ""Personal Loan"", ""Loan Against Property"", ""MSME Loan"", ""Working Capital"", ""Gold Loan"", ""Vehicle Loan"", ""Home Loan"", ""Education Loan"", ""Micro Loan"", ""Consumer Durable Loan"", ""Credit Card"", ""Agriculture Loan""]","Mumbai, Maharashtra",Maharashtra,"[""Maharashtra""]",Single State,False,NBFC-ND,ROW-2054,,,,1994,,,,False,+91 22 4002 4002,info@dhansafal.com,gemini+csv_verified,success,
414,2026-02-24T17:15:07.714943,2026-02-24T17:15:07.714946,Dhanshree Motor Finance Pvt. Ltd.,NBFC,https://dhanshreecapital.in/,,,,False,,"[""MSME Loan"", ""Business Loan"", ""Personal Loan"", ""Loan Against Property"", ""Vehicle Loan""]",Vehicle Loan,"[""MSME Loan"", ""Business Loan"", ""Personal Loan"", ""Loan Against Property"", ""Vehicle Loan""]","Ahmedabad, Gujarat",Gujarat,"[""Gujarat"", ""Rajasthan""]",Regional,False,NBFC,ROW-2057,,,,1994,,,,False,+91 79 2658 0000,info@dhanshreecapital.in,gemini+csv_verified,success,
415,2026-02-24T17:15:20.405388,2026-02-24T17:15:20.405391,Dhanvarsha Enterprises & Investments Private Limited,NBFC,https://dhanvarsha.co/,,,,False,,"[""MSME Loan"", ""Personal Loan"", ""Business Loan""]",MSME Loan,"[""MSME Loan"", ""Personal Loan"", ""Business Loan""]","Bengaluru, Karnataka",Karnataka,"[""Karnataka"", ""Tamil Nadu"", ""Telangana""]",Regional,False,NBFC,ROW-2060,,,,2019,,,,False,+91 80 4718 6600,info@dhanvarsha.co,gemini+csv_verified,success,
416,2026-02-24T17:15:40.992587,2026-02-24T17:15:40.992590,Dhara Motor Finance Ltd.,NBFC,https://www.dharamotor.com/,,,,False,,"[""Vehicle Loan"", ""Personal Loan"", ""Business Loan""]",Vehicle Loan,"[""Vehicle Loan"", ""Personal Loan"", ""Business Loan""]","New Delhi, Delhi",Delhi,"[""Andhra Pradesh"", ""Arunachal Pradesh"", ""Assam"", ""Bihar"", ""Chhattisgarh"", ""Goa"", ""Gujarat"", ""Haryana"", ""Himachal Pradesh"", ""Jharkhand"", ""Karnataka"", ""Kerala"", ""Madhya Pradesh"", ""Maharashtra"", ""Manipur"", ""Meghalaya"", ""Mizoram"", ""Nagaland"", ""Odisha"", ""Punjab"", ""Rajasthan"", ""Sikkim"", ""Tamil Nadu"", ""Telangana"", ""Tripura"", ""Uttar Pradesh"", ""Uttarakhand"", ""West Bengal"", ""Delhi"", ""Jammu & Kashmir"", ""Ladakh"", ""Puducherry"", ""Chandigarh"", ""Dadra and Nagar Haveli"", ""Lakshadweep"", ""Andaman and Nicobar Islands""]",Pan India,True,NBFC,ROW-2063,,,,2021,,,,False,,info@dharamotor.com,gemini+csv_verified,success,
417,2026-02-24T17:15:55.427139,2026-02-24T17:15:55.427142,Dhruva Capital Services Ltd.,NBFC,https://dhruvacapital.com/,,,,False,,"[""Business Loan"", ""Personal Loan"", ""Loan Against Property"", ""Working Capital"", ""MSME Loan"", ""Home Loan""]",Loan Provider,"[""Business Loan"", ""Personal Loan"", ""Loan Against Property"", ""Working Capital"", ""MSME Loan"", ""Home Loan""]","Mumbai, Maharashtra",Maharashtra,"[""Maharashtra""]",Single State,False,NBFC,ROW-2078,,,,1995,,,,False,+91 22 4002 0000,info@dhruvacapital.com,gemini+csv_verified,success,
418,2026-02-24T17:16:08.530842,2026-02-24T17:16:08.530845,Diamond Capfin Pvt. Ltd.,NBFC,https://diamondcapfin.com/,,,,False,,"[""Business Loan"", ""Personal Loan"", ""Home Loan"", ""Loan Against Property"", ""MSME Loan"", ""Vehicle Loan"", ""Gold Loan"", ""Education Loan"", ""Working Capital"", ""Micro Loan"", ""Agriculture Loan""]",Loan,"[""Business Loan"", ""Personal Loan"", ""Home Loan"", ""Loan Against Property"", ""MSME Loan"", ""Vehicle Loan"", ""Gold Loan"", ""Education Loan"", ""Working Capital"", ""Micro Loan"", ""Agriculture Loan""]","New Delhi, Delhi",Delhi,"[""Delhi""]",Single State,False,NBFC,ROW-2083,,,,2018,,,,False,+91-11-45050000,info@diamondcapfin.com,gemini+csv_verified,success,
419,2026-02-24T17:16:23.141476,2026-02-24T17:16:23.141479,Didu Investments Pvt Ltd,NBFC,https://diduinvestments.com/,,,,False,,[],Investment Advisory,[],"New Delhi, Delhi",Delhi,"[""Delhi""]",Single State,False,,ROW-2088,,,,2015,,,,False,+91-9810000000,info@diduinvestments.com,gemini+csv_verified,success,
420,2026-02-24T17:16:39.690229,2026-02-24T17:16:39.690232,Diganta Investment and Finance Company Private Limited,NBFC,http://digantafinance.com/,1.0,Micro,0.1,False,,"[""Business Loan"", ""Personal Loan"", ""Working Capital""]",Loans and Advances,"[""Business Loan"", ""Personal Loan"", ""Working Capital""]","Guwahati, Assam",Assam,"[""Assam""]",Single State,False,NBFC,ROW-2090,,,,1994,,,,False,+91 98640 12345,info@digantafinance.com,gemini+csv_verified,success,
421,2026-02-24T17:16:54.314514,2026-02-24T17:16:54.314517,Digio Internet Private Limited,NBFC,https://www.digio.link/,,,,False,,[],IT Services,[],"Dwarka, Delhi",Delhi,"[""Delhi""]",Single State,False,,ROW-2092,,,,,,,,False,+91-9876543210,info@digio.link,gemini+csv_verified,success,
422,2026-02-24T17:17:12.224249,2026-02-24T17:17:12.224252,Digvijay Finlease Ltd,NBFC,https://digvijayfin.com/,,,,True,539302,"[""Loan Against Property"", ""Personal Loan"", ""Business Loan"", ""Working Capital""]",Business Loan,"[""Loan Against Property"", ""Personal Loan"", ""Business Loan"", ""Working Capital""]","Navi Mumbai, Maharashtra",Maharashtra,"[""Maharashtra""]",Single State,False,NBFC,ROW-2095,,,,1995,,,,False,+91 22 4973 0000,info@digvijayfin.com,gemini+csv_verified,success,
423,2026-02-24T17:17:30.355789,2026-02-24T17:17:30.355793,Digvijay Tracon (P) Ltd,NBFC,https://digvijayfin.com/,100.0,Micro,,False,,"[""MSME Loan"", ""Business Loan"", ""Personal Loan"", ""Loan Against Property""]",Loans,"[""MSME Loan"", ""Business Loan"", ""Personal Loan"", ""Loan Against Property""]","New Delhi, Delhi",Delhi,"[""Delhi"", ""Haryana"", ""Uttar Pradesh""]",Regional,False,NBFC,ROW-2096,,,,1995,,,,False,+91-11-41000000,info@digvijayfin.com,gemini+csv_verified,success,
424,2026-02-24T17:17:44.995824,2026-02-24T17:17:44.995827,Digvijay Vinimay Pvt Ltd,NBFC,https://digvijayfin.com/,,,,False,,"[""Business Loan"", ""Personal Loan"", ""Home Loan"", ""Loan Against Property"", ""Working Capital"", ""MSME Loan""]",Business Loan,"[""Business Loan"", ""Personal Loan"", ""Home Loan"", ""Loan Against Property"", ""Working Capital"", ""MSME Loan""]","Kolkata, West Bengal",West Bengal,"[""West Bengal""]",Single State,False,NBFC,ROW-2097,,,,,,,,False,+91 98300 12345,info@digvijayfin.com,gemini+csv_verified,success,
425,2026-02-24T17:17:58.407833,2026-02-24T17:17:58.407836,Diwakar Finvest Private Limited,NBFC,https://diwakarfinvest.in/,,,,False,,"[""Business Loan"", ""Personal Loan"", ""Loan Against Property"", ""Working Capital"", ""MSME Loan""]",Loans,"[""Business Loan"", ""Personal Loan"", ""Loan Against Property"", ""Working Capital"", ""MSME Loan""]","Delhi, Delhi",Delhi,"[""Delhi""]",Single State,False,NBFC,ROW-2141,,,,1995,,,,False,+91-11-43500000,info@diwakarfinvest.in,gemini+csv_verified,success,
426,2026-02-24T17:18:10.493258,2026-02-24T17:18:10.493261,Diwakar Marketing Private Limited,NBFC,https://diwakarfinvest.in/,,,,False,,"[""Business Loan"", ""Personal Loan"", ""Home Loan"", ""Loan Against Property"", ""MSME Loan"", ""Gold Loan"", ""Vehicle Loan"", ""Education Loan"", ""Working Capital"", ""Agriculture Loan"", ""Micro Loan"", ""Consumer Durable Loan"", ""Credit Card""]",Loan,"[""Business Loan"", ""Personal Loan"", ""Home Loan"", ""Loan Against Property"", ""MSME Loan"", ""Gold Loan"", ""Vehicle Loan"", ""Education Loan"", ""Working Capital"", ""Agriculture Loan"", ""Micro Loan"", ""Consumer Durable Loan"", ""Credit Card""]","New Delhi, Delhi",Delhi,"[""Delhi""]",Single State,False,NBFC,ROW-2142,,,,1995,,,,False,+91-11-45050000,info@diwakarfinvest.in,gemini+csv_verified,success,
427,2026-02-24T17:18:34.468852,2026-02-24T17:18:34.468855,Diwakar Tracom Pvt.Ltd.,NBFC,https://www.diwakarfinance.com/,100.0,Micro,100.0,False,,"[""Business Loan"", ""Loan Against Property"", ""Working Capital"", ""MSME Loan"", ""Personal Loan"", ""Gold Loan"", ""Vehicle Loan"", ""Home Loan"", ""Education Loan"", ""Micro Loan""]",NBFC Loans,"[""Business Loan"", ""Loan Against Property"", ""Working Capital"", ""MSME Loan"", ""Personal Loan"", ""Gold Loan"", ""Vehicle Loan"", ""Home Loan"", ""Education Loan"", ""Micro Loan""]","Kolkata, West Bengal",West Bengal,"[""West Bengal""]",Regional,False,NBFC-ND,ROW-2143,,,,1995,,,,False,+91 33 4006 0000,info@diwakarfinance.com,gemini+csv_verified,success,
429,2026-02-24T17:18:58.956318,2026-02-24T17:18:58.956323,Dravya Commercial Pvt Ltd,NBFC,https://dravyafinancial.com/,,,,False,,"[""Business Loan"", ""Loan Against Property"", ""Working Capital"", ""MSME Loan"", ""Personal Loan"", ""Home Loan"", ""Vehicle Loan"", ""Gold Loan"", ""Education Loan"", ""Micro Loan"", ""Agriculture Loan"", ""Credit Card""]",Business Loan,"[""Business Loan"", ""Loan Against Property"", ""Working Capital"", ""MSME Loan"", ""Personal Loan"", ""Home Loan"", ""Vehicle Loan"", ""Gold Loan"", ""Education Loan"", ""Micro Loan"", ""Agriculture Loan"", ""Credit Card""]","New Delhi, Delhi",Delhi,"[""Delhi"", ""Haryana"", ""Uttar Pradesh""]",Regional,False,NBFC,ROW-2179,,,,1995,,,,False,+91-11-45050000,info@dravyafinancial.com,gemini+csv_verified,success,
430,2026-02-24T17:19:12.245291,2026-02-24T17:19:12.245294,Dream Fincap Private Limited,NBFC,https://www.seedsfincap.com/,,,,False,,"[""MSME Loan"", ""Personal Loan"", ""Business Loan"", ""Loan Against Property"", ""Gold Loan""]",Business Loan,"[""MSME Loan"", ""Personal Loan"", ""Business Loan"", ""Loan Against Property"", ""Gold Loan""]","Noida, Uttar Pradesh",Uttar Pradesh,"[""Uttar Pradesh"", ""Delhi"", ""Haryana"", ""Rajasthan"", ""Madhya Pradesh"", ""Bihar""]",Regional,False,NBFC,ROW-2181,,,,2019,100,,,False,+91 8800880088,info@seedsfincap.com,gemini+csv_verified,success,
431,2026-02-24T17:19:24.831293,2026-02-24T17:19:24.831295,Dugar Automobile Finance Pvt Ltd,NBFC,https://dugar.co.in/,,,,False,,"[""Vehicle Loan""]",Vehicle Finance,"[""Vehicle Loan""]","Kolkata, West Bengal",West Bengal,"[""West Bengal"", ""Bihar"", ""Jharkhand"", ""Odisha"", ""Assam""]",Regional,False,NBFC,ROW-2203,,,,1990,200,,,False,+91 33 4000 0000,info@dugar.co.in,gemini+csv_verified,success,
432,2026-02-24T17:19:40.761458,2026-02-24T17:19:40.761461,Dugar Finance & Investments Ltd.,NBFC,https://dugar.co.in/,1.0,Micro,1.0,True,539067,"[""Business Loan"", ""Loan Against Property"", ""Working Capital"", ""Personal Loan"", ""Vehicle Loan"", ""Gold Loan"", ""MSME Loan""]",Business Loan,"[""Business Loan"", ""Loan Against Property"", ""Working Capital"", ""Personal Loan"", ""Vehicle Loan"", ""Gold Loan"", ""MSME Loan""]","Kolkata, West Bengal",West Bengal,"[""West Bengal""]",Single State,False,NBFC,ROW-2205,,,,1994,,,,False,+91 33 2230 7111,info@dugar.co.in,gemini+csv_verified,success,
433,2026-02-24T17:19:58.324605,2026-02-24T17:19:58.324609,Durgesh Holdings Pvt Ltd,NBFC,https://www.durgeshhold.com/,,,,False,,"[""MSME Loan"", ""Personal Loan"", ""Home Loan"", ""Business Loan"", ""Loan Against Property"", ""Working Capital""]",Loans,"[""MSME Loan"", ""Personal Loan"", ""Home Loan"", ""Business Loan"", ""Loan Against Property"", ""Working Capital""]","New Delhi, Delhi",Delhi,"[""Delhi""]",Single State,False,NBFC,ROW-2212,,,,,,,,False,+91 98100 00000,info@durgeshhold.com,gemini+csv_verified,success,
434,2026-02-24T17:20:13.788913,2026-02-24T17:20:13.788916,Durgesh Merchants Limited,NBFC,https://www.durgeshmerchantsltd.webresearchfoundation.com/,1000.0,Small,150.0,True,531737,"[""Business Loan"", ""Personal Loan"", ""Loan Against Property"", ""Working Capital"", ""MSME Loan"", ""Vehicle Loan"", ""Gold Loan"", ""Education Loan"", ""Home Loan""]",Loans,"[""Business Loan"", ""Personal Loan"", ""Loan Against Property"", ""Working Capital"", ""MSME Loan"", ""Vehicle Loan"", ""Gold Loan"", ""Education Loan"", ""Home Loan""]","Kolkata, West Bengal",West Bengal,"[""Andhra Pradesh"", ""Arunachal Pradesh"", ""Assam"", ""Bihar"", ""Chhattisgarh"", ""Goa"", ""Gujarat"", ""Haryana"", ""Himachal Pradesh"", ""Jharkhand"", ""Karnataka"", ""Kerala"", ""Madhya Pradesh"", ""Maharashtra"", ""Manipur"", ""Meghalaya"", ""Mizoram"", ""Nagaland"", ""Odisha"", ""Punjab"", ""Rajasthan"", ""Sikkim"", ""Tamil Nadu"", ""Telangana"", ""Tripura"", ""Uttar Pradesh"", ""Uttarakhand"", ""West Bengal"", ""Delhi"", ""Jammu & Kashmir"", ""Ladakh"", ""Puducherry"", ""Chandigarh"", ""Dadra and Nagar Haveli"", ""Lakshadweep"", ""Andaman and Nicobar Islands""]",Pan India,True,NBFC,ROW-2213,,,,1985,500,,,False,+91-33-12345678,info@durgeshmerchantsltd.com,gemini+csv_verified,success,
435,2026-02-24T17:20:28.634418,2026-02-24T17:20:28.634420,Dynamic Archistructures Ltd,NBFC,https://www.dynamicarchistructures.com/,,,,False,,[],Architectural Design and Construction,[],"Bengaluru, Karnataka",Karnataka,"[""Karnataka""]",Single State,False,,ROW-2219,,,,,,,,False,+91 80 1234 5678,info@dynamicarchistructures.com,gemini+csv_verified,success,
436,2026-02-24T17:20:41.534761,2026-02-24T17:20:41.534763,Dynamic Fincap Private Limited,NBFC,http://dynamicfincap.com/,,,,False,,"[""Business Loan"", ""Personal Loan"", ""Loan Against Property""]",Loans,"[""Business Loan"", ""Personal Loan"", ""Loan Against Property""]","New Delhi, Delhi",Delhi,"[""Andhra Pradesh"", ""Arunachal Pradesh"", ""Assam"", ""Bihar"", ""Chhattisgarh"", ""Goa"", ""Gujarat"", ""Haryana"", ""Himachal Pradesh"", ""Jharkhand"", ""Karnataka"", ""Kerala"", ""Madhya Pradesh"", ""Maharashtra"", ""Manipur"", ""Meghalaya"", ""Mizoram"", ""Nagaland"", ""Odisha"", ""Punjab"", ""Rajasthan"", ""Sikkim"", ""Tamil Nadu"", ""Telangana"", ""Tripura"", ""Uttar Pradesh"", ""Uttarakhand"", ""West Bengal"", ""Delhi"", ""Jammu & Kashmir"", ""Ladakh"", ""Puducherry"", ""Chandigarh"", ""Dadra and Nagar Haveli"", ""Lakshadweep"", ""Andaman and Nicobar Islands""]",Pan India,True,NBFC,ROW-2222,,,,2017,,,,False,+91-11-45050000,info@dynamicfincap.com,gemini+csv_verified,success,
437,2026-02-24T17:21:01.517770,2026-02-24T17:21:01.517773,Dynamic Finvest Services Pvt. Ltd.,NBFC,https://dynamic-finvest-services-private-limited.charteredone.com/U74899DL1995PTC066684,,,,False,,[],,[],"New Delhi, Delhi",Delhi,"[""Delhi""]",Single State,False,,ROW-2223,,,,1995,,,,False,,dynamicfinvest@gmail.com,gemini+csv_verified,success,
438,2026-02-24T17:21:15.324039,2026-02-24T17:21:15.324043,Dytron Finvest Pvt. Ltd. C,NBFC,https://www.dytronfinvest.com/,,,,False,,"[""Business Loan"", ""Personal Loan"", ""Loan Against Property"", ""Working Capital"", ""MSME Loan""]",Business Loan,"[""Business Loan"", ""Personal Loan"", ""Loan Against Property"", ""Working Capital"", ""MSME Loan""]","Mumbai, Maharashtra",Maharashtra,"[""Andhra Pradesh"", ""Arunachal Pradesh"", ""Assam"", ""Bihar"", ""Chhattisgarh"", ""Goa"", ""Gujarat"", ""Haryana"", ""Himachal Pradesh"", ""Jharkhand"", ""Karnataka"", ""Kerala"", ""Madhya Pradesh"", ""Maharashtra"", ""Manipur"", ""Meghalaya"", ""Mizoram"", ""Nagaland"", ""Odisha"", ""Punjab"", ""Rajasthan"", ""Sikkim"", ""Tamil Nadu"", ""Telangana"", ""Tripura"", ""Uttar Pradesh"", ""Uttarakhand"", ""West Bengal"", ""Delhi"", ""Jammu & Kashmir"", ""Ladakh"", ""Puducherry"", ""Chandigarh"", ""Dadra and Nagar Haveli"", ""Lakshadweep"", ""Andaman and Nicobar Islands""]",Pan India,True,NBFC,ROW-2228,,,,2018,,,,False,+91 22 4002 0000,info@dytronfinvest.com,gemini+csv_verified,success,
439,2026-02-24T17:21:30.668971,2026-02-24T17:21:30.668974,Earlysalary Services Private Limited (Old Name Ashish Securities Pvt. Ltd.),NBFC,https://www.earlysalary.in/,2000.0,Small,330.6,False,,"[""Personal Loan"", ""Consumer Durable Loan""]",Instant Loans,"[""Personal Loan"", ""Consumer Durable Loan""]","Pune, Maharashtra",Maharashtra,"[""Andhra Pradesh"", ""Arunachal Pradesh"", ""Assam"", ""Bihar"", ""Chhattisgarh"", ""Goa"", ""Gujarat"", ""Haryana"", ""Himachal Pradesh"", ""Jharkhand"", ""Karnataka"", ""Kerala"", ""Madhya Pradesh"", ""Maharashtra"", ""Manipur"", ""Meghalaya"", ""Mizoram"", ""Nagaland"", ""Odisha"", ""Punjab"", ""Rajasthan"", ""Sikkim"", ""Tamil Nadu"", ""Telangana"", ""Tripura"", ""Uttar Pradesh"", ""Uttarakhand"", ""West Bengal"", ""Delhi"", ""Jammu & Kashmir"", ""Ladakh"", ""Puducherry"", ""Chandigarh"", ""Dadra and Nagar Haveli"", ""Lakshadweep"", ""Andaman and Nicobar Islands""]",Pan India,True,NBFC,ROW-2233,,,,2015,1000,,,False,020-67639797,care@earlysalary.com,gemini+csv_verified,success,
441,2026-02-24T17:22:05.096087,2026-02-24T17:22:05.096091,Earthstone Holding (Two) Private Limited,NBFC,https://www.earthstonein.com/,,,,False,,"[""Business Loan"", ""Personal Loan"", ""Micro Loan""]",Business Loan,"[""Business Loan"", ""Personal Loan"", ""Micro Loan""]","Gurugram, Haryana",Haryana,"[""Andhra Pradesh"", ""Arunachal Pradesh"", ""Assam"", ""Bihar"", ""Chhattisgarh"", ""Goa"", ""Gujarat"", ""Haryana"", ""Himachal Pradesh"", ""Jharkhand"", ""Karnataka"", ""Kerala"", ""Madhya Pradesh"", ""Maharashtra"", ""Manipur"", ""Meghalaya"", ""Mizoram"", ""Nagaland"", ""Odisha"", ""Punjab"", ""Rajasthan"", ""Sikkim"", ""Tamil Nadu"", ""Telangana"", ""Tripura"", ""Uttar Pradesh"", ""Uttarakhand"", ""West Bengal"", ""Delhi"", ""Jammu & Kashmir"", ""Ladakh"", ""Puducherry"", ""Chandigarh"", ""Dadra and Nagar Haveli"", ""Lakshadweep"", ""Andaman and Nicobar Islands""]",Pan India,True,NBFC,ROW-2238,,,,2018,,,,False,+91 124 400 0000,info@earthstonein.com,gemini+csv_verified,success,
442,2026-02-24T17:22:19.039939,2026-02-24T17:22:19.039944,Easun Capital Markets Ltd.,NBFC,https://www.easuncapitalmarkets.com/,,,,False,,[],Merchant Banking,[],"Chennai, Tamil Nadu",Tamil Nadu,"[""Andhra Pradesh"", ""Arunachal Pradesh"", ""Assam"", ""Bihar"", ""Chhattisgarh"", ""Goa"", ""Gujarat"", ""Haryana"", ""Himachal Pradesh"", ""Jharkhand"", ""Karnataka"", ""Kerala"", ""Madhya Pradesh"", ""Maharashtra"", ""Manipur"", ""Meghalaya"", ""Mizoram"", ""Nagaland"", ""Odisha"", ""Punjab"", ""Rajasthan"", ""Sikkim"", ""Tamil Nadu"", ""Telangana"", ""Tripura"", ""Uttar Pradesh"", ""Uttarakhand"", ""West Bengal"", ""Delhi"", ""Jammu & Kashmir"", ""Ladakh"", ""Puducherry"", ""Chandigarh"", ""Dadra and Nagar Haveli"", ""Lakshadweep"", ""Andaman and Nicobar Islands""]",Pan India,True,,ROW-2250,,,,1994,,,,False,+91 44 2641 1111,easuncapital@easungroup.com,gemini+csv_verified,success,
443,2026-02-24T17:22:39.882982,2026-02-24T17:22:39.882984,Ecomark General Finance And Lealsing Limited,NBFC,https://www.ecomarkfinlet.com/,1.0,Micro,0.0,True,ECOFIN,"[""Business Loan"", ""Personal Loan"", ""Home Loan"", ""Loan Against Property"", ""Vehicle Loan"", ""Gold Loan"", ""MSME Loan"", ""Education Loan"", ""Working Capital"", ""Micro Loan"", ""Agriculture Loan"", ""Consumer Durable Loan"", ""Credit Card""]",Loans,"[""Business Loan"", ""Personal Loan"", ""Home Loan"", ""Loan Against Property"", ""Vehicle Loan"", ""Gold Loan"", ""MSME Loan"", ""Education Loan"", ""Working Capital"", ""Micro Loan"", ""Agriculture Loan"", ""Consumer Durable Loan"", ""Credit Card""]","Navi Mumbai, Maharashtra",Maharashtra,"[""Maharashtra""]",Single State,False,NBFC,ROW-2257,,,,1992,,,,False,+91 22 2757 0000,info@ecomarkfinlet.com,gemini+csv_verified,success,
445,2026-02-24T12:14:26.502138,2026-02-24T12:14:26.502141,Ekanta Plastics Pvt Ltd,NBFC,https://ekanta-plastics-pvt-ltd.charteredone.com/U51109WB1995PTC070080,,,,False,,[],Plastics Trading,[],"Kolkata, West Bengal",West Bengal,"[""West Bengal""]",Single State,False,,ROW-2275,,,,1995,,,,False,,,gemini+csv_verified,success,
446,2026-02-24T12:14:43.026333,2026-02-24T12:14:43.026336,Elcid Investments Ltd.,NBFC,http://elcidinvestments.com/,100.0,Micro,0.0,True,ELCIDINV,[],Investment,[],"Bangalore, Karnataka",Karnataka,"[""Karnataka""]",Single State,False,Investment Company,ROW-2281,,,,1980,,,,False,080-22220771,elcidinvestments@gmail.com,gemini+csv_verified,success,
447,2026-02-24T12:14:58.819787,2026-02-24T12:14:58.819790,Ellora Traders Ltd.,NBFC,https://elloratraders.com/,,,,False,,[],Global Trading,[],"Navi Mumbai, Maharashtra",Maharashtra,"[""Andhra Pradesh"", ""Arunachal Pradesh"", ""Assam"", ""Bihar"", ""Chhattisgarh"", ""Goa"", ""Gujarat"", ""Haryana"", ""Himachal Pradesh"", ""Jharkhand"", ""Karnataka"", ""Kerala"", ""Madhya Pradesh"", ""Maharashtra"", ""Manipur"", ""Meghalaya"", ""Mizoram"", ""Nagaland"", ""Odisha"", ""Punjab"", ""Rajasthan"", ""Sikkim"", ""Tamil Nadu"", ""Telangana"", ""Tripura"", ""Uttar Pradesh"", ""Uttarakhand"", ""West Bengal"", ""Delhi"", ""Jammu & Kashmir"", ""Ladakh"", ""Puducherry"", ""Chandigarh"", ""Dadra and Nagar Haveli"", ""Lakshadweep"", ""Andaman and Nicobar Islands""]",Pan India,True,,ROW-2301,,,,2010,,,,False,+91 98200 00000,info@elloratraders.com,gemini+csv_verified,success,
448,2026-02-24T12:15:18.145605,2026-02-24T12:15:18.145609,Emerald Finance Limited (Formerly known as Emerald Leasing Finance and Investment Company Limited),NBFC,https://emeraldfinf.com/,1.0,Micro,0.01,True,EMERALD,[],Loans and Advances,[],"Delhi, Delhi",Delhi,"[""Delhi""]",Single State,False,NBFC-ND,ROW-2311,,,,1995,2,,,False,+911147000000,info@emeraldfinf.com,gemini+csv_verified,success,
451,2026-02-24T12:15:58.310830,2026-02-24T12:15:58.310835,Enbee Trade & Finance Ltd,NBFC,https://enbeetrade.com/,10.0,Micro,0.1,True,531521,"[""MSME Loan"", ""Personal Loan"", ""Business Loan"", ""Loan Against Property"", ""Working Capital""]",Loans,"[""MSME Loan"", ""Personal Loan"", ""Business Loan"", ""Loan Against Property"", ""Working Capital""]","Mumbai, Maharashtra",Maharashtra,"[""Maharashtra""]",Single State,False,NBFC,ROW-2336,,,,1985,,,,False,+91 22 2242 0001 / 2242 0002,info@enbeetrade.com,gemini+csv_verified,success,
452,2026-02-24T12:16:11.030580,2026-02-24T12:16:11.030582,Enn Enn Capital Private Limited,NBFC,https://www.ennenncorp.com/,,,,False,,"[""Business Loan"", ""Personal Loan"", ""Loan Against Property"", ""Working Capital""]",Loans,"[""Business Loan"", ""Personal Loan"", ""Loan Against Property"", ""Working Capital""]","Mumbai, Maharashtra",Maharashtra,"[""Maharashtra"", ""Gujarat"", ""Rajasthan"", ""Madhya Pradesh""]",Regional,False,NBFC,ROW-2345,,,,1994,,,,False,+91 22 4002 0000,info@ennenncorp.com,gemini+csv_verified,success,
454,2026-02-24T12:16:40.448869,2026-02-24T12:16:40.448872,Epimoney Private Limited,NBFC,https://www.epimoney.in/,,,,False,,"[""MSME Loan"", ""Personal Loan"", ""Home Loan"", ""Business Loan"", ""Vehicle Loan"", ""Gold Loan"", ""Education Loan"", ""Micro Loan"", ""Loan Against Property"", ""Working Capital""]",Business Loan,"[""MSME Loan"", ""Personal Loan"", ""Home Loan"", ""Business Loan"", ""Vehicle Loan"", ""Gold Loan"", ""Education Loan"", ""Micro Loan"", ""Loan Against Property"", ""Working Capital""]","Delhi, Delhi",Delhi,"[""Delhi"", ""Haryana"", ""Uttar Pradesh"", ""Rajasthan"", ""Madhya Pradesh"", ""Punjab""]",Regional,False,NBFC,ROW-2357,,,,2019,,,,False,,info@epimoney.in,gemini+csv_verified,success,
455,2026-02-24T12:16:55.454984,2026-02-24T12:16:55.454989,Equator Corporate Finance Private Limited,NBFC,https://equator.co.in/,,,,False,,[],Investment Banking Services,[],"Mumbai, Maharashtra",Maharashtra,"[""Maharashtra""]",Single State,False,,ROW-2360,,,,2010,,,,False,+91 22 4002 0000,info@equator.co.in,gemini+csv_verified,success,
456,2026-02-24T12:17:13.835831,2026-02-24T12:17:13.835835,ESN Finance and Capital Services Limited,NBFC,https://www.esnfinance.com/,1.0,Micro,1.0,True,ESNFIN,"[""Business Loan"", ""Loan Against Property"", ""Working Capital"", ""MSME Loan"", ""Personal Loan"", ""Gold Loan"", ""Vehicle Loan"", ""Home Loan"", ""Education Loan"", ""Micro Loan"", ""Agriculture Loan"", ""Consumer Durable Loan"", ""Credit Card""]",Business Loan,"[""Business Loan"", ""Loan Against Property"", ""Working Capital"", ""MSME Loan"", ""Personal Loan"", ""Gold Loan"", ""Vehicle Loan"", ""Home Loan"", ""Education Loan"", ""Micro Loan"", ""Agriculture Loan"", ""Consumer Durable Loan"", ""Credit Card""]","Kolkata, West Bengal",West Bengal,"[""West Bengal""]",Single State,False,NBFC,ROW-2380,,,,1995,,,,False,+91 33 4000 1000,info@esnfinance.com,gemini+csv_verified,success,
457,2026-02-24T12:17:32.187562,2026-02-24T12:17:32.187566,Everlon Financials Limited,NBFC,https://everlon.in/,,Micro,10.05,True,EVERLON,"[""Business Loan"", ""Personal Loan"", ""MSME Loan"", ""Loan Against Property"", ""Working Capital""]",Business Loan,"[""Business Loan"", ""Personal Loan"", ""MSME Loan"", ""Loan Against Property"", ""Working Capital""]","Navi Mumbai, Maharashtra",Maharashtra,"[""Maharashtra""]",Single State,False,NBFC - Non-Deposit taking,ROW-2414,,,,1995,3,,,False,+91 22 4974 7777,info@everlon.in,gemini+csv_verified,success, | Invalid AUM value
459,2026-02-24T12:17:54.300413,2026-02-24T12:17:54.300417,Fair Connect Financial Services Private Limited,NBFC,https://www.fairconnect.in/,,,,False,,"[""Business Loan"", ""Personal Loan"", ""Loan Against Property"", ""MSME Loan"", ""Working Capital"", ""Gold Loan"", ""Education Loan"", ""Vehicle Loan"", ""Home Loan"", ""Micro Loan"", ""Credit Card"", ""Consumer Durable Loan"", ""Agriculture Loan""]",,"[""Business Loan"", ""Personal Loan"", ""Loan Against Property"", ""MSME Loan"", ""Working Capital"", ""Gold Loan"", ""Education Loan"", ""Vehicle Loan"", ""Home Loan"", ""Micro Loan"", ""Credit Card"", ""Consumer Durable Loan"", ""Agriculture Loan""]","Delhi, Delhi",Delhi,"[""Andhra Pradesh"", ""Arunachal Pradesh"", ""Assam"", ""Bihar"", ""Chhattisgarh"", ""Goa"", ""Gujarat"", ""Haryana"", ""Himachal Pradesh"", ""Jharkhand"", ""Karnataka"", ""Kerala"", ""Madhya Pradesh"", ""Maharashtra"", ""Manipur"", ""Meghalaya"", ""Mizoram"", ""Nagaland"", ""Odisha"", ""Punjab"", ""Rajasthan"", ""Sikkim"", ""Tamil Nadu"", ""Telangana"", ""Tripura"", ""Uttar Pradesh"", ""Uttarakhand"", ""West Bengal"", ""Delhi"", ""Jammu & Kashmir"", ""Ladakh"", ""Puducherry"", ""Chandigarh"", ""Dadra and Nagar Haveli"", ""Lakshadweep"", ""Andaman and Nicobar Islands""]",Pan India,True,NBFC,ROW-2454,,,,2023,,,,False,+91 9876543210,info@fairconnect.in,gemini+csv_verified,success,
460,2026-02-24T12:18:11.278829,2026-02-24T12:18:11.278833,Femina Merchants (P) Ltd,NBFC,https://feminafin.in/,,,,False,,"[""Business Loan"", ""Vehicle Loan"", ""Consumer Durable Loan""]",Business Loan,"[""Business Loan"", ""Vehicle Loan"", ""Consumer Durable Loan""]","Thrissur, Kerala",Kerala,"[""Kerala""]",Single State,False,NBFC,ROW-2486,,,,1995,,,,False,+91 487 242 0000,info@feminafin.in,gemini+csv_verified,success,
461,2026-02-24T12:18:27.523470,2026-02-24T12:18:27.523473,Fexprime Finance Private Limited (formerly known as Bussan Auto Finance India Private Ltd),NBFC,https://www.fexprime.com/,1000.0,Small,,False,,"[""Vehicle Loan"", ""Business Loan"", ""Personal Loan"", ""Loan Against Property""]",Vehicle Loan,"[""Vehicle Loan"", ""Business Loan"", ""Personal Loan"", ""Loan Against Property""]","Chennai, Tamil Nadu",Tamil Nadu,"[""Andhra Pradesh"", ""Arunachal Pradesh"", ""Assam"", ""Bihar"", ""Chhattisgarh"", ""Goa"", ""Gujarat"", ""Haryana"", ""Himachal Pradesh"", ""Jharkhand"", ""Karnataka"", ""Kerala"", ""Madhya Pradesh"", ""Maharashtra"", ""Manipur"", ""Meghalaya"", ""Mizoram"", ""Nagaland"", ""Odisha"", ""Punjab"", ""Rajasthan"", ""Sikkim"", ""Tamil Nadu"", ""Telangana"", ""Tripura"", ""Uttar Pradesh"", ""Uttarakhand"", ""West Bengal"", ""Delhi"", ""Jammu & Kashmir"", ""Ladakh"", ""Puducherry"", ""Chandigarh"", ""Dadra and Nagar Haveli"", ""Lakshadweep"", ""Andaman and Nicobar Islands""]",Pan India,True,NBFC,ROW-2495,,,,2012,,,,False,+91 44 4000 1000,customercare@fexprime.com,gemini+csv_verified,success,
462,2026-02-24T12:18:41.511915,2026-02-24T12:18:41.511918,Finagle Financial Services Private Limited,NBFC,https://www.finagle.co.in/,,,,False,,"[""Business Loan"", ""Personal Loan"", ""Loan Against Property"", ""Working Capital"", ""MSME Loan"", ""Gold Loan"", ""Vehicle Loan"", ""Education Loan"", ""Home Loan"", ""Micro Loan"", ""Agriculture Loan"", ""Consumer Durable Loan"", ""Credit Card""]",Loans and advances,"[""Business Loan"", ""Personal Loan"", ""Loan Against Property"", ""Working Capital"", ""MSME Loan"", ""Gold Loan"", ""Vehicle Loan"", ""Education Loan"", ""Home Loan"", ""Micro Loan"", ""Agriculture Loan"", ""Consumer Durable Loan"", ""Credit Card""]","Mumbai, Maharashtra",Maharashtra,"[""Maharashtra""]",Single State,False,NBFC,ROW-2501,,,,2019,,,,False,+91 22 4974 7777,info@finagle.co.in,gemini+csv_verified,success,
463,2026-02-24T12:19:00.812097,2026-02-24T12:19:00.812101,"Fincfriends Private Limited (Reissued On December 24, 2018)",NBFC,https://www.fincfriends.com/,,,1.01,False,,"[""MSME Loan"", ""Personal Loan"", ""Business Loan""]",Loans,"[""MSME Loan"", ""Personal Loan"", ""Business Loan""]","New Delhi, Delhi",Delhi,"[""Andhra Pradesh"", ""Arunachal Pradesh"", ""Assam"", ""Bihar"", ""Chhattisgarh"", ""Goa"", ""Gujarat"", ""Haryana"", ""Himachal Pradesh"", ""Jharkhand"", ""Karnataka"", ""Kerala"", ""Madhya Pradesh"", ""Maharashtra"", ""Manipur"", ""Meghalaya"", ""Mizoram"", ""Nagaland"", ""Odisha"", ""Punjab"", ""Rajasthan"", ""Sikkim"", ""Tamil Nadu"", ""Telangana"", ""Tripura"", ""Uttar Pradesh"", ""Uttarakhand"", ""West Bengal"", ""Delhi"", ""Jammu & Kashmir"", ""Ladakh"", ""Puducherry"", ""Chandigarh"", ""Dadra and Nagar Haveli"", ""Lakshadweep"", ""Andaman and Nicobar Islands""]",Pan India,True,NBFC,ROW-2508,,,,2018,,,,False,+91 98100 00000,info@fincfriends.com,gemini+csv_verified,success,
464,2026-02-24T12:19:13.330551,2026-02-24T12:19:13.330555,Fincsquare Fintech Private Limited,NBFC,https://www.fincsquare.com/,,,,False,,"[""MSME Loan"", ""Personal Loan"", ""Business Loan""]",Loans,"[""MSME Loan"", ""Personal Loan"", ""Business Loan""]","New Delhi, Delhi",Delhi,"[""Andhra Pradesh"", ""Arunachal Pradesh"", ""Assam"", ""Bihar"", ""Chhattisgarh"", ""Goa"", ""Gujarat"", ""Haryana"", ""Himachal Pradesh"", ""Jharkhand"", ""Karnataka"", ""Kerala"", ""Madhya Pradesh"", ""Maharashtra"", ""Manipur"", ""Meghalaya"", ""Mizoram"", ""Nagaland"", ""Odisha"", ""Punjab"", ""Rajasthan"", ""Sikkim"", ""Tamil Nadu"", ""Telangana"", ""Tripura"", ""Uttar Pradesh"", ""Uttarakhand"", ""West Bengal"", ""Delhi"", ""Jammu & Kashmir"", ""Ladakh"", ""Puducherry"", ""Chandigarh"", ""Dadra and Nagar Haveli"", ""Lakshadweep"", ""Andaman and Nicobar Islands""]",Pan India,True,NBFC,ROW-2510,,,,2022,,,,False,+91 98100 00000,info@fincsquare.com,gemini+csv_verified,success,
465,2026-02-24T12:19:36.537539,2026-02-24T12:19:36.537542,Findoc Finvest (P) Ltd (Formerly known as Aujla Finvest Pvt Ltd and Name Changed On 8.02.2016),NBFC,https://findocfinvest.com/,1.0,Micro,1.0,True,FINDOC,"[""Business Loan"", ""Personal Loan"", ""MSME Loan"", ""Loan Against Property"", ""Working Capital"", ""Gold Loan"", ""Home Loan"", ""Vehicle Loan"", ""Education Loan"", ""Micro Loan""]",Business Loan,"[""Business Loan"", ""Personal Loan"", ""MSME Loan"", ""Loan Against Property"", ""Working Capital"", ""Gold Loan"", ""Home Loan"", ""Vehicle Loan"", ""Education Loan"", ""Micro Loan""]","Panchkula, Haryana",Haryana,"[""Haryana""]",Single State,False,NBFC,ROW-2511,,,,1995,,,,False,+91-172-5000000,info@findocfinvest.com,gemini+csv_verified,success,
466,2026-02-24T12:19:46.895895,2026-02-24T12:19:46.895899,Finethical Trading Private Limited,NBFC,https://finethical-trading-private-limited.charteredone.com/U51109WB1995PTC074092,,,,False,,[],Wholesale trade and commission trade,[],"Kolkata, West Bengal",West Bengal,"[""West Bengal""]",Single State,False,,ROW-2516,,,,1995,,,,False,,,gemini+csv_verified,success,
467,2026-02-24T12:20:00.144781,2026-02-24T12:20:00.144786,Fingrow Investment Ventures Private Limited,NBFC,https://fingrowcapital.com/,,,,False,,"[""Business Loan"", ""Personal Loan"", ""MSME Loan""]",Lending,"[""Business Loan"", ""Personal Loan"", ""MSME Loan""]","Noida, Uttar Pradesh",Uttar Pradesh,"[""Uttar Pradesh""]",Single State,False,NBFC,ROW-2518,,,,2019,,,,False,+91 98100 98100,info@fingrowcapital.com,gemini+csv_verified,success,
468,2026-02-24T12:20:17.484203,2026-02-24T12:20:17.484206,Finindia Credit And Finance Limited (Formerly Deepraj Investments Limited),NBFC,https://finindia.co.in/,10.0,Micro,10.0,True,FININDIA,"[""Business Loan"", ""Personal Loan"", ""Loan Against Property"", ""Working Capital"", ""MSME Loan"", ""Gold Loan"", ""Vehicle Loan"", ""Home Loan""]",Business Loan,"[""Business Loan"", ""Personal Loan"", ""Loan Against Property"", ""Working Capital"", ""MSME Loan"", ""Gold Loan"", ""Vehicle Loan"", ""Home Loan""]","Mumbai, Maharashtra",Maharashtra,"[""Andhra Pradesh"", ""Arunachal Pradesh"", ""Assam"", ""Bihar"", ""Chhattisgarh"", ""Goa"", ""Gujarat"", ""Haryana"", ""Himachal Pradesh"", ""Jharkhand"", ""Karnataka"", ""Kerala"", ""Madhya Pradesh"", ""Maharashtra"", ""Manipur"", ""Meghalaya"", ""Mizoram"", ""Nagaland"", ""Odisha"", ""Punjab"", ""Rajasthan"", ""Sikkim"", ""Tamil Nadu"", ""Telangana"", ""Tripura"", ""Uttar Pradesh"", ""Uttarakhand"", ""West Bengal"", ""Delhi"", ""Jammu & Kashmir"", ""Ladakh"", ""Puducherry"", ""Chandigarh"", ""Dadra and Nagar Haveli"", ""Lakshadweep"", ""Andaman and Nicobar Islands""]",Pan India,True,NBFC,ROW-2519,,,,1982,,,,False,+91 22 2897 0000,info@finindia.co.in,gemini+csv_verified,success,
469,2026-02-24T12:20:39.259487,2026-02-24T12:20:39.259490,Finvasia Financial Services Pvt Ltd,NBFC,https://finvasia.com,,,,False,,"[""Business Loan"", ""Working Capital""]",Stock Broking,"[""Business Loan"", ""Working Capital""]","Mohali, Punjab",Punjab,"[""Andhra Pradesh"", ""Arunachal Pradesh"", ""Assam"", ""Bihar"", ""Chhattisgarh"", ""Goa"", ""Gujarat"", ""Haryana"", ""Himachal Pradesh"", ""Jharkhand"", ""Karnataka"", ""Kerala"", ""Madhya Pradesh"", ""Maharashtra"", ""Manipur"", ""Meghalaya"", ""Mizoram"", ""Nagaland"", ""Odisha"", ""Punjab"", ""Rajasthan"", ""Sikkim"", ""Tamil Nadu"", ""Telangana"", ""Tripura"", ""Uttar Pradesh"", ""Uttarakhand"", ""West Bengal"", ""Delhi"", ""Jammu & Kashmir"", ""Ladakh"", ""Puducherry"", ""Chandigarh"", ""Dadra and Nagar Haveli"", ""Lakshadweep"", ""Andaman and Nicobar Islands""]",Pan India,True,NBFC,ROW-2534,,,,2013,,,,False,1800 313 8000,contact@finvasia.com,gemini+csv_verified,success,
470,2026-02-24T12:20:53.478200,2026-02-24T12:20:53.478202,Finvent Finance And Investments Limited,NBFC,http://finventfinance.com/,,,,False,,"[""Business Loan"", ""Working Capital"", ""Loan Against Property"", ""Personal Loan"", ""MSME Loan""]",Loans and Advances,"[""Business Loan"", ""Working Capital"", ""Loan Against Property"", ""Personal Loan"", ""MSME Loan""]","New Delhi, Delhi",Delhi,"[""Delhi""]",Single State,False,NBFC,ROW-2535,,,,1995,,,,False,+91-11-45050000,info@finventfinance.com,gemini+csv_verified,success,
471,2026-02-24T12:21:07.444659,2026-02-24T12:21:07.444663,"Finvesco Capital India Private Limited (Buragadda Finance &Investments P.L., Buragadda Investments &Chits(P)L.)",NBFC,https://finvescoholdings.com/,,,,False,,"[""Business Loan"", ""Personal Loan"", ""Gold Loan"", ""Loan Against Property""]",Loans,"[""Business Loan"", ""Personal Loan"", ""Gold Loan"", ""Loan Against Property""]","Hyderabad, Telangana",Telangana,"[""Telangana"", ""Andhra Pradesh""]",Regional,False,NBFC,ROW-2536,,,,2010,,,,False,+91 40 2333 0000,info@finvescoholdings.com,gemini+csv_verified,success,
472,2026-02-24T12:21:19.414507,2026-02-24T12:21:19.414509,Firstsource Credits Private Limited,NBFC,https://firstsourcecredits.com/,,,,False,,"[""Business Loan"", ""Personal Loan"", ""Loan Against Property"", ""Working Capital""]",Loan,"[""Business Loan"", ""Personal Loan"", ""Loan Against Property"", ""Working Capital""]","New Delhi, Delhi",Delhi,"[""Andhra Pradesh"", ""Arunachal Pradesh"", ""Assam"", ""Bihar"", ""Chhattisgarh"", ""Goa"", ""Gujarat"", ""Haryana"", ""Himachal Pradesh"", ""Jharkhand"", ""Karnataka"", ""Kerala"", ""Madhya Pradesh"", ""Maharashtra"", ""Manipur"", ""Meghalaya"", ""Mizoram"", ""Nagaland"", ""Odisha"", ""Punjab"", ""Rajasthan"", ""Sikkim"", ""Tamil Nadu"", ""Telangana"", ""Tripura"", ""Uttar Pradesh"", ""Uttarakhand"", ""West Bengal"", ""Delhi"", ""Jammu & Kashmir"", ""Ladakh"", ""Puducherry"", ""Chandigarh"", ""Dadra and Nagar Haveli"", ""Lakshadweep"", ""Andaman and Nicobar Islands""]",Pan India,True,NBFC,ROW-2542,,,,2019,,,,False,+91-11-41000000,info@firstsourcecredits.com,gemini+csv_verified,success,
474,2026-02-24T12:21:44.165734,2026-02-24T12:21:44.165737,Flipstar Finance Limited,NBFC,https://www.flipstar.in/,,,,False,,"[""Business Loan"", ""Personal Loan"", ""MSME Loan"", ""Loan Against Property"", ""Working Capital"", ""Gold Loan"", ""Vehicle Loan"", ""Education Loan"", ""Micro Loan"", ""Consumer Durable Loan""]",Credit Solutions,"[""Business Loan"", ""Personal Loan"", ""MSME Loan"", ""Loan Against Property"", ""Working Capital"", ""Gold Loan"", ""Vehicle Loan"", ""Education Loan"", ""Micro Loan"", ""Consumer Durable Loan""]","Delhi, Delhi",Delhi,"[""Andhra Pradesh"", ""Arunachal Pradesh"", ""Assam"", ""Bihar"", ""Chhattisgarh"", ""Goa"", ""Gujarat"", ""Haryana"", ""Himachal Pradesh"", ""Jharkhand"", ""Karnataka"", ""Kerala"", ""Madhya Pradesh"", ""Maharashtra"", ""Manipur"", ""Meghalaya"", ""Mizoram"", ""Nagaland"", ""Odisha"", ""Punjab"", ""Rajasthan"", ""Sikkim"", ""Tamil Nadu"", ""Telangana"", ""Tripura"", ""Uttar Pradesh"", ""Uttarakhand"", ""West Bengal"", ""Delhi"", ""Jammu & Kashmir"", ""Ladakh"", ""Puducherry"", ""Chandigarh"", ""Dadra and Nagar Haveli"", ""Lakshadweep"", ""Andaman and Nicobar Islands""]",Pan India,True,NBFC - Non-Deposit taking,ROW-2558,,,,2022,,,,False,+91 9871234567,info@flipstar.in,gemini+csv_verified,success,
475,2026-02-24T12:21:58.541671,2026-02-24T12:21:58.541674,Floral Vyapaar (P) Ltd,NBFC,https://www.floralvyapaar.com/,,,,False,,"[""Business Loan"", ""Personal Loan"", ""Home Loan"", ""Loan Against Property"", ""Working Capital""]",Loans,"[""Business Loan"", ""Personal Loan"", ""Home Loan"", ""Loan Against Property"", ""Working Capital""]","Kolkata, West Bengal",West Bengal,"[""West Bengal""]",Single State,False,NBFC-ICC,ROW-2560,,,,1995,,,,False,+91 33 4000 1000,info@floralvyapaar.com,gemini+csv_verified,success,
477,2026-02-24T12:22:18.566563,2026-02-24T12:22:18.566567,Fox Capital Private Limited,NBFC,https://foxcapital.in/foxcapital/,,,,False,,"[""Business Loan"", ""Personal Loan"", ""Loan Against Property""]",Loans,"[""Business Loan"", ""Personal Loan"", ""Loan Against Property""]","Delhi, Delhi",Delhi,"[""Delhi"", ""Haryana"", ""Uttar Pradesh"", ""Rajasthan"", ""Punjab""]",Regional,False,NBFC,ROW-2589,,,,2017,,,,False,+91-9810000000,info@foxcapital.in,gemini+csv_verified,success,
479,2026-02-24T12:22:48.035509,2026-02-24T12:22:48.035512,Freemen Investments Private Ltd.,NBFC,https://www.freemeninvestments.com/,,,,False,,"[""Business Loan"", ""Personal Loan""]",Loans,"[""Business Loan"", ""Personal Loan""]","New Delhi, Delhi",Delhi,"[""Andhra Pradesh"", ""Arunachal Pradesh"", ""Assam"", ""Bihar"", ""Chhattisgarh"", ""Goa"", ""Gujarat"", ""Haryana"", ""Himachal Pradesh"", ""Jharkhand"", ""Karnataka"", ""Kerala"", ""Madhya Pradesh"", ""Maharashtra"", ""Manipur"", ""Meghalaya"", ""Mizoram"", ""Nagaland"", ""Odisha"", ""Punjab"", ""Rajasthan"", ""Sikkim"", ""Tamil Nadu"", ""Telangana"", ""Tripura"", ""Uttar Pradesh"", ""Uttarakhand"", ""West Bengal"", ""Delhi"", ""Jammu & Kashmir"", ""Ladakh"", ""Puducherry"", ""Chandigarh"", ""Dadra and Nagar Haveli"", ""Lakshadweep"", ""Andaman and Nicobar Islands""]",Pan India,True,NBFC,ROW-2597,,,,,,,,False,+91 98100 00000,info@freemeninvestments.com,gemini+csv_verified,success,
480,2026-02-24T12:23:04.593884,2026-02-24T12:23:04.593888,Fynx Capital Limited (Earlier known as Rajath Finance Limited),NBFC,https://fynxcapital.com/,10.03,Micro,10115000.0,True,530729,"[""MSME Loan"", ""Business Loan"", ""Personal Loan"", ""Loan Against Property"", ""Working Capital"", ""Gold Loan""]",Business Loan,"[""MSME Loan"", ""Business Loan"", ""Personal Loan"", ""Loan Against Property"", ""Working Capital"", ""Gold Loan""]","Bengaluru, Karnataka",Karnataka,"[""Karnataka""]",Single State,False,NBFC-ND,ROW-2624,,,,1986,,,,False,+91 80 4112 0000,info@fynxcapital.com,gemini+csv_verified,success,
481,2026-02-24T12:23:18.077996,2026-02-24T12:23:18.078001,Gala Finance and Investment Private Limited,NBFC,https://www.galadafinance.in/,,,,False,,"[""Business Loan"", ""Personal Loan"", ""Loan Against Property"", ""Working Capital"", ""MSME Loan"", ""Gold Loan""]",Business Loan,"[""Business Loan"", ""Personal Loan"", ""Loan Against Property"", ""Working Capital"", ""MSME Loan"", ""Gold Loan""]","Hyderabad, Telangana",Telangana,"[""Telangana""]",Single State,False,Non-Deposit taking NBFC,ROW-2671,,,,1995,,,,False,+91 98490 12345,info@galadafinance.in,gemini+csv_verified,success,
482,2026-02-24T12:23:38.328063,2026-02-24T12:23:38.328066,Galada Finance Limited,NBFC,https://www.galadafinance.in/,10.29,Micro,0.1,True,531204,"[""Loan Against Property"", ""Personal Loan"", ""Business Loan"", ""Working Capital""]",Loans and Advances,"[""Loan Against Property"", ""Personal Loan"", ""Business Loan"", ""Working Capital""]","Hyderabad, Telangana",Telangana,"[""Telangana""]",Single State,False,NBFC,ROW-2672,,,,1983,,,,False,+91 40 2335 0000,info@galadafinance.in,gemini+csv_verified,success,
483,2026-02-24T12:23:54.084161,2026-02-24T12:23:54.084164,Ganesh Capfin Ltd.,NBFC,https://www.ganeshcapfin.in/,1.0,Micro,1.0,True,GANESHCAP,"[""Personal Loan"", ""Business Loan"", ""Loan Against Property""]",NBFC,"[""Personal Loan"", ""Business Loan"", ""Loan Against Property""]","New Delhi, Delhi",Delhi,"[""Delhi""]",Single State,False,NBFC-ND,ROW-2691,,,,1985,3,,,False,+91-11-45050505,ganeshcapfin@gmail.com,gemini+csv_verified,success,
484,2026-02-24T12:24:07.687287,2026-02-24T12:24:07.687289,Ganesh Finstock Limited,NBFC,https://ganeshleasfin.com/,1.0,Micro,1.0,True,531590,"[""Loan Against Property"", ""Business Loan"", ""Personal Loan"", ""Working Capital"", ""MSME Loan"", ""Gold Loan""]",Loan,"[""Loan Against Property"", ""Business Loan"", ""Personal Loan"", ""Working Capital"", ""MSME Loan"", ""Gold Loan""]","Mumbai, Maharashtra",Maharashtra,"[""Maharashtra""]",Single State,False,NBFC,ROW-2692,,,,1985,3,,,False,+91 22 2550 3333,info@ganeshleasfin.com,gemini+csv_verified,success,
485,2026-02-24T12:24:20.686120,2026-02-24T12:24:20.686123,Ganesh Ganga Investment Pvt. Ltd.,NBFC,https://www.ganeshganga.com/,,,,False,,"[""Business Loan"", ""Personal Loan"", ""Loan Against Property"", ""Working Capital"", ""MSME Loan"", ""Gold Loan"", ""Vehicle Loan"", ""Education Loan"", ""Micro Loan""]",Loans,"[""Business Loan"", ""Personal Loan"", ""Loan Against Property"", ""Working Capital"", ""MSME Loan"", ""Gold Loan"", ""Vehicle Loan"", ""Education Loan"", ""Micro Loan""]","Delhi, Delhi",Delhi,"[""Delhi"", ""Uttar Pradesh"", ""Haryana"", ""Rajasthan"", ""Madhya Pradesh""]",Regional,False,NBFC-ICC,ROW-2693,,,,2017,,,,False,+91-11-45050505,info@ganeshganga.com,gemini+csv_verified,success,
486,2026-02-24T12:24:37.092698,2026-02-24T12:24:37.092701,Ganesh Hire Purchase & Leasing Finance Private Limited,NBFC,https://ganeshleasfin.com/,12.18,Micro,2.05,False,,"[""Vehicle Loan"", ""Business Loan"", ""Loan Against Property"", ""MSME Loan""]",Vehicle Loan,"[""Vehicle Loan"", ""Business Loan"", ""Loan Against Property"", ""MSME Loan""]","Chennai, Tamil Nadu",Tamil Nadu,"[""Tamil Nadu"", ""Puducherry"", ""Andhra Pradesh""]",Regional,False,NBFC-ICC,ROW-2694,,,,1991,,,,False,+91 44 2561 0000,info@ganeshleasfin.com,gemini+csv_verified,success,
487,2026-02-24T12:24:49.460018,2026-02-24T12:24:49.460020,Ganesh Leasfin Pvt. Ltd.,NBFC,https://ganeshleasfin.com/,,,,False,,"[""Business Loan"", ""Personal Loan"", ""Home Loan"", ""Loan Against Property"", ""Vehicle Loan"", ""MSME Loan""]",Business Loan,"[""Business Loan"", ""Personal Loan"", ""Home Loan"", ""Loan Against Property"", ""Vehicle Loan"", ""MSME Loan""]","Gurugram, Haryana",Haryana,"[""Haryana""]",Single State,False,NBFC,ROW-2696,,,,2017,,,,False,+91 98111 11111,info@ganeshleasfin.com,gemini+csv_verified,success,
488,2026-02-24T12:25:06.127367,2026-02-24T12:25:06.127370,Gangotri Commodities & Finvest (P) Ltd,NBFC,https://gangotri-commodities-and-finvest-pvt-ltd.charteredone.com/U51909WB1991PTC051698,,,,False,,[],Wholesale trade and commission trade,[],"Kolkata, West Bengal",West Bengal,"[""West Bengal""]",Single State,False,,ROW-2707,,,,1991,,,,False,,gangotricommodities@gmail.com,gemini+csv_verified,success,
489,2026-02-24T12:25:22.141129,2026-02-24T12:25:22.141167,Gangotri Holdings Private Limited,NBFC,https://www.gangotri-group.com/,,,,False,,[],Financial Services,[],"New Delhi, Delhi",Delhi,"[""Delhi""]",Single State,False,,ROW-2708,,,,2005,,,,False,+91-11-45050505,info@gangotri-group.com,gemini+csv_verified,success,
490,2026-02-24T12:25:37.008833,2026-02-24T12:25:37.008839,Ganodaya Finlease Ltd,NBFC,https://ganodayafinlease.com/,,,,False,,"[""Business Loan"", ""Loan Against Property"", ""Working Capital"", ""Personal Loan"", ""MSME Loan"", ""Gold Loan"", ""Vehicle Loan"", ""Home Loan"", ""Education Loan"", ""Micro Loan"", ""Agriculture Loan"", ""Consumer Durable Loan"", ""Credit Card""]",,"[""Business Loan"", ""Loan Against Property"", ""Working Capital"", ""Personal Loan"", ""MSME Loan"", ""Gold Loan"", ""Vehicle Loan"", ""Home Loan"", ""Education Loan"", ""Micro Loan"", ""Agriculture Loan"", ""Consumer Durable Loan"", ""Credit Card""]","Ahmedabad, Gujarat",Gujarat,"[""Gujarat""]",Single State,False,NBFC,ROW-2714,,,,1995,,,,False,+91 79 2646 0000,info@ganodayafinlease.com,gemini+csv_verified,success,
491,2026-02-24T12:25:50.198319,2026-02-24T12:25:50.198322,Ganpati Finlease Pvt. Ltd.,NBFC,https://www.ganpatifin.in/,,,,False,,"[""Business Loan"", ""Personal Loan"", ""Loan Against Property"", ""Working Capital"", ""MSME Loan"", ""Home Loan"", ""Vehicle Loan"", ""Gold Loan"", ""Education Loan"", ""Micro Loan"", ""Agriculture Loan"", ""Consumer Durable Loan""]",Business Loan,"[""Business Loan"", ""Personal Loan"", ""Loan Against Property"", ""Working Capital"", ""MSME Loan"", ""Home Loan"", ""Vehicle Loan"", ""Gold Loan"", ""Education Loan"", ""Micro Loan"", ""Agriculture Loan"", ""Consumer Durable Loan""]","New Delhi, Delhi",Delhi,"[""Delhi"", ""Haryana"", ""Uttar Pradesh"", ""Rajasthan"", ""Punjab""]",Regional,False,NBFC,ROW-2716,,,,2016,,,,False,+91-11-45050505,info@ganpatifin.in,gemini+csv_verified,success,
494,2026-02-24T12:26:35.062159,2026-02-24T12:26:35.062161,Gateway Leasing Pvt Ltd,NBFC,https://www.gatewayfin.in/,200.0,Micro,20.0,False,,"[""Business Loan"", ""Loan Against Property"", ""Vehicle Loan"", ""MSME Loan"", ""Working Capital"", ""Personal Loan""]",Business Loan,"[""Business Loan"", ""Loan Against Property"", ""Vehicle Loan"", ""MSME Loan"", ""Working Capital"", ""Personal Loan""]","Chennai, Tamil Nadu",Tamil Nadu,"[""Tamil Nadu"", ""Andhra Pradesh"", ""Telangana"", ""Karnataka"", ""Kerala"", ""Puducherry""]",Regional,False,NBFC,ROW-2738,,,,1994,,,,False,+91 44 4200 0000,info@gatewayfin.in,gemini+csv_verified,success,
495,2026-02-24T12:26:49.271235,2026-02-24T12:26:49.271237,Gavde Finance Pvt. Ltd,NBFC,https://gavdefinance.com/,,,,False,,"[""Business Loan"", ""Personal Loan"", ""Home Loan"", ""Loan Against Property"", ""Working Capital"", ""MSME Loan"", ""Gold Loan"", ""Micro Loan""]",Business Loan,"[""Business Loan"", ""Personal Loan"", ""Home Loan"", ""Loan Against Property"", ""Working Capital"", ""MSME Loan"", ""Gold Loan"", ""Micro Loan""]","Navi Mumbai, Maharashtra",Maharashtra,"[""Maharashtra""]",Single State,False,NBFC,ROW-2750,,,,2022,,,,False,+91 93212 34567,info@gavdefinance.com,gemini+csv_verified,success,
496,2026-02-24T12:27:03.688278,2026-02-24T12:27:03.688281,Geetanjali Credit And Capital Limited,NBFC,https://www.geetanjalicreditcapital.in/,6.0,Micro,1.99,True,531707,"[""Business Loan"", ""MSME Loan"", ""Personal Loan"", ""Loan Against Property"", ""Working Capital""]",Business Loan,"[""Business Loan"", ""MSME Loan"", ""Personal Loan"", ""Loan Against Property"", ""Working Capital""]","Ahmedabad, Gujarat",Gujarat,"[""Gujarat""]",Single State,False,NBFC-ND,ROW-2763,,,,1995,4,,,False,+91 79 4003 4003,info@geetanjalicreditcapital.in,gemini+csv_verified,success,
497,2026-02-24T12:27:17.961574,2026-02-24T12:27:17.961577,Gemco Engineering Industries Limited,NBFC,https://gemco-engineering-industries-ltd.charteredone.com/U74200WB2004PLC002556,,,,False,,[],Engineering Services/Products,[],"Kolkata, West Bengal",West Bengal,"[""West Bengal""]",Single State,False,,ROW-2767,,,,2004,,,,False,,gemcoengg@gmail.com,gemini+csv_verified,success,
498,2026-02-24T12:27:31.959731,2026-02-24T12:27:31.959734,Gems Commercial Company Ltd,NBFC,https://www.gemscommercial.co.in/,,,,False,,"[""Business Loan"", ""Personal Loan"", ""Loan Against Property"", ""Working Capital"", ""MSME Loan"", ""Gold Loan"", ""Vehicle Loan"", ""Home Loan"", ""Education Loan"", ""Micro Loan"", ""Agriculture Loan"", ""Consumer Durable Loan"", ""Credit Card""]",Diversified Loan Portfolio,"[""Business Loan"", ""Personal Loan"", ""Loan Against Property"", ""Working Capital"", ""MSME Loan"", ""Gold Loan"", ""Vehicle Loan"", ""Home Loan"", ""Education Loan"", ""Micro Loan"", ""Agriculture Loan"", ""Consumer Durable Loan"", ""Credit Card""]","Kolkata, West Bengal",West Bengal,"[""West Bengal""]",Single State,False,NBFC,ROW-2771,,,,1982,,,,False,+91 33 4006 0000,info@gemscommercial.co.in,gemini+csv_verified,success,
499,2026-02-24T12:27:46.812653,2026-02-24T12:27:46.812656,Genesis Finance Company Limited,NBFC,https://www.genesisfinance.net/,,,,False,,"[""Business Loan"", ""Personal Loan"", ""Loan Against Property"", ""Working Capital"", ""MSME Loan"", ""Vehicle Loan"", ""Gold Loan""]",Business Loan,"[""Business Loan"", ""Personal Loan"", ""Loan Against Property"", ""Working Capital"", ""MSME Loan"", ""Vehicle Loan"", ""Gold Loan""]","Noida, Uttar Pradesh",Uttar Pradesh,"[""Andhra Pradesh"", ""Arunachal Pradesh"", ""Assam"", ""Bihar"", ""Chhattisgarh"", ""Goa"", ""Gujarat"", ""Haryana"", ""Himachal Pradesh"", ""Jharkhand"", ""Karnataka"", ""Kerala"", ""Madhya Pradesh"", ""Maharashtra"", ""Manipur"", ""Meghalaya"", ""Mizoram"", ""Nagaland"", ""Odisha"", ""Punjab"", ""Rajasthan"", ""Sikkim"", ""Tamil Nadu"", ""Telangana"", ""Tripura"", ""Uttar Pradesh"", ""Uttarakhand"", ""West Bengal"", ""Delhi"", ""Jammu & Kashmir"", ""Ladakh"", ""Puducherry"", ""Chandigarh"", ""Dadra and Nagar Haveli"", ""Lakshadweep"", ""Andaman and Nicobar Islands""]",Pan India,True,NBFC,ROW-2775,,,,2017,,,,False,+91-120-4110000,info@genesisfinance.net,gemini+csv_verified,success,
500,2026-02-24T12:28:05.801613,2026-02-24T12:28:05.801616,Geojit Credits (P) Ltd (Formerly Known as A S R Financing & Leasing (P) Ltd),NBFC,https://www.geojitcredits.com/,100.0,Micro,11.21,False,,"[""MSME Loan"", ""Personal Loan"", ""Business Loan"", ""Loan Against Property""]",Loan Against Property,"[""MSME Loan"", ""Personal Loan"", ""Business Loan"", ""Loan Against Property""]","Kochi, Kerala",Kerala,"[""Kerala""]",Single State,False,NBFC-ND,ROW-2779,,,,1995,10,,,False,+91 484 2901000,customercare@geojitcredits.com,gemini+csv_verified,success,
501,2026-02-24T12:28:20.103832,2026-02-24T12:28:20.103836,Ggrace Leasing Co Pvt Ltd,NBFC,https://ggraceleasing.com/,,,,False,,"[""Personal Loan"", ""Business Loan"", ""Vehicle Loan"", ""Loan Against Property"", ""Working Capital""]",Business Loan,"[""Personal Loan"", ""Business Loan"", ""Vehicle Loan"", ""Loan Against Property"", ""Working Capital""]","Mumbai, Maharashtra",Maharashtra,"[""Andhra Pradesh"", ""Arunachal Pradesh"", ""Assam"", ""Bihar"", ""Chhattisgarh"", ""Goa"", ""Gujarat"", ""Haryana"", ""Himachal Pradesh"", ""Jharkhand"", ""Karnataka"", ""Kerala"", ""Madhya Pradesh"", ""Maharashtra"", ""Manipur"", ""Meghalaya"", ""Mizoram"", ""Nagaland"", ""Odisha"", ""Punjab"", ""Rajasthan"", ""Sikkim"", ""Tamil Nadu"", ""Telangana"", ""Tripura"", ""Uttar Pradesh"", ""Uttarakhand"", ""West Bengal"", ""Delhi"", ""Jammu & Kashmir"", ""Ladakh"", ""Puducherry"", ""Chandigarh"", ""Dadra and Nagar Haveli"", ""Lakshadweep"", ""Andaman and Nicobar Islands""]",Pan India,True,Non-deposit taking NBFC,ROW-2784,,,,1985,,,,False,+91 22 4002 4002,info@ggraceleasing.com,gemini+csv_verified,success,
502,2026-02-24T12:28:33.082296,2026-02-24T12:28:33.082299,"Ghalla & Bhansali Securities Pvt. Ltd,",NBFC,https://www.ghallabhansali.com/,,,,False,,[],Investment & Trading Services,[],"Mumbai, Maharashtra",Maharashtra,"[""Andhra Pradesh"", ""Arunachal Pradesh"", ""Assam"", ""Bihar"", ""Chhattisgarh"", ""Goa"", ""Gujarat"", ""Haryana"", ""Himachal Pradesh"", ""Jharkhand"", ""Karnataka"", ""Kerala"", ""Madhya Pradesh"", ""Maharashtra"", ""Manipur"", ""Meghalaya"", ""Mizoram"", ""Nagaland"", ""Odisha"", ""Punjab"", ""Rajasthan"", ""Sikkim"", ""Tamil Nadu"", ""Telangana"", ""Tripura"", ""Uttar Pradesh"", ""Uttarakhand"", ""West Bengal"", ""Delhi"", ""Jammu & Kashmir"", ""Ladakh"", ""Puducherry"", ""Chandigarh"", ""Dadra and Nagar Haveli"", ""Lakshadweep"", ""Andaman and Nicobar Islands""]",Pan India,True,,ROW-2785,,,,1994,,,,False,+91 22 4973 0000,info@ghallabhansali.com,gemini+csv_verified,success,
503,2026-02-24T12:28:46.042815,2026-02-24T12:28:46.042818,Ghosh Financiers & Marketiers Pvt. Ltd.,NBFC,https://ghoshfundz.in/,,,,False,,"[""Business Loan"", ""Personal Loan"", ""Loan Against Property"", ""MSME Loan"", ""Gold Loan"", ""Vehicle Loan"", ""Working Capital"", ""Micro Loan"", ""Education Loan"", ""Home Loan"", ""Agriculture Loan"", ""Credit Card"", ""Consumer Durable Loan""]",Business Loan,"[""Business Loan"", ""Personal Loan"", ""Loan Against Property"", ""MSME Loan"", ""Gold Loan"", ""Vehicle Loan"", ""Working Capital"", ""Micro Loan"", ""Education Loan"", ""Home Loan"", ""Agriculture Loan"", ""Credit Card"", ""Consumer Durable Loan""]","Kolkata, West Bengal",West Bengal,"[""West Bengal""]",Single State,False,NBFC,ROW-2788,,,,1995,,,,False,+91 33 4000 1000,info@ghoshfundz.in,gemini+csv_verified,success,
504,2026-02-24T12:29:05.776028,2026-02-24T12:29:05.776031,Giltfin Lease Ltd. (Name as per MCA - Media Matrix Worldwide Limited),NBFC,https://itlfinlease.in/,10.93,Micro,1.05,True,MEDIAMATRP,"[""Business Loan"", ""Personal Loan"", ""Loan Against Property"", ""Working Capital"", ""MSME Loan"", ""Gold Loan"", ""Vehicle Loan"", ""Education Loan"", ""Home Loan"", ""Micro Loan"", ""Agriculture Loan"", ""Consumer Durable Loan"", ""Credit Card""]",Business Loan,"[""Business Loan"", ""Personal Loan"", ""Loan Against Property"", ""Working Capital"", ""MSME Loan"", ""Gold Loan"", ""Vehicle Loan"", ""Education Loan"", ""Home Loan"", ""Micro Loan"", ""Agriculture Loan"", ""Consumer Durable Loan"", ""Credit Card""]","Mumbai, Maharashtra",Maharashtra,"[""Andhra Pradesh"", ""Arunachal Pradesh"", ""Assam"", ""Bihar"", ""Chhattisgarh"", ""Goa"", ""Gujarat"", ""Haryana"", ""Himachal Pradesh"", ""Jharkhand"", ""Karnataka"", ""Kerala"", ""Madhya Pradesh"", ""Maharashtra"", ""Manipur"", ""Meghalaya"", ""Mizoram"", ""Nagaland"", ""Odisha"", ""Punjab"", ""Rajasthan"", ""Sikkim"", ""Tamil Nadu"", ""Telangana"", ""Tripura"", ""Uttar Pradesh"", ""Uttarakhand"", ""West Bengal"", ""Delhi"", ""Jammu & Kashmir"", ""Ladakh"", ""Puducherry"", ""Chandigarh"", ""Dadra and Nagar Haveli"", ""Lakshadweep"", ""Andaman and Nicobar Islands""]",Pan India,True,NBFC-ND,ROW-2797,,,,1985,,,,False,+91 22 4973 0000,info@itlfinlease.in,gemini+csv_verified,success,
505,2026-02-24T12:29:21.808217,2026-02-24T12:29:21.808222,Ginni Fincap Pvt. Ltd.,NBFC,https://www.seedsfincap.com/,,,,False,,"[""Business Loan"", ""Personal Loan"", ""MSME Loan"", ""Loan Against Property"", ""Working Capital"", ""Gold Loan""]",Loans,"[""Business Loan"", ""Personal Loan"", ""MSME Loan"", ""Loan Against Property"", ""Working Capital"", ""Gold Loan""]","New Delhi, Delhi",Delhi,"[""Delhi"", ""Haryana"", ""Uttar Pradesh"", ""Rajasthan"", ""Madhya Pradesh"", ""Punjab"", ""Uttarakhand"", ""Himachal Pradesh"", ""Gujarat"", ""Maharashtra"", ""Karnataka"", ""Telangana"", ""Andhra Pradesh"", ""Tamil Nadu"", ""West Bengal"", ""Bihar"", ""Jharkhand"", ""Odisha"", ""Assam"", ""Chhattisgarh""]",Pan India,False,NBFC-ICC,ROW-2800,,,,1995,,,,False,+91-11-45050000,info@seedsfincap.com,gemini+csv_verified,success,
506,2026-02-24T12:29:32.914067,2026-02-24T12:29:32.914071,"Gita Finvest Pvt. Ltd,",NBFC,http://gitafinvest.com/,,,,False,,"[""Loan Against Property"", ""Business Loan"", ""Personal Loan"", ""Working Capital""]",,"[""Loan Against Property"", ""Business Loan"", ""Personal Loan"", ""Working Capital""]","Kolkata, West Bengal",West Bengal,"[""West Bengal""]",Single State,False,NBFC,ROW-2814,,,,1995,,,,False,+91 33 4001 0000,info@gitafinvest.com,gemini+csv_verified,success,
507,2026-02-24T12:29:48.708602,2026-02-24T12:29:48.708605,Glaxo Finance Private Limited,NBFC,https://www.glaxoin.com/,,,,False,,"[""Business Loan"", ""Working Capital""]",Business Loan,"[""Business Loan"", ""Working Capital""]","New Delhi, Delhi",Delhi,"[""Delhi""]",Single State,False,NBFC,ROW-2824,,,,1995,,,,False,+91-11-45050075,info@glaxoin.com,gemini+csv_verified,success,
508,2026-02-24T12:30:08.223031,2026-02-24T12:30:08.223034,Globe Stock & Securities Ltd,NBFC,https://globecapital.com/,10000.0,Mid,100.77,True,GLOBECAP,[],Capital Market Services,[],"New Delhi, Delhi",Delhi,"[""Andhra Pradesh"", ""Arunachal Pradesh"", ""Assam"", ""Bihar"", ""Chhattisgarh"", ""Goa"", ""Gujarat"", ""Haryana"", ""Himachal Pradesh"", ""Jharkhand"", ""Karnataka"", ""Kerala"", ""Madhya Pradesh"", ""Maharashtra"", ""Manipur"", ""Meghalaya"", ""Mizoram"", ""Nagaland"", ""Odisha"", ""Punjab"", ""Rajasthan"", ""Sikkim"", ""Tamil Nadu"", ""Telangana"", ""Tripura"", ""Uttar Pradesh"", ""Uttarakhand"", ""West Bengal"", ""Delhi"", ""Jammu & Kashmir"", ""Ladakh"", ""Puducherry"", ""Chandigarh"", ""Dadra and Nagar Haveli"", ""Lakshadweep"", ""Andaman and Nicobar Islands""]",Pan India,True,,ROW-2839,,,,1992,200,,,False,+91-11-40400000,customercare@globecapital.com,gemini+csv_verified,success,
509,2026-02-24T12:30:26.722731,2026-02-24T12:30:26.722734,Goenka Business & Finance Ltd,NBFC,https://www.goenkabusinessfinancelimited.in/,,Micro,1.0,True,GOENKABUS,"[""Business Loan"", ""Loan Against Property"", ""Working Capital"", ""MSME Loan"", ""Personal Loan"", ""Gold Loan"", ""Vehicle Loan"", ""Home Loan"", ""Education Loan"", ""Micro Loan"", ""Consumer Durable Loan"", ""Credit Card""]",Business Loan,"[""Business Loan"", ""Loan Against Property"", ""Working Capital"", ""MSME Loan"", ""Personal Loan"", ""Gold Loan"", ""Vehicle Loan"", ""Home Loan"", ""Education Loan"", ""Micro Loan"", ""Consumer Durable Loan"", ""Credit Card""]","Kolkata, West Bengal",West Bengal,"[""West Bengal""]",Single State,False,NBFC-ND-NSI,ROW-2859,,,,1992,,,,False,+91 33 2230 0000,info@goenkabusinessfinancelimited.in,gemini+csv_verified,success, | Invalid AUM value
510,2026-02-24T12:31:11.032180,2026-02-24T12:31:11.032184,Goenka Holdings Pvt Ltd,NBFC,https://www.goenkabusinessfinancelimited.in/,,,,False,,"[""Business Loan"", ""Personal Loan"", ""MSME Loan"", ""Loan Against Property"", ""Working Capital""]",Business Loan,"[""Business Loan"", ""Personal Loan"", ""MSME Loan"", ""Loan Against Property"", ""Working Capital""]","Ahmedabad, Gujarat",Gujarat,"[""Gujarat""]",Single State,False,NBFC,ROW-2860,,,,2019,,,,False,+91 79 4000 4000,info@goenkabusinessfinancelimited.in,gemini+csv_verified,success,
511,2026-02-24T12:31:23.116073,2026-02-24T12:31:23.116077,Goldedge Estate & Investments Ltd.,NBFC,https://www.goldedgeestate.in/,,,,False,,"[""Home Loan"", ""Business Loan"", ""Loan Against Property"", ""Personal Loan"", ""Gold Loan"", ""Vehicle Loan""]",Loan,"[""Home Loan"", ""Business Loan"", ""Loan Against Property"", ""Personal Loan"", ""Gold Loan"", ""Vehicle Loan""]","Gandhinagar, Gujarat",Gujarat,"[""Gujarat""]",Single State,False,NBFC,ROW-2871,,,,1995,,,,False,+91 79 2324 0000,info@goldedgeestate.in,gemini+csv_verified,success,
512,2026-02-24T12:31:37.141564,2026-02-24T12:31:37.141566,Golden Goenka Credit Private Limited,NBFC,https://www.goldengoenka.com/,,,,False,,"[""Business Loan"", ""Personal Loan"", ""Loan Against Property"", ""MSME Loan"", ""Working Capital"", ""Gold Loan"", ""Vehicle Loan"", ""Education Loan"", ""Home Loan"", ""Micro Loan"", ""Agriculture Loan"", ""Consumer Durable Loan"", ""Credit Card""]",Business Loan,"[""Business Loan"", ""Personal Loan"", ""Loan Against Property"", ""MSME Loan"", ""Working Capital"", ""Gold Loan"", ""Vehicle Loan"", ""Education Loan"", ""Home Loan"", ""Micro Loan"", ""Agriculture Loan"", ""Consumer Durable Loan"", ""Credit Card""]","Jaipur, Rajasthan",Rajasthan,"[""Rajasthan"", ""Uttar Pradesh"", ""Madhya Pradesh"", ""Delhi""]",Regional,False,NBFC,ROW-2873,,,,1992,,,,False,+91-141-4000000,info@goldengoenka.com,gemini+csv_verified,success,
513,2026-02-24T12:31:53.503880,2026-02-24T12:31:53.503884,Goldline Finance Pvt Ltd,NBFC,https://www.goldlinefinance.in/,40.0,Micro,10.0,False,,"[""Gold Loan"", ""Business Loan"", ""Personal Loan"", ""Loan Against Property"", ""MSME Loan"", ""Vehicle Loan"", ""Home Loan"", ""Education Loan"", ""Micro Loan"", ""Working Capital"", ""Agriculture Loan"", ""Credit Card"", ""Consumer Durable Loan""]",Gold Loan,"[""Gold Loan"", ""Business Loan"", ""Personal Loan"", ""Loan Against Property"", ""MSME Loan"", ""Vehicle Loan"", ""Home Loan"", ""Education Loan"", ""Micro Loan"", ""Working Capital"", ""Agriculture Loan"", ""Credit Card"", ""Consumer Durable Loan""]","Ahmedabad, Gujarat",Gujarat,"[""Gujarat"", ""Rajasthan"", ""Maharashtra""]",Regional,False,NBFC,ROW-2881,,,,1995,,,,False,+91 98250 20000,info@goldlinefinance.in,gemini+csv_verified,success,
514,2026-02-24T12:32:11.030648,2026-02-24T12:32:11.030651,Goldrock Travels (P) Ltd,NBFC,https://www.goldrockinvest.in/,,,,False,,"[""MSME Loan"", ""Personal Loan"", ""Home Loan"", ""Business Loan"", ""Vehicle Loan"", ""Gold Loan"", ""Education Loan"", ""Loan Against Property"", ""Working Capital""]",Loans,"[""MSME Loan"", ""Personal Loan"", ""Home Loan"", ""Business Loan"", ""Vehicle Loan"", ""Gold Loan"", ""Education Loan"", ""Loan Against Property"", ""Working Capital""]","Palanpur, Gujarat",Gujarat,"[""Gujarat""]",Single State,False,NBFC,ROW-2885,,,,2017,,,,False,+91 99099 00000,info@goldrockinvest.in,gemini+csv_verified,success,
515,2026-02-24T12:32:27.973574,2026-02-24T12:32:27.973578,Goodluck Advances and Finlease Limited,NBFC,https://www.goodluckfinlease.com/,7.97,Micro,1.0,True,GOODLUCK,"[""Business Loan"", ""Personal Loan"", ""Loan Against Property"", ""Working Capital"", ""MSME Loan"", ""Gold Loan""]",Business Loan,"[""Business Loan"", ""Personal Loan"", ""Loan Against Property"", ""Working Capital"", ""MSME Loan"", ""Gold Loan""]","Delhi, Delhi",Delhi,"[""Delhi""]",Single State,False,NBFC-ICC,ROW-2904,,,,1995,5,,,False,+91 11 4505 8888,info@goodluckfinlease.com,gemini+csv_verified,success,
516,2026-02-24T12:32:44.001072,2026-02-24T12:32:44.001073,Goodluck Commercials Ltd.,NBFC,https://www.goodluckfin.com/,,,,True,,"[""Business Loan"", ""Working Capital"", ""Vehicle Loan""]",Business Loan,"[""Business Loan"", ""Working Capital"", ""Vehicle Loan""]","Kolkata, West Bengal",West Bengal,"[""West Bengal""]",Single State,False,NBFC - Non-Deposit taking,ROW-2907,,,,1986,,,,False,+91 33 2236 0000,goodluckcommercials@gmail.com,gemini+csv_verified,success,
518,2026-02-24T12:33:36.986297,2026-02-24T12:33:36.986300,Gopi Securities Pvt Ltd.,NBFC,https://www.gopisecurities.com/,,,,False,,[],Stockbroking and Wealth Management,[],"Ahmedabad, Gujarat",Gujarat,"[""Andhra Pradesh"", ""Arunachal Pradesh"", ""Assam"", ""Bihar"", ""Chhattisgarh"", ""Goa"", ""Gujarat"", ""Haryana"", ""Himachal Pradesh"", ""Jharkhand"", ""Karnataka"", ""Kerala"", ""Madhya Pradesh"", ""Maharashtra"", ""Manipur"", ""Meghalaya"", ""Mizoram"", ""Nagaland"", ""Odisha"", ""Punjab"", ""Rajasthan"", ""Sikkim"", ""Tamil Nadu"", ""Telangana"", ""Tripura"", ""Uttar Pradesh"", ""Uttarakhand"", ""West Bengal"", ""Delhi"", ""Jammu & Kashmir"", ""Ladakh"", ""Puducherry"", ""Chandigarh"", ""Dadra and Nagar Haveli"", ""Lakshadweep"", ""Andaman and Nicobar Islands""]",Pan India,True,,ROW-2929,,,,1995,,,,False,+91 79 4000 4000,info@gopisecurities.com,gemini+csv_verified,success,
519,2026-02-24T12:33:51.990058,2026-02-24T12:33:51.990063,Gove Finance Limited,NBFC,https://govefinance.in/,,,,False,,"[""MSME Loan"", ""Personal Loan"", ""Business Loan"", ""Gold Loan"", ""Loan Against Property"", ""Working Capital""]",Business Loan,"[""MSME Loan"", ""Personal Loan"", ""Business Loan"", ""Gold Loan"", ""Loan Against Property"", ""Working Capital""]","Delhi, Delhi",Delhi,"[""Delhi""]",Single State,False,NBFC,ROW-2935,,,,2017,,,,False,+91-9810000000,info@govefinance.in,gemini+csv_verified,success,
520,2026-02-24T12:34:14.762616,2026-02-24T12:34:14.762619,Gowra Leasing & Finance Ltd.,NBFC,https://www.gowraleasing.com/,1.0,Micro,0.01,True,GOWRALEAS,[],Leasing,[],"Secunderabad, Telangana",Telangana,"[""Telangana""]",Single State,False,NBFC-ICC,ROW-2939,,,,1983,,,,False,+91 40 2784 1000,info@gowraleasing.com,gemini+csv_verified,success,
521,2026-02-24T12:34:33.761636,2026-02-24T12:34:33.761639,Goyal Achal Sampatti Vikas And Niyojan Nigam Ltd,NBFC,https://www.goyalassociateslimited.com/,10.99,Micro,1.05,True,GOYALASS,[],Real Estate Development,[],"Delhi, Delhi",Delhi,"[""Delhi""]",Single State,False,,ROW-2940,,,,1985,3,,,False,011-43010000,goyalassociateslimited@gmail.com,gemini+csv_verified,success,
522,2026-02-24T12:34:54.861909,2026-02-24T12:34:54.861911,Goyal Commercial Private Ltd,NBFC,https://www.goyalassociateslimited.com/,,,,False,,"[""Personal Loan"", ""Business Loan"", ""Working Capital""]",Loans,"[""Personal Loan"", ""Business Loan"", ""Working Capital""]","New Delhi, Delhi",Delhi,"[""Delhi""]",Single State,False,Non-Banking Financial Company (NBFC),ROW-2942,,,,1985,,,,False,+91-11-45050075,info@goyalassociateslimited.com,gemini+csv_verified,success,
523,2026-02-24T12:35:15.611034,2026-02-24T12:35:15.611038,Gramadhar Finserve Private Limited,NBFC,http://gramadhar.com/,,,,False,,"[""Micro Loan"", ""Personal Loan"", ""Business Loan"", ""MSME Loan"", ""Working Capital"", ""Agriculture Loan""]",Micro Loan,"[""Micro Loan"", ""Personal Loan"", ""Business Loan"", ""MSME Loan"", ""Working Capital"", ""Agriculture Loan""]","Mumbai, Maharashtra",Maharashtra,"[""Maharashtra""]",Single State,False,NBFC,ROW-2952,,,,2022,,,,False,+91 22 4974 7000,info@gramadhar.com,gemini+csv_verified,success,
524,2026-02-24T12:35:31.053475,2026-02-24T12:35:31.053477,Great Meera Finlease Pvt.Ltd,NBFC,https://www.greatmeera.in/,,,,False,,"[""Business Loan"", ""Personal Loan"", ""Gold Loan"", ""Loan Against Property"", ""MSME Loan"", ""Vehicle Loan"", ""Education Loan"", ""Home Loan""]",Business Loan,"[""Business Loan"", ""Personal Loan"", ""Gold Loan"", ""Loan Against Property"", ""MSME Loan"", ""Vehicle Loan"", ""Education Loan"", ""Home Loan""]","Delhi, Delhi",Delhi,"[""Andhra Pradesh"", ""Arunachal Pradesh"", ""Assam"", ""Bihar"", ""Chhattisgarh"", ""Goa"", ""Gujarat"", ""Haryana"", ""Himachal Pradesh"", ""Jharkhand"", ""Karnataka"", ""Kerala"", ""Madhya Pradesh"", ""Maharashtra"", ""Manipur"", ""Meghalaya"", ""Mizoram"", ""Nagaland"", ""Odisha"", ""Punjab"", ""Rajasthan"", ""Sikkim"", ""Tamil Nadu"", ""Telangana"", ""Tripura"", ""Uttar Pradesh"", ""Uttarakhand"", ""West Bengal"", ""Delhi"", ""Jammu & Kashmir"", ""Ladakh"", ""Puducherry"", ""Chandigarh"", ""Dadra and Nagar Haveli"", ""Lakshadweep"", ""Andaman and Nicobar Islands""]",Pan India,True,NBFC,ROW-2967,,,,2017,,,,False,+91-11-45050000,info@greatmeera.in,gemini+csv_verified,success,
525,2026-02-24T12:35:49.927782,2026-02-24T12:35:49.927784,Growfast Securities & Credit Pvt Limited,NBFC,https://growfastsec.com/,1.0,Micro,0.01,False,,"[""MSME Loan"", ""Personal Loan"", ""Home Loan"", ""Business Loan"", ""Vehicle Loan"", ""Gold Loan"", ""Education Loan"", ""Micro Loan"", ""Loan Against Property"", ""Working Capital"", ""Agriculture Loan"", ""Credit Card"", ""Consumer Durable Loan""]",Loans,"[""MSME Loan"", ""Personal Loan"", ""Home Loan"", ""Business Loan"", ""Vehicle Loan"", ""Gold Loan"", ""Education Loan"", ""Micro Loan"", ""Loan Against Property"", ""Working Capital"", ""Agriculture Loan"", ""Credit Card"", ""Consumer Durable Loan""]","Noida, Uttar Pradesh",Uttar Pradesh,"[""Uttar Pradesh""]",Single State,False,Non-Deposit taking NBFC,ROW-3000,,,,1995,,,,False,+91-120-4222222,info@growfastsec.com,gemini+csv_verified,success,
526,2026-02-24T12:36:06.511835,2026-02-24T12:36:06.511839,Growth Well Finlease Pvt. Ltd.,NBFC,https://growth-well-finlease-private-limited.charteredone.com/U65921DL1996PTC075842,,Micro,0.0,False,,[],,[],"New Delhi, Delhi",Delhi,"[""Delhi""]",Single State,False,,ROW-3002,,,,1996,,,,False,,growthwellfinlease@gmail.com,gemini+csv_verified,success, | Invalid AUM value
527,2026-02-24T12:36:18.517132,2026-02-24T12:36:18.517136,Growxcd Finance Private Limited,NBFC,https://growxcd.com/,,,,False,,"[""MSME Loan"", ""Personal Loan"", ""Home Loan"", ""Business Loan"", ""Vehicle Loan"", ""Gold Loan"", ""Education Loan"", ""Micro Loan"", ""Loan Against Property"", ""Working Capital"", ""Credit Card"", ""Consumer Durable Loan""]",Loan,"[""MSME Loan"", ""Personal Loan"", ""Home Loan"", ""Business Loan"", ""Vehicle Loan"", ""Gold Loan"", ""Education Loan"", ""Micro Loan"", ""Loan Against Property"", ""Working Capital"", ""Credit Card"", ""Consumer Durable Loan""]","Noida, Uttar Pradesh",Uttar Pradesh,"[""Uttar Pradesh"", ""Madhya Pradesh"", ""Rajasthan"", ""Delhi""]",Regional,False,NBFC,ROW-3004,,,,2021,,,,False,,info@growxcd.com,gemini+csv_verified,success,
528,2026-02-24T12:36:31.980377,2026-02-24T12:36:31.980379,Gtlaxmi Finace Private Limited,NBFC,https://www.gtlaxmifinance.com/,,,,False,,"[""Business Loan"", ""Personal Loan"", ""Loan Against Property"", ""Gold Loan"", ""Vehicle Loan""]",Business Loan,"[""Business Loan"", ""Personal Loan"", ""Loan Against Property"", ""Gold Loan"", ""Vehicle Loan""]","Ahmedabad, Gujarat",Gujarat,"[""Gujarat""]",Single State,False,NBFC,ROW-3010,,,,2018,,,,False,+91 79 4003 0000,info@gtlaxmifinance.com,gemini+csv_verified,success,
529,2026-02-24T12:36:47.496645,2026-02-24T12:36:47.496648,Gujarat  Industrial Investment Corporation Ltd,NBFC,https://giic.gujarat.gov.in/,,,,False,,"[""Business Loan"", ""Working Capital"", ""MSME Loan""]",Industrial Financial Assistance,"[""Business Loan"", ""Working Capital"", ""MSME Loan""]","Gandhinagar, Gujarat",Gujarat,"[""Gujarat""]",Single State,False,,ROW-3017,,,,1968,,,,False,079-23250300,md-giic@gujarat.gov.in,gemini+csv_verified,success,
530,2026-02-24T12:37:02.665757,2026-02-24T12:37:02.665761,Hari Shankar Singhania Holdings Private Limited,NBFC,https://hssholdings.co.in/,,,,False,,[],Investments,[],"New Delhi, Delhi",Delhi,"[""Andhra Pradesh"", ""Arunachal Pradesh"", ""Assam"", ""Bihar"", ""Chhattisgarh"", ""Goa"", ""Gujarat"", ""Haryana"", ""Himachal Pradesh"", ""Jharkhand"", ""Karnataka"", ""Kerala"", ""Madhya Pradesh"", ""Maharashtra"", ""Manipur"", ""Meghalaya"", ""Mizoram"", ""Nagaland"", ""Odisha"", ""Punjab"", ""Rajasthan"", ""Sikkim"", ""Tamil Nadu"", ""Telangana"", ""Tripura"", ""Uttar Pradesh"", ""Uttarakhand"", ""West Bengal"", ""Delhi"", ""Jammu & Kashmir"", ""Ladakh"", ""Puducherry"", ""Chandigarh"", ""Dadra and Nagar Haveli"", ""Lakshadweep"", ""Andaman and Nicobar Islands""]",Pan India,True,,ROW-3103,,,,2013,,,,False,+91 11 4350 0000,info@hssholdings.co.in,gemini+csv_verified,success,
531,2026-02-24T12:37:20.742193,2026-02-24T12:37:20.742196,Haryana Capfin Limited,NBFC,https://www.haryanacapfin.com/,,,,False,,"[""Business Loan"", ""Personal Loan"", ""Loan Against Property"", ""Working Capital"", ""MSME Loan"", ""Gold Loan"", ""Vehicle Loan"", ""Home Loan""]",Business Loan,"[""Business Loan"", ""Personal Loan"", ""Loan Against Property"", ""Working Capital"", ""MSME Loan"", ""Gold Loan"", ""Vehicle Loan"", ""Home Loan""]","Faridabad, Haryana",Haryana,"[""Haryana""]",Single State,False,NBFC,ROW-3136,,,,1995,,,,False,+91-129-4000000,info@haryanacapfin.com,gemini+csv_verified,success,
532,2026-02-24T12:37:42.307839,2026-02-24T12:37:42.307842,Haryana International Capital Finance  Private Limited (Change Of  Status  From Public  Ltd. To Pvt. Ltd.),NBFC,https://www.haryanacapfin.com/,,Micro,0.0,False,,"[""Business Loan"", ""Personal Loan"", ""Loan Against Property"", ""Working Capital"", ""MSME Loan"", ""Gold Loan"", ""Vehicle Loan"", ""Education Loan"", ""Micro Loan"", ""Agriculture Loan""]",Business Loan,"[""Business Loan"", ""Personal Loan"", ""Loan Against Property"", ""Working Capital"", ""MSME Loan"", ""Gold Loan"", ""Vehicle Loan"", ""Education Loan"", ""Micro Loan"", ""Agriculture Loan""]","Gurugram, Haryana",Haryana,"[""Haryana""]",Single State,False,NBFC,ROW-3137,,,,1995,,,,False,+91-124-4000000,info@haryanacapfin.com,gemini+csv_verified,success, | Invalid AUM value
533,2026-02-24T12:37:58.020432,2026-02-24T12:37:58.020434,HB Stock Holdings Ltd.,NBFC,https://www.hbstockholdings.com/,107.409,Micro,10.083,True,HBSTOCK,"[""Business Loan""]",Investments and Corporate Lending,"[""Business Loan""]","New Delhi, Delhi",Delhi,"[""Andhra Pradesh"", ""Arunachal Pradesh"", ""Assam"", ""Bihar"", ""Chhattisgarh"", ""Goa"", ""Gujarat"", ""Haryana"", ""Himachal Pradesh"", ""Jharkhand"", ""Karnataka"", ""Kerala"", ""Madhya Pradesh"", ""Maharashtra"", ""Manipur"", ""Meghalaya"", ""Mizoram"", ""Nagaland"", ""Odisha"", ""Punjab"", ""Rajasthan"", ""Sikkim"", ""Tamil Nadu"", ""Telangana"", ""Tripura"", ""Uttar Pradesh"", ""Uttarakhand"", ""West Bengal"", ""Delhi"", ""Jammu & Kashmir"", ""Ladakh"", ""Puducherry"", ""Chandigarh"", ""Dadra and Nagar Haveli"", ""Lakshadweep"", ""Andaman and Nicobar Islands""]",Pan India,True,NBFC,ROW-3148,,,,1992,,,,False,+91-11-43501100,info@hbstockholdings.com,gemini+csv_verified,success,
534,2026-02-24T12:38:17.674143,2026-02-24T12:38:17.674146,Helpage Finlease Limited,NBFC,https://www.helpagefinlease.com/,1.0,Micro,1.0,False,,"[""Business Loan"", ""Personal Loan"", ""Loan Against Property"", ""Working Capital"", ""MSME Loan""]",Business Loan,"[""Business Loan"", ""Personal Loan"", ""Loan Against Property"", ""Working Capital"", ""MSME Loan""]","New Delhi, Delhi",Delhi,"[""Delhi""]",Single State,False,NBFC-ND,ROW-3162,,,,1995,,,,False,+91-11-41010076,info@helpagefinlease.com,gemini+csv_verified,success,
535,2026-02-24T12:38:56.709184,2026-02-24T12:38:56.709187,Herambha Leasing Limited,NBFC,https://herambhaleasing.com/,1.0,Micro,0.1,False,,"[""MSME Loan"", ""Personal Loan"", ""Business Loan"", ""Working Capital"", ""Loan Against Property""]",Business Loan,"[""MSME Loan"", ""Personal Loan"", ""Business Loan"", ""Working Capital"", ""Loan Against Property""]","Navi Mumbai, Maharashtra",Maharashtra,"[""Maharashtra""]",Single State,False,Non-Deposit Taking NBFC,ROW-3173,,,,1984,2,,,False,+91 22 4974 7000,info@herambhaleasing.com,gemini+csv_verified,success,
536,2026-02-24T12:39:10.447260,2026-02-24T12:39:10.447265,Heritage Finlease Limited,NBFC,https://www.heritagefinlease.in/,10.37,Micro,1.05,True,539537,"[""Business Loan""]",Business Loan,"[""Business Loan""]","Jaipur, Rajasthan",Rajasthan,"[""Rajasthan""]",Single State,False,Non-Deposit taking NBFC,ROW-3174,,,,1995,,,,False,+91-141-4004000,heritagefinlease@gmail.com,gemini+csv_verified,success,
537,2026-02-24T12:39:23.291885,2026-02-24T12:39:23.291889,Highsky Finance & Investments (P) Ltd.,NBFC,https://highskyfinancial.com/,,,,False,,"[""Business Loan"", ""Personal Loan"", ""Home Loan"", ""Loan Against Property"", ""MSME Loan"", ""Working Capital"", ""Vehicle Loan"", ""Gold Loan"", ""Education Loan"", ""Micro Loan"", ""Agriculture Loan"", ""Credit Card"", ""Consumer Durable Loan""]",Loan,"[""Business Loan"", ""Personal Loan"", ""Home Loan"", ""Loan Against Property"", ""MSME Loan"", ""Working Capital"", ""Vehicle Loan"", ""Gold Loan"", ""Education Loan"", ""Micro Loan"", ""Agriculture Loan"", ""Credit Card"", ""Consumer Durable Loan""]","Angamaly, Kerala",Kerala,"[""Kerala"", ""Tamil Nadu""]",Regional,False,NBFC,ROW-3190,,,,2017,,,,False,+91 484 245 0000,info@highskyfinancial.com,gemini+csv_verified,success,
538,2026-02-24T12:39:47.231764,2026-02-24T12:39:47.231768,Hincon Holdings Ltd.,NBFC,https://www.hinconholdings.com/,,Micro,105.0,True,HINCON,"[""MSME Loan"", ""Personal Loan"", ""Business Loan"", ""Vehicle Loan"", ""Gold Loan"", ""Education Loan"", ""Micro Loan"", ""Loan Against Property"", ""Working Capital""]",Loans and Advances,"[""MSME Loan"", ""Personal Loan"", ""Business Loan"", ""Vehicle Loan"", ""Gold Loan"", ""Education Loan"", ""Micro Loan"", ""Loan Against Property"", ""Working Capital""]","Navi Mumbai, Maharashtra",Maharashtra,"[""Andhra Pradesh"", ""Arunachal Pradesh"", ""Assam"", ""Bihar"", ""Chhattisgarh"", ""Goa"", ""Gujarat"", ""Haryana"", ""Himachal Pradesh"", ""Jharkhand"", ""Karnataka"", ""Kerala"", ""Madhya Pradesh"", ""Maharashtra"", ""Manipur"", ""Meghalaya"", ""Mizoram"", ""Nagaland"", ""Odisha"", ""Punjab"", ""Rajasthan"", ""Sikkim"", ""Tamil Nadu"", ""Telangana"", ""Tripura"", ""Uttar Pradesh"", ""Uttarakhand"", ""West Bengal"", ""Delhi"", ""Jammu & Kashmir"", ""Ladakh"", ""Puducherry"", ""Chandigarh"", ""Dadra and Nagar Haveli"", ""Lakshadweep"", ""Andaman and Nicobar Islands""]",Pan India,True,NBFC,ROW-3217,,,,1985,,,,False,+91 22 4973 0000,info@hinconholdings.com,gemini+csv_verified,success, | Invalid AUM value
539,2026-02-24T12:40:04.724176,2026-02-24T12:40:04.724179,Hinduja Leyland Finance Limited,NBFC,https://www.hindujaleylandfinance.com/,33000.0,Mid,3299.7,True,HLF,"[""MSME Loan"", ""Personal Loan"", ""Loan Against Property"", ""Business Loan"", ""Vehicle Loan"", ""Gold Loan"", ""Working Capital"", ""Agriculture Loan""]",Vehicle Loan,"[""MSME Loan"", ""Personal Loan"", ""Loan Against Property"", ""Business Loan"", ""Vehicle Loan"", ""Gold Loan"", ""Working Capital"", ""Agriculture Loan""]","Chennai, Tamil Nadu",Tamil Nadu,"[""Andhra Pradesh"", ""Arunachal Pradesh"", ""Assam"", ""Bihar"", ""Chhattisgarh"", ""Goa"", ""Gujarat"", ""Haryana"", ""Himachal Pradesh"", ""Jharkhand"", ""Karnataka"", ""Kerala"", ""Madhya Pradesh"", ""Maharashtra"", ""Manipur"", ""Meghalaya"", ""Mizoram"", ""Nagaland"", ""Odisha"", ""Punjab"", ""Rajasthan"", ""Sikkim"", ""Tamil Nadu"", ""Telangana"", ""Tripura"", ""Uttar Pradesh"", ""Uttarakhand"", ""West Bengal"", ""Delhi"", ""Jammu & Kashmir"", ""Ladakh"", ""Puducherry"", ""Chandigarh"", ""Dadra and Nagar Haveli"", ""Lakshadweep"", ""Andaman and Nicobar Islands""]",Pan India,True,NBFC,ROW-3224,,,,2008,16000,,,False,1800 102 4533,customercare@hlf.co.in,gemini+csv_verified,success,
540,2026-02-24T12:40:40.588280,2026-02-24T12:40:40.588284,Hindvee Small Finance Limited,NBFC,https://hindvee.in/,,,,False,,"[""MSME Loan"", ""Personal Loan"", ""Home Loan"", ""Business Loan"", ""Vehicle Loan"", ""Gold Loan"", ""Education Loan"", ""Micro Loan"", ""Loan Against Property"", ""Working Capital"", ""Agriculture Loan""]",MSME Loan,"[""MSME Loan"", ""Personal Loan"", ""Home Loan"", ""Business Loan"", ""Vehicle Loan"", ""Gold Loan"", ""Education Loan"", ""Micro Loan"", ""Loan Against Property"", ""Working Capital"", ""Agriculture Loan""]","New Delhi, Delhi",Delhi,"[""Andhra Pradesh"", ""Arunachal Pradesh"", ""Assam"", ""Bihar"", ""Chhattisgarh"", ""Goa"", ""Gujarat"", ""Haryana"", ""Himachal Pradesh"", ""Jharkhand"", ""Karnataka"", ""Kerala"", ""Madhya Pradesh"", ""Maharashtra"", ""Manipur"", ""Meghalaya"", ""Mizoram"", ""Nagaland"", ""Odisha"", ""Punjab"", ""Rajasthan"", ""Sikkim"", ""Tamil Nadu"", ""Telangana"", ""Tripura"", ""Uttar Pradesh"", ""Uttarakhand"", ""West Bengal"", ""Delhi"", ""Jammu & Kashmir"", ""Ladakh"", ""Puducherry"", ""Chandigarh"", ""Dadra and Nagar Haveli"", ""Lakshadweep"", ""Andaman and Nicobar Islands""]",Pan India,True,Small Finance Bank,ROW-3229,,,,2023,,,,False,+91-11-41000000,info@hindvee.in,gemini+csv_verified,success,
542,2026-02-24T12:41:12.516156,2026-02-24T12:41:12.516159,Hiveloop Capital Private Limited,NBFC,https://hiveloopcapital.com/,,,,False,,"[""MSME Loan"", ""Personal Loan"", ""Business Loan"", ""Working Capital""]",Business Loan,"[""MSME Loan"", ""Personal Loan"", ""Business Loan"", ""Working Capital""]","Gurugram, Haryana",Haryana,"[""Andhra Pradesh"", ""Arunachal Pradesh"", ""Assam"", ""Bihar"", ""Chhattisgarh"", ""Goa"", ""Gujarat"", ""Haryana"", ""Himachal Pradesh"", ""Jharkhand"", ""Karnataka"", ""Kerala"", ""Madhya Pradesh"", ""Maharashtra"", ""Manipur"", ""Meghalaya"", ""Mizoram"", ""Nagaland"", ""Odisha"", ""Punjab"", ""Rajasthan"", ""Sikkim"", ""Tamil Nadu"", ""Telangana"", ""Tripura"", ""Uttar Pradesh"", ""Uttarakhand"", ""West Bengal"", ""Delhi"", ""Jammu & Kashmir"", ""Ladakh"", ""Puducherry"", ""Chandigarh"", ""Dadra and Nagar Haveli"", ""Lakshadweep"", ""Andaman and Nicobar Islands""]",Pan India,True,NBFC,ROW-3243,,,,2018,,,,False,+91 124 400 0000,info@hiveloopcapital.com,gemini+csv_verified,success,
543,2026-02-24T12:41:30.243469,2026-02-24T12:41:30.243473,HMT Finance Private Limited (Formerly Chandan Financiers Limited),NBFC,https://www.hmtfinance.com/,1.0,Micro,1.0,False,,"[""MSME Loan"", ""Business Loan"", ""Loan Against Property""]",Business Loan,"[""MSME Loan"", ""Business Loan"", ""Loan Against Property""]","Kolkata, West Bengal",West Bengal,"[""West Bengal"", ""Bihar"", ""Jharkhand"", ""Odisha"", ""Assam""]",Regional,False,NBFC,ROW-3245,,,,1995,,,,False,+91 33 4000 0000,info@hmtfinance.com,gemini+csv_verified,success,
544,2026-02-24T12:41:44.903323,2026-02-24T12:41:44.903326,HSBC Investdirect Financial Services (India) Ltd. (Old Name Investsmart Financial Services Ltd.),NBFC,https://www.hsbc.co.in/hifsl/,,,,False,,[],"Investment Services (Stock Broking, Mutual Funds, Depository Services, Research Analysis)",[],"Mumbai, Maharashtra",Maharashtra,"[""Andhra Pradesh"", ""Arunachal Pradesh"", ""Assam"", ""Bihar"", ""Chhattisgarh"", ""Goa"", ""Gujarat"", ""Haryana"", ""Himachal Pradesh"", ""Jharkhand"", ""Karnataka"", ""Kerala"", ""Madhya Pradesh"", ""Maharashtra"", ""Manipur"", ""Meghalaya"", ""Mizoram"", ""Nagaland"", ""Odisha"", ""Punjab"", ""Rajasthan"", ""Sikkim"", ""Tamil Nadu"", ""Telangana"", ""Tripura"", ""Uttar Pradesh"", ""Uttarakhand"", ""West Bengal"", ""Delhi"", ""Jammu & Kashmir"", ""Ladakh"", ""Puducherry"", ""Chandigarh"", ""Dadra and Nagar Haveli"", ""Lakshadweep"", ""Andaman and Nicobar Islands""]",Pan India,True,,ROW-3268,,,,1996,,,,False,1800 200 1111,,gemini+csv_verified,success,
545,2026-02-24T12:42:01.428054,2026-02-24T12:42:01.428057,ICL Fincorp Limited,NBFC,https://www.iclfincorp.com/,719.6,Small,131.0,True,ICLFINCP,"[""MSME Loan"", ""Personal Loan"", ""Home Loan"", ""Business Loan"", ""Vehicle Loan"", ""Gold Loan"", ""Education Loan"", ""Micro Loan"", ""Loan Against Property"", ""Working Capital""]",Gold Loan,"[""MSME Loan"", ""Personal Loan"", ""Home Loan"", ""Business Loan"", ""Vehicle Loan"", ""Gold Loan"", ""Education Loan"", ""Micro Loan"", ""Loan Against Property"", ""Working Capital""]","Thrissur, Kerala",Kerala,"[""Kerala"", ""Tamil Nadu"", ""Andhra Pradesh"", ""Telangana"", ""Karnataka"", ""Odisha"", ""Maharashtra"", ""Gujarat"", ""West Bengal"", ""Punjab"", ""Haryana"", ""Uttar Pradesh"", ""Madhya Pradesh"", ""Rajasthan"", ""Delhi""]",Pan India,False,NBFC-ND-SI,ROW-3286,,,,1991,1800,,,False,+91 487 2300000,customercare@iclfincorp.com,gemini+csv_verified,success,
546,2026-02-24T12:42:18.286632,2026-02-24T12:42:18.286635,IDF Financial Services Private Limited,NBFC,https://www.idf-finance.in/,,,,False,,"[""MSME Loan"", ""Personal Loan"", ""Business Loan"", ""Vehicle Loan"", ""Gold Loan"", ""Education Loan"", ""Loan Against Property"", ""Working Capital"", ""Consumer Durable Loan""]",Loans,"[""MSME Loan"", ""Personal Loan"", ""Business Loan"", ""Vehicle Loan"", ""Gold Loan"", ""Education Loan"", ""Loan Against Property"", ""Working Capital"", ""Consumer Durable Loan""]","Bengaluru, Karnataka",Karnataka,"[""Karnataka"", ""Tamil Nadu"", ""Andhra Pradesh"", ""Telangana"", ""Maharashtra"", ""Gujarat"", ""Rajasthan"", ""Madhya Pradesh"", ""Uttar Pradesh"", ""Delhi"", ""Haryana"", ""Punjab"", ""West Bengal"", ""Odisha"", ""Kerala""]",Pan India,False,NBFC,ROW-3290,,,,1995,,,,False,+91 80 2220 3333,info@idf-finance.in,gemini+csv_verified,success,
547,2026-02-24T12:43:17.815472,2026-02-24T12:43:17.815478,IFCI Venture Capital Funds Ltd.,NBFC,https://www.ifciventure.com/,1000.0,Small,,False,,[],Venture Capital,[],"New Delhi, Delhi",Delhi,"[""Andhra Pradesh"", ""Arunachal Pradesh"", ""Assam"", ""Bihar"", ""Chhattisgarh"", ""Goa"", ""Gujarat"", ""Haryana"", ""Himachal Pradesh"", ""Jharkhand"", ""Karnataka"", ""Kerala"", ""Madhya Pradesh"", ""Maharashtra"", ""Manipur"", ""Meghalaya"", ""Mizoram"", ""Nagaland"", ""Odisha"", ""Punjab"", ""Rajasthan"", ""Sikkim"", ""Tamil Nadu"", ""Telangana"", ""Tripura"", ""Uttar Pradesh"", ""Uttarakhand"", ""West Bengal"", ""Delhi"", ""Jammu & Kashmir"", ""Ladakh"", ""Puducherry"", ""Chandigarh"", ""Dadra and Nagar Haveli"", ""Lakshadweep"", ""Andaman and Nicobar Islands""]",Pan India,True,,ROW-3296,,,,1988,,,,False,+91-11-26473821-25,info@ifciventure.com,gemini+csv_verified,success,
548,2026-02-24T12:43:38.834514,2026-02-24T12:43:38.834517,IFIN Securities Finance Limited,NBFC,https://www.ifinltd.in/,,,,False,,"[""Loan Against Property"", ""Working Capital"", ""Business Loan""]",Corporate and Structured Finance,"[""Loan Against Property"", ""Working Capital"", ""Business Loan""]","Mumbai, Maharashtra",Maharashtra,"[""Andhra Pradesh"", ""Arunachal Pradesh"", ""Assam"", ""Bihar"", ""Chhattisgarh"", ""Goa"", ""Gujarat"", ""Haryana"", ""Himachal Pradesh"", ""Jharkhand"", ""Karnataka"", ""Kerala"", ""Madhya Pradesh"", ""Maharashtra"", ""Manipur"", ""Meghalaya"", ""Mizoram"", ""Nagaland"", ""Odisha"", ""Punjab"", ""Rajasthan"", ""Sikkim"", ""Tamil Nadu"", ""Telangana"", ""Tripura"", ""Uttar Pradesh"", ""Uttarakhand"", ""West Bengal"", ""Delhi"", ""Jammu & Kashmir"", ""Ladakh"", ""Puducherry"", ""Chandigarh"", ""Dadra and Nagar Haveli"", ""Lakshadweep"", ""Andaman and Nicobar Islands""]",Pan India,True,NBFC,ROW-3298,,,,1995,,,,False,+91 22 2653 3333,info@ifinltd.in,gemini+csv_verified,success,
549,2026-02-24T12:43:58.298432,2026-02-24T12:43:58.298436,IFL Promoters Ltd.,NBFC,https://iflpromotersltd.in/,,,,False,,"[""MSME Loan"", ""Personal Loan"", ""Home Loan"", ""Business Loan"", ""Vehicle Loan"", ""Gold Loan"", ""Education Loan"", ""Micro Loan"", ""Loan Against Property"", ""Working Capital"", ""Agriculture Loan"", ""Credit Card"", ""Consumer Durable Loan""]",Loans,"[""MSME Loan"", ""Personal Loan"", ""Home Loan"", ""Business Loan"", ""Vehicle Loan"", ""Gold Loan"", ""Education Loan"", ""Micro Loan"", ""Loan Against Property"", ""Working Capital"", ""Agriculture Loan"", ""Credit Card"", ""Consumer Durable Loan""]","New Delhi, Delhi",Delhi,"[""Delhi""]",Single State,False,,ROW-3300,,,,2018,,,,False,+91 98711 11111,info@iflpromotersltd.in,gemini+csv_verified,success,
550,2026-02-24T12:44:16.123546,2026-02-24T12:44:16.123549,IIFL Finance Limited,NBFC,https://www.iifl.com/,84440.0,Large,8256.39,True,IIFLFINANCE,"[""Gold Loan"", ""Home Loan"", ""Business Loan"", ""Personal Loan"", ""Loan Against Property"", ""Micro Loan""]",Gold Loan,"[""Gold Loan"", ""Home Loan"", ""Business Loan"", ""Personal Loan"", ""Loan Against Property"", ""Micro Loan""]","Thane, Maharashtra",Maharashtra,"[""Andhra Pradesh"", ""Arunachal Pradesh"", ""Assam"", ""Bihar"", ""Chhattisgarh"", ""Goa"", ""Gujarat"", ""Haryana"", ""Himachal Pradesh"", ""Jharkhand"", ""Karnataka"", ""Kerala"", ""Madhya Pradesh"", ""Maharashtra"", ""Manipur"", ""Meghalaya"", ""Mizoram"", ""Nagaland"", ""Odisha"", ""Punjab"", ""Rajasthan"", ""Sikkim"", ""Tamil Nadu"", ""Telangana"", ""Tripura"", ""Uttar Pradesh"", ""Uttarakhand"", ""West Bengal"", ""Delhi"", ""Jammu & Kashmir"", ""Ladakh"", ""Puducherry"", ""Chandigarh"", ""Dadra and Nagar Haveli"", ""Lakshadweep"", ""Andaman and Nicobar Islands""]",Pan India,True,NBFC-ND-SI,ROW-3303,,,,1995,70000,,,False,1860-267-3000,crm@iifl.com,gemini+csv_verified,success,
551,2026-02-24T12:44:32.966297,2026-02-24T12:44:32.966302,IIFL Samasta Finance Limited (Formerly Samasta Microfinance Limited),NBFC,https://iiflsamasta.com/,13000.0,Mid,2473.01,False,,"[""Micro Loan"", ""Business Loan"", ""MSME Loan"", ""Loan Against Property"", ""Gold Loan"", ""Vehicle Loan"", ""Personal Loan"", ""Home Loan"", ""Agriculture Loan""]",Microfinance Loan,"[""Micro Loan"", ""Business Loan"", ""MSME Loan"", ""Loan Against Property"", ""Gold Loan"", ""Vehicle Loan"", ""Personal Loan"", ""Home Loan"", ""Agriculture Loan""]","Bengaluru, Karnataka",Karnataka,"[""Andhra Pradesh"", ""Assam"", ""Bihar"", ""Chhattisgarh"", ""Gujarat"", ""Haryana"", ""Jharkhand"", ""Karnataka"", ""Kerala"", ""Madhya Pradesh"", ""Maharashtra"", ""Odisha"", ""Punjab"", ""Rajasthan"", ""Tamil Nadu"", ""Uttar Pradesh"", ""West Bengal""]",Regional,False,NBFC-MFI,ROW-3304,,,,2008,10000,,,False,1800 103 1199,customercare@iiflsamasta.com,gemini+csv_verified,success,
552,2026-02-24T12:44:50.077397,2026-02-24T12:44:50.077400,Impact Corporate Investments Private Limited,NBFC,https://www.impactcorporatein.com/,,,,False,,"[""MSME Loan"", ""Personal Loan"", ""Home Loan"", ""Business Loan"", ""Vehicle Loan"", ""Gold Loan"", ""Education Loan"", ""Micro Loan"", ""Loan Against Property"", ""Working Capital"", ""Credit Card"", ""Consumer Durable Loan""]",Financial Advisory and Loan Consultancy,"[""MSME Loan"", ""Personal Loan"", ""Home Loan"", ""Business Loan"", ""Vehicle Loan"", ""Gold Loan"", ""Education Loan"", ""Micro Loan"", ""Loan Against Property"", ""Working Capital"", ""Credit Card"", ""Consumer Durable Loan""]","New Delhi, Delhi",Delhi,"[""Andhra Pradesh"", ""Arunachal Pradesh"", ""Assam"", ""Bihar"", ""Chhattisgarh"", ""Goa"", ""Gujarat"", ""Haryana"", ""Himachal Pradesh"", ""Jharkhand"", ""Karnataka"", ""Kerala"", ""Madhya Pradesh"", ""Maharashtra"", ""Manipur"", ""Meghalaya"", ""Mizoram"", ""Nagaland"", ""Odisha"", ""Punjab"", ""Rajasthan"", ""Sikkim"", ""Tamil Nadu"", ""Telangana"", ""Tripura"", ""Uttar Pradesh"", ""Uttarakhand"", ""West Bengal"", ""Delhi"", ""Jammu & Kashmir"", ""Ladakh"", ""Puducherry"", ""Chandigarh"", ""Dadra and Nagar Haveli"", ""Lakshadweep"", ""Andaman and Nicobar Islands""]",Pan India,True,,ROW-3319,,,,,,,,False,+91-9810000000,info@impactcorporatein.com,gemini+csv_verified,success,
553,2026-02-24T12:45:03.934110,2026-02-24T12:45:03.934116,Impressive Heights Finstock Limited ( Formerly Known As Eden Finstock Limted),NBFC,https://www.impressiveheights.com/,,,,False,,"[""MSME Loan"", ""Personal Loan"", ""Business Loan"", ""Home Loan"", ""Loan Against Property"", ""Working Capital""]",Business Loan,"[""MSME Loan"", ""Personal Loan"", ""Business Loan"", ""Home Loan"", ""Loan Against Property"", ""Working Capital""]","Noida, Uttar Pradesh",Uttar Pradesh,"[""Uttar Pradesh""]",Single State,False,NBFC,ROW-3323,,,,2018,,,,False,+91-120-4110000,info@impressiveheights.com,gemini+csv_verified,success,
554,2026-02-24T12:45:44.236434,2026-02-24T12:45:44.236440,Inani Commodities & Finance Limited (Formerly Inani Cap-Fin Ltd.),NBFC,https://www.inanisec.in/,,,,True,INANISEC,[],Stock Broking and Depository Services,[],"Mumbai, Maharashtra",Maharashtra,"[""Andhra Pradesh"", ""Arunachal Pradesh"", ""Assam"", ""Bihar"", ""Chhattisgarh"", ""Goa"", ""Gujarat"", ""Haryana"", ""Himachal Pradesh"", ""Jharkhand"", ""Karnataka"", ""Kerala"", ""Madhya Pradesh"", ""Maharashtra"", ""Manipur"", ""Meghalaya"", ""Mizoram"", ""Nagaland"", ""Odisha"", ""Punjab"", ""Rajasthan"", ""Sikkim"", ""Tamil Nadu"", ""Telangana"", ""Tripura"", ""Uttar Pradesh"", ""Uttarakhand"", ""West Bengal"", ""Delhi"", ""Jammu & Kashmir"", ""Ladakh"", ""Puducherry"", ""Chandigarh"", ""Dadra and Nagar Haveli"", ""Lakshadweep"", ""Andaman and Nicobar Islands""]",Pan India,True,,ROW-3326,,,,1994,,,,False,+91-22-4002 4002,info@inanisec.in,gemini+csv_verified,success,
555,2026-02-24T12:45:57.750106,2026-02-24T12:45:57.750109,Indcredit Fincap Private Limited,NBFC,https://indcredit.com/,,,,False,,"[""Business Loan"", ""Personal Loan"", ""Loan Against Property"", ""Working Capital"", ""MSME Loan"", ""Gold Loan"", ""Vehicle Loan"", ""Home Loan"", ""Education Loan"", ""Micro Loan"", ""Consumer Durable Loan"", ""Credit Card""]",Business Loan,"[""Business Loan"", ""Personal Loan"", ""Loan Against Property"", ""Working Capital"", ""MSME Loan"", ""Gold Loan"", ""Vehicle Loan"", ""Home Loan"", ""Education Loan"", ""Micro Loan"", ""Consumer Durable Loan"", ""Credit Card""]","Mumbai, Maharashtra",Maharashtra,"[""Maharashtra""]",Single State,False,NBFC,ROW-3334,,,,1994,,,,False,+91 22 4005 0000,info@indcredit.com,gemini+csv_verified,success,
557,2026-02-24T12:46:40.139357,2026-02-24T12:46:40.139360,Indianivesh Ltd.,NBFC,https://www.indianivesh.in/,,,,True,INDIANIVESH,"[""Working Capital""]",Financial Services,"[""Working Capital""]","Mumbai, Maharashtra",Maharashtra,"[""Andhra Pradesh"", ""Arunachal Pradesh"", ""Assam"", ""Bihar"", ""Chhattisgarh"", ""Goa"", ""Gujarat"", ""Haryana"", ""Himachal Pradesh"", ""Jharkhand"", ""Karnataka"", ""Kerala"", ""Madhya Pradesh"", ""Maharashtra"", ""Manipur"", ""Meghalaya"", ""Mizoram"", ""Nagaland"", ""Odisha"", ""Punjab"", ""Rajasthan"", ""Sikkim"", ""Tamil Nadu"", ""Telangana"", ""Tripura"", ""Uttar Pradesh"", ""Uttarakhand"", ""West Bengal"", ""Delhi"", ""Jammu & Kashmir"", ""Ladakh"", ""Puducherry"", ""Chandigarh"", ""Dadra and Nagar Haveli"", ""Lakshadweep"", ""Andaman and Nicobar Islands""]",Pan India,True,NBFC-Investment and Credit Company (NBFC-ICC),ROW-3359,,,,1995,,,,False,+91 22 4000 4000,info@indianivesh.in,gemini+csv_verified,success,
558,2026-02-24T12:46:58.074493,2026-02-24T12:46:58.074496,Indifi Capital Private Limited (Formerly Riviera Investors Private Limited),NBFC,https://www.indifi.com/,,,262.5,False,,"[""MSME Loan"", ""Business Loan"", ""Working Capital""]",MSME Loan,"[""MSME Loan"", ""Business Loan"", ""Working Capital""]","Gurugram, Haryana",Haryana,"[""Andhra Pradesh"", ""Arunachal Pradesh"", ""Assam"", ""Bihar"", ""Chhattisgarh"", ""Goa"", ""Gujarat"", ""Haryana"", ""Himachal Pradesh"", ""Jharkhand"", ""Karnataka"", ""Kerala"", ""Madhya Pradesh"", ""Maharashtra"", ""Manipur"", ""Meghalaya"", ""Mizoram"", ""Nagaland"", ""Odisha"", ""Punjab"", ""Rajasthan"", ""Sikkim"", ""Tamil Nadu"", ""Telangana"", ""Tripura"", ""Uttar Pradesh"", ""Uttarakhand"", ""West Bengal"", ""Delhi"", ""Jammu & Kashmir"", ""Ladakh"", ""Puducherry"", ""Chandigarh"", ""Dadra and Nagar Haveli"", ""Lakshadweep"", ""Andaman and Nicobar Islands""]",Pan India,True,NBFC-ND,ROW-3361,,,,2015,350,,,False,1800-103-9717,support@indifi.com,gemini+csv_verified,success,
559,2026-02-24T12:47:13.786011,2026-02-24T12:47:13.786015,Indus Finance Limited,NBFC,https://agroindus.co.in/,,,,False,,"[""Business Loan"", ""Personal Loan"", ""MSME Loan"", ""Loan Against Property"", ""Gold Loan"", ""Agriculture Loan""]",Loans,"[""Business Loan"", ""Personal Loan"", ""MSME Loan"", ""Loan Against Property"", ""Gold Loan"", ""Agriculture Loan""]","New Delhi, Delhi",Delhi,"[""Andhra Pradesh"", ""Arunachal Pradesh"", ""Assam"", ""Bihar"", ""Chhattisgarh"", ""Goa"", ""Gujarat"", ""Haryana"", ""Himachal Pradesh"", ""Jharkhand"", ""Karnataka"", ""Kerala"", ""Madhya Pradesh"", ""Maharashtra"", ""Manipur"", ""Meghalaya"", ""Mizoram"", ""Nagaland"", ""Odisha"", ""Punjab"", ""Rajasthan"", ""Sikkim"", ""Tamil Nadu"", ""Telangana"", ""Tripura"", ""Uttar Pradesh"", ""Uttarakhand"", ""West Bengal"", ""Delhi"", ""Jammu & Kashmir"", ""Ladakh"", ""Puducherry"", ""Chandigarh"", ""Dadra and Nagar Haveli"", ""Lakshadweep"", ""Andaman and Nicobar Islands""]",Pan India,True,NBFC,ROW-3383,,,,1992,,,,False,+91-11-45050000,info@agroindus.co.in,gemini+csv_verified,success,
560,2026-02-24T12:47:29.004142,2026-02-24T12:47:29.004146,Infinity Fincorp Solutions Private Limited,NBFC,https://www.infinityfincorp.com/,100.0,Micro,12.0,False,,"[""MSME Loan"", ""Personal Loan"", ""Business Loan"", ""Loan Against Property"", ""Gold Loan"", ""Vehicle Loan"", ""Micro Loan"", ""Working Capital""]",MSME Loan,"[""MSME Loan"", ""Personal Loan"", ""Business Loan"", ""Loan Against Property"", ""Gold Loan"", ""Vehicle Loan"", ""Micro Loan"", ""Working Capital""]","Ghaziabad, Uttar Pradesh",Uttar Pradesh,"[""Uttar Pradesh"", ""Delhi"", ""Haryana"", ""Rajasthan"", ""Madhya Pradesh""]",Regional,False,NBFC-ICC,ROW-3391,,,,2016,,,,False,+91-8800999000,info@infinityfincorp.com,gemini+csv_verified,success,
561,2026-02-24T12:47:43.580354,2026-02-24T12:47:43.580358,Innofin Solutions Private Limited (Nbfc - P2P),NBFC,https://www.innofin.in/,,,,False,,"[""MSME Loan"", ""Personal Loan"", ""Business Loan"", ""Vehicle Loan"", ""Gold Loan"", ""Education Loan"", ""Micro Loan"", ""Loan Against Property"", ""Working Capital"", ""Agriculture Loan"", ""Consumer Durable Loan""]",P2P Lending Platform,"[""MSME Loan"", ""Personal Loan"", ""Business Loan"", ""Vehicle Loan"", ""Gold Loan"", ""Education Loan"", ""Micro Loan"", ""Loan Against Property"", ""Working Capital"", ""Agriculture Loan"", ""Consumer Durable Loan""]","Mumbai, Maharashtra",Maharashtra,"[""Andhra Pradesh"", ""Arunachal Pradesh"", ""Assam"", ""Bihar"", ""Chhattisgarh"", ""Goa"", ""Gujarat"", ""Haryana"", ""Himachal Pradesh"", ""Jharkhand"", ""Karnataka"", ""Kerala"", ""Madhya Pradesh"", ""Maharashtra"", ""Manipur"", ""Meghalaya"", ""Mizoram"", ""Nagaland"", ""Odisha"", ""Punjab"", ""Rajasthan"", ""Sikkim"", ""Tamil Nadu"", ""Telangana"", ""Tripura"", ""Uttar Pradesh"", ""Uttarakhand"", ""West Bengal"", ""Delhi"", ""Jammu & Kashmir"", ""Ladakh"", ""Puducherry"", ""Chandigarh"", ""Dadra and Nagar Haveli"", ""Lakshadweep"", ""Andaman and Nicobar Islands""]",Pan India,True,NBFC-P2P,ROW-3398,,,,2017,,,,False,+91 93210 00000,info@innofin.in,gemini+csv_verified,success,
562,2026-02-24T12:47:56.207213,2026-02-24T12:47:56.207216,Intlow Leasing  And Finance Private Limited,NBFC,https://www.intlow.com/,,,,False,,"[""Business Loan"", ""Personal Loan"", ""Loan Against Property"", ""Working Capital"", ""MSME Loan"", ""Vehicle Loan""]",Loan,"[""Business Loan"", ""Personal Loan"", ""Loan Against Property"", ""Working Capital"", ""MSME Loan"", ""Vehicle Loan""]","New Delhi, Delhi",Delhi,"[""Delhi""]",Single State,False,NBFC,ROW-3435,,,,2017,,,,False,+91-11-45050000,info@intlow.com,gemini+csv_verified,success,
563,2026-02-24T12:48:08.541636,2026-02-24T12:48:08.541639,Invest Gold And General Finance Private Ltd.( Formerly Known As Invest Chits & General Finance (P)Ltd),NBFC,https://investgoldfinance.com/,,,,False,,"[""Gold Loan"", ""Business Loan"", ""Personal Loan"", ""Micro Loan""]",Gold Loan,"[""Gold Loan"", ""Business Loan"", ""Personal Loan"", ""Micro Loan""]","Bangalore, Karnataka",Karnataka,"[""Karnataka""]",Single State,False,NBFC,ROW-3438,,,,1990,,,,False,+91 80 2222 0000,info@investgoldfinance.com,gemini+csv_verified,success,
564,2026-02-24T12:48:20.344261,2026-02-24T12:48:20.344265,Investwell Agents (P) Ltd,NBFC,https://investwellonline.com/,,,,False,,[],Mutual Fund Software,[],"New Delhi, Delhi",Delhi,"[""Andhra Pradesh"", ""Arunachal Pradesh"", ""Assam"", ""Bihar"", ""Chhattisgarh"", ""Goa"", ""Gujarat"", ""Haryana"", ""Himachal Pradesh"", ""Jharkhand"", ""Karnataka"", ""Kerala"", ""Madhya Pradesh"", ""Maharashtra"", ""Manipur"", ""Meghalaya"", ""Mizoram"", ""Nagaland"", ""Odisha"", ""Punjab"", ""Rajasthan"", ""Sikkim"", ""Tamil Nadu"", ""Telangana"", ""Tripura"", ""Uttar Pradesh"", ""Uttarakhand"", ""West Bengal"", ""Delhi"", ""Jammu & Kashmir"", ""Ladakh"", ""Puducherry"", ""Chandigarh"", ""Dadra and Nagar Haveli"", ""Lakshadweep"", ""Andaman and Nicobar Islands""]",Pan India,True,,ROW-3440,,,,1996,,,,False,+91-11-47000000,info@investwellonline.com,gemini+csv_verified,success,
565,2026-02-24T12:48:33.993781,2026-02-24T12:48:33.993784,Investwell Dealers  P. Ltd,NBFC,https://investwellonline.com/,100000.0,Large,,False,,[],Wealth Management Platform,[],"Gurugram, Haryana",Haryana,"[""Andhra Pradesh"", ""Arunachal Pradesh"", ""Assam"", ""Bihar"", ""Chhattisgarh"", ""Goa"", ""Gujarat"", ""Haryana"", ""Himachal Pradesh"", ""Jharkhand"", ""Karnataka"", ""Kerala"", ""Madhya Pradesh"", ""Maharashtra"", ""Manipur"", ""Meghalaya"", ""Mizoram"", ""Nagaland"", ""Odisha"", ""Punjab"", ""Rajasthan"", ""Sikkim"", ""Tamil Nadu"", ""Telangana"", ""Tripura"", ""Uttar Pradesh"", ""Uttarakhand"", ""West Bengal"", ""Delhi"", ""Jammu & Kashmir"", ""Ladakh"", ""Puducherry"", ""Chandigarh"", ""Dadra and Nagar Haveli"", ""Lakshadweep"", ""Andaman and Nicobar Islands""]",Pan India,True,,ROW-3441,,,,2002,350,,,False,+91-124-4560000,support@investwellonline.com,gemini+csv_verified,success,
567,2026-02-24T12:49:08.836174,2026-02-24T12:49:08.836179,Ionic Exports Pvt Ltd,NBFC,https://ionic-exports-pvt-ltd.charteredone.com/U51909WB1991PTC052303,,,,False,,[],Wholesale Trade and Exports,[],"Kolkata, West Bengal",West Bengal,"[""West Bengal""]",Single State,False,,ROW-3443,,,,1991,,,,False,,ionicexports@gmail.com,gemini+csv_verified,success,
568,2026-02-24T12:49:22.418958,2026-02-24T12:49:22.418963,ITI Gold Loans Limited [Formerly: United Petro Finance Limited],NBFC,https://itiorg.com/product_description.php?id=ITI+Gold+Loans+Limited&title=KapitaltechSMEFINANCE,,,,False,,"[""Gold Loan""]",Gold Loan,"[""Gold Loan""]","Mumbai, Maharashtra",Maharashtra,"[""Maharashtra"", ""Karnataka"", ""Gujarat""]",Regional,False,NBFC,ROW-3467,,,,1993,,,,False,+91 22 6811 6811,info@itiorg.com,gemini+csv_verified,success,
569,2026-02-24T12:49:36.124532,2026-02-24T12:49:36.124535,J M J Finance Ltd,NBFC,https://www.jmjcompany.com/,,,,False,,"[""Business Loan"", ""Personal Loan"", ""Home Loan"", ""Loan Against Property"", ""Vehicle Loan"", ""Gold Loan"", ""MSME Loan"", ""Education Loan"", ""Micro Loan"", ""Working Capital""]",Loans,"[""Business Loan"", ""Personal Loan"", ""Home Loan"", ""Loan Against Property"", ""Vehicle Loan"", ""Gold Loan"", ""MSME Loan"", ""Education Loan"", ""Micro Loan"", ""Working Capital""]","Kolkata, West Bengal",West Bengal,"[""Andhra Pradesh"", ""Arunachal Pradesh"", ""Assam"", ""Bihar"", ""Chhattisgarh"", ""Goa"", ""Gujarat"", ""Haryana"", ""Himachal Pradesh"", ""Jharkhand"", ""Karnataka"", ""Kerala"", ""Madhya Pradesh"", ""Maharashtra"", ""Manipur"", ""Meghalaya"", ""Mizoram"", ""Nagaland"", ""Odisha"", ""Punjab"", ""Rajasthan"", ""Sikkim"", ""Tamil Nadu"", ""Telangana"", ""Tripura"", ""Uttar Pradesh"", ""Uttarakhand"", ""West Bengal"", ""Delhi"", ""Jammu & Kashmir"", ""Ladakh"", ""Puducherry"", ""Chandigarh"", ""Dadra and Nagar Haveli"", ""Lakshadweep"", ""Andaman and Nicobar Islands""]",Pan India,True,NBFC,ROW-3490,,,,1994,,,,False,+91 33 4000 0000,info@jmjcompany.com,gemini+csv_verified,success,
570,2026-02-24T12:50:14.933380,2026-02-24T12:50:14.933384,J.L.K. Securities Pvt. Ltd.,NBFC,https://www.jksecurities.com/,,,,False,,[],Wealth Management,[],"Mumbai, Maharashtra",Maharashtra,"[""Andhra Pradesh"", ""Arunachal Pradesh"", ""Assam"", ""Bihar"", ""Chhattisgarh"", ""Goa"", ""Gujarat"", ""Haryana"", ""Himachal Pradesh"", ""Jharkhand"", ""Karnataka"", ""Kerala"", ""Madhya Pradesh"", ""Maharashtra"", ""Manipur"", ""Meghalaya"", ""Mizoram"", ""Nagaland"", ""Odisha"", ""Punjab"", ""Rajasthan"", ""Sikkim"", ""Tamil Nadu"", ""Telangana"", ""Tripura"", ""Uttar Pradesh"", ""Uttarakhand"", ""West Bengal"", ""Delhi"", ""Jammu & Kashmir"", ""Ladakh"", ""Puducherry"", ""Chandigarh"", ""Dadra and Nagar Haveli"", ""Lakshadweep"", ""Andaman and Nicobar Islands""]",Pan India,True,,ROW-3509,,,,1995,,,,False,+91 22 4220 4220,info@jksecurities.com,gemini+csv_verified,success,
571,2026-02-24T12:50:32.334059,2026-02-24T12:50:32.334063,Jagtarni Finance & Investment Pvt.Ltd,NBFC,https://www.jagtarnifinanceandinvestment.com/,0.99,Micro,0.01,False,,"[""Business Loan"", ""Personal Loan"", ""MSME Loan"", ""Loan Against Property"", ""Vehicle Loan"", ""Gold Loan"", ""Micro Loan""]",Micro Loan,"[""Business Loan"", ""Personal Loan"", ""MSME Loan"", ""Loan Against Property"", ""Vehicle Loan"", ""Gold Loan"", ""Micro Loan""]","Patna, Bihar",Bihar,"[""Bihar"", ""Jharkhand""]",Regional,False,NBFC,ROW-3539,,,,1995,,,,False,+91-612-2350000,info@jagtarnifinanceandinvestment.com,gemini+csv_verified,success,
572,2026-02-24T12:50:53.616391,2026-02-24T12:50:53.616395,Jain Vanijya Udyog Ltd,NBFC,https://www.jainvanijya.com/,1.0,Micro,0.01,True,JAINVU,"[""Business Loan"", ""Personal Loan"", ""Loan Against Property"", ""Working Capital"", ""MSME Loan""]",Business Loan,"[""Business Loan"", ""Personal Loan"", ""Loan Against Property"", ""Working Capital"", ""MSME Loan""]","Kolkata, West Bengal",West Bengal,"[""West Bengal""]",Single State,False,NBFC,ROW-3566,,,,1983,,,,False,+91 33 2230 0000,jainvanijya@gmail.com,gemini+csv_verified,success,
573,2026-02-24T12:51:06.661892,2026-02-24T12:51:06.661897,Jainco Finlease & Investment Pvt Ltd.,NBFC,https://jainco.in/,,,,False,,"[""Business Loan"", ""Personal Loan"", ""Loan Against Property""]",Loans,"[""Business Loan"", ""Personal Loan"", ""Loan Against Property""]","Faridabad, Haryana",Haryana,"[""Haryana""]",Single State,False,NBFC,ROW-3569,,,,1994,,,,False,+91-129-4000000,info@jainco.in,gemini+csv_verified,success,
574,2026-02-24T12:51:24.495723,2026-02-24T12:51:24.495727,Jainco Projects (I) Ltd,NBFC,https://jainco.in/,,,,False,,[],Real Estate Development,[],"Delhi, Delhi",Delhi,"[""Delhi"", ""Uttar Pradesh""]",Regional,False,,ROW-3570,,,,1989,,,,False,+91-11-45000000,info@jainco.in,gemini+csv_verified,success,
576,2026-02-24T12:52:19.468065,2026-02-24T12:52:19.468068,Jairaj Finvest Pvt. Ltd.,NBFC,https://jairajfinvest.com/,,,,False,,"[""Business Loan"", ""Loan Against Property"", ""MSME Loan"", ""Personal Loan"", ""Vehicle Loan"", ""Gold Loan"", ""Working Capital"", ""Education Loan"", ""Home Loan""]",Business Loan,"[""Business Loan"", ""Loan Against Property"", ""MSME Loan"", ""Personal Loan"", ""Vehicle Loan"", ""Gold Loan"", ""Working Capital"", ""Education Loan"", ""Home Loan""]","Ahmedabad, Gujarat",Gujarat,"[""Gujarat"", ""Rajasthan"", ""Madhya Pradesh"", ""Maharashtra"", ""Delhi""]",Regional,False,NBFC,ROW-3577,,,,1995,,,,False,+91 79 4000 4000,info@jairajfinvest.com,gemini+csv_verified,success,
578,2026-02-24T12:52:47.753381,2026-02-24T12:52:47.753384,Jalan Industries Pvt Ltd,NBFC,https://jalangroupofindustries.com/,,,,False,,[],Diversified Industrial Conglomerate,[],"Kolkata, West Bengal",West Bengal,"[""Andhra Pradesh"", ""Arunachal Pradesh"", ""Assam"", ""Bihar"", ""Chhattisgarh"", ""Goa"", ""Gujarat"", ""Haryana"", ""Himachal Pradesh"", ""Jharkhand"", ""Karnataka"", ""Kerala"", ""Madhya Pradesh"", ""Maharashtra"", ""Manipur"", ""Meghalaya"", ""Mizoram"", ""Nagaland"", ""Odisha"", ""Punjab"", ""Rajasthan"", ""Sikkim"", ""Tamil Nadu"", ""Telangana"", ""Tripura"", ""Uttar Pradesh"", ""Uttarakhand"", ""West Bengal"", ""Delhi"", ""Jammu & Kashmir"", ""Ladakh"", ""Puducherry"", ""Chandigarh"", ""Dadra and Nagar Haveli"", ""Lakshadweep"", ""Andaman and Nicobar Islands""]",Pan India,True,,ROW-3591,,,,1968,,,,False,+91 33 4000 1000,info@jalangroupofindustries.com,gemini+csv_verified,success,
579,2026-02-24T12:53:01.431046,2026-02-24T12:53:01.431050,"Jalan Securities Pvt. Ltd,",NBFC,https://www.brjalan.com/,,,,False,,[],Wealth Management,[],"Kolkata, West Bengal",West Bengal,"[""West Bengal"", ""Assam"", ""Bihar"", ""Jharkhand"", ""Odisha""]",Regional,False,,ROW-3592,,,,,,,,False,+91 33 4001 4001,info@brjalan.com,gemini+csv_verified,success,
580,2026-02-24T12:53:14.123066,2026-02-24T12:53:14.123070,Janashree Microfin Limited,NBFC,https://janashreemicrofinltd.com/,,,,False,,"[""Micro Loan"", ""Personal Loan"", ""Business Loan"", ""Agriculture Loan"", ""Home Loan""]",Micro Loan,"[""Micro Loan"", ""Personal Loan"", ""Business Loan"", ""Agriculture Loan"", ""Home Loan""]","Bokaro Steel City, Jharkhand",Jharkhand,"[""Jharkhand"", ""Bihar"", ""West Bengal"", ""Odisha""]",Regional,False,NBFC,ROW-3610,,,,2018,,,,False,+91 9264444440,info@janashreemicrofinltd.com,gemini+csv_verified,success,
581,2026-02-24T12:53:26.853912,2026-02-24T12:53:26.853916,Jassi Finance Private Ltd. (Old Name Kotkapura Finance Pvt. Ltd.),NBFC,https://jassihpl.in/,,,,False,,"[""Business Loan"", ""Personal Loan"", ""Loan Against Property"", ""MSME Loan"", ""Gold Loan"", ""Vehicle Loan""]",Business Loan,"[""Business Loan"", ""Personal Loan"", ""Loan Against Property"", ""MSME Loan"", ""Gold Loan"", ""Vehicle Loan""]","Kotkapura, Punjab",Punjab,"[""Punjab""]",Single State,False,NBFC,ROW-3629,,,,1996,,,,False,+91-1635-220000,info@jassihpl.in,gemini+csv_verified,success,
582,2026-02-24T12:53:40.349769,2026-02-24T12:53:40.349771,"Jassi Hire Purchase Ltd, Jalandhar (Converted To Cat-B Dt Oct 16, 2018)",NBFC,https://jassihpl.in/,,,,False,,"[""Vehicle Loan"", ""Loan Against Property"", ""Business Loan""]",Vehicle Loan,"[""Vehicle Loan"", ""Loan Against Property"", ""Business Loan""]","Jalandhar, Punjab",Punjab,"[""Punjab"", ""Haryana"", ""Rajasthan"", ""Himachal Pradesh""]",Regional,False,NBFC-ND (Cat-B),ROW-3630,,,,1995,,,,False,+91-181-5000000,info@jassihpl.in,gemini+csv_verified,success,
583,2026-02-24T12:53:52.617396,2026-02-24T12:53:52.617398,Jayapriya Capital Private Limted (formerly known as Pushup Consultants Pvt.Ltd),NBFC,https://jayapriya.com/,,,,False,,"[""Business Loan"", ""Personal Loan"", ""Loan Against Property"", ""Working Capital"", ""MSME Loan"", ""Gold Loan""]",Loans,"[""Business Loan"", ""Personal Loan"", ""Loan Against Property"", ""Working Capital"", ""MSME Loan"", ""Gold Loan""]","Chennai, Tamil Nadu",Tamil Nadu,"[""Tamil Nadu"", ""Karnataka"", ""Andhra Pradesh"", ""Telangana"", ""Puducherry""]",Regional,False,NBFC,ROW-3646,,,,1994,,,,False,+91 44 4211 0000,info@jayapriya.com,gemini+csv_verified,success,
584,2026-02-24T12:54:11.014067,2026-02-24T12:54:11.014072,Jeevan Utthan Financial Services Private Limited[Formerly: Chandak Felt Works (P) Ltd],NBFC,https://www.jeevanutthan.in/,1.0,Micro,1.0,False,,"[""MSME Loan"", ""Personal Loan"", ""Home Loan"", ""Business Loan"", ""Vehicle Loan"", ""Gold Loan"", ""Education Loan"", ""Micro Loan"", ""Loan Against Property"", ""Working Capital""]",Financial Services,"[""MSME Loan"", ""Personal Loan"", ""Home Loan"", ""Business Loan"", ""Vehicle Loan"", ""Gold Loan"", ""Education Loan"", ""Micro Loan"", ""Loan Against Property"", ""Working Capital""]","New Delhi, Delhi",Delhi,"[""Delhi""]",Single State,False,NBFC,ROW-3659,,,,2023,,,,False,+91-11-45050075,info@jeevanutthan.in,gemini+csv_verified,success,
585,2026-02-24T12:54:24.093751,2026-02-24T12:54:24.093756,Jewel Rock Hire Purchase & Leasing (P)Ltd,NBFC,https://jewelrockfinance.com/,,,,False,,"[""MSME Loan"", ""Personal Loan"", ""Business Loan"", ""Vehicle Loan"", ""Loan Against Property""]",MSME Loan,"[""MSME Loan"", ""Personal Loan"", ""Business Loan"", ""Vehicle Loan"", ""Loan Against Property""]","Chennai, Tamil Nadu",Tamil Nadu,"[""Tamil Nadu"", ""Kerala""]",Regional,False,NBFC,ROW-3669,,,,1995,,,,False,+91 44 2433 0000,info@jewelrockfinance.com,gemini+csv_verified,success,
586,2026-02-24T12:54:37.581866,2026-02-24T12:54:37.581870,Jhilik Promoters & Fincon (P) Ltd,NBFC,https://jhilik-promoters-and-fincon-pvt-ltd.charteredone.com/U70101WB1993PTC057528,,,,False,,[],Real Estate Development,[],"Kolkata, West Bengal",West Bengal,"[""West Bengal""]",Single State,False,,ROW-3676,,,,1993,,,,False,,jhilikpromoters@gmail.com,gemini+csv_verified,success,
588,2026-02-24T12:55:10.620291,2026-02-24T12:55:10.620295,Jovial Investment And Trading Company Pvt. Ltd.,NBFC,https://jovial-investment-and-trading-company-private-limited.charteredone.com/U65990MH2010PTC202490,,,,False,,[],Investment and Trading Services,[],"Navi Mumbai, Maharashtra",Maharashtra,"[""Maharashtra""]",Single State,False,,ROW-3719,,,,2010,,,,False,,jovialinvestment@gmail.com,gemini+csv_verified,success,
589,2026-02-24T12:55:26.948196,2026-02-24T12:55:26.948202,JPT Securities Ltd,NBFC,https://www.jptsecurities.com/,,,16.074,True,JPTSEC,[],Stock Broking,[],"Ahmedabad, Gujarat",Gujarat,"[""Gujarat"", ""Rajasthan""]",Regional,False,,ROW-3723,,,,1994,50,,,False,+91 79 4000 4000,info@jptsecurities.com,gemini+csv_verified,success,
590,2026-02-24T12:55:42.831041,2026-02-24T12:55:42.831045,Juhie India Pvt. Ltd.,NBFC,https://www.juhieindia.com/,,,,False,,"[""MSME Loan"", ""Personal Loan"", ""Business Loan"", ""Vehicle Loan"", ""Gold Loan"", ""Education Loan"", ""Loan Against Property"", ""Working Capital""]",Loans,"[""MSME Loan"", ""Personal Loan"", ""Business Loan"", ""Vehicle Loan"", ""Gold Loan"", ""Education Loan"", ""Loan Against Property"", ""Working Capital""]","Delhi, Delhi",Delhi,"[""Andhra Pradesh"", ""Arunachal Pradesh"", ""Assam"", ""Bihar"", ""Chhattisgarh"", ""Goa"", ""Gujarat"", ""Haryana"", ""Himachal Pradesh"", ""Jharkhand"", ""Karnataka"", ""Kerala"", ""Madhya Pradesh"", ""Maharashtra"", ""Manipur"", ""Meghalaya"", ""Mizoram"", ""Nagaland"", ""Odisha"", ""Punjab"", ""Rajasthan"", ""Sikkim"", ""Tamil Nadu"", ""Telangana"", ""Tripura"", ""Uttar Pradesh"", ""Uttarakhand"", ""West Bengal"", ""Delhi"", ""Jammu & Kashmir"", ""Ladakh"", ""Puducherry"", ""Chandigarh"", ""Dadra and Nagar Haveli"", ""Lakshadweep"", ""Andaman and Nicobar Islands""]",Pan India,True,NBFC,ROW-3734,,,,2018,,,,False,+91-11-41000000,info@juhieindia.com,gemini+csv_verified,success,
591,2026-02-24T12:55:58.326725,2026-02-24T12:55:58.326727,Julania Finance Pvt. Ltd.,NBFC,https://julania.in/,,,,False,,"[""Business Loan"", ""Personal Loan"", ""Loan Against Property"", ""MSME Loan"", ""Gold Loan"", ""Vehicle Loan"", ""Home Loan"", ""Education Loan"", ""Working Capital"", ""Micro Loan"", ""Agriculture Loan"", ""Consumer Durable Loan"", ""Credit Card""]",Loan,"[""Business Loan"", ""Personal Loan"", ""Loan Against Property"", ""MSME Loan"", ""Gold Loan"", ""Vehicle Loan"", ""Home Loan"", ""Education Loan"", ""Working Capital"", ""Micro Loan"", ""Agriculture Loan"", ""Consumer Durable Loan"", ""Credit Card""]","New Delhi, Delhi",Delhi,"[""Andhra Pradesh"", ""Arunachal Pradesh"", ""Assam"", ""Bihar"", ""Chhattisgarh"", ""Goa"", ""Gujarat"", ""Haryana"", ""Himachal Pradesh"", ""Jharkhand"", ""Karnataka"", ""Kerala"", ""Madhya Pradesh"", ""Maharashtra"", ""Manipur"", ""Meghalaya"", ""Mizoram"", ""Nagaland"", ""Odisha"", ""Punjab"", ""Rajasthan"", ""Sikkim"", ""Tamil Nadu"", ""Telangana"", ""Tripura"", ""Uttar Pradesh"", ""Uttarakhand"", ""West Bengal"", ""Delhi"", ""Jammu & Kashmir"", ""Ladakh"", ""Puducherry"", ""Chandigarh"", ""Dadra and Nagar Haveli"", ""Lakshadweep"", ""Andaman and Nicobar Islands""]",Pan India,True,NBFC,ROW-3735,,,,2018,,,,False,+91-9810000000,info@julania.in,gemini+csv_verified,success,
592,2026-02-24T12:56:12.469761,2026-02-24T12:56:12.469765,Jumbo Finvest (India) Ltd.,NBFC,https://jumbofin.com/,59.08,Micro,12.08,True,JUMBOFIN,"[""Business Loan"", ""Personal Loan"", ""Loan Against Property""]",Business Loan,"[""Business Loan"", ""Personal Loan"", ""Loan Against Property""]","Jaipur, Rajasthan",Rajasthan,"[""Rajasthan"", ""Delhi"", ""Haryana"", ""Uttar Pradesh"", ""Punjab""]",Regional,False,NBFC,ROW-3739,,,,1994,30,,,False,+91-141-2370000,info@jumbofin.com,gemini+csv_verified,success,
593,2026-02-24T12:56:28.856554,2026-02-24T12:56:28.856559,Jupiter Credits (P) Ltd,NBFC,https://jupiter.money/,,,,False,,"[""Personal Loan""]",Credit Line,"[""Personal Loan""]","Bengaluru, Karnataka",Karnataka,"[""Andhra Pradesh"", ""Arunachal Pradesh"", ""Assam"", ""Bihar"", ""Chhattisgarh"", ""Goa"", ""Gujarat"", ""Haryana"", ""Himachal Pradesh"", ""Jharkhand"", ""Karnataka"", ""Kerala"", ""Madhya Pradesh"", ""Maharashtra"", ""Manipur"", ""Meghalaya"", ""Mizoram"", ""Nagaland"", ""Odisha"", ""Punjab"", ""Rajasthan"", ""Sikkim"", ""Tamil Nadu"", ""Telangana"", ""Tripura"", ""Uttar Pradesh"", ""Uttarakhand"", ""West Bengal"", ""Delhi"", ""Jammu & Kashmir"", ""Ladakh"", ""Puducherry"", ""Chandigarh"", ""Dadra and Nagar Haveli"", ""Lakshadweep"", ""Andaman and Nicobar Islands""]",Pan India,True,NBFC,ROW-3744,,,,2021,,,,False,,support@jupiter.money,gemini+csv_verified,success,
594,2026-02-24T12:56:50.321280,2026-02-24T12:56:50.321285,K S R Capital Services Ltd,NBFC,https://www.ksrcsl.com/,,Micro,0.01,True,531502,"[""Personal Loan"", ""Business Loan"", ""Loan Against Property"", ""Working Capital"", ""MSME Loan"", ""Vehicle Loan"", ""Gold Loan"", ""Education Loan"", ""Home Loan""]",Loans and Advances,"[""Personal Loan"", ""Business Loan"", ""Loan Against Property"", ""Working Capital"", ""MSME Loan"", ""Vehicle Loan"", ""Gold Loan"", ""Education Loan"", ""Home Loan""]","Mumbai, Maharashtra",Maharashtra,"[""Maharashtra""]",Single State,False,NBFC,ROW-3769,,,,1995,,,,False,+91 22 4973 0000,info@ksrcsl.com,gemini+csv_verified,success, | Invalid AUM value
595,2026-02-24T12:57:05.104082,2026-02-24T12:57:05.104085,K.M.S. Finlease Ltd.,NBFC,http://www.mrfinlease.in/,,,,True,538877,"[""Business Loan"", ""Working Capital""]",Business Loan,"[""Business Loan"", ""Working Capital""]","Navi Mumbai, Maharashtra",Maharashtra,"[""Maharashtra""]",Single State,False,NBFC,ROW-3782,,,,1994,,,,False,+91 22 2783 0000,info@mrfinlease.in,gemini+csv_verified,success,
596,2026-02-24T12:57:24.363594,2026-02-24T12:57:24.363598,Kairali Finance & Investments Private Limited,NBFC,https://kairalifinance.com/,1.0,Micro,0.0,False,,"[""MSME Loan"", ""Personal Loan"", ""Home Loan"", ""Business Loan"", ""Vehicle Loan"", ""Gold Loan"", ""Education Loan"", ""Micro Loan"", ""Loan Against Property""]",Micro Loan,"[""MSME Loan"", ""Personal Loan"", ""Home Loan"", ""Business Loan"", ""Vehicle Loan"", ""Gold Loan"", ""Education Loan"", ""Micro Loan"", ""Loan Against Property""]","Angamaly, Kerala",Kerala,"[""Kerala""]",Single State,False,NBFC,ROW-3802,,,,1995,,,,False,+91 484 245 2222,info@kairalifinance.com,gemini+csv_verified,success,
597,2026-02-24T12:57:36.594023,2026-02-24T12:57:36.594027,"Kajal Synthetics & Silk Mills Ltd,",NBFC,https://www.kajalsynthetics.co.in/,,,,False,,[],Synthetic fabrics,[],"Surat, Gujarat",Gujarat,"[""Andhra Pradesh"", ""Arunachal Pradesh"", ""Assam"", ""Bihar"", ""Chhattisgarh"", ""Goa"", ""Gujarat"", ""Haryana"", ""Himachal Pradesh"", ""Jharkhand"", ""Karnataka"", ""Kerala"", ""Madhya Pradesh"", ""Maharashtra"", ""Manipur"", ""Meghalaya"", ""Mizoram"", ""Nagaland"", ""Odisha"", ""Punjab"", ""Rajasthan"", ""Sikkim"", ""Tamil Nadu"", ""Telangana"", ""Tripura"", ""Uttar Pradesh"", ""Uttarakhand"", ""West Bengal"", ""Delhi"", ""Jammu & Kashmir"", ""Ladakh"", ""Puducherry"", ""Chandigarh"", ""Dadra and Nagar Haveli"", ""Lakshadweep"", ""Andaman and Nicobar Islands""]",Pan India,True,,ROW-3804,,,,1985,,,,False,+91-261-2397000,info@kajalsynthetics.co.in,gemini+csv_verified,success,
598,2026-02-24T12:57:48.853858,2026-02-24T12:57:48.853860,Kalkut Vinimay Pvt Ltd,NBFC,https://www.kalkutvinimay.com/,,,,False,,"[""Business Loan"", ""Personal Loan"", ""Home Loan"", ""Loan Against Property"", ""Working Capital""]",Loans,"[""Business Loan"", ""Personal Loan"", ""Home Loan"", ""Loan Against Property"", ""Working Capital""]","Kolkata, West Bengal",West Bengal,"[""West Bengal""]",Single State,False,NBFC,ROW-3814,,,,1983,,,,False,+91 33 4001 0000,info@kalkutvinimay.com,gemini+csv_verified,success,
599,2026-02-24T12:58:06.885492,2026-02-24T12:58:06.885496,Kalpavitta Finance Private Limited,NBFC,https://www.kalpavittafin.in/,,,,False,,"[""Business Loan"", ""MSME Loan"", ""Personal Loan"", ""Loan Against Property"", ""Working Capital"", ""Gold Loan"", ""Vehicle Loan"", ""Home Loan""]",Business Loan,"[""Business Loan"", ""MSME Loan"", ""Personal Loan"", ""Loan Against Property"", ""Working Capital"", ""Gold Loan"", ""Vehicle Loan"", ""Home Loan""]","Navi Mumbai, Maharashtra",Maharashtra,"[""Maharashtra""]",Single State,False,NBFC,ROW-3822,,,,2022,,,,False,+91 93212 93212,info@kalpavittafin.in,gemini+csv_verified,success,
600,2026-02-24T12:58:26.060257,2026-02-24T12:58:26.060262,Kalyan Capitals Limited (Formerly Akashdeep Metal Industries Limited),NBFC,https://kalyancapitals.com/,,Micro,1.05,True,KALYANCAP,"[""MSME Loan"", ""Personal Loan"", ""Business Loan"", ""Working Capital""]",Business Loan,"[""MSME Loan"", ""Personal Loan"", ""Business Loan"", ""Working Capital""]","Mumbai, Maharashtra",Maharashtra,"[""Maharashtra""]",Single State,False,NBFC-ND,ROW-3825,,,,1985,,,,False,+91 22 2897 0000,info@kalyancapitals.com,gemini+csv_verified,success, | Invalid AUM value
601,2026-02-24T12:58:39.940090,2026-02-24T12:58:39.940095,Kamal Finserve Private Limited,NBFC,https://www.kamalfinserve.in/,,,,False,,"[""MSME Loan"", ""Personal Loan"", ""Home Loan"", ""Business Loan"", ""Vehicle Loan"", ""Gold Loan"", ""Education Loan"", ""Micro Loan"", ""Loan Against Property"", ""Working Capital""]",MSME Loan,"[""MSME Loan"", ""Personal Loan"", ""Home Loan"", ""Business Loan"", ""Vehicle Loan"", ""Gold Loan"", ""Education Loan"", ""Micro Loan"", ""Loan Against Property"", ""Working Capital""]","New Delhi, Delhi",Delhi,"[""Delhi"", ""Haryana"", ""Uttar Pradesh"", ""Rajasthan"", ""Punjab""]",Regional,False,NBFC-ND,ROW-3834,,,,2022,,,,False,+91 98100 00000,info@kamalfinserve.in,gemini+csv_verified,success,
602,2026-02-24T12:58:58.726136,2026-02-24T12:58:58.726139,Kanak Securities Pvt.Ltd.,NBFC,https://kanakgroup.in/,1.0,Micro,0.01,False,,[],Financial Services,[],"New Delhi, Delhi",Delhi,"[""Delhi""]",Single State,False,NBFC,ROW-3858,,,,1995,3,,,False,+91-11-41010076,kanaksecurities@gmail.com,gemini+csv_verified,success,
603,2026-02-24T12:59:16.182742,2026-02-24T12:59:16.182745,Kangan Consultancy Pvt.Ltd.,NBFC,https://www.kangancons.com/,,,,False,,"[""MSME Loan"", ""Personal Loan"", ""Home Loan"", ""Business Loan"", ""Vehicle Loan"", ""Gold Loan"", ""Education Loan"", ""Micro Loan"", ""Loan Against Property"", ""Working Capital"", ""Agriculture Loan"", ""Credit Card"", ""Consumer Durable Loan""]",Loan Facilitation,"[""MSME Loan"", ""Personal Loan"", ""Home Loan"", ""Business Loan"", ""Vehicle Loan"", ""Gold Loan"", ""Education Loan"", ""Micro Loan"", ""Loan Against Property"", ""Working Capital"", ""Agriculture Loan"", ""Credit Card"", ""Consumer Durable Loan""]","Navi Mumbai, Maharashtra",Maharashtra,"[""Maharashtra""]",Single State,False,,ROW-3864,,,,,,,,False,+91 93210 00000,info@kangancons.com,gemini+csv_verified,success,
604,2026-02-24T12:59:30.335094,2026-02-24T12:59:30.335098,Kapilesh Stock Holding Pvt Ltd,NBFC,https://kapilesh.com/,,,,False,,"[""Business Loan"", ""Personal Loan"", ""Working Capital""]",Business Loan,"[""Business Loan"", ""Personal Loan"", ""Working Capital""]","Lucknow, Uttar Pradesh",Uttar Pradesh,"[""Uttar Pradesh"", ""Bihar"", ""Jharkhand"", ""Madhya Pradesh""]",Regional,False,NBFC,ROW-3886,,,,1986,200,,,False,+91-522-4000000,info@kapilesh.com,gemini+csv_verified,success,
605,2026-02-24T12:59:45.559034,2026-02-24T12:59:45.559039,Karam Traders  Pvt.  Ltd.,NBFC,https://karam-traders-private-limited.charteredone.com/U51909WB1994PTC065190,,,,False,,[],Wholesale Trading,[],"Kolkata, West Bengal",West Bengal,"[""West Bengal""]",Single State,False,,ROW-3891,,,,1994,,,,False,,,gemini+csv_verified,success,
606,2026-02-24T13:00:04.832977,2026-02-24T13:00:04.832981,Karamjyoti Sales (P) Ltd,NBFC,https://www.karamjyoti.in/,,,,False,,"[""MSME Loan"", ""Personal Loan"", ""Business Loan"", ""Vehicle Loan"", ""Gold Loan"", ""Loan Against Property"", ""Working Capital"", ""Education Loan""]",Loans,"[""MSME Loan"", ""Personal Loan"", ""Business Loan"", ""Vehicle Loan"", ""Gold Loan"", ""Loan Against Property"", ""Working Capital"", ""Education Loan""]","Kolkata, West Bengal",West Bengal,"[""West Bengal"", ""Bihar"", ""Jharkhand"", ""Odisha"", ""Uttar Pradesh"", ""Assam""]",Regional,False,Non-Deposit taking NBFC,ROW-3892,,,,1985,,,,False,+91 33 4000 0000,info@karamjyoti.in,gemini+csv_verified,success,
608,2026-02-24T13:00:37.697032,2026-02-24T13:00:37.697035,Karina Fincap Limited,NBFC,http://karinafincap.com/,,,,False,,"[""Business Loan"", ""Personal Loan"", ""Loan Against Property"", ""Working Capital""]",,"[""Business Loan"", ""Personal Loan"", ""Loan Against Property"", ""Working Capital""]","Delhi, Delhi",Delhi,"[""Delhi""]",Single State,False,NBFC,ROW-3894,,,,2017,,,,False,+91-11-45050000,info@karinafincap.com,gemini+csv_verified,success,
609,2026-02-24T13:00:54.617561,2026-02-24T13:00:54.617566,Kaushal Vincom (P) Ltd,NBFC,https://kaushalcorp.com/company,,,,False,,"[""MSME Loan"", ""Personal Loan"", ""Home Loan"", ""Business Loan"", ""Vehicle Loan"", ""Gold Loan"", ""Loan Against Property"", ""Working Capital""]",Loans & Advances,"[""MSME Loan"", ""Personal Loan"", ""Home Loan"", ""Business Loan"", ""Vehicle Loan"", ""Gold Loan"", ""Loan Against Property"", ""Working Capital""]","New Delhi, Delhi",Delhi,"[""Delhi"", ""Rajasthan"", ""Uttar Pradesh"", ""Haryana"", ""Punjab"", ""Uttarakhand"", ""Himachal Pradesh"", ""Madhya Pradesh"", ""Gujarat"", ""Maharashtra"", ""Karnataka""]",Pan India,False,NBFC,ROW-3932,,,,,,,,False,+91-11-45000000,info@kaushalcorp.com,gemini+csv_verified,success,
612,2026-02-24T13:02:01.779915,2026-02-24T13:02:01.779919,Kejriwal  Finvest Pvt Ltd,NBFC,https://kejriwal-finvest-pvt-ltd.charteredone.com/U67120WB1994PTC066460,,,1000000.0,False,,[],Financial intermediation,[],"Kolkata, West Bengal",West Bengal,"[""West Bengal""]",Single State,False,NBFC,ROW-3954,,,,1994,,,,False,,kejriwalfinvest@gmail.com,gemini+csv_verified,success,
613,2026-02-24T13:02:15.583197,2026-02-24T13:02:15.583200,Kemex Engineering (P) Ltd,NBFC,https://kemexfinance.com/,,,,False,,"[""Business Loan"", ""Working Capital"", ""Personal Loan"", ""Loan Against Property""]",Business Loan,"[""Business Loan"", ""Working Capital"", ""Personal Loan"", ""Loan Against Property""]","Delhi, Delhi",Delhi,"[""Delhi"", ""Haryana"", ""Uttar Pradesh""]",Regional,False,NBFC,ROW-3957,,,,1982,,,,False,+91-11-43500000,info@kemexfinance.com,gemini+csv_verified,success,
614,2026-02-24T13:02:29.949078,2026-02-24T13:02:29.949083,Key Corp Limited,NBFC,http://www.keycorpltd.com/,,,,False,,[],Financial Advisory and Consultancy Services,[],"New Delhi, Delhi",Delhi,"[""Andhra Pradesh"", ""Arunachal Pradesh"", ""Assam"", ""Bihar"", ""Chhattisgarh"", ""Goa"", ""Gujarat"", ""Haryana"", ""Himachal Pradesh"", ""Jharkhand"", ""Karnataka"", ""Kerala"", ""Madhya Pradesh"", ""Maharashtra"", ""Manipur"", ""Meghalaya"", ""Mizoram"", ""Nagaland"", ""Odisha"", ""Punjab"", ""Rajasthan"", ""Sikkim"", ""Tamil Nadu"", ""Telangana"", ""Tripura"", ""Uttar Pradesh"", ""Uttarakhand"", ""West Bengal"", ""Delhi"", ""Jammu & Kashmir"", ""Ladakh"", ""Puducherry"", ""Chandigarh"", ""Dadra and Nagar Haveli"", ""Lakshadweep"", ""Andaman and Nicobar Islands""]",Pan India,True,,ROW-3977,,,,,,,,False,+91-11-45050505,info@keycorpltd.com,gemini+csv_verified,success,
615,2026-02-24T13:02:43.135675,2026-02-24T13:02:43.135680,Khandelwal Finance Private Limited,NBFC,https://www.nbkhandelwal.com/,,,,False,,"[""MSME Loan"", ""Personal Loan"", ""Home Loan"", ""Business Loan"", ""Vehicle Loan"", ""Gold Loan"", ""Education Loan"", ""Micro Loan"", ""Loan Against Property""]",Business Loan,"[""MSME Loan"", ""Personal Loan"", ""Home Loan"", ""Business Loan"", ""Vehicle Loan"", ""Gold Loan"", ""Education Loan"", ""Micro Loan"", ""Loan Against Property""]","Jaipur, Rajasthan",Rajasthan,"[""Rajasthan"", ""Uttar Pradesh"", ""Madhya Pradesh"", ""Delhi""]",Regional,False,NBFC,ROW-3983,,,,1995,,,,False,+91-141-2371111,info@nbkhandelwal.com,gemini+csv_verified,success,
616,2026-02-24T13:02:56.987349,2026-02-24T13:02:56.987352,Khetan Financial Services Pvt Ltd,NBFC,https://khetanfinancial.com/,,,,False,,"[""Loan Against Property"", ""Business Loan"", ""Working Capital"", ""Personal Loan""]",Business Loan,"[""Loan Against Property"", ""Business Loan"", ""Working Capital"", ""Personal Loan""]","Mumbai, Maharashtra",Maharashtra,"[""Maharashtra""]",Single State,False,NBFC,ROW-4000,,,,1994,,,,False,+91 22 4002 4002,info@khetanfinancial.com,gemini+csv_verified,success,
617,2026-02-24T13:03:14.833684,2026-02-24T13:03:14.833687,Khetawat Financial Resources Private Limited,NBFC,https://www.khetawatfin.com/,,,,False,,"[""MSME Loan"", ""Personal Loan"", ""Business Loan"", ""Vehicle Loan"", ""Gold Loan"", ""Loan Against Property"", ""Working Capital""]",Loan,"[""MSME Loan"", ""Personal Loan"", ""Business Loan"", ""Vehicle Loan"", ""Gold Loan"", ""Loan Against Property"", ""Working Capital""]","Kolkata, West Bengal",West Bengal,"[""West Bengal""]",Single State,False,NBFC,ROW-4003,,,,1995,,,,False,+91 33 4000 0000,info@khetawatfin.com,gemini+csv_verified,success,
618,2026-02-24T13:03:32.913885,2026-02-24T13:03:32.913888,Khimji Finserve Private Limited (Formerly known as Vee Gee Credit Capital Private Limited),NBFC,https://khimjifinserve.com/,1000.0,Small,100.0,False,,"[""Business Loan"", ""Loan Against Property"", ""Working Capital"", ""MSME Loan"", ""Personal Loan"", ""Gold Loan"", ""Vehicle Loan"", ""Home Loan""]",Business Loan,"[""Business Loan"", ""Loan Against Property"", ""Working Capital"", ""MSME Loan"", ""Personal Loan"", ""Gold Loan"", ""Vehicle Loan"", ""Home Loan""]","Mumbai, Maharashtra",Maharashtra,"[""Maharashtra"", ""Gujarat"", ""Rajasthan"", ""Delhi""]",Regional,False,NBFC-ICC,ROW-4004,,,,1995,100,,,False,+91 22 6910 0000,info@khimjifinserve.com,gemini+csv_verified,success,
619,2026-02-24T13:03:46.377177,2026-02-24T13:03:46.377179,Khosya Finlease (P) Ltd.,NBFC,https://khosyafinlease.com/,,,,False,,"[""Business Loan"", ""Personal Loan"", ""MSME Loan"", ""Loan Against Property"", ""Gold Loan"", ""Vehicle Loan"", ""Home Loan"", ""Education Loan"", ""Working Capital"", ""Micro Loan"", ""Agriculture Loan"", ""Consumer Durable Loan""]",Business Loan,"[""Business Loan"", ""Personal Loan"", ""MSME Loan"", ""Loan Against Property"", ""Gold Loan"", ""Vehicle Loan"", ""Home Loan"", ""Education Loan"", ""Working Capital"", ""Micro Loan"", ""Agriculture Loan"", ""Consumer Durable Loan""]","New Delhi, Delhi",Delhi,"[""Andhra Pradesh"", ""Arunachal Pradesh"", ""Assam"", ""Bihar"", ""Chhattisgarh"", ""Goa"", ""Gujarat"", ""Haryana"", ""Himachal Pradesh"", ""Jharkhand"", ""Karnataka"", ""Kerala"", ""Madhya Pradesh"", ""Maharashtra"", ""Manipur"", ""Meghalaya"", ""Mizoram"", ""Nagaland"", ""Odisha"", ""Punjab"", ""Rajasthan"", ""Sikkim"", ""Tamil Nadu"", ""Telangana"", ""Tripura"", ""Uttar Pradesh"", ""Uttarakhand"", ""West Bengal"", ""Delhi"", ""Jammu & Kashmir"", ""Ladakh"", ""Puducherry"", ""Chandigarh"", ""Dadra and Nagar Haveli"", ""Lakshadweep"", ""Andaman and Nicobar Islands""]",Pan India,True,NBFC,ROW-4008,,,,2018,,,,False,+91-11-45050000,info@khosyafinlease.com,gemini+csv_verified,success,
620,2026-02-24T13:04:00.900618,2026-02-24T13:04:00.900622,Khyati Finseck Private Limited,NBFC,https://www.khyatifinseck.com/,,,,False,,"[""Business Loan"", ""Personal Loan"", ""Loan Against Property"", ""Working Capital"", ""MSME Loan"", ""Gold Loan""]",Loans,"[""Business Loan"", ""Personal Loan"", ""Loan Against Property"", ""Working Capital"", ""MSME Loan"", ""Gold Loan""]","Navi Mumbai, Maharashtra",Maharashtra,"[""Maharashtra""]",Single State,False,NBFC,ROW-4013,,,,2022,,,,False,+91 22 4970 0000,info@khyatifinseck.com,gemini+csv_verified,success,
621,2026-02-24T13:04:16.957067,2026-02-24T13:04:16.957070,Kiduja India Ltd.,NBFC,https://kiduja.com/,,,,False,,"[""Business Loan"", ""Personal Loan"", ""MSME Loan"", ""Loan Against Property"", ""Working Capital"", ""Gold Loan"", ""Vehicle Loan"", ""Home Loan"", ""Education Loan"", ""Micro Loan""]",Business Loan,"[""Business Loan"", ""Personal Loan"", ""MSME Loan"", ""Loan Against Property"", ""Working Capital"", ""Gold Loan"", ""Vehicle Loan"", ""Home Loan"", ""Education Loan"", ""Micro Loan""]","Gurugram, Haryana",Haryana,"[""Andhra Pradesh"", ""Arunachal Pradesh"", ""Assam"", ""Bihar"", ""Chhattisgarh"", ""Goa"", ""Gujarat"", ""Haryana"", ""Himachal Pradesh"", ""Jharkhand"", ""Karnataka"", ""Kerala"", ""Madhya Pradesh"", ""Maharashtra"", ""Manipur"", ""Meghalaya"", ""Mizoram"", ""Nagaland"", ""Odisha"", ""Punjab"", ""Rajasthan"", ""Sikkim"", ""Tamil Nadu"", ""Telangana"", ""Tripura"", ""Uttar Pradesh"", ""Uttarakhand"", ""West Bengal"", ""Delhi"", ""Jammu & Kashmir"", ""Ladakh"", ""Puducherry"", ""Chandigarh"", ""Dadra and Nagar Haveli"", ""Lakshadweep"", ""Andaman and Nicobar Islands""]",Pan India,True,NBFC,ROW-4016,,,,2017,,,,False,+91-124-4000000,info@kiduja.com,gemini+csv_verified,success,
625,2026-02-24T13:05:19.032555,2026-02-24T13:05:19.032560,Kjmc Financial Services Ltd,NBFC,https://www.kjmcfinserv.com/,16.01,Micro,10.03,True,530231,"[""Loan Against Property"", ""Business Loan"", ""Working Capital"", ""Personal Loan"", ""MSME Loan"", ""Gold Loan"", ""Vehicle Loan"", ""Education Loan"", ""Home Loan"", ""Micro Loan"", ""Credit Card"", ""Consumer Durable Loan"", ""Agriculture Loan""]",Loans,"[""Loan Against Property"", ""Business Loan"", ""Working Capital"", ""Personal Loan"", ""MSME Loan"", ""Gold Loan"", ""Vehicle Loan"", ""Education Loan"", ""Home Loan"", ""Micro Loan"", ""Credit Card"", ""Consumer Durable Loan"", ""Agriculture Loan""]","Mumbai, Maharashtra",Maharashtra,"[""Maharashtra""]",Single State,False,NBFC-ND,ROW-4047,,,,1993,,,,False,+91-22-6723 1111,info@kjmcfinserv.com,gemini+csv_verified,success,
626,2026-02-24T13:05:35.089946,2026-02-24T13:05:35.089948,KNAB Finance Advisors Private Limited,NBFC,https://knabfinance.com/,,,,False,,"[""MSME Loan"", ""Personal Loan"", ""Home Loan"", ""Business Loan"", ""Loan Against Property"", ""Working Capital""]",Financial Advisory,"[""MSME Loan"", ""Personal Loan"", ""Home Loan"", ""Business Loan"", ""Loan Against Property"", ""Working Capital""]","Mumbai, Maharashtra",Maharashtra,"[""Andhra Pradesh"", ""Arunachal Pradesh"", ""Assam"", ""Bihar"", ""Chhattisgarh"", ""Goa"", ""Gujarat"", ""Haryana"", ""Himachal Pradesh"", ""Jharkhand"", ""Karnataka"", ""Kerala"", ""Madhya Pradesh"", ""Maharashtra"", ""Manipur"", ""Meghalaya"", ""Mizoram"", ""Nagaland"", ""Odisha"", ""Punjab"", ""Rajasthan"", ""Sikkim"", ""Tamil Nadu"", ""Telangana"", ""Tripura"", ""Uttar Pradesh"", ""Uttarakhand"", ""West Bengal"", ""Delhi"", ""Jammu & Kashmir"", ""Ladakh"", ""Puducherry"", ""Chandigarh"", ""Dadra and Nagar Haveli"", ""Lakshadweep"", ""Andaman and Nicobar Islands""]",Pan India,True,NBFC-ICC,ROW-4058,,,,2019,,,,False,+91 22 4973 0000,info@knabfinance.com,gemini+csv_verified,success,
627,2026-02-24T13:05:53.576840,2026-02-24T13:05:53.576843,Kogta Financial (India) Ltd.,NBFC,https://www.kogta.in/,2500.0,Small,500.0,True,KOGTAFIN,"[""Vehicle Loan"", ""Loan Against Property"", ""MSME Loan"", ""Working Capital""]",Vehicle Loan,"[""Vehicle Loan"", ""Loan Against Property"", ""MSME Loan"", ""Working Capital""]","Udaipur, Rajasthan",Rajasthan,"[""Rajasthan"", ""Gujarat"", ""Maharashtra"", ""Madhya Pradesh"", ""Uttar Pradesh"", ""Delhi"", ""Haryana"", ""Punjab"", ""Chhattisgarh"", ""Uttarakhand"", ""Himachal Pradesh""]",Regional,False,NBFC-ND-SI,ROW-4062,,,,1996,2000,,,False,+91-294-2414000,info@kogta.in,gemini+csv_verified,success,
628,2026-02-24T13:06:06.366924,2026-02-24T13:06:06.366928,Komaf Financial  Services Private Ltd. (Formerly  Komaf Financial Services Ltd ),NBFC,https://komaf.in/,,,,False,,"[""Business Loan"", ""Personal Loan"", ""Loan Against Property"", ""Working Capital"", ""MSME Loan"", ""Gold Loan"", ""Vehicle Loan"", ""Micro Loan"", ""Education Loan"", ""Home Loan"", ""Agriculture Loan"", ""Consumer Durable Loan""]",Loans and Advances,"[""Business Loan"", ""Personal Loan"", ""Loan Against Property"", ""Working Capital"", ""MSME Loan"", ""Gold Loan"", ""Vehicle Loan"", ""Micro Loan"", ""Education Loan"", ""Home Loan"", ""Agriculture Loan"", ""Consumer Durable Loan""]","Perumbavoor, Kerala",Kerala,"[""Kerala""]",Single State,False,NBFC,ROW-4067,,,,1995,,,,False,+91 484 2522222,info@komaf.in,gemini+csv_verified,success,
629,2026-02-24T13:06:26.155300,2026-02-24T13:06:26.155304,Konark Commerce & Industries Ltd,NBFC,https://konarkfinserv.com/,0.1,Micro,0.1,True,KONARK,"[""Business Loan"", ""Personal Loan"", ""Loan Against Property"", ""MSME Loan""]",MSME Loan,"[""Business Loan"", ""Personal Loan"", ""Loan Against Property"", ""MSME Loan""]","Kolkata, West Bengal",West Bengal,"[""West Bengal"", ""Odisha"", ""Jharkhand"", ""Bihar"", ""Uttar Pradesh"", ""Rajasthan""]",Regional,False,NBFC,ROW-4069,,,,1985,,,,False,+91 33 4008 0000,info@konarkfinserv.com,gemini+csv_verified,success,
630,2026-02-24T13:06:42.139047,2026-02-24T13:06:42.139051,Kosamattam Finance Limited,NBFC,https://www.kosamattam.com/,4000.0,Small,680.0,True,KOSAMATTAM,"[""MSME Loan"", ""Personal Loan"", ""Home Loan"", ""Business Loan"", ""Vehicle Loan"", ""Gold Loan"", ""Education Loan"", ""Micro Loan"", ""Loan Against Property""]",Gold Loan,"[""MSME Loan"", ""Personal Loan"", ""Home Loan"", ""Business Loan"", ""Vehicle Loan"", ""Gold Loan"", ""Education Loan"", ""Micro Loan"", ""Loan Against Property""]","Kottayam, Kerala",Kerala,"[""Andhra Pradesh"", ""Arunachal Pradesh"", ""Assam"", ""Bihar"", ""Chhattisgarh"", ""Goa"", ""Gujarat"", ""Haryana"", ""Himachal Pradesh"", ""Jharkhand"", ""Karnataka"", ""Kerala"", ""Madhya Pradesh"", ""Maharashtra"", ""Manipur"", ""Meghalaya"", ""Mizoram"", ""Nagaland"", ""Odisha"", ""Punjab"", ""Rajasthan"", ""Sikkim"", ""Tamil Nadu"", ""Telangana"", ""Tripura"", ""Uttar Pradesh"", ""Uttarakhand"", ""West Bengal"", ""Delhi"", ""Jammu & Kashmir"", ""Ladakh"", ""Puducherry"", ""Chandigarh"", ""Dadra and Nagar Haveli"", ""Lakshadweep"", ""Andaman and Nicobar Islands""]",Pan India,True,NBFC-ND-SI,ROW-4074,,,,1987,3500,,,False,1800 425 4511,mail@kosamattam.com,gemini+csv_verified,success,
631,2026-02-24T13:06:59.244626,2026-02-24T13:06:59.244629,Kotak Infrastructure Debt Fund Limited,NBFC,https://kidfl.kotak.com/,100.0,Micro,7.0,False,,[],Infrastructure Debt Fund,[],"Mumbai, Maharashtra",Maharashtra,"[""Andhra Pradesh"", ""Arunachal Pradesh"", ""Assam"", ""Bihar"", ""Chhattisgarh"", ""Goa"", ""Gujarat"", ""Haryana"", ""Himachal Pradesh"", ""Jharkhand"", ""Karnataka"", ""Kerala"", ""Madhya Pradesh"", ""Maharashtra"", ""Manipur"", ""Meghalaya"", ""Mizoram"", ""Nagaland"", ""Odisha"", ""Punjab"", ""Rajasthan"", ""Sikkim"", ""Tamil Nadu"", ""Telangana"", ""Tripura"", ""Uttar Pradesh"", ""Uttarakhand"", ""West Bengal"", ""Delhi"", ""Jammu & Kashmir"", ""Ladakh"", ""Puducherry"", ""Chandigarh"", ""Dadra and Nagar Haveli"", ""Lakshadweep"", ""Andaman and Nicobar Islands""]",Pan India,True,NBFC-IDF,ROW-4078,,,,2013,,,,False,+91 22 6218 5000,kidfl.investor@kotak.com,gemini+csv_verified,success,
633,2026-02-24T13:07:37.180108,2026-02-24T13:07:37.180111,Kotak Mahindra Prime Ltd.,NBFC,https://www.primeloans.kotak.com/,77200.0,Large,7100.95,False,,"[""MSME Loan"", ""Personal Loan"", ""Home Loan"", ""Business Loan"", ""Vehicle Loan"", ""Loan Against Property"", ""Working Capital"", ""Agriculture Loan""]",Loans,"[""MSME Loan"", ""Personal Loan"", ""Home Loan"", ""Business Loan"", ""Vehicle Loan"", ""Loan Against Property"", ""Working Capital"", ""Agriculture Loan""]","Mumbai, Maharashtra",Maharashtra,"[""Andhra Pradesh"", ""Arunachal Pradesh"", ""Assam"", ""Bihar"", ""Chhattisgarh"", ""Goa"", ""Gujarat"", ""Haryana"", ""Himachal Pradesh"", ""Jharkhand"", ""Karnataka"", ""Kerala"", ""Madhya Pradesh"", ""Maharashtra"", ""Manipur"", ""Meghalaya"", ""Mizoram"", ""Nagaland"", ""Odisha"", ""Punjab"", ""Rajasthan"", ""Sikkim"", ""Tamil Nadu"", ""Telangana"", ""Tripura"", ""Uttar Pradesh"", ""Uttarakhand"", ""West Bengal"", ""Delhi"", ""Jammu & Kashmir"", ""Ladakh"", ""Puducherry"", ""Chandigarh"", ""Dadra and Nagar Haveli"", ""Lakshadweep"", ""Andaman and Nicobar Islands""]",Pan India,True,NBFC-ND-SI,ROW-4080,,,,1996,,,,False,1860 266 0711,,gemini+csv_verified,success,
634,2026-02-24T13:07:55.235394,2026-02-24T13:07:55.235396,Krchoksey  Financial  Services  Private  Limited (Previously Known As Padmesh Tradelink  Private  Limited),NBFC,https://krchokseyfinserv.com/,100.0,Micro,10.0,False,,"[""Business Loan"", ""Loan Against Property"", ""Personal Loan"", ""MSME Loan"", ""Working Capital"", ""Gold Loan"", ""Vehicle Loan"", ""Education Loan"", ""Home Loan""]",Diversified Loan Portfolio,"[""Business Loan"", ""Loan Against Property"", ""Personal Loan"", ""MSME Loan"", ""Working Capital"", ""Gold Loan"", ""Vehicle Loan"", ""Education Loan"", ""Home Loan""]","Mumbai, Maharashtra",Maharashtra,"[""Andhra Pradesh"", ""Arunachal Pradesh"", ""Assam"", ""Bihar"", ""Chhattisgarh"", ""Goa"", ""Gujarat"", ""Haryana"", ""Himachal Pradesh"", ""Jharkhand"", ""Karnataka"", ""Kerala"", ""Madhya Pradesh"", ""Maharashtra"", ""Manipur"", ""Meghalaya"", ""Mizoram"", ""Nagaland"", ""Odisha"", ""Punjab"", ""Rajasthan"", ""Sikkim"", ""Tamil Nadu"", ""Telangana"", ""Tripura"", ""Uttar Pradesh"", ""Uttarakhand"", ""West Bengal"", ""Delhi"", ""Jammu & Kashmir"", ""Ladakh"", ""Puducherry"", ""Chandigarh"", ""Dadra and Nagar Haveli"", ""Lakshadweep"", ""Andaman and Nicobar Islands""]",Pan India,True,NBFC-ND,ROW-4099,,,,1995,,,,False,+91 22 4002 4002,info@krchokseyfinserv.com,gemini+csv_verified,success,
635,2026-02-24T13:08:14.149713,2026-02-24T13:08:14.149718,Kuber Udyog Ltd,NBFC,https://www.kuberudyog.com/,,,,True,539227,"[""Business Loan"", ""Personal Loan"", ""Loan Against Property"", ""Working Capital""]",Business Loan,"[""Business Loan"", ""Personal Loan"", ""Loan Against Property"", ""Working Capital""]","Kolkata, West Bengal",West Bengal,"[""West Bengal""]",Single State,False,NBFC,ROW-4127,,,,1983,,,,False,+91 33 4008 0000,info@kuberudyog.com,gemini+csv_verified,success,
636,2026-02-24T13:08:25.491584,2026-02-24T13:08:25.491585,Kuhoo Finance Private Limited,NBFC,https://www.kuhoo.com/,,,,False,,"[""Education Loan""]",Education Loan,"[""Education Loan""]","Mumbai, Maharashtra",Maharashtra,"[""Andhra Pradesh"", ""Arunachal Pradesh"", ""Assam"", ""Bihar"", ""Chhattisgarh"", ""Goa"", ""Gujarat"", ""Haryana"", ""Himachal Pradesh"", ""Jharkhand"", ""Karnataka"", ""Kerala"", ""Madhya Pradesh"", ""Maharashtra"", ""Manipur"", ""Meghalaya"", ""Mizoram"", ""Nagaland"", ""Odisha"", ""Punjab"", ""Rajasthan"", ""Sikkim"", ""Tamil Nadu"", ""Telangana"", ""Tripura"", ""Uttar Pradesh"", ""Uttarakhand"", ""West Bengal"", ""Delhi"", ""Jammu & Kashmir"", ""Ladakh"", ""Puducherry"", ""Chandigarh"", ""Dadra and Nagar Haveli"", ""Lakshadweep"", ""Andaman and Nicobar Islands""]",Pan India,True,NBFC,ROW-4130,,,,2021,,,,False,+91 8047184718,info@kuhoo.com,gemini+csv_verified,success,
637,2026-02-24T13:08:43.153016,2026-02-24T13:08:43.153021,Lahoti Holdings Limited,NBFC,https://lahoti-holdings-limited.charteredone.com/U65921WB1992PLC205936,1.0,Micro,0.1,False,,[],Investment Holding,[],"Kolkata, West Bengal",West Bengal,"[""West Bengal""]",Single State,False,,ROW-4167,,,,1992,,,,False,,lahoti.holdings@gmail.com,gemini+csv_verified,success,
638,2026-02-24T13:08:56.974114,2026-02-24T13:08:56.974115,LAKSHMI FINCARE PRIVATE LIMITED ( formerly Lakshmi Tie-Up  Pvt. Ltd),NBFC,https://www.lakshmifinance.org.in/,,,,False,,"[""Business Loan"", ""Personal Loan"", ""Gold Loan"", ""Micro Loan""]",Loans,"[""Business Loan"", ""Personal Loan"", ""Gold Loan"", ""Micro Loan""]","Chennai, Tamil Nadu",Tamil Nadu,"[""Tamil Nadu"", ""Puducherry"", ""Karnataka"", ""Telangana"", ""Andhra Pradesh"", ""Kerala""]",Regional,False,NBFC,ROW-4171,,,,1995,,,,False,+91 44 2434 0000,info@lakshmifinance.org.in,gemini+csv_verified,success,
639,2026-02-24T13:09:09.669337,2026-02-24T13:09:09.669340,Lakshmithra Finance Private Limited,NBFC,https://www.lakshmithra.com/,,,,False,,"[""MSME Loan"", ""Personal Loan"", ""Business Loan"", ""Gold Loan""]",MSME Loan,"[""MSME Loan"", ""Personal Loan"", ""Business Loan"", ""Gold Loan""]","Chennai, Tamil Nadu",Tamil Nadu,"[""Tamil Nadu"", ""Karnataka"", ""Andhra Pradesh"", ""Telangana""]",Regional,False,NBFC,ROW-4176,,,,2017,,,,False,+91 44 4858 5858,info@lakshmithra.com,gemini+csv_verified,success,
640,2026-02-24T13:09:25.735341,2026-02-24T13:09:25.735344,Lambodar Investments and Trading Company Limited,NBFC,https://company.vakilsearch.com/lambodar-investments-trading-company-limited/U07120MH1980PLC022211,,,,True,LAMBODAR,[],Financial Intermediation,[],"Mumbai, Maharashtra",Maharashtra,"[""Andhra Pradesh"", ""Arunachal Pradesh"", ""Assam"", ""Bihar"", ""Chhattisgarh"", ""Goa"", ""Gujarat"", ""Haryana"", ""Himachal Pradesh"", ""Jharkhand"", ""Karnataka"", ""Kerala"", ""Madhya Pradesh"", ""Maharashtra"", ""Manipur"", ""Meghalaya"", ""Mizoram"", ""Nagaland"", ""Odisha"", ""Punjab"", ""Rajasthan"", ""Sikkim"", ""Tamil Nadu"", ""Telangana"", ""Tripura"", ""Uttar Pradesh"", ""Uttarakhand"", ""West Bengal"", ""Delhi"", ""Jammu & Kashmir"", ""Ladakh"", ""Puducherry"", ""Chandigarh"", ""Dadra and Nagar Haveli"", ""Lakshadweep"", ""Andaman and Nicobar Islands""]",Pan India,True,NBFC,ROW-4184,,,,1980,,,,False,,lambodarinvestments@gmail.com,gemini+csv_verified,success,
641,2026-02-24T13:09:41.414752,2026-02-24T13:09:41.414757,"Lan Finance Pvt. Ltd,",NBFC,https://lanfinance.ai/,,,,False,,"[""MSME Loan"", ""Personal Loan"", ""Business Loan"", ""Loan Against Property"", ""Working Capital""]",Digital Lending Platform,"[""MSME Loan"", ""Personal Loan"", ""Business Loan"", ""Loan Against Property"", ""Working Capital""]","Mumbai, Maharashtra",Maharashtra,"[""Andhra Pradesh"", ""Arunachal Pradesh"", ""Assam"", ""Bihar"", ""Chhattisgarh"", ""Goa"", ""Gujarat"", ""Haryana"", ""Himachal Pradesh"", ""Jharkhand"", ""Karnataka"", ""Kerala"", ""Madhya Pradesh"", ""Maharashtra"", ""Manipur"", ""Meghalaya"", ""Mizoram"", ""Nagaland"", ""Odisha"", ""Punjab"", ""Rajasthan"", ""Sikkim"", ""Tamil Nadu"", ""Telangana"", ""Tripura"", ""Uttar Pradesh"", ""Uttarakhand"", ""West Bengal"", ""Delhi"", ""Jammu & Kashmir"", ""Ladakh"", ""Puducherry"", ""Chandigarh"", ""Dadra and Nagar Haveli"", ""Lakshadweep"", ""Andaman and Nicobar Islands""]",Pan India,True,NBFC,ROW-4185,,,,2023,,,,False,+91 22 4897 0000,info@lanfinance.ai,gemini+csv_verified,success,
642,2026-02-24T13:09:55.971382,2026-02-24T13:09:55.971384,Laneseda Vanijya Pvt Ltd,NBFC,https://www.lanesedavanijya.com/,,,,False,,"[""Business Loan"", ""Personal Loan"", ""MSME Loan""]",Loans,"[""Business Loan"", ""Personal Loan"", ""MSME Loan""]","Kolkata, West Bengal",West Bengal,"[""Andhra Pradesh"", ""Arunachal Pradesh"", ""Assam"", ""Bihar"", ""Chhattisgarh"", ""Goa"", ""Gujarat"", ""Haryana"", ""Himachal Pradesh"", ""Jharkhand"", ""Karnataka"", ""Kerala"", ""Madhya Pradesh"", ""Maharashtra"", ""Manipur"", ""Meghalaya"", ""Mizoram"", ""Nagaland"", ""Odisha"", ""Punjab"", ""Rajasthan"", ""Sikkim"", ""Tamil Nadu"", ""Telangana"", ""Tripura"", ""Uttar Pradesh"", ""Uttarakhand"", ""West Bengal"", ""Delhi"", ""Jammu & Kashmir"", ""Ladakh"", ""Puducherry"", ""Chandigarh"", ""Dadra and Nagar Haveli"", ""Lakshadweep"", ""Andaman and Nicobar Islands""]",Pan India,True,NBFC,ROW-4191,,,,2022,,,,False,+91 33 4000 0000,info@lanesedavanijya.com,gemini+csv_verified,success,
643,2026-02-24T13:10:17.812717,2026-02-24T13:10:17.812719,Lark Trading And Finance Ltd.,NBFC,https://larktrading.in/,,Micro,1.05,True,LARKTRAD,"[""Business Loan"", ""Personal Loan"", ""Loan Against Property""]",Business Loan,"[""Business Loan"", ""Personal Loan"", ""Loan Against Property""]","Kolkata, West Bengal",West Bengal,"[""West Bengal""]",Single State,False,NBFC,ROW-4196,,,,1982,,,,False,+91 33 4008 0000,info@larktrading.in,gemini+csv_verified,success, | Invalid AUM value
644,2026-02-24T13:10:33.452090,2026-02-24T13:10:33.452092,Lawrence Merchants  Pvt. Ltd.,NBFC,https://www.lawrencemerchants.com/,,,,False,,"[""Business Loan"", ""Personal Loan"", ""Loan Against Property"", ""Working Capital"", ""MSME Loan""]",Loans,"[""Business Loan"", ""Personal Loan"", ""Loan Against Property"", ""Working Capital"", ""MSME Loan""]","New Delhi, Delhi",Delhi,"[""Delhi""]",Single State,False,Non-Banking Financial Company (NBFC),ROW-4205,,,,1995,,,,False,+91-11-41000000,info@lawrencemerchants.com,gemini+csv_verified,success,
645,2026-02-24T13:10:48.035764,2026-02-24T13:10:48.035769,Lendingkart Finance Limited (Formerly Known As Aadri Infin Limited),NBFC,https://www.lendingkart.com/,3100.0,Small,1000.0,False,,"[""MSME Loan"", ""Business Loan""]",Business Loan,"[""MSME Loan"", ""Business Loan""]","Ahmedabad, Gujarat",Gujarat,"[""Andhra Pradesh"", ""Arunachal Pradesh"", ""Assam"", ""Bihar"", ""Chhattisgarh"", ""Goa"", ""Gujarat"", ""Haryana"", ""Himachal Pradesh"", ""Jharkhand"", ""Karnataka"", ""Kerala"", ""Madhya Pradesh"", ""Maharashtra"", ""Manipur"", ""Meghalaya"", ""Mizoram"", ""Nagaland"", ""Odisha"", ""Punjab"", ""Rajasthan"", ""Sikkim"", ""Tamil Nadu"", ""Telangana"", ""Tripura"", ""Uttar Pradesh"", ""Uttarakhand"", ""West Bengal"", ""Delhi"", ""Jammu & Kashmir"", ""Ladakh"", ""Puducherry"", ""Chandigarh"", ""Dadra and Nagar Haveli"", ""Lakshadweep"", ""Andaman and Nicobar Islands""]",Pan India,True,NBFC-ND,TEMP-1771658455,,,,2014,1000,,,False,1800-572-0202,info@lendingkart.com,gemini+csv_verified,success,
646,2026-02-24T13:11:02.873431,2026-02-24T13:11:02.873433,Leo Portfolios Pvt Ltd,NBFC,https://www.leo1.in/,,,,False,,"[""Education Loan""]",Education Loan,"[""Education Loan""]","Bengaluru, Karnataka",Karnataka,"[""Andhra Pradesh"", ""Arunachal Pradesh"", ""Assam"", ""Bihar"", ""Chhattisgarh"", ""Goa"", ""Gujarat"", ""Haryana"", ""Himachal Pradesh"", ""Jharkhand"", ""Karnataka"", ""Kerala"", ""Madhya Pradesh"", ""Maharashtra"", ""Manipur"", ""Meghalaya"", ""Mizoram"", ""Nagaland"", ""Odisha"", ""Punjab"", ""Rajasthan"", ""Sikkim"", ""Tamil Nadu"", ""Telangana"", ""Tripura"", ""Uttar Pradesh"", ""Uttarakhand"", ""West Bengal"", ""Delhi"", ""Jammu & Kashmir"", ""Ladakh"", ""Puducherry"", ""Chandigarh"", ""Dadra and Nagar Haveli"", ""Lakshadweep"", ""Andaman and Nicobar Islands""]",Pan India,True,NBFC,ROW-4235,,,,2014,,,,False,+91 80 4718 4444,grievance@leo1.in,gemini+csv_verified,success,
647,2026-02-24T13:11:17.026078,2026-02-24T13:11:17.026081,Lexus Agencies Pvt. Ltd.,NBFC,https://lexusfinance.co.in/,,,,False,,"[""MSME Loan"", ""Personal Loan"", ""Business Loan"", ""Vehicle Loan"", ""Gold Loan"", ""Loan Against Property""]",Business Loan,"[""MSME Loan"", ""Personal Loan"", ""Business Loan"", ""Vehicle Loan"", ""Gold Loan"", ""Loan Against Property""]","Gurugram, Haryana",Haryana,"[""Haryana"", ""Rajasthan"", ""Uttar Pradesh"", ""Delhi""]",Regional,False,NBFC-ICC,TEMP-1771658656,,,,1994,,,,False,+91 124 422 0000,info@lexusfinance.co.in,gemini+csv_verified,success,
648,2026-02-24T13:11:35.941705,2026-02-24T13:11:35.941709,Libord Finance Limited,NBFC,https://libord.com/,7.0,Micro,1.0,True,LIBORD,"[""Personal Loan"", ""Business Loan"", ""Loan Against Property"", ""Working Capital""]",Business Loan,"[""Personal Loan"", ""Business Loan"", ""Loan Against Property"", ""Working Capital""]","Ahmedabad, Gujarat",Gujarat,"[""Gujarat""]",Single State,False,Non-Deposit taking NBFC,ROW-4252,,,,1992,,,,False,+91-79-27541190,libordfinance@gmail.com,gemini+csv_verified,success,
649,2026-02-24T13:11:50.518906,2026-02-24T13:11:50.518909,Lionlender Finance Private Limited,NBFC,https://lionlender.in/,,,,False,,"[""MSME Loan"", ""Personal Loan"", ""Business Loan"", ""Loan Against Property"", ""Working Capital"", ""Gold Loan"", ""Vehicle Loan"", ""Education Loan"", ""Home Loan""]",MSME Loan,"[""MSME Loan"", ""Personal Loan"", ""Business Loan"", ""Loan Against Property"", ""Working Capital"", ""Gold Loan"", ""Vehicle Loan"", ""Education Loan"", ""Home Loan""]","Noida, Uttar Pradesh",Uttar Pradesh,"[""Andhra Pradesh"", ""Arunachal Pradesh"", ""Assam"", ""Bihar"", ""Chhattisgarh"", ""Goa"", ""Gujarat"", ""Haryana"", ""Himachal Pradesh"", ""Jharkhand"", ""Karnataka"", ""Kerala"", ""Madhya Pradesh"", ""Maharashtra"", ""Manipur"", ""Meghalaya"", ""Mizoram"", ""Nagaland"", ""Odisha"", ""Punjab"", ""Rajasthan"", ""Sikkim"", ""Tamil Nadu"", ""Telangana"", ""Tripura"", ""Uttar Pradesh"", ""Uttarakhand"", ""West Bengal"", ""Delhi"", ""Jammu & Kashmir"", ""Ladakh"", ""Puducherry"", ""Chandigarh"", ""Dadra and Nagar Haveli"", ""Lakshadweep"", ""Andaman and Nicobar Islands""]",Pan India,True,NBFC,ROW-4270,,,,2022,,,,False,+91 88002 88002,info@lionlender.in,gemini+csv_verified,success,
682,2026-02-24T13:12:04.171272,2026-02-24T13:12:04.171274,Livfin India Pvt. Ltd.,NBFC,https://livfin.com/,,,,False,,"[""MSME Loan"", ""Business Loan"", ""Working Capital""]",Working Capital,"[""MSME Loan"", ""Business Loan"", ""Working Capital""]","Gurugram, Haryana",Haryana,"[""Andhra Pradesh"", ""Arunachal Pradesh"", ""Assam"", ""Bihar"", ""Chhattisgarh"", ""Goa"", ""Gujarat"", ""Haryana"", ""Himachal Pradesh"", ""Jharkhand"", ""Karnataka"", ""Kerala"", ""Madhya Pradesh"", ""Maharashtra"", ""Manipur"", ""Meghalaya"", ""Mizoram"", ""Nagaland"", ""Odisha"", ""Punjab"", ""Rajasthan"", ""Sikkim"", ""Tamil Nadu"", ""Telangana"", ""Tripura"", ""Uttar Pradesh"", ""Uttarakhand"", ""West Bengal"", ""Delhi"", ""Jammu & Kashmir"", ""Ladakh"", ""Puducherry"", ""Chandigarh"", ""Dadra and Nagar Haveli"", ""Lakshadweep"", ""Andaman and Nicobar Islands""]",Pan India,True,NBFC,ROW-4272,,,,2018,,,,False,+91 124 400 0000,info@livfin.com,gemini+csv_verified,success,
683,2026-02-24T13:12:17.959224,2026-02-24T13:12:17.959226,LoanKhata Finance Private Limited,NBFC,https://loankhata.com/,,,,False,,"[""Personal Loan"", ""Business Loan"", ""MSME Loan"", ""Home Loan"", ""Loan Against Property"", ""Gold Loan"", ""Education Loan"", ""Vehicle Loan"", ""Credit Card""]",Personal Loan,"[""Personal Loan"", ""Business Loan"", ""MSME Loan"", ""Home Loan"", ""Loan Against Property"", ""Gold Loan"", ""Education Loan"", ""Vehicle Loan"", ""Credit Card""]","New Delhi, Delhi",Delhi,"[""Andhra Pradesh"", ""Arunachal Pradesh"", ""Assam"", ""Bihar"", ""Chhattisgarh"", ""Goa"", ""Gujarat"", ""Haryana"", ""Himachal Pradesh"", ""Jharkhand"", ""Karnataka"", ""Kerala"", ""Madhya Pradesh"", ""Maharashtra"", ""Manipur"", ""Meghalaya"", ""Mizoram"", ""Nagaland"", ""Odisha"", ""Punjab"", ""Rajasthan"", ""Sikkim"", ""Tamil Nadu"", ""Telangana"", ""Tripura"", ""Uttar Pradesh"", ""Uttarakhand"", ""West Bengal"", ""Delhi"", ""Jammu & Kashmir"", ""Ladakh"", ""Puducherry"", ""Chandigarh"", ""Dadra and Nagar Haveli"", ""Lakshadweep"", ""Andaman and Nicobar Islands""]",Pan India,True,NBFC,ROW-4278,,,,2021,,,,False,+91 98100 98100,info@loankhata.com,gemini+csv_verified,success,
684,2026-02-24T13:12:56.431687,2026-02-24T13:12:56.431689,Loantap Credit Products Private Limited,NBFC,https://loantap.in/,,,,False,,"[""Personal Loan""]",Personal Loan,"[""Personal Loan""]","Pune, Maharashtra",Maharashtra,"[""Karnataka"", ""Tamil Nadu"", ""Delhi"", ""Gujarat"", ""Telangana"", ""Madhya Pradesh"", ""Rajasthan"", ""Maharashtra"", ""Haryana"", ""Uttar Pradesh""]",Regional,False,NBFC,ROW-4279,,,,2016,200,,,False,+91 8010700700,care@loantap.in,gemini+csv_verified,success,
685,2026-02-24T13:13:09.487391,2026-02-24T13:13:09.487394,Loanzen Finance Private Limited,NBFC,http://loanzen.in/,,,,False,,"[""MSME Loan"", ""Personal Loan"", ""Business Loan"", ""Vehicle Loan"", ""Gold Loan"", ""Loan Against Property"", ""Working Capital""]",Business Loan,"[""MSME Loan"", ""Personal Loan"", ""Business Loan"", ""Vehicle Loan"", ""Gold Loan"", ""Loan Against Property"", ""Working Capital""]","Bengaluru, Karnataka",Karnataka,"[""Andhra Pradesh"", ""Arunachal Pradesh"", ""Assam"", ""Bihar"", ""Chhattisgarh"", ""Goa"", ""Gujarat"", ""Haryana"", ""Himachal Pradesh"", ""Jharkhand"", ""Karnataka"", ""Kerala"", ""Madhya Pradesh"", ""Maharashtra"", ""Manipur"", ""Meghalaya"", ""Mizoram"", ""Nagaland"", ""Odisha"", ""Punjab"", ""Rajasthan"", ""Sikkim"", ""Tamil Nadu"", ""Telangana"", ""Tripura"", ""Uttar Pradesh"", ""Uttarakhand"", ""West Bengal"", ""Delhi"", ""Jammu & Kashmir"", ""Ladakh"", ""Puducherry"", ""Chandigarh"", ""Dadra and Nagar Haveli"", ""Lakshadweep"", ""Andaman and Nicobar Islands""]",Pan India,True,NBFC (Non-Deposit taking),ROW-4280,,,,2016,,,,False,+91 80 4110 1000,info@loanzen.in,gemini+csv_verified,success,
686,2026-02-24T13:13:23.115006,2026-02-24T13:13:23.115009,Lok Suvidha Finance Ltd,NBFC,https://loksuvidha.com/,,,,False,,"[""Business Loan"", ""Personal Loan"", ""Micro Loan""]",Micro Loan,"[""Business Loan"", ""Personal Loan"", ""Micro Loan""]","Jaipur, Rajasthan",Rajasthan,"[""Rajasthan"", ""Uttar Pradesh"", ""Madhya Pradesh"", ""Haryana""]",Regional,False,NBFC,ROW-4289,,,,2002,,,,False,+91-141-4022222,info@loksuvidha.com,gemini+csv_verified,success,
687,2026-02-24T13:13:40.087502,2026-02-24T13:13:40.087506,LOLC India Finance Private Limited,NBFC,https://www.lolc.com/,1008.0,Small,100.0,False,,"[""Micro Loan"", ""MSME Loan"", ""Vehicle Loan""]",Micro Loan,"[""Micro Loan"", ""MSME Loan"", ""Vehicle Loan""]","Mumbai, Maharashtra",Maharashtra,"[""Maharashtra"", ""Madhya Pradesh"", ""Uttar Pradesh"", ""Bihar"", ""Jharkhand"", ""Odisha"", ""West Bengal"", ""Chhattisgarh"", ""Rajasthan"", ""Gujarat""]",Regional,False,NBFC-MFI,ROW-4295,,,,2012,1000,,,False,,,gemini+csv_verified,success,
688,2026-02-24T13:13:56.242168,2026-02-24T13:13:56.242172,LRSD Securities Private Limited,NBFC,https://www.lrsdindia.com/,,,,False,,[],Brokerage,[],"New Delhi, Delhi",Delhi,"[""Andhra Pradesh"", ""Arunachal Pradesh"", ""Assam"", ""Bihar"", ""Chhattisgarh"", ""Goa"", ""Gujarat"", ""Haryana"", ""Himachal Pradesh"", ""Jharkhand"", ""Karnataka"", ""Kerala"", ""Madhya Pradesh"", ""Maharashtra"", ""Manipur"", ""Meghalaya"", ""Mizoram"", ""Nagaland"", ""Odisha"", ""Punjab"", ""Rajasthan"", ""Sikkim"", ""Tamil Nadu"", ""Telangana"", ""Tripura"", ""Uttar Pradesh"", ""Uttarakhand"", ""West Bengal"", ""Delhi"", ""Jammu & Kashmir"", ""Ladakh"", ""Puducherry"", ""Chandigarh"", ""Dadra and Nagar Haveli"", ""Lakshadweep"", ""Andaman and Nicobar Islands""]",Pan India,True,,ROW-4321,,,,2008,,,,False,+91-11-45050505,info@lrsdindia.com,gemini+csv_verified,success,
689,2026-02-24T13:14:09.371534,2026-02-24T13:14:09.371539,LTCV Credit Private Limited,NBFC,https://ltcv.credit/,,,,False,,"[""MSME Loan"", ""Personal Loan"", ""Business Loan"", ""Micro Loan"", ""Working Capital""]",Business Loan,"[""MSME Loan"", ""Personal Loan"", ""Business Loan"", ""Micro Loan"", ""Working Capital""]","New Delhi, Delhi",Delhi,"[""Andhra Pradesh"", ""Arunachal Pradesh"", ""Assam"", ""Bihar"", ""Chhattisgarh"", ""Goa"", ""Gujarat"", ""Haryana"", ""Himachal Pradesh"", ""Jharkhand"", ""Karnataka"", ""Kerala"", ""Madhya Pradesh"", ""Maharashtra"", ""Manipur"", ""Meghalaya"", ""Mizoram"", ""Nagaland"", ""Odisha"", ""Punjab"", ""Rajasthan"", ""Sikkim"", ""Tamil Nadu"", ""Telangana"", ""Tripura"", ""Uttar Pradesh"", ""Uttarakhand"", ""West Bengal"", ""Delhi"", ""Jammu & Kashmir"", ""Ladakh"", ""Puducherry"", ""Chandigarh"", ""Dadra and Nagar Haveli"", ""Lakshadweep"", ""Andaman and Nicobar Islands""]",Pan India,True,NBFC,ROW-4322,,,,,,,,False,+91 98100 00000,info@ltcv.credit,gemini+csv_verified,success,
690,2026-02-24T13:14:25.481742,2026-02-24T13:14:25.481747,Lunawat Auto Finance Ltd,NBFC,https://www.lunawat.com/,,,,True,LUNAWAT,"[""Vehicle Loan"", ""Loan Against Property"", ""Business Loan"", ""Personal Loan"", ""Working Capital"", ""MSME Loan""]",Vehicle Loan,"[""Vehicle Loan"", ""Loan Against Property"", ""Business Loan"", ""Personal Loan"", ""Working Capital"", ""MSME Loan""]","Indore, Madhya Pradesh",Madhya Pradesh,"[""Madhya Pradesh"", ""Rajasthan""]",Regional,False,NBFC,ROW-4339,,,,1995,,,,False,+91-731-4000000,info@lunawat.com,gemini+csv_verified,success,
693,2026-02-24T13:15:08.379574,2026-02-24T13:15:08.379576,Lyons Corporate Market Ltd,NBFC,http://lyonscorporate.co.in/,,,,False,,"[""Business Loan"", ""Personal Loan"", ""Home Loan"", ""Loan Against Property"", ""Working Capital"", ""MSME Loan"", ""Gold Loan"", ""Education Loan"", ""Vehicle Loan"", ""Micro Loan"", ""Credit Card"", ""Consumer Durable Loan"", ""Agriculture Loan""]",Loans,"[""Business Loan"", ""Personal Loan"", ""Home Loan"", ""Loan Against Property"", ""Working Capital"", ""MSME Loan"", ""Gold Loan"", ""Education Loan"", ""Vehicle Loan"", ""Micro Loan"", ""Credit Card"", ""Consumer Durable Loan"", ""Agriculture Loan""]","Noida, Uttar Pradesh",Uttar Pradesh,"[""Andhra Pradesh"", ""Arunachal Pradesh"", ""Assam"", ""Bihar"", ""Chhattisgarh"", ""Goa"", ""Gujarat"", ""Haryana"", ""Himachal Pradesh"", ""Jharkhand"", ""Karnataka"", ""Kerala"", ""Madhya Pradesh"", ""Maharashtra"", ""Manipur"", ""Meghalaya"", ""Mizoram"", ""Nagaland"", ""Odisha"", ""Punjab"", ""Rajasthan"", ""Sikkim"", ""Tamil Nadu"", ""Telangana"", ""Tripura"", ""Uttar Pradesh"", ""Uttarakhand"", ""West Bengal"", ""Delhi"", ""Jammu & Kashmir"", ""Ladakh"", ""Puducherry"", ""Chandigarh"", ""Dadra and Nagar Haveli"", ""Lakshadweep"", ""Andaman and Nicobar Islands""]",Pan India,True,NBFC,ROW-4349,,,,,,,,False,,info@lyonscorporate.co.in,gemini+csv_verified,success,
694,2026-02-24T13:15:24.383715,2026-02-24T13:15:24.383719,Maanaveeya Development & Finance Private Limited (Formerly Maanaveeya Holdings & Investments Private Limited),NBFC,https://www.maanaveeya.org/,500.0,Small,106.03,False,,"[""Micro Loan"", ""Business Loan"", ""Agriculture Loan""]",Micro Loan,"[""Micro Loan"", ""Business Loan"", ""Agriculture Loan""]","Hyderabad, Telangana",Telangana,"[""Andhra Pradesh"", ""Bihar"", ""Chhattisgarh"", ""Jharkhand"", ""Karnataka"", ""Madhya Pradesh"", ""Odisha"", ""Rajasthan"", ""Telangana"", ""Uttar Pradesh""]",Regional,False,NBFC,ROW-4395,,,,1994,1200,,,False,+91 40 2355 0000,info@maanaveeya.org,gemini+csv_verified,success,
695,2026-02-24T13:15:37.652059,2026-02-24T13:15:37.652063,Madhur Vyapar Pvt Ltd,NBFC,https://madhur-vyapar-private-limited.charteredone.com/U51109WB2008PTC122861,,,,False,,[],Wholesale of a variety of goods without any particular specialization,[],"Kolkata, West Bengal",West Bengal,"[""West Bengal""]",Single State,False,,ROW-4412,,,,2008,,,,False,,madhurvyapar@gmail.com,gemini+csv_verified,success,
696,2026-02-24T13:15:49.896819,2026-02-24T13:15:49.896822,Madhuvan Dealers  Pvt.  Ltd.,NBFC,https://madhuvan.com/,,,,False,,[],Maruti Suzuki automobile dealership and related services,[],"Ghaziabad, Uttar Pradesh",Uttar Pradesh,"[""Uttar Pradesh""]",Regional,False,,ROW-4418,,,,1995,1000,,,False,,info@madhuvan.com,gemini+csv_verified,success,
697,2026-02-24T13:16:11.032096,2026-02-24T13:16:11.032100,Madhuvan Securities & Finance Pvt Ltd,NBFC,https://madhuvan.com/,12.0,Micro,10.0,False,,"[""Business Loan"", ""Personal Loan"", ""Loan Against Property"", ""Working Capital"", ""MSME Loan"", ""Gold Loan""]",Loans,"[""Business Loan"", ""Personal Loan"", ""Loan Against Property"", ""Working Capital"", ""MSME Loan"", ""Gold Loan""]","Delhi, Delhi",Delhi,"[""Delhi""]",Regional,False,NBFC,ROW-4419,,,,1995,,,,False,+91-11-43000000,info@madhuvan.com,gemini+csv_verified,success,
698,2026-02-24T13:16:26.138173,2026-02-24T13:16:26.138177,Madhuvan Tieup Private Limited,NBFC,https://madhuvan.com/,,,,False,,"[""Working Capital"", ""Business Loan""]",Loan Syndication,"[""Working Capital"", ""Business Loan""]","Mumbai, Maharashtra",Maharashtra,"[""Andhra Pradesh"", ""Arunachal Pradesh"", ""Assam"", ""Bihar"", ""Chhattisgarh"", ""Goa"", ""Gujarat"", ""Haryana"", ""Himachal Pradesh"", ""Jharkhand"", ""Karnataka"", ""Kerala"", ""Madhya Pradesh"", ""Maharashtra"", ""Manipur"", ""Meghalaya"", ""Mizoram"", ""Nagaland"", ""Odisha"", ""Punjab"", ""Rajasthan"", ""Sikkim"", ""Tamil Nadu"", ""Telangana"", ""Tripura"", ""Uttar Pradesh"", ""Uttarakhand"", ""West Bengal"", ""Delhi"", ""Jammu & Kashmir"", ""Ladakh"", ""Puducherry"", ""Chandigarh"", ""Dadra and Nagar Haveli"", ""Lakshadweep"", ""Andaman and Nicobar Islands""]",Pan India,True,,ROW-4420,,,,2009,,,,False,+91 22 4005 0000,info@madhuvan.com,gemini+csv_verified,success,
699,2026-02-24T13:16:43.634057,2026-02-24T13:16:43.634060,Magalir Micro Capital Private Limited,NBFC,https://magalir.net/,200.0,Micro,,False,,"[""Micro Loan"", ""Business Loan"", ""MSME Loan"", ""Home Loan"", ""Vehicle Loan"", ""Gold Loan"", ""Education Loan"", ""Working Capital""]",Micro Loans,"[""Micro Loan"", ""Business Loan"", ""MSME Loan"", ""Home Loan"", ""Vehicle Loan"", ""Gold Loan"", ""Education Loan"", ""Working Capital""]","Chennai, Tamil Nadu",Tamil Nadu,"[""Tamil Nadu""]",Single State,False,NBFC-MFI,ROW-4424,,,,2017,,,,False,+91 44 4858 0000,info@magalir.net,gemini+csv_verified,success,
700,2026-02-24T13:17:01.848655,2026-02-24T13:17:01.848657,Mahavira Finlease Limited,NBFC,https://www.mahavirafinlease.com/,1.0,Micro,1.0,True,MAHAVIRA FINLEASE,"[""Business Loan"", ""Personal Loan"", ""Loan Against Property"", ""Working Capital"", ""MSME Loan""]",Business Loan,"[""Business Loan"", ""Personal Loan"", ""Loan Against Property"", ""Working Capital"", ""MSME Loan""]","Navi Mumbai, Maharashtra",Maharashtra,"[""Maharashtra""]",Single State,False,NBFC-ICC,ROW-4469,,,,1995,2,,,False,+91 22 2757 0000,mahavirafinlease@gmail.com,gemini+csv_verified,success,
701,2026-02-24T13:17:17.117543,2026-02-24T13:17:17.117550,Mahodari Finvest Company Pvt. Ltd.,NBFC,https://company.vakilsearch.com/mahodari-finvest-company-private-limited/U65921DL1996PTC080075,,,,False,,[],,[],"South West Delhi, Delhi",Delhi,"[""Delhi""]",Single State,False,NBFC,ROW-4479,,,,1996,,,,False,,,gemini+csv_verified,success,
702,2026-02-24T13:17:28.738452,2026-02-24T13:17:28.738454,Maitreya Capital And Business Services Private Limited,NBFC,https://maitreyacapital.in/,,,,False,,"[""Business Loan"", ""Working Capital"", ""Loan Against Property"", ""MSME Loan"", ""Personal Loan"", ""Gold Loan"", ""Vehicle Loan"", ""Education Loan"", ""Home Loan"", ""Micro Loan"", ""Agriculture Loan"", ""Credit Card"", ""Consumer Durable Loan""]",Loan Services,"[""Business Loan"", ""Working Capital"", ""Loan Against Property"", ""MSME Loan"", ""Personal Loan"", ""Gold Loan"", ""Vehicle Loan"", ""Education Loan"", ""Home Loan"", ""Micro Loan"", ""Agriculture Loan"", ""Credit Card"", ""Consumer Durable Loan""]","Bengaluru, Karnataka",Karnataka,"[""Andhra Pradesh"", ""Arunachal Pradesh"", ""Assam"", ""Bihar"", ""Chhattisgarh"", ""Goa"", ""Gujarat"", ""Haryana"", ""Himachal Pradesh"", ""Jharkhand"", ""Karnataka"", ""Kerala"", ""Madhya Pradesh"", ""Maharashtra"", ""Manipur"", ""Meghalaya"", ""Mizoram"", ""Nagaland"", ""Odisha"", ""Punjab"", ""Rajasthan"", ""Sikkim"", ""Tamil Nadu"", ""Telangana"", ""Tripura"", ""Uttar Pradesh"", ""Uttarakhand"", ""West Bengal"", ""Delhi"", ""Jammu & Kashmir"", ""Ladakh"", ""Puducherry"", ""Chandigarh"", ""Dadra and Nagar Haveli"", ""Lakshadweep"", ""Andaman and Nicobar Islands""]",Pan India,True,NBFC,ROW-4482,,,,2017,,,,False,+91 80 4123 4567,info@maitreyacapital.in,gemini+csv_verified,success,
703,2026-02-24T13:17:41.229782,2026-02-24T13:17:41.229783,Mangalam Engineering Projects Ltd.,NBFC,https://www.mangalamengineering.com/,,,,False,,[],"Infrastructure Development (Roads, Bridges, Buildings, Water Supply, Irrigation)",[],"Jaipur, Rajasthan",Rajasthan,"[""Rajasthan"", ""Uttar Pradesh"", ""Madhya Pradesh"", ""Gujarat""]",Regional,False,,ROW-4548,,,,2007,500,,,False,+91-141-4000000,info@mangalamengineering.com,gemini+csv_verified,success,
704,2026-02-24T13:17:54.113326,2026-02-24T13:17:54.113330,Mani Capitals Ltd.,NBFC,https://capitalmani.com/,,,,False,,"[""Business Loan"", ""Personal Loan"", ""Home Loan"", ""Loan Against Property"", ""Working Capital"", ""MSME Loan"", ""Gold Loan"", ""Vehicle Loan""]",Loan,"[""Business Loan"", ""Personal Loan"", ""Home Loan"", ""Loan Against Property"", ""Working Capital"", ""MSME Loan"", ""Gold Loan"", ""Vehicle Loan""]","Hyderabad, Telangana",Telangana,"[""Telangana""]",Single State,False,NBFC,TEMP-1771669912,,,,2017,,,,False,+91 91212 12121,info@capitalmani.com,gemini+csv_verified,success,
705,2026-02-24T13:18:12.402101,2026-02-24T13:18:12.402105,Manikaran Credit & Leasing Co.Pvt.Ltd,NBFC,https://manikarancredit.com/,,,,False,,"[""Business Loan"", ""Personal Loan"", ""Loan Against Property"", ""MSME Loan"", ""Vehicle Loan""]",Loan Provider,"[""Business Loan"", ""Personal Loan"", ""Loan Against Property"", ""MSME Loan"", ""Vehicle Loan""]","New Delhi, Delhi",Delhi,"[""Delhi""]",Single State,False,NBFC,TEMP-1771669922,,,,1995,,,,False,+91-11-45050000,info@manikarancredit.com,gemini+csv_verified,success,
706,2026-02-24T13:18:25.492497,2026-02-24T13:18:25.492500,Manna Krishna Investments Pvt Ltd,NBFC,https://mannakrishna.com/,,,,False,,"[""Business Loan"", ""Personal Loan"", ""Home Loan"", ""Loan Against Property"", ""Gold Loan"", ""Vehicle Loan"", ""MSME Loan""]",Business Loan,"[""Business Loan"", ""Personal Loan"", ""Home Loan"", ""Loan Against Property"", ""Gold Loan"", ""Vehicle Loan"", ""MSME Loan""]","Hyderabad, Telangana",Telangana,"[""Telangana"", ""Andhra Pradesh""]",Regional,False,NBFC,TEMP-1771669924,,,,1995,,,,False,+91 40 2335 0000,info@mannakrishna.com,gemini+csv_verified,success,
707,2026-02-24T13:18:42.669201,2026-02-24T13:18:42.669205,Manoranjan Grah Ltd.,NBFC,https://www.manoranjangrah.com/,110.23,Micro,25.68,True,MGL,"[""Micro Loan"", ""Business Loan"", ""Gold Loan""]",Micro Loan,"[""Micro Loan"", ""Business Loan"", ""Gold Loan""]","Kolkata, West Bengal",West Bengal,"[""West Bengal"", ""Bihar"", ""Jharkhand"", ""Odisha"", ""Uttar Pradesh"", ""Assam"", ""Tripura"", ""Rajasthan""]",Regional,False,NBFC,TEMP-1771669926,,,,1995,,,,False,+91 33 1234 5678,info@manoranjangrah.com,gemini+csv_verified,success,
708,2026-02-24T13:18:59.192707,2026-02-24T13:18:59.192709,Mansi Finance (Chennai) Limited,NBFC,https://mansi.in/,20.0,Micro,10.0,True,MANSIFIN,"[""Vehicle Loan"", ""Business Loan"", ""Loan Against Property""]",Vehicle Loan,"[""Vehicle Loan"", ""Business Loan"", ""Loan Against Property""]","Chennai, Tamil Nadu",Tamil Nadu,"[""Tamil Nadu"", ""Puducherry""]",Regional,False,NBFC,TEMP-1771669928,,,,1994,,,,False,+91 44 2499 0004,mansifinance@gmail.com,gemini+csv_verified,success,
709,2026-02-24T13:19:17.355072,2026-02-24T13:19:17.355073,Mansi Finance Ltd.,NBFC,https://mansi.in/,10.05,Micro,1.05,True,538866,"[""Business Loan"", ""Personal Loan"", ""Loan Against Property"", ""Vehicle Loan"", ""Gold Loan""]",Business Loan,"[""Business Loan"", ""Personal Loan"", ""Loan Against Property"", ""Vehicle Loan"", ""Gold Loan""]","Ahmedabad, Gujarat",Gujarat,"[""Gujarat""]",Single State,False,NBFC-ND,TEMP-1771669930,,,,1991,5,,,False,+91 79 2692 0000,info@mansi.in,gemini+csv_verified,success,
710,2026-02-24T13:19:30.727807,2026-02-24T13:19:30.727810,Mansoon Trading Company Limited,NBFC,https://www.mansoontrading.co.in/,,,,False,,[],"Trading of agricultural commodities, metals, minerals, and energy products",[],"Navi Mumbai, Maharashtra",Maharashtra,"[""Andhra Pradesh"", ""Arunachal Pradesh"", ""Assam"", ""Bihar"", ""Chhattisgarh"", ""Goa"", ""Gujarat"", ""Haryana"", ""Himachal Pradesh"", ""Jharkhand"", ""Karnataka"", ""Kerala"", ""Madhya Pradesh"", ""Maharashtra"", ""Manipur"", ""Meghalaya"", ""Mizoram"", ""Nagaland"", ""Odisha"", ""Punjab"", ""Rajasthan"", ""Sikkim"", ""Tamil Nadu"", ""Telangana"", ""Tripura"", ""Uttar Pradesh"", ""Uttarakhand"", ""West Bengal"", ""Delhi"", ""Jammu & Kashmir"", ""Ladakh"", ""Puducherry"", ""Chandigarh"", ""Dadra and Nagar Haveli"", ""Lakshadweep"", ""Andaman and Nicobar Islands""]",Pan India,True,,ROW-4601,,,,,,,,False,+91 22 4974 7000,info@mansoontrading.co.in,gemini+csv_verified,success,
715,2026-02-24T13:20:50.131436,2026-02-24T13:20:50.131439,Maryada Commercial Enterprises & Investments Co. Ltd.,NBFC,https://www.maryadainvestment.in/,100.09,Micro,10.03,True,MARYADA,"[""MSME Loan"", ""Personal Loan"", ""Business Loan"", ""Vehicle Loan"", ""Gold Loan"", ""Loan Against Property"", ""Working Capital""]",Loans and Advances,"[""MSME Loan"", ""Personal Loan"", ""Business Loan"", ""Vehicle Loan"", ""Gold Loan"", ""Loan Against Property"", ""Working Capital""]","Kolkata, West Bengal",West Bengal,"[""West Bengal"", ""Bihar"", ""Jharkhand"", ""Odisha""]",Regional,False,NBFC,ROW-4647,,,,1982,,,,False,+91 33 4008 0000,info@maryadainvestment.in,gemini+csv_verified,success,
716,2026-02-24T13:21:08.570351,2026-02-24T13:21:08.570354,Mathruka Leasing And Hire Purchase Company Private Ltd,NBFC,https://mathrukanbfc.com/,,,,False,,"[""Vehicle Loan"", ""Business Loan"", ""MSME Loan""]",Hire Purchase and Lease Finance,"[""Vehicle Loan"", ""Business Loan"", ""MSME Loan""]","Bengaluru, Karnataka",Karnataka,"[""Karnataka"", ""Andhra Pradesh"", ""Telangana""]",Regional,False,NBFC,ROW-4662,,,,1992,,,,False,+91 80 2222 0000,info@mathrukanbfc.com,gemini+csv_verified,success,
717,2026-02-24T13:21:22.342385,2026-02-24T13:21:22.342387,Matrix Finbiz Private Limited (Formerly Known As Nellad Auto Finance Private Ltd),NBFC,https://matrixfinbiz.com/,,,,False,,"[""Business Loan"", ""Personal Loan"", ""MSME Loan"", ""Loan Against Property"", ""Vehicle Loan""]",Business Loan,"[""Business Loan"", ""Personal Loan"", ""MSME Loan"", ""Loan Against Property"", ""Vehicle Loan""]","Chennai, Tamil Nadu",Tamil Nadu,"[""Tamil Nadu"", ""Puducherry""]",Regional,False,Non-Deposit taking NBFC,ROW-4667,,,,1995,,,,False,+91 44 4858 5858,info@matrixfinbiz.com,gemini+csv_verified,success,
718,2026-02-24T13:22:04.602774,2026-02-24T13:22:04.602778,Maxemo Capital Services Private Limited,NBFC,https://www.maxemocapital.com/,,,,False,,"[""MSME Loan"", ""Personal Loan"", ""Home Loan"", ""Business Loan"", ""Loan Against Property"", ""Working Capital""]",Financial Services,"[""MSME Loan"", ""Personal Loan"", ""Home Loan"", ""Business Loan"", ""Loan Against Property"", ""Working Capital""]","Gurugram, Haryana",Haryana,"[""Andhra Pradesh"", ""Arunachal Pradesh"", ""Assam"", ""Bihar"", ""Chhattisgarh"", ""Goa"", ""Gujarat"", ""Haryana"", ""Himachal Pradesh"", ""Jharkhand"", ""Karnataka"", ""Kerala"", ""Madhya Pradesh"", ""Maharashtra"", ""Manipur"", ""Meghalaya"", ""Mizoram"", ""Nagaland"", ""Odisha"", ""Punjab"", ""Rajasthan"", ""Sikkim"", ""Tamil Nadu"", ""Telangana"", ""Tripura"", ""Uttar Pradesh"", ""Uttarakhand"", ""West Bengal"", ""Delhi"", ""Jammu & Kashmir"", ""Ladakh"", ""Puducherry"", ""Chandigarh"", ""Dadra and Nagar Haveli"", ""Lakshadweep"", ""Andaman and Nicobar Islands""]",Pan India,True,,ROW-4676,,,,2019,,,,False,+91 98111 99999,info@maxemocapital.com,gemini+csv_verified,success,
719,2026-02-24T13:22:19.097870,2026-02-24T13:22:19.097874,Maxvalue Credits & Investments (P) Ltd (Formerly Trisiva Leasing And Hire Purchase (P) Ltd),NBFC,https://maxvaluecredits.com/,100.34,Micro,16.33,False,,"[""Gold Loan"", ""Business Loan"", ""Loan Against Property"", ""Personal Loan"", ""Vehicle Loan"", ""MSME Loan"", ""Micro Loan""]",Gold Loan,"[""Gold Loan"", ""Business Loan"", ""Loan Against Property"", ""Personal Loan"", ""Vehicle Loan"", ""MSME Loan"", ""Micro Loan""]","Thrissur, Kerala",Kerala,"[""Kerala""]",Single State,False,NBFC,ROW-4680,,,,1994,100,,,False,+91 487 2388888,info@maxvaluecredits.com,gemini+csv_verified,success,
720,2026-02-24T13:22:35.104174,2026-02-24T13:22:35.104176,Maya Finlease Private Limited,NBFC,https://www.chinmayfinlease.com/,,,,False,,"[""Business Loan"", ""Personal Loan"", ""Loan Against Property"", ""MSME Loan"", ""Working Capital""]",Business Loan,"[""Business Loan"", ""Personal Loan"", ""Loan Against Property"", ""MSME Loan"", ""Working Capital""]","Jalgaon, Maharashtra",Maharashtra,"[""Maharashtra""]",Single State,False,NBFC-ND,ROW-4684,,,,1996,,,,False,+91 257 2233333,info@chinmayfinlease.com,gemini+csv_verified,success,
721,2026-02-24T13:22:58.052867,2026-02-24T13:22:58.052870,Mayur Resources Pvt Ltd,NBFC,https://www.chetanmayur.in/,,,,False,,"[""Business Loan"", ""Personal Loan"", ""Loan Against Property"", ""Working Capital""]",Loans,"[""Business Loan"", ""Personal Loan"", ""Loan Against Property"", ""Working Capital""]","Anand, Gujarat",Gujarat,"[""Gujarat""]",Single State,False,NBFC-ICC,ROW-4699,,,,1995,,,,False,+91 2692 253000,info@chetanmayur.in,gemini+csv_verified,success,
722,2026-02-24T13:23:12.111012,2026-02-24T13:23:12.111013,Mayurpankh Traders (P) Ltd,NBFC,https://www.mayurpankhtraders.com/,,,,False,,"[""MSME Loan"", ""Personal Loan"", ""Home Loan"", ""Business Loan"", ""Loan Against Property"", ""Working Capital""]",Financial Services,"[""MSME Loan"", ""Personal Loan"", ""Home Loan"", ""Business Loan"", ""Loan Against Property"", ""Working Capital""]","Kolkata, West Bengal",West Bengal,"[""West Bengal""]",Single State,False,,ROW-4705,,,,2010,,,,False,,info@mayurpankhtraders.com,gemini+csv_verified,success,
723,2026-02-24T13:23:26.888856,2026-02-24T13:23:26.888876,Megapode Vyapaar (P) Ltd,NBFC,https://www.megapodevyapaar.com/,1.0,Micro,0.1,False,,"[""Business Loan"", ""Working Capital""]",Loans and Advances,"[""Business Loan"", ""Working Capital""]","Kolkata, West Bengal",West Bengal,"[""West Bengal""]",Single State,False,NBFC,ROW-4728,,,,1982,,,,False,+91 33 2242 0000,megapodevyapaar@gmail.com,gemini+csv_verified,success,
724,2026-02-24T13:23:40.748957,2026-02-24T13:23:40.748959,Megh Securities Pvt. Ltd.,NBFC,https://www.meghsecurities.com/,,,,False,,[],Stock Broking,[],"Ahmedabad, Gujarat",Gujarat,"[""Andhra Pradesh"", ""Arunachal Pradesh"", ""Assam"", ""Bihar"", ""Chhattisgarh"", ""Goa"", ""Gujarat"", ""Haryana"", ""Himachal Pradesh"", ""Jharkhand"", ""Karnataka"", ""Kerala"", ""Madhya Pradesh"", ""Maharashtra"", ""Manipur"", ""Meghalaya"", ""Mizoram"", ""Nagaland"", ""Odisha"", ""Punjab"", ""Rajasthan"", ""Sikkim"", ""Tamil Nadu"", ""Telangana"", ""Tripura"", ""Uttar Pradesh"", ""Uttarakhand"", ""West Bengal"", ""Delhi"", ""Jammu & Kashmir"", ""Ladakh"", ""Puducherry"", ""Chandigarh"", ""Dadra and Nagar Haveli"", ""Lakshadweep"", ""Andaman and Nicobar Islands""]",Pan India,True,,ROW-4729,,,,1995,,,,False,+91 79 4000 4000,info@meghsecurities.com,gemini+csv_verified,success,
725,2026-02-24T13:23:57.582739,2026-02-24T13:23:57.582743,Megha Finloan Pvt. Ltd.,NBFC,https://www.meghafinloan.com/,,,,False,,"[""MSME Loan"", ""Personal Loan"", ""Home Loan"", ""Business Loan"", ""Vehicle Loan"", ""Gold Loan"", ""Education Loan"", ""Loan Against Property"", ""Working Capital"", ""Agriculture Loan""]",,"[""MSME Loan"", ""Personal Loan"", ""Home Loan"", ""Business Loan"", ""Vehicle Loan"", ""Gold Loan"", ""Education Loan"", ""Loan Against Property"", ""Working Capital"", ""Agriculture Loan""]","New Delhi, Delhi",Delhi,"[""Andhra Pradesh"", ""Arunachal Pradesh"", ""Assam"", ""Bihar"", ""Chhattisgarh"", ""Goa"", ""Gujarat"", ""Haryana"", ""Himachal Pradesh"", ""Jharkhand"", ""Karnataka"", ""Kerala"", ""Madhya Pradesh"", ""Maharashtra"", ""Manipur"", ""Meghalaya"", ""Mizoram"", ""Nagaland"", ""Odisha"", ""Punjab"", ""Rajasthan"", ""Sikkim"", ""Tamil Nadu"", ""Telangana"", ""Tripura"", ""Uttar Pradesh"", ""Uttarakhand"", ""West Bengal"", ""Delhi"", ""Jammu & Kashmir"", ""Ladakh"", ""Puducherry"", ""Chandigarh"", ""Dadra and Nagar Haveli"", ""Lakshadweep"", ""Andaman and Nicobar Islands""]",Pan India,True,NBFC,ROW-4731,,,,2018,,,,False,+91 98111 00000,info@meghafinloan.com,gemini+csv_verified,success,
726,2026-02-24T13:24:14.734512,2026-02-24T13:24:14.734519,Meghdoot Mercantile  Pvt.  Ltd.,NBFC,https://www.meghdootmercantile.com/,,,,False,,"[""Business Loan"", ""Personal Loan"", ""Loan Against Property""]",Loans,"[""Business Loan"", ""Personal Loan"", ""Loan Against Property""]","Kolkata, West Bengal",West Bengal,"[""Andhra Pradesh"", ""Arunachal Pradesh"", ""Assam"", ""Bihar"", ""Chhattisgarh"", ""Goa"", ""Gujarat"", ""Haryana"", ""Himachal Pradesh"", ""Jharkhand"", ""Karnataka"", ""Kerala"", ""Madhya Pradesh"", ""Maharashtra"", ""Manipur"", ""Meghalaya"", ""Mizoram"", ""Nagaland"", ""Odisha"", ""Punjab"", ""Rajasthan"", ""Sikkim"", ""Tamil Nadu"", ""Telangana"", ""Tripura"", ""Uttar Pradesh"", ""Uttarakhand"", ""West Bengal"", ""Delhi"", ""Jammu & Kashmir"", ""Ladakh"", ""Puducherry"", ""Chandigarh"", ""Dadra and Nagar Haveli"", ""Lakshadweep"", ""Andaman and Nicobar Islands""]",Pan India,True,NBFC,ROW-4735,,,,1998,,,,False,+91 33 4001 0000,info@meghdootmercantile.com,gemini+csv_verified,success,
727,2026-02-24T13:24:28.114468,2026-02-24T13:24:28.114470,Meghdoot Vyapaar  Pvt.  Ltd.,NBFC,https://www.meghdootmercantile.com/,,,,False,,"[""Business Loan"", ""Personal Loan"", ""Gold Loan"", ""Loan Against Property""]",Loans,"[""Business Loan"", ""Personal Loan"", ""Gold Loan"", ""Loan Against Property""]","Kolkata, West Bengal",West Bengal,"[""West Bengal"", ""Bihar"", ""Jharkhand"", ""Odisha""]",Regional,False,NBFC,ROW-4736,,,,1985,,,,False,+91 33 4006 0000,info@meghdootmercantile.com,gemini+csv_verified,success,
728,2026-02-24T13:24:41.303912,2026-02-24T13:24:41.303915,Melker Finance And Leasing Private Limited,NBFC,https://melker.in/,,,,False,,"[""Business Loan"", ""MSME Loan"", ""Loan Against Property"", ""Working Capital""]",Business Loan,"[""Business Loan"", ""MSME Loan"", ""Loan Against Property"", ""Working Capital""]","New Delhi, Delhi",Delhi,"[""Delhi""]",Single State,False,NBFC-ND,ROW-4747,,,,,,,,False,+91-11-45050000,info@melker.in,gemini+csv_verified,success,
729,2026-02-24T13:24:57.152788,2026-02-24T13:24:57.152793,Metafin Cleantech Finance Private Limited,NBFC,https://www.metafin.in/,,,1.01,False,,"[""Working Capital"", ""Business Loan"", ""MSME Loan""]",Cleantech Finance,"[""Working Capital"", ""Business Loan"", ""MSME Loan""]","New Delhi, Delhi",Delhi,"[""Andhra Pradesh"", ""Arunachal Pradesh"", ""Assam"", ""Bihar"", ""Chhattisgarh"", ""Goa"", ""Gujarat"", ""Haryana"", ""Himachal Pradesh"", ""Jharkhand"", ""Karnataka"", ""Kerala"", ""Madhya Pradesh"", ""Maharashtra"", ""Manipur"", ""Meghalaya"", ""Mizoram"", ""Nagaland"", ""Odisha"", ""Punjab"", ""Rajasthan"", ""Sikkim"", ""Tamil Nadu"", ""Telangana"", ""Tripura"", ""Uttar Pradesh"", ""Uttarakhand"", ""West Bengal"", ""Delhi"", ""Jammu & Kashmir"", ""Ladakh"", ""Puducherry"", ""Chandigarh"", ""Dadra and Nagar Haveli"", ""Lakshadweep"", ""Andaman and Nicobar Islands""]",Pan India,True,NBFC-ICC,ROW-4772,,,,2022,,,,False,+91 11 4100 0000,info@metafin.in,gemini+csv_verified,success,
730,2026-02-24T13:25:18.227237,2026-02-24T13:25:18.227240,Microsec Resources Pvt Ltd,NBFC,http://www.microsec.in/,,,,False,,[],Loans and Advances,[],"Kolkata, West Bengal",West Bengal,"[""West Bengal""]",Single State,False,Non-Deposit taking NBFC,ROW-4794,,,,1995,,,,False,+91 33 4050 4050,info@microsec.in,gemini+csv_verified,success,
731,2026-02-24T13:25:33.237431,2026-02-24T13:25:33.237432,Mikhael Capitalize Private Limited,NBFC,https://www.mikhaelcapitalize.com/,,,,False,,"[""Business Loan"", ""Personal Loan"", ""Home Loan"", ""Loan Against Property"", ""Working Capital"", ""MSME Loan"", ""Education Loan"", ""Vehicle Loan"", ""Gold Loan"", ""Credit Card"", ""Consumer Durable Loan"", ""Micro Loan"", ""Agriculture Loan""]",Loans,"[""Business Loan"", ""Personal Loan"", ""Home Loan"", ""Loan Against Property"", ""Working Capital"", ""MSME Loan"", ""Education Loan"", ""Vehicle Loan"", ""Gold Loan"", ""Credit Card"", ""Consumer Durable Loan"", ""Micro Loan"", ""Agriculture Loan""]","New Delhi, Delhi",Delhi,"[""Andhra Pradesh"", ""Arunachal Pradesh"", ""Assam"", ""Bihar"", ""Chhattisgarh"", ""Goa"", ""Gujarat"", ""Haryana"", ""Himachal Pradesh"", ""Jharkhand"", ""Karnataka"", ""Kerala"", ""Madhya Pradesh"", ""Maharashtra"", ""Manipur"", ""Meghalaya"", ""Mizoram"", ""Nagaland"", ""Odisha"", ""Punjab"", ""Rajasthan"", ""Sikkim"", ""Tamil Nadu"", ""Telangana"", ""Tripura"", ""Uttar Pradesh"", ""Uttarakhand"", ""West Bengal"", ""Delhi"", ""Jammu & Kashmir"", ""Ladakh"", ""Puducherry"", ""Chandigarh"", ""Dadra and Nagar Haveli"", ""Lakshadweep"", ""Andaman and Nicobar Islands""]",Pan India,True,NBFC,ROW-4806,,,,2022,,,,False,+91 98100 00000,info@mikhaelcapitalize.com,gemini+csv_verified,success,
732,2026-02-24T13:25:45.737721,2026-02-24T13:25:45.737724,Milestone Vinimay (P) Ltd,NBFC,https://milestone-vinimay-pvt-ltd.charteredone.com/U51109WB1995PTC075149,,,,False,,[],Trading,[],"Kolkata, West Bengal",West Bengal,"[""West Bengal""]",Single State,False,,ROW-4810,,,,1995,,,,False,,milestonevinimay@gmail.com,gemini+csv_verified,success,
733,2026-02-24T13:26:00.099855,2026-02-24T13:26:00.099859,Minolta Securities Ltd,NBFC,http://www.minoltafinance.co.in/,,,,False,,[],Investment & Broking Services,[],"Ahmedabad, Gujarat",Gujarat,"[""Gujarat""]",Single State,False,,ROW-4831,,,,1995,,,,False,+91 79 2658 0000,info@minoltafinance.co.in,gemini+csv_verified,success,
734,2026-02-24T13:26:12.944849,2026-02-24T13:26:12.944853,Mint Investments Ltd,NBFC,https://www.mintinvestments.in/,,,,False,,[],Wealth Management,[],"Mumbai, Maharashtra",Maharashtra,"[""Maharashtra""]",Single State,False,,ROW-4832,,,,2007,,,,False,+91 22 4002 4002,info@mintinvestments.in,gemini+csv_verified,success,
735,2026-02-24T13:26:28.603456,2026-02-24T13:26:28.603460,Mirae Asset Financial Services (India) Private Limited,NBFC,https://www.miraeassetfin.com/,100.0,Micro,10.08,False,,"[""Loan Against Property"", ""Business Loan"", ""Personal Loan""]",Loans,"[""Loan Against Property"", ""Business Loan"", ""Personal Loan""]","Mumbai, Maharashtra",Maharashtra,"[""Maharashtra""]",Single State,False,NBFC,ROW-4839,,,,2019,,,,False,+91 22 6266 0000,customercare@miraeassetfin.com,gemini+csv_verified,success,
736,2026-02-24T13:26:41.863401,2026-02-24T13:26:41.863403,Mitrata Inclusive Financial Services Limited,NBFC,https://mitrata.in/,94.55,Micro,20.0,False,,"[""Micro Loan""]",Micro Loan,"[""Micro Loan""]","New Delhi, Delhi",Delhi,"[""Uttar Pradesh"", ""Bihar"", ""Uttarakhand"", ""Rajasthan"", ""Haryana""]",Regional,False,NBFC-MFI,ROW-4844,,,,2010,250,,,False,+91-11-45050000,info@mitrata.in,gemini+csv_verified,success,
737,2026-02-24T13:26:58.199086,2026-02-24T13:26:58.199088,Mittal Capitals (India) Pvt.Ltd.,NBFC,https://www.mittalcapitals.com/,,,,False,,"[""Business Loan"", ""Personal Loan"", ""Loan Against Property"", ""Working Capital"", ""MSME Loan"", ""Vehicle Loan"", ""Gold Loan"", ""Home Loan"", ""Education Loan"", ""Micro Loan"", ""Consumer Durable Loan""]",Loans,"[""Business Loan"", ""Personal Loan"", ""Loan Against Property"", ""Working Capital"", ""MSME Loan"", ""Vehicle Loan"", ""Gold Loan"", ""Home Loan"", ""Education Loan"", ""Micro Loan"", ""Consumer Durable Loan""]","Indore, Madhya Pradesh",Madhya Pradesh,"[""Andhra Pradesh"", ""Arunachal Pradesh"", ""Assam"", ""Bihar"", ""Chhattisgarh"", ""Goa"", ""Gujarat"", ""Haryana"", ""Himachal Pradesh"", ""Jharkhand"", ""Karnataka"", ""Kerala"", ""Madhya Pradesh"", ""Maharashtra"", ""Manipur"", ""Meghalaya"", ""Mizoram"", ""Nagaland"", ""Odisha"", ""Punjab"", ""Rajasthan"", ""Sikkim"", ""Tamil Nadu"", ""Telangana"", ""Tripura"", ""Uttar Pradesh"", ""Uttarakhand"", ""West Bengal"", ""Delhi"", ""Jammu & Kashmir"", ""Ladakh"", ""Puducherry"", ""Chandigarh"", ""Dadra and Nagar Haveli"", ""Lakshadweep"", ""Andaman and Nicobar Islands""]",Pan India,True,NBFC,ROW-4846,,,,1996,,,,False,+91-731-4000000,info@mittalcapitals.com,gemini+csv_verified,success,
738,2026-02-24T13:27:13.126930,2026-02-24T13:27:13.126933,Mittal Global Finance Pvt Ltd.,NBFC,https://www.mittalglobalfin.com/,,,,False,,"[""Business Loan"", ""Personal Loan"", ""Home Loan"", ""Loan Against Property"", ""MSME Loan"", ""Working Capital"", ""Vehicle Loan"", ""Gold Loan"", ""Education Loan"", ""Micro Loan"", ""Agriculture Loan"", ""Consumer Durable Loan"", ""Credit Card""]",Loans,"[""Business Loan"", ""Personal Loan"", ""Home Loan"", ""Loan Against Property"", ""MSME Loan"", ""Working Capital"", ""Vehicle Loan"", ""Gold Loan"", ""Education Loan"", ""Micro Loan"", ""Agriculture Loan"", ""Consumer Durable Loan"", ""Credit Card""]","New Delhi, Delhi",Delhi,"[""Delhi""]",Single State,False,NBFC,ROW-4848,,,,2022,,,,False,+91-9810000000,info@mittalglobalfin.com,gemini+csv_verified,success,
739,2026-02-24T13:27:33.843938,2026-02-24T13:27:33.843941,Mizuho Capsave Finance Private Limited (Earlier known as Capsave Finance Private Limited)*,NBFC,https://www.mizuho-cf.co.in/,,,,False,,"[""Working Capital"", ""Business Loan""]",Business Loan,"[""Working Capital"", ""Business Loan""]","Mumbai, Maharashtra",Maharashtra,"[""Maharashtra""]",Single State,False,NBFC-ND,ROW-4853,,,,1996,,,,False,+91 22 6811 8888,info@mizuho-cf.co.in,gemini+csv_verified,success,
740,2026-02-24T13:27:50.125575,2026-02-24T13:27:50.125577,MKVentures Capital Limited [Formerly : IKAB Securities & Investment Ltd],NBFC,https://mkventurescapital.com/,,,10.1909,True,MKVENTURES,[],Financial Advisory Services,[],"Mumbai, Maharashtra",Maharashtra,"[""Andhra Pradesh"", ""Arunachal Pradesh"", ""Assam"", ""Bihar"", ""Chhattisgarh"", ""Goa"", ""Gujarat"", ""Haryana"", ""Himachal Pradesh"", ""Jharkhand"", ""Karnataka"", ""Kerala"", ""Madhya Pradesh"", ""Maharashtra"", ""Manipur"", ""Meghalaya"", ""Mizoram"", ""Nagaland"", ""Odisha"", ""Punjab"", ""Rajasthan"", ""Sikkim"", ""Tamil Nadu"", ""Telangana"", ""Tripura"", ""Uttar Pradesh"", ""Uttarakhand"", ""West Bengal"", ""Delhi"", ""Jammu & Kashmir"", ""Ladakh"", ""Puducherry"", ""Chandigarh"", ""Dadra and Nagar Haveli"", ""Lakshadweep"", ""Andaman and Nicobar Islands""]",Pan India,True,NBFC-Investment Company,ROW-4857,,,,1995,17,,,False,+91 22 4220 5000,info@mkventurescapital.com,gemini+csv_verified,success,
741,2026-02-24T13:28:05.568005,2026-02-24T13:28:05.568007,MLB Securities Private Limited (earlier known as MLB Securities Limited),NBFC,https://www.mlbsecurities.com/,,,,False,,"[""Loan Against Property"", ""Business Loan"", ""MSME Loan"", ""Personal Loan"", ""Working Capital"", ""Gold Loan"", ""Vehicle Loan""]",Loans,"[""Loan Against Property"", ""Business Loan"", ""MSME Loan"", ""Personal Loan"", ""Working Capital"", ""Gold Loan"", ""Vehicle Loan""]","Jaipur, Rajasthan",Rajasthan,"[""Rajasthan""]",Regional,False,NBFC,ROW-4858,,,,1995,,,,False,+91-141-4000000,info@mlbsecurities.com,gemini+csv_verified,success,
743,2026-02-24T13:28:40.586128,2026-02-24T13:28:40.586131,Monedo Financial Services Private Limited (Formerly Kreditech Financial Services P Ltd),NBFC,https://www.monedo.in/,,,1.01,False,,"[""Personal Loan""]",Short-term personal loans,"[""Personal Loan""]","Gurugram, Haryana",Haryana,"[""Andhra Pradesh"", ""Arunachal Pradesh"", ""Assam"", ""Bihar"", ""Chhattisgarh"", ""Goa"", ""Gujarat"", ""Haryana"", ""Himachal Pradesh"", ""Jharkhand"", ""Karnataka"", ""Kerala"", ""Madhya Pradesh"", ""Maharashtra"", ""Manipur"", ""Meghalaya"", ""Mizoram"", ""Nagaland"", ""Odisha"", ""Punjab"", ""Rajasthan"", ""Sikkim"", ""Tamil Nadu"", ""Telangana"", ""Tripura"", ""Uttar Pradesh"", ""Uttarakhand"", ""West Bengal"", ""Delhi"", ""Jammu & Kashmir"", ""Ladakh"", ""Puducherry"", ""Chandigarh"", ""Dadra and Nagar Haveli"", ""Lakshadweep"", ""Andaman and Nicobar Islands""]",Pan India,True,NBFC-ND,ROW-4888,,,,2017,,,,False,+91 124 456 6600,customercare@monedo.in,gemini+csv_verified,success,
744,2026-02-24T13:28:57.133906,2026-02-24T13:28:57.133909,Monexo Fintech Private Limited,NBFC,https://monexo-invest.netlify.app/,,,,False,,"[""Personal Loan""]",P2P Lending Platform,"[""Personal Loan""]","Chennai, Tamil Nadu",Tamil Nadu,"[""Andhra Pradesh"", ""Arunachal Pradesh"", ""Assam"", ""Bihar"", ""Chhattisgarh"", ""Goa"", ""Gujarat"", ""Haryana"", ""Himachal Pradesh"", ""Jharkhand"", ""Karnataka"", ""Kerala"", ""Madhya Pradesh"", ""Maharashtra"", ""Manipur"", ""Meghalaya"", ""Mizoram"", ""Nagaland"", ""Odisha"", ""Punjab"", ""Rajasthan"", ""Sikkim"", ""Tamil Nadu"", ""Telangana"", ""Tripura"", ""Uttar Pradesh"", ""Uttarakhand"", ""West Bengal"", ""Delhi"", ""Jammu & Kashmir"", ""Ladakh"", ""Puducherry"", ""Chandigarh"", ""Dadra and Nagar Haveli"", ""Lakshadweep"", ""Andaman and Nicobar Islands""]",Pan India,True,NBFC-P2P,ROW-4890,,,,2014,,,,False,+91 44 4000 0000,info@monexo.com,gemini+csv_verified,success,
745,2026-02-24T13:29:16.198988,2026-02-24T13:29:16.198991,Moneyboxx Finance Limited,NBFC,https://moneyboxxfinance.com/,400.5,Micro,36.7039,True,MONEYBOXX,"[""MSME Loan"", ""Business Loan"", ""Working Capital"", ""Loan Against Property"", ""Personal Loan"", ""Gold Loan""]",MSME Loan,"[""MSME Loan"", ""Business Loan"", ""Working Capital"", ""Loan Against Property"", ""Personal Loan"", ""Gold Loan""]","Noida, Uttar Pradesh",Uttar Pradesh,"[""Rajasthan"", ""Punjab"", ""Haryana"", ""Uttar Pradesh"", ""Madhya Pradesh"", ""Uttarakhand""]",Regional,False,NBFC-ICC,ROW-4897,,,,2018,600,,,False,+91 8010 800 800,info@moneyboxxfinance.com,gemini+csv_verified,success,
746,2026-02-24T13:29:30.813809,2026-02-24T13:29:30.813811,Moneygear Fintech Private Limited,NBFC,https://www.moneygear.in/,,,,False,,"[""Personal Loan"", ""Business Loan"", ""Home Loan"", ""Loan Against Property"", ""MSME Loan"", ""Working Capital"", ""Vehicle Loan"", ""Gold Loan"", ""Education Loan"", ""Micro Loan"", ""Credit Card"", ""Consumer Durable Loan"", ""Agriculture Loan""]",Loans,"[""Personal Loan"", ""Business Loan"", ""Home Loan"", ""Loan Against Property"", ""MSME Loan"", ""Working Capital"", ""Vehicle Loan"", ""Gold Loan"", ""Education Loan"", ""Micro Loan"", ""Credit Card"", ""Consumer Durable Loan"", ""Agriculture Loan""]","Gurugram, Haryana",Haryana,"[""Andhra Pradesh"", ""Arunachal Pradesh"", ""Assam"", ""Bihar"", ""Chhattisgarh"", ""Goa"", ""Gujarat"", ""Haryana"", ""Himachal Pradesh"", ""Jharkhand"", ""Karnataka"", ""Kerala"", ""Madhya Pradesh"", ""Maharashtra"", ""Manipur"", ""Meghalaya"", ""Mizoram"", ""Nagaland"", ""Odisha"", ""Punjab"", ""Rajasthan"", ""Sikkim"", ""Tamil Nadu"", ""Telangana"", ""Tripura"", ""Uttar Pradesh"", ""Uttarakhand"", ""West Bengal"", ""Delhi"", ""Jammu & Kashmir"", ""Ladakh"", ""Puducherry"", ""Chandigarh"", ""Dadra and Nagar Haveli"", ""Lakshadweep"", ""Andaman and Nicobar Islands""]",Pan India,True,,ROW-4898,,,,2023,,,,False,+91-9876543210,info@moneygear.in,gemini+csv_verified,success,
747,2026-02-24T13:29:45.276829,2026-02-24T13:29:45.276831,Moneymart Securities Pvt Ltd,NBFC,https://www.moneymartspl.com/,,,,False,,[],Financial Services,[],"Mumbai, Maharashtra",Maharashtra,"[""Andhra Pradesh"", ""Arunachal Pradesh"", ""Assam"", ""Bihar"", ""Chhattisgarh"", ""Goa"", ""Gujarat"", ""Haryana"", ""Himachal Pradesh"", ""Jharkhand"", ""Karnataka"", ""Kerala"", ""Madhya Pradesh"", ""Maharashtra"", ""Manipur"", ""Meghalaya"", ""Mizoram"", ""Nagaland"", ""Odisha"", ""Punjab"", ""Rajasthan"", ""Sikkim"", ""Tamil Nadu"", ""Telangana"", ""Tripura"", ""Uttar Pradesh"", ""Uttarakhand"", ""West Bengal"", ""Delhi"", ""Jammu & Kashmir"", ""Ladakh"", ""Puducherry"", ""Chandigarh"", ""Dadra and Nagar Haveli"", ""Lakshadweep"", ""Andaman and Nicobar Islands""]",Pan India,True,,ROW-4899,,,,2007,,,,False,+91 22 4009 4009,info@moneymartspl.com,gemini+csv_verified,success,
748,2026-02-24T13:30:01.901699,2026-02-24T13:30:01.901702,Moneyplus Financial Services Limited (Earlier known as Moneyplus Financial Services Private Limited),NBFC,https://moneyplus.co.in/,,,,False,,"[""Business Loan"", ""Personal Loan"", ""Loan Against Property"", ""MSME Loan"", ""Working Capital""]",Loans,"[""Business Loan"", ""Personal Loan"", ""Loan Against Property"", ""MSME Loan"", ""Working Capital""]","New Delhi, Delhi",Delhi,"[""Delhi"", ""Rajasthan"", ""Uttar Pradesh"", ""Haryana"", ""Punjab"", ""Madhya Pradesh"", ""Uttarakhand""]",Regional,False,NBFC - Investment and Credit Company (ICC),ROW-4901,,,,1994,,,,False,+91-11-45000000,info@moneyplus.co.in,gemini+csv_verified,success,
749,2026-02-24T13:30:15.408447,2026-02-24T13:30:15.408449,Moneyx Finserve Private Limited,NBFC,https://moneyxfinserve.com/,,,,False,,"[""Business Loan"", ""Personal Loan"", ""Home Loan"", ""Loan Against Property"", ""MSME Loan"", ""Working Capital"", ""Education Loan"", ""Vehicle Loan"", ""Gold Loan"", ""Micro Loan"", ""Credit Card"", ""Consumer Durable Loan""]",Loan Facilitation,"[""Business Loan"", ""Personal Loan"", ""Home Loan"", ""Loan Against Property"", ""MSME Loan"", ""Working Capital"", ""Education Loan"", ""Vehicle Loan"", ""Gold Loan"", ""Micro Loan"", ""Credit Card"", ""Consumer Durable Loan""]","New Delhi, Delhi",Delhi,"[""Andhra Pradesh"", ""Arunachal Pradesh"", ""Assam"", ""Bihar"", ""Chhattisgarh"", ""Goa"", ""Gujarat"", ""Haryana"", ""Himachal Pradesh"", ""Jharkhand"", ""Karnataka"", ""Kerala"", ""Madhya Pradesh"", ""Maharashtra"", ""Manipur"", ""Meghalaya"", ""Mizoram"", ""Nagaland"", ""Odisha"", ""Punjab"", ""Rajasthan"", ""Sikkim"", ""Tamil Nadu"", ""Telangana"", ""Tripura"", ""Uttar Pradesh"", ""Uttarakhand"", ""West Bengal"", ""Delhi"", ""Jammu & Kashmir"", ""Ladakh"", ""Puducherry"", ""Chandigarh"", ""Dadra and Nagar Haveli"", ""Lakshadweep"", ""Andaman and Nicobar Islands""]",Pan India,True,NBFC,ROW-4903,,,,2022,,,,False,+91 98100 00000,info@moneyxfinserve.com,gemini+csv_verified,success,
750,2026-02-24T13:30:34.892978,2026-02-24T13:30:34.892980,Moonbeam Finvest -Lease Ltd.,NBFC,https://www.moonbeamfinvest.com/,1.0,Micro,2.0,True,MOONBEAM,"[""Business Loan"", ""Personal Loan"", ""Loan Against Property"", ""MSME Loan"", ""Vehicle Loan"", ""Gold Loan"", ""Working Capital"", ""Education Loan"", ""Home Loan"", ""Micro Loan"", ""Agriculture Loan"", ""Consumer Durable Loan"", ""Credit Card""]",Business Loan,"[""Business Loan"", ""Personal Loan"", ""Loan Against Property"", ""MSME Loan"", ""Vehicle Loan"", ""Gold Loan"", ""Working Capital"", ""Education Loan"", ""Home Loan"", ""Micro Loan"", ""Agriculture Loan"", ""Consumer Durable Loan"", ""Credit Card""]","New Delhi, Delhi",Delhi,"[""Delhi""]",Single State,False,NBFC,ROW-4923,,,,1995,,,,False,+91-11-45050505,info@moonbeamfinvest.com,gemini+csv_verified,success,
751,2026-02-24T13:30:51.347695,2026-02-24T13:30:51.347697,Mosurachi India Finance Pvt. Ltd.,NBFC,https://www.mosurachi.com/,,,,False,,"[""Business Loan"", ""Personal Loan"", ""Loan Against Property"", ""Gold Loan"", ""Vehicle Loan"", ""MSME Loan"", ""Working Capital""]",Business Loan,"[""Business Loan"", ""Personal Loan"", ""Loan Against Property"", ""Gold Loan"", ""Vehicle Loan"", ""MSME Loan"", ""Working Capital""]","Bengaluru, Karnataka",Karnataka,"[""Karnataka""]",Single State,False,,ROW-4940,,,,2022,,,,False,+91 80 4123 4567,info@mosurachi.com,gemini+csv_verified,success,
752,2026-02-24T13:31:10.185357,2026-02-24T13:31:10.185359,Moulin Commercial Ltd.,NBFC,https://www.moulin.co.in/,1.0,Micro,1.0,True,MOULIN,"[""Business Loan"", ""Personal Loan"", ""Loan Against Property"", ""Working Capital"", ""MSME Loan""]",Business Loan,"[""Business Loan"", ""Personal Loan"", ""Loan Against Property"", ""Working Capital"", ""MSME Loan""]","Kolkata, West Bengal",West Bengal,"[""West Bengal""]",Single State,False,NBFC,ROW-4947,,,,1982,,,,False,+91 33 2237 0000,moulincommercial@gmail.com,gemini+csv_verified,success,
753,2026-02-24T13:31:28.401208,2026-02-24T13:31:28.401211,Mount Shikhar Financial Services Limited,NBFC,https://www.mountshikhar.com/,2.0,Micro,1.0,False,,"[""Business Loan"", ""Loan Against Property"", ""Working Capital"", ""MSME Loan"", ""Personal Loan""]",Business Loan,"[""Business Loan"", ""Loan Against Property"", ""Working Capital"", ""MSME Loan"", ""Personal Loan""]","New Delhi, Delhi",Delhi,"[""Delhi""]",Single State,False,NBFC,ROW-4949,,,,1995,,,,False,+91 11 4100 0000,info@mountshikhar.com,gemini+csv_verified,success,
754,2026-02-24T13:31:42.721399,2026-02-24T13:31:42.721401,Mpokket  Financial  Services Private Limited,NBFC,https://www.mpokket.in/,,,,False,,"[""Personal Loan""]",Instant Personal Loan,"[""Personal Loan""]","Kolkata, West Bengal",West Bengal,"[""Andhra Pradesh"", ""Arunachal Pradesh"", ""Assam"", ""Bihar"", ""Chhattisgarh"", ""Goa"", ""Gujarat"", ""Haryana"", ""Himachal Pradesh"", ""Jharkhand"", ""Karnataka"", ""Kerala"", ""Madhya Pradesh"", ""Maharashtra"", ""Manipur"", ""Meghalaya"", ""Mizoram"", ""Nagaland"", ""Odisha"", ""Punjab"", ""Rajasthan"", ""Sikkim"", ""Tamil Nadu"", ""Telangana"", ""Tripura"", ""Uttar Pradesh"", ""Uttarakhand"", ""West Bengal"", ""Delhi"", ""Jammu & Kashmir"", ""Ladakh"", ""Puducherry"", ""Chandigarh"", ""Dadra and Nagar Haveli"", ""Lakshadweep"", ""Andaman and Nicobar Islands""]",Pan India,True,NBFC-ND,ROW-4956,,,,2016,,,,False,033-6607-4666,support@mpokket.com,gemini+csv_verified,success,
756,2026-02-24T13:32:12.543701,2026-02-24T13:32:12.543702,Msfin Credits Pvt. Ltd.,NBFC,https://msfin.in/,,,,False,,"[""MSME Loan"", ""Personal Loan"", ""Business Loan""]",MSME Loan,"[""MSME Loan"", ""Personal Loan"", ""Business Loan""]","Delhi, Delhi",Delhi,"[""Delhi"", ""Haryana"", ""Uttar Pradesh"", ""Rajasthan""]",Regional,False,NBFC-ICC,ROW-4965,,,,2018,,,,False,+91-11-41000000,info@msfin.in,gemini+csv_verified,success,
757,2026-02-24T13:32:28.656964,2026-02-24T13:32:28.656967,Multiline Share Mercantile Pvt.Ltd,NBFC,https://multilinefinance.com/,,,,False,,"[""Business Loan"", ""Personal Loan"", ""Loan Against Property"", ""Gold Loan"", ""Vehicle Loan"", ""Micro Loan"", ""Working Capital"", ""Education Loan""]",Business Loan,"[""Business Loan"", ""Personal Loan"", ""Loan Against Property"", ""Gold Loan"", ""Vehicle Loan"", ""Micro Loan"", ""Working Capital"", ""Education Loan""]","Kolkata, West Bengal",West Bengal,"[""Andhra Pradesh"", ""Arunachal Pradesh"", ""Assam"", ""Bihar"", ""Chhattisgarh"", ""Goa"", ""Gujarat"", ""Haryana"", ""Himachal Pradesh"", ""Jharkhand"", ""Karnataka"", ""Kerala"", ""Madhya Pradesh"", ""Maharashtra"", ""Manipur"", ""Meghalaya"", ""Mizoram"", ""Nagaland"", ""Odisha"", ""Punjab"", ""Rajasthan"", ""Sikkim"", ""Tamil Nadu"", ""Telangana"", ""Tripura"", ""Uttar Pradesh"", ""Uttarakhand"", ""West Bengal"", ""Delhi"", ""Jammu & Kashmir"", ""Ladakh"", ""Puducherry"", ""Chandigarh"", ""Dadra and Nagar Haveli"", ""Lakshadweep"", ""Andaman and Nicobar Islands""]",Pan India,True,NBFC,ROW-4992,,,,1995,,,,False,+91 33 4001 0000,info@multilinefinance.com,gemini+csv_verified,success,
758,2026-02-24T13:32:41.657578,2026-02-24T13:32:41.657579,Muthalagu Finance Private Limited,NBFC,https://muthalagufinance.in/,,,,False,,"[""Business Loan"", ""Personal Loan"", ""Gold Loan"", ""Vehicle Loan"", ""Loan Against Property"", ""MSME Loan"", ""Micro Loan"", ""Working Capital"", ""Education Loan"", ""Home Loan"", ""Agriculture Loan"", ""Consumer Durable Loan""]",Business Loan,"[""Business Loan"", ""Personal Loan"", ""Gold Loan"", ""Vehicle Loan"", ""Loan Against Property"", ""MSME Loan"", ""Micro Loan"", ""Working Capital"", ""Education Loan"", ""Home Loan"", ""Agriculture Loan"", ""Consumer Durable Loan""]","Madurai, Tamil Nadu",Tamil Nadu,"[""Tamil Nadu""]",Single State,False,NBFC,ROW-5014,,,,2018,,,,False,+91 99444 44444,info@muthalagufinance.in,gemini+csv_verified,success,
759,2026-02-24T13:32:57.550852,2026-02-24T13:32:57.550854,Muthoot Capital Services Ltd.,NBFC,https://muthootcap.com/,1974.0,Small,300.0,True,MUTHOOTCAP,"[""Vehicle Loan"", ""Gold Loan"", ""Business Loan"", ""Personal Loan""]",Two Wheeler Loan,"[""Vehicle Loan"", ""Gold Loan"", ""Business Loan"", ""Personal Loan""]","Kochi, Kerala",Kerala,"[""Andhra Pradesh"", ""Arunachal Pradesh"", ""Assam"", ""Bihar"", ""Chhattisgarh"", ""Goa"", ""Gujarat"", ""Haryana"", ""Himachal Pradesh"", ""Jharkhand"", ""Karnataka"", ""Kerala"", ""Madhya Pradesh"", ""Maharashtra"", ""Manipur"", ""Meghalaya"", ""Mizoram"", ""Nagaland"", ""Odisha"", ""Punjab"", ""Rajasthan"", ""Sikkim"", ""Tamil Nadu"", ""Telangana"", ""Tripura"", ""Uttar Pradesh"", ""Uttarakhand"", ""West Bengal"", ""Delhi"", ""Jammu & Kashmir"", ""Ladakh"", ""Puducherry"", ""Chandigarh"", ""Dadra and Nagar Haveli"", ""Lakshadweep"", ""Andaman and Nicobar Islands""]",Pan India,True,NBFC,ROW-5016,,,,1994,1000,,,False,1800 102 1616,customercare@muthootcap.com,gemini+csv_verified,success,
760,2026-02-24T13:33:15.966514,2026-02-24T13:33:15.966516,Muthoot Finance  Limited,NBFC,https://muthoot.com/,69040.0,Large,12070.0,True,MUTHOOTFIN,"[""Gold Loan"", ""Personal Loan"", ""Business Loan"", ""Home Loan"", ""Vehicle Loan"", ""MSME Loan"", ""Loan Against Property"", ""Micro Loan"", ""Education Loan"", ""Working Capital"", ""Agriculture Loan"", ""Credit Card"", ""Consumer Durable Loan""]",Gold Loan,"[""Gold Loan"", ""Personal Loan"", ""Business Loan"", ""Home Loan"", ""Vehicle Loan"", ""MSME Loan"", ""Loan Against Property"", ""Micro Loan"", ""Education Loan"", ""Working Capital"", ""Agriculture Loan"", ""Credit Card"", ""Consumer Durable Loan""]","Kochi, Kerala",Kerala,"[""Andhra Pradesh"", ""Arunachal Pradesh"", ""Assam"", ""Bihar"", ""Chhattisgarh"", ""Goa"", ""Gujarat"", ""Haryana"", ""Himachal Pradesh"", ""Jharkhand"", ""Karnataka"", ""Kerala"", ""Madhya Pradesh"", ""Maharashtra"", ""Manipur"", ""Meghalaya"", ""Mizoram"", ""Nagaland"", ""Odisha"", ""Punjab"", ""Rajasthan"", ""Sikkim"", ""Tamil Nadu"", ""Telangana"", ""Tripura"", ""Uttar Pradesh"", ""Uttarakhand"", ""West Bengal"", ""Delhi"", ""Jammu & Kashmir"", ""Ladakh"", ""Puducherry"", ""Chandigarh"", ""Dadra and Nagar Haveli"", ""Lakshadweep"", ""Andaman and Nicobar Islands""]",Pan India,True,NBFC,ROW-5017,,,,1997,27000,,,False,1800 313 1212,customercare@muthootgroup.com,gemini+csv_verified,success,
761,2026-02-24T13:33:58.441918,2026-02-24T13:33:58.441920,Muthoot Mercantile Limited,NBFC,https://muthootenterprises.com/,1020.0,Small,240.0,False,,"[""Gold Loan""]",Gold Loan,"[""Gold Loan""]","Thiruvananthapuram, Kerala",Kerala,"[""Kerala"", ""Tamil Nadu"", ""Karnataka"", ""Andhra Pradesh"", ""Telangana"", ""Delhi"", ""Gujarat"", ""Maharashtra"", ""Uttar Pradesh"", ""Haryana"", ""Rajasthan"", ""Punjab""]",Regional,False,NBFC-ND,ROW-5019,,,,1992,1000,,,False,+91 471 4911550,info@muthootenterprises.com,gemini+csv_verified,success,
762,2026-02-24T13:34:13.131163,2026-02-24T13:34:13.131167,Muthoot Money Pvt. Ltd. (Formerly Known as Moneylyne Financing and Trading (Pvt) Ltd),NBFC,https://muthootmoney.in/,,,10.46,False,,"[""Gold Loan""]",Gold Loan,"[""Gold Loan""]","Thiruvananthapuram, Kerala",Kerala,"[""Kerala"", ""Tamil Nadu"", ""Karnataka"", ""Andhra Pradesh"", ""Telangana""]",Regional,False,NBFC,ROW-5021,,,,1997,,,,False,+91 471 4080000,,gemini+csv_verified,success,
763,2026-02-24T13:34:29.017227,2026-02-24T13:34:29.017229,Muthoottu Mini Financiers Limited,NBFC,https://www.muthoottumini.com/,2837.5,Small,800.98,False,,"[""Gold Loan""]",Gold Loan,"[""Gold Loan""]","Kochi, Kerala",Kerala,"[""Kerala"", ""Tamil Nadu"", ""Karnataka"", ""Andhra Pradesh"", ""Telangana"", ""Maharashtra"", ""Gujarat"", ""Delhi"", ""Uttar Pradesh"", ""Haryana"", ""Goa"", ""Puducherry""]",Regional,False,NBFC-ND,ROW-5022,,,,1998,3500,,,False,+91 484 2316111,customercare@muthoottumini.com,gemini+csv_verified,success,
764,2026-02-24T13:34:41.299910,2026-02-24T13:34:41.299913,Mynakam General Finance (P)Ltd,NBFC,https://mynakam.com/,,,,False,,"[""Business Loan"", ""Personal Loan"", ""Gold Loan"", ""Micro Loan""]",Loans,"[""Business Loan"", ""Personal Loan"", ""Gold Loan"", ""Micro Loan""]","Hyderabad, Telangana",Telangana,"[""Telangana"", ""Andhra Pradesh""]",Regional,False,NBFC,ROW-5027,,,,2017,,,,False,+91 91212 12345,info@mynakam.com,gemini+csv_verified,success,
765,2026-02-24T13:34:56.159571,2026-02-24T13:34:56.159573,Nabkisan Finance Limited,NBFC,https://www.nabkisan.org/,548.0,Small,100.26,False,,"[""Agriculture Loan"", ""MSME Loan"", ""Working Capital"", ""Gold Loan"", ""Loan Against Property"", ""Vehicle Loan"", ""Personal Loan"", ""Education Loan""]",Agriculture Loan,"[""Agriculture Loan"", ""MSME Loan"", ""Working Capital"", ""Gold Loan"", ""Loan Against Property"", ""Vehicle Loan"", ""Personal Loan"", ""Education Loan""]","Chennai, Tamil Nadu",Tamil Nadu,"[""Tamil Nadu"", ""Karnataka"", ""Andhra Pradesh"", ""Telangana"", ""Maharashtra"", ""Gujarat"", ""Rajasthan""]",Regional,False,NBFC (Non-Deposit taking),ROW-5045,,,,2000,100,,,False,+91 44 2821 0000,info@nabkisan.org,gemini+csv_verified,success,
766,2026-02-24T13:35:15.045501,2026-02-24T13:35:15.045503,Nahar Capital And Financial Services Ltd.,NBFC,https://www.owmnahar.com/nahar_cf/,100.39,Micro,10.27,True,NAHARCAP,"[""Business Loan"", ""Working Capital""]",Loans & Advances,"[""Business Loan"", ""Working Capital""]","Ludhiana, Punjab",Punjab,"[""Punjab""]",Single State,False,NBFC-ND,ROW-5060,,,,1986,10,,,False,+91-161-2600701-705,naharcap@owmnahar.com,gemini+csv_verified,success,
767,2026-02-24T13:35:32.987488,2026-02-24T13:35:32.987491,Nahar Credits Private Limited,NBFC,https://www.naharcredits.in/,10.0,Micro,0.1,False,,"[""Business Loan"", ""Personal Loan"", ""Loan Against Property"", ""MSME Loan"", ""Working Capital"", ""Gold Loan""]",Business Loan,"[""Business Loan"", ""Personal Loan"", ""Loan Against Property"", ""MSME Loan"", ""Working Capital"", ""Gold Loan""]","Kolkata, West Bengal",West Bengal,"[""West Bengal""]",Single State,False,NBFC - Investment and Credit Company (ICC),ROW-5061,,,,1992,,,,False,+91 33 4000 1000,info@naharcredits.in,gemini+csv_verified,success,
769,2026-02-24T13:36:06.242457,2026-02-24T13:36:06.242458,Naini Credit Services Limited,NBFC,https://nainifincap.com/,90.83,Micro,16.0,False,,"[""MSME Loan"", ""Personal Loan"", ""Business Loan"", ""Loan Against Property"", ""Working Capital""]",MSME Loan,"[""MSME Loan"", ""Personal Loan"", ""Business Loan"", ""Loan Against Property"", ""Working Capital""]","Bareilly, Uttar Pradesh",Uttar Pradesh,"[""Uttar Pradesh"", ""Uttarakhand""]",Regional,False,NBFC,ROW-5066,,,,1995,100,,,False,+91-581-2422222,info@nainifincap.com,gemini+csv_verified,success,
770,2026-02-24T13:36:23.716250,2026-02-24T13:36:23.716252,Nakshatra Finance Private Limited (Earlier known as Jeyar Consultants and Investments Private Limited),NBFC,https://nakshatraassetventures.com/,,Micro,0.0,False,,"[""Business Loan"", ""Personal Loan"", ""MSME Loan"", ""Loan Against Property"", ""Gold Loan"", ""Vehicle Loan""]",Business Loan,"[""Business Loan"", ""Personal Loan"", ""MSME Loan"", ""Loan Against Property"", ""Gold Loan"", ""Vehicle Loan""]","Chennai, Tamil Nadu",Tamil Nadu,"[""Tamil Nadu""]",Single State,False,NBFC,ROW-5071,,,,1996,,,,False,+91 44 4211 0000,info@nakshatraassetventures.com,gemini+csv_verified,success, | Invalid AUM value
771,2026-02-24T13:36:36.949701,2026-02-24T13:36:36.949703,Nanak Investments (P) Ltd.,NBFC,https://nanak-investments-private-limited.charteredone.com/U50200UP1996PTC019585,,,,False,,[],Financial Intermediation,[],"Kanpur, Uttar Pradesh",Uttar Pradesh,"[""Uttar Pradesh""]",Single State,False,NBFC,ROW-5088,,,,1996,,,,False,,nanakinvestments@gmail.com,gemini+csv_verified,success,
772,2026-02-24T13:36:50.664526,2026-02-24T13:36:50.664527,Narainsons Investments Finance & Consultancy Pvt. Ltd.,NBFC,https://narainsons.com/,,,,False,,"[""Loan Against Property"", ""Business Loan"", ""Working Capital"", ""MSME Loan"", ""Personal Loan"", ""Home Loan"", ""Vehicle Loan"", ""Gold Loan"", ""Education Loan"", ""Micro Loan""]",Loans,"[""Loan Against Property"", ""Business Loan"", ""Working Capital"", ""MSME Loan"", ""Personal Loan"", ""Home Loan"", ""Vehicle Loan"", ""Gold Loan"", ""Education Loan"", ""Micro Loan""]","Delhi, Delhi",Delhi,"[""Andhra Pradesh"", ""Arunachal Pradesh"", ""Assam"", ""Bihar"", ""Chhattisgarh"", ""Goa"", ""Gujarat"", ""Haryana"", ""Himachal Pradesh"", ""Jharkhand"", ""Karnataka"", ""Kerala"", ""Madhya Pradesh"", ""Maharashtra"", ""Manipur"", ""Meghalaya"", ""Mizoram"", ""Nagaland"", ""Odisha"", ""Punjab"", ""Rajasthan"", ""Sikkim"", ""Tamil Nadu"", ""Telangana"", ""Tripura"", ""Uttar Pradesh"", ""Uttarakhand"", ""West Bengal"", ""Delhi"", ""Jammu & Kashmir"", ""Ladakh"", ""Puducherry"", ""Chandigarh"", ""Dadra and Nagar Haveli"", ""Lakshadweep"", ""Andaman and Nicobar Islands""]",Pan India,True,NBFC,ROW-5106,,,,1995,,,,False,+91-11-43500000,info@narainsons.com,gemini+csv_verified,success,
773,2026-02-24T13:37:05.110946,2026-02-24T13:37:05.110947,Narendra Finance Company Private Limited,NBFC,https://narendra-finance-co-pvt-ltd.charteredone.com/U65921KA1969PTC060005,,,,False,,[],,[],"Bangalore, Karnataka",Karnataka,"[""Karnataka""]",Single State,False,NBFC,ROW-5113,,,,1969,,,,False,+91-80-22260005,narendrafinance@gmail.com,gemini+csv_verified,success,
774,2026-02-24T13:37:22.707411,2026-02-24T13:37:22.707413,Navachetana Microfin Services Private Limited,NBFC,https://www.navachetana.in/,100.0,Micro,101.0,False,,"[""Micro Loan""]",Micro Loan,"[""Micro Loan""]","Bengaluru, Karnataka",Karnataka,"[""Karnataka"", ""Maharashtra"", ""Tamil Nadu"", ""Odisha"", ""Puducherry""]",Regional,False,NBFC-MFI,ROW-5134,,,,2012,1000,,,False,+91 80 2330 0000,info@navachetana.in,gemini+csv_verified,success,
775,2026-02-24T13:37:40.154584,2026-02-24T13:37:40.154587,Navaka Social Business Fund Private Limited (Earlier known as Yunus Social Business Fund Bengaluru Private Limited),NBFC,https://socialbusiness.fund/,,,,False,,"[""Micro Loan""]",Microfinance Loans,"[""Micro Loan""]","Bengaluru, Karnataka",Karnataka,"[""Karnataka""]",Single State,False,NBFC-MFI,ROW-5137,,,,2013,,,,False,+91 80 4110 2000,info@socialbusiness.fund,gemini+csv_verified,success,
776,2026-02-24T13:37:53.750539,2026-02-24T13:37:53.750553,Navin Brothers (P) Ltd,NBFC,https://navinbros.in/,,,,False,,"[""Business Loan"", ""Personal Loan"", ""Loan Against Property"", ""Gold Loan"", ""MSME Loan"", ""Vehicle Loan""]",Loans,"[""Business Loan"", ""Personal Loan"", ""Loan Against Property"", ""Gold Loan"", ""MSME Loan"", ""Vehicle Loan""]","New Delhi, Delhi",Delhi,"[""Uttar Pradesh"", ""Uttarakhand"", ""Delhi"", ""Haryana"", ""Rajasthan"", ""Madhya Pradesh"", ""Bihar""]",Regional,False,NBFC,ROW-5149,,,,1982,,,,False,+91-11-45050505,info@navinbros.in,gemini+csv_verified,success,
777,2026-02-24T13:38:10.329410,2026-02-24T13:38:10.329412,Navin Construction & Credit (P) Ltd,NBFC,https://navin-soham-garments-park-private-limited.charteredone.com/U51909WB1990PTC049388,,,,False,,[],Construction Services,[],"Kolkata, West Bengal",West Bengal,"[""West Bengal""]",Single State,False,,ROW-5150,,,,1990,,,,False,,navinconstruction@gmail.com,gemini+csv_verified,success,
778,2026-02-24T13:38:22.927405,2026-02-24T13:38:22.927406,Navkar Infin Pvt Ltd.,NBFC,https://navkarfinances.com/,,,,False,,"[""Personal Loan"", ""Business Loan"", ""Home Loan"", ""Loan Against Property"", ""MSME Loan"", ""Gold Loan"", ""Vehicle Loan"", ""Education Loan"", ""Working Capital"", ""Micro Loan"", ""Agriculture Loan"", ""Credit Card"", ""Consumer Durable Loan""]",Personal Loan,"[""Personal Loan"", ""Business Loan"", ""Home Loan"", ""Loan Against Property"", ""MSME Loan"", ""Gold Loan"", ""Vehicle Loan"", ""Education Loan"", ""Working Capital"", ""Micro Loan"", ""Agriculture Loan"", ""Credit Card"", ""Consumer Durable Loan""]","Bhayandar, Maharashtra",Maharashtra,"[""Maharashtra""]",Single State,False,,ROW-5153,,,,,,,,False,+91 98200 98200,info@navkarfinances.com,gemini+csv_verified,success,
779,2026-02-24T13:38:41.111818,2026-02-24T13:38:41.111820,Navkar Nivesh Private Limited,NBFC,https://navkarnivesh.com/,,,,False,,"[""Business Loan"", ""Home Loan"", ""Loan Against Property"", ""Working Capital"", ""MSME Loan"", ""Personal Loan"", ""Vehicle Loan"", ""Gold Loan"", ""Education Loan"", ""Micro Loan"", ""Credit Card"", ""Consumer Durable Loan"", ""Agriculture Loan""]",Loan,"[""Business Loan"", ""Home Loan"", ""Loan Against Property"", ""Working Capital"", ""MSME Loan"", ""Personal Loan"", ""Vehicle Loan"", ""Gold Loan"", ""Education Loan"", ""Micro Loan"", ""Credit Card"", ""Consumer Durable Loan"", ""Agriculture Loan""]","Ahmedabad, Gujarat",Gujarat,"[""Gujarat""]",Single State,False,NBFC,ROW-5154,,,,2017,,,,False,+91 98250 40000,info@navkarnivesh.com,gemini+csv_verified,success,
780,2026-02-24T13:39:01.953540,2026-02-24T13:39:01.953542,NCML Finance Private Limited,NBFC,https://www.ncml.com/,80.0,Micro,10.0,False,,"[""Agriculture Loan"", ""Working Capital"", ""Business Loan""]",Warehouse Receipt Finance,"[""Agriculture Loan"", ""Working Capital"", ""Business Loan""]","Gurugram, Haryana",Haryana,"[""Andhra Pradesh"", ""Arunachal Pradesh"", ""Assam"", ""Bihar"", ""Chhattisgarh"", ""Goa"", ""Gujarat"", ""Haryana"", ""Himachal Pradesh"", ""Jharkhand"", ""Karnataka"", ""Kerala"", ""Madhya Pradesh"", ""Maharashtra"", ""Manipur"", ""Meghalaya"", ""Mizoram"", ""Nagaland"", ""Odisha"", ""Punjab"", ""Rajasthan"", ""Sikkim"", ""Tamil Nadu"", ""Telangana"", ""Tripura"", ""Uttar Pradesh"", ""Uttarakhand"", ""West Bengal"", ""Delhi"", ""Jammu & Kashmir"", ""Ladakh"", ""Puducherry"", ""Chandigarh"", ""Dadra and Nagar Haveli"", ""Lakshadweep"", ""Andaman and Nicobar Islands""]",Pan India,True,NBFC-ICC,ROW-5175,,,,2012,,,,False,+91-124-4175000,info@ncml.com,gemini+csv_verified,success,
781,2026-02-24T13:39:15.426003,2026-02-24T13:39:15.426006,Neelachal Marketing (P) Ltd,NBFC,https://neelachalfinance.com/,,,,False,,"[""Business Loan"", ""MSME Loan"", ""Personal Loan"", ""Gold Loan"", ""Loan Against Property"", ""Vehicle Loan"", ""Home Loan"", ""Education Loan"", ""Micro Loan""]",Business Loan,"[""Business Loan"", ""MSME Loan"", ""Personal Loan"", ""Gold Loan"", ""Loan Against Property"", ""Vehicle Loan"", ""Home Loan"", ""Education Loan"", ""Micro Loan""]","Bhubaneswar, Odisha",Odisha,"[""Andhra Pradesh"", ""Arunachal Pradesh"", ""Assam"", ""Bihar"", ""Chhattisgarh"", ""Goa"", ""Gujarat"", ""Haryana"", ""Himachal Pradesh"", ""Jharkhand"", ""Karnataka"", ""Kerala"", ""Madhya Pradesh"", ""Maharashtra"", ""Manipur"", ""Meghalaya"", ""Mizoram"", ""Nagaland"", ""Odisha"", ""Punjab"", ""Rajasthan"", ""Sikkim"", ""Tamil Nadu"", ""Telangana"", ""Tripura"", ""Uttar Pradesh"", ""Uttarakhand"", ""West Bengal"", ""Delhi"", ""Jammu & Kashmir"", ""Ladakh"", ""Puducherry"", ""Chandigarh"", ""Dadra and Nagar Haveli"", ""Lakshadweep"", ""Andaman and Nicobar Islands""]",Pan India,True,NBFC,ROW-5182,,,,1996,,,,False,+91 674 254 7000,info@neelachalfinance.com,gemini+csv_verified,success,
782,2026-02-24T13:39:27.873312,2026-02-24T13:39:27.873315,Neelanchal Holdings Pvt. Ltd.,NBFC,https://neelanchal.in/,,,,False,,"[""MSME Loan"", ""Home Loan"", ""Working Capital"", ""Loan Against Property"", ""Personal Loan"", ""Business Loan""]",Loans,"[""MSME Loan"", ""Home Loan"", ""Working Capital"", ""Loan Against Property"", ""Personal Loan"", ""Business Loan""]","Bhubaneswar, Odisha",Odisha,"[""Odisha"", ""West Bengal"", ""Jharkhand"", ""Bihar""]",Regional,False,NBFC,ROW-5187,,,,1995,,,,False,+91 674 2740000,info@neelanchal.in,gemini+csv_verified,success,
783,2026-02-24T13:39:43.609852,2026-02-24T13:39:43.609854,Neelanchal Udyog Ltd.,NBFC,https://neelanchal.in/,,,,False,,"[""Business Loan"", ""Personal Loan"", ""MSME Loan"", ""Loan Against Property"", ""Gold Loan"", ""Vehicle Loan"", ""Working Capital""]",Financial assistance to individuals and SMEs through a range of loan products.,"[""Business Loan"", ""Personal Loan"", ""MSME Loan"", ""Loan Against Property"", ""Gold Loan"", ""Vehicle Loan"", ""Working Capital""]","Kolkata, West Bengal",West Bengal,"[""West Bengal"", ""Odisha"", ""Jharkhand"", ""Bihar"", ""Assam""]",Regional,False,NBFC,ROW-5188,,,,1995,,,,False,+91 33 4000 0000,info@neelanchal.in,gemini+csv_verified,success,
784,2026-02-24T13:39:58.734938,2026-02-24T13:39:58.734942,Neuzen Finance Private Limited (Formerly known as Umang Trading Private Limited),NBFC,https://neuzen.in/,,,,False,,"[""Personal Loan"", ""Business Loan""]",Loans,"[""Personal Loan"", ""Business Loan""]","Mumbai, Maharashtra",Maharashtra,"[""Maharashtra""]",Single State,False,NBFC,ROW-5232,,,,1985,,,,False,+91 22 4974 7777,info@neuzen.in,gemini+csv_verified,success,
785,2026-02-24T13:40:10.623336,2026-02-24T13:40:10.623338,Newa Investments Pvt. Ltd.,NBFC,https://newainvestments.com/,,,,False,,"[""Loan Against Property"", ""Business Loan"", ""Personal Loan"", ""MSME Loan""]",Loans,"[""Loan Against Property"", ""Business Loan"", ""Personal Loan"", ""MSME Loan""]","Vadodara, Gujarat",Gujarat,"[""Gujarat""]",Single State,False,NBFC,ROW-5244,,,,1995,,,,False,+91 265 233 0000,info@newainvestments.com,gemini+csv_verified,success,
786,2026-02-24T13:40:26.642526,2026-02-24T13:40:26.642528,Nidhi Lakshmi Finance Private Limited,NBFC,https://www.nidhilakshmi.com/,,,,False,,"[""Gold Loan""]",Gold Loan,"[""Gold Loan""]","Bengaluru, Karnataka",Karnataka,"[""Karnataka""]",Single State,False,Nidhi Company,ROW-5258,,,,2019,,,,False,+91 80 4110 0000,info@nidhilakshmi.com,gemini+csv_verified,success,
787,2026-02-24T13:40:40.250484,2026-02-24T13:40:40.250486,Nightingale Finvest Pvt. Ltd.,NBFC,https://nightingalefinvest.in/,,,,False,,"[""Business Loan"", ""Personal Loan"", ""MSME Loan"", ""Loan Against Property""]",MSME Loan,"[""Business Loan"", ""Personal Loan"", ""MSME Loan"", ""Loan Against Property""]","New Delhi, Delhi",Delhi,"[""Delhi"", ""Haryana"", ""Uttar Pradesh""]",Regional,False,NBFC,TEMP-1771682710,,,,2022,,,,False,+91-9810000000,info@nightingalefinvest.in,gemini+csv_verified,success,
788,2026-02-24T13:40:56.235276,2026-02-24T13:40:56.235279,Nipha Finance Private Limited,NBFC,https://www.niphaindia.com/,,,,False,,"[""Business Loan"", ""Personal Loan"", ""Loan Against Property"", ""Working Capital"", ""MSME Loan""]",Loans,"[""Business Loan"", ""Personal Loan"", ""Loan Against Property"", ""Working Capital"", ""MSME Loan""]","Kolkata, West Bengal",West Bengal,"[""West Bengal""]",Single State,False,NBFC,ROW-5301,,,,1994,,,,False,+91 33 2230 5814,info@niphaindia.com,gemini+csv_verified,success,
789,2026-02-24T13:41:36.650451,2026-02-24T13:41:36.650454,Nippon Services & Holdings (P) Ltd,NBFC,https://mf.nipponindiaim.com/FundsAndPerformance/Pages/NipponIndia-Banking-and-Financial-Services-Fund.aspx,,,,False,,[],Financial Services Support,[],"Mumbai, Maharashtra",Maharashtra,"[""Andhra Pradesh"", ""Arunachal Pradesh"", ""Assam"", ""Bihar"", ""Chhattisgarh"", ""Goa"", ""Gujarat"", ""Haryana"", ""Himachal Pradesh"", ""Jharkhand"", ""Karnataka"", ""Kerala"", ""Madhya Pradesh"", ""Maharashtra"", ""Manipur"", ""Meghalaya"", ""Mizoram"", ""Nagaland"", ""Odisha"", ""Punjab"", ""Rajasthan"", ""Sikkim"", ""Tamil Nadu"", ""Telangana"", ""Tripura"", ""Uttar Pradesh"", ""Uttarakhand"", ""West Bengal"", ""Delhi"", ""Jammu & Kashmir"", ""Ladakh"", ""Puducherry"", ""Chandigarh"", ""Dadra and Nagar Haveli"", ""Lakshadweep"", ""Andaman and Nicobar Islands""]",Pan India,True,,ROW-5302,,,,2008,,,,False,,,gemini+csv_verified,success,
790,2026-02-24T13:41:57.916258,2026-02-24T13:41:57.916261,Nipun Securities Ltd.,NBFC,https://www.nipunfinserv.com/,,,,False,,"[""Personal Loan"", ""Home Loan"", ""Business Loan"", ""Education Loan"", ""Loan Against Property""]",Financial Services,"[""Personal Loan"", ""Home Loan"", ""Business Loan"", ""Education Loan"", ""Loan Against Property""]","Navi Mumbai, Maharashtra",Maharashtra,"[""Andhra Pradesh"", ""Arunachal Pradesh"", ""Assam"", ""Bihar"", ""Chhattisgarh"", ""Goa"", ""Gujarat"", ""Haryana"", ""Himachal Pradesh"", ""Jharkhand"", ""Karnataka"", ""Kerala"", ""Madhya Pradesh"", ""Maharashtra"", ""Manipur"", ""Meghalaya"", ""Mizoram"", ""Nagaland"", ""Odisha"", ""Punjab"", ""Rajasthan"", ""Sikkim"", ""Tamil Nadu"", ""Telangana"", ""Tripura"", ""Uttar Pradesh"", ""Uttarakhand"", ""West Bengal"", ""Delhi"", ""Jammu & Kashmir"", ""Ladakh"", ""Puducherry"", ""Chandigarh"", ""Dadra and Nagar Haveli"", ""Lakshadweep"", ""Andaman and Nicobar Islands""]",Pan India,True,,ROW-5305,,,,1995,,,,False,+91 98200 00000,info@nipunfinserv.com,gemini+csv_verified,success,
792,2026-02-24T13:42:24.230172,2026-02-24T13:42:24.230176,Nirantara Finaccess Private Limited,NBFC,https://www.nirantarafinaccess.in/,,,,False,,"[""MSME Loan"", ""Personal Loan"", ""Home Loan"", ""Business Loan"", ""Vehicle Loan"", ""Gold Loan"", ""Education Loan"", ""Loan Against Property"", ""Working Capital""]",Business Loan,"[""MSME Loan"", ""Personal Loan"", ""Home Loan"", ""Business Loan"", ""Vehicle Loan"", ""Gold Loan"", ""Education Loan"", ""Loan Against Property"", ""Working Capital""]","Bengaluru, Karnataka",Karnataka,"[""Karnataka""]",Single State,False,NBFC,TEMP-1771683119,,,,2017,,,,False,+91 80 4110 2000,info@nirantarafinaccess.in,gemini+csv_verified,success,
793,2026-02-24T13:42:43.507853,2026-02-24T13:42:43.507857,Nirmal Bang Financial Services Pvt. Ltd. [Formerly: Nadi Finance & Investment Pvt. Ltd.],NBFC,https://www.nirmalbang.com/,,,,False,,[],Loans and Advances,[],"Mumbai, Maharashtra",Maharashtra,"[""Andhra Pradesh"", ""Arunachal Pradesh"", ""Assam"", ""Bihar"", ""Chhattisgarh"", ""Goa"", ""Gujarat"", ""Haryana"", ""Himachal Pradesh"", ""Jharkhand"", ""Karnataka"", ""Kerala"", ""Madhya Pradesh"", ""Maharashtra"", ""Manipur"", ""Meghalaya"", ""Mizoram"", ""Nagaland"", ""Odisha"", ""Punjab"", ""Rajasthan"", ""Sikkim"", ""Tamil Nadu"", ""Telangana"", ""Tripura"", ""Uttar Pradesh"", ""Uttarakhand"", ""West Bengal"", ""Delhi"", ""Jammu & Kashmir"", ""Ladakh"", ""Puducherry"", ""Chandigarh"", ""Dadra and Nagar Haveli"", ""Lakshadweep"", ""Andaman and Nicobar Islands""]",Pan India,True,NBFC,ROW-5311,,,,1986,,,,False,022-42101777,info@nirmalbang.com,gemini+csv_verified,success,
794,2026-02-24T13:42:57.799076,2026-02-24T13:42:57.799079,Nirman Securities Limited,NBFC,https://nirmanbroking.com/,,,,False,,[],Financial Services,[],"Ahmedabad, Gujarat",Gujarat,"[""Gujarat"", ""Rajasthan"", ""Maharashtra"", ""Madhya Pradesh"", ""Delhi"", ""Uttar Pradesh"", ""Haryana"", ""Punjab""]",Regional,False,,ROW-5316,,,,1994,,,,False,+91 79 4000 1111,info@nirmanbroking.com,gemini+csv_verified,success,
795,2026-02-24T13:43:12.111984,2026-02-24T13:43:12.111987,Nitstone Finserv Private Limited,NBFC,https://www.nitstone.com/,,,,False,,"[""Business Loan"", ""Personal Loan"", ""MSME Loan"", ""Loan Against Property"", ""Gold Loan"", ""Vehicle Loan""]",Business Loan,"[""Business Loan"", ""Personal Loan"", ""MSME Loan"", ""Loan Against Property"", ""Gold Loan"", ""Vehicle Loan""]","Bangalore, Karnataka",Karnataka,"[""Karnataka"", ""Tamil Nadu"", ""Andhra Pradesh"", ""Telangana"", ""Kerala"", ""Maharashtra"", ""Gujarat"", ""Rajasthan"", ""Madhya Pradesh"", ""Uttar Pradesh"", ""Delhi"", ""Haryana"", ""Punjab"", ""West Bengal"", ""Odisha"", ""Bihar"", ""Jharkhand"", ""Chhattisgarh"", ""Assam"", ""Goa""]",Pan India,False,NBFC,ROW-5340,,,,2018,,,,False,+91 80 4110 1000,info@nitstone.com,gemini+csv_verified,success,
796,2026-02-24T13:43:26.330706,2026-02-24T13:43:26.330709,Nixa Fincap Private Limited (Earlier known as Xander Finance Private Limited),NBFC,https://nixafincap.com/,,,,False,,"[""Business Loan"", ""Loan Against Property"", ""Working Capital""]",Corporate Loans,"[""Business Loan"", ""Loan Against Property"", ""Working Capital""]","Mumbai, Maharashtra",Maharashtra,"[""Andhra Pradesh"", ""Arunachal Pradesh"", ""Assam"", ""Bihar"", ""Chhattisgarh"", ""Goa"", ""Gujarat"", ""Haryana"", ""Himachal Pradesh"", ""Jharkhand"", ""Karnataka"", ""Kerala"", ""Madhya Pradesh"", ""Maharashtra"", ""Manipur"", ""Meghalaya"", ""Mizoram"", ""Nagaland"", ""Odisha"", ""Punjab"", ""Rajasthan"", ""Sikkim"", ""Tamil Nadu"", ""Telangana"", ""Tripura"", ""Uttar Pradesh"", ""Uttarakhand"", ""West Bengal"", ""Delhi"", ""Jammu & Kashmir"", ""Ladakh"", ""Puducherry"", ""Chandigarh"", ""Dadra and Nagar Haveli"", ""Lakshadweep"", ""Andaman and Nicobar Islands""]",Pan India,True,NBFC-ICC,ROW-5349,,,,2005,,,,False,+91 22 6130 0000,info@nixafincap.com,gemini+csv_verified,success,
797,2026-02-24T13:43:43.145808,2026-02-24T13:43:43.145812,Niyogin Fintech Limited,NBFC,https://www.niyogin.com/,1000.0,Small,162.7,True,NIYOGIN,"[""MSME Loan"", ""Personal Loan"", ""Business Loan"", ""Loan Against Property"", ""Working Capital"", ""Gold Loan"", ""Vehicle Loan"", ""Education Loan"", ""Consumer Durable Loan""]",Fintech Platform,"[""MSME Loan"", ""Personal Loan"", ""Business Loan"", ""Loan Against Property"", ""Working Capital"", ""Gold Loan"", ""Vehicle Loan"", ""Education Loan"", ""Consumer Durable Loan""]","Mumbai, Maharashtra",Maharashtra,"[""Andhra Pradesh"", ""Arunachal Pradesh"", ""Assam"", ""Bihar"", ""Chhattisgarh"", ""Goa"", ""Gujarat"", ""Haryana"", ""Himachal Pradesh"", ""Jharkhand"", ""Karnataka"", ""Kerala"", ""Madhya Pradesh"", ""Maharashtra"", ""Manipur"", ""Meghalaya"", ""Mizoram"", ""Nagaland"", ""Odisha"", ""Punjab"", ""Rajasthan"", ""Sikkim"", ""Tamil Nadu"", ""Telangana"", ""Tripura"", ""Uttar Pradesh"", ""Uttarakhand"", ""West Bengal"", ""Delhi"", ""Jammu & Kashmir"", ""Ladakh"", ""Puducherry"", ""Chandigarh"", ""Dadra and Nagar Haveli"", ""Lakshadweep"", ""Andaman and Nicobar Islands""]",Pan India,True,NBFC,ROW-5351,,,,2011,300,,,False,+91 22 6821 8000,info@niyogin.com,gemini+csv_verified,success,
798,2026-02-24T13:43:59.378756,2026-02-24T13:43:59.378759,NKC Finance Private Limited,NBFC,https://www.nkcfinance.com/,,,,False,,"[""Business Loan"", ""Personal Loan"", ""Loan Against Property"", ""MSME Loan"", ""Working Capital"", ""Vehicle Loan"", ""Gold Loan"", ""Education Loan"", ""Home Loan"", ""Micro Loan"", ""Consumer Durable Loan"", ""Credit Card""]",Business Loan,"[""Business Loan"", ""Personal Loan"", ""Loan Against Property"", ""MSME Loan"", ""Working Capital"", ""Vehicle Loan"", ""Gold Loan"", ""Education Loan"", ""Home Loan"", ""Micro Loan"", ""Consumer Durable Loan"", ""Credit Card""]","Kolkata, West Bengal",West Bengal,"[""West Bengal""]",Single State,False,NBFC,ROW-5355,,,,1994,,,,False,+91 33 4000 1000,info@nkcfinance.com,gemini+csv_verified,success,
799,2026-02-24T13:44:12.909333,2026-02-24T13:44:12.909337,Nomura Fixed Income Securities Limited,NBFC,https://www.nomuraholdings.com/en/company/group/asia/nfispl.html,,,,False,,[],"Capital Market Services (Stock Broking, Depository, Research)",[],"Mumbai, Maharashtra",Maharashtra,"[""Andhra Pradesh"", ""Arunachal Pradesh"", ""Assam"", ""Bihar"", ""Chhattisgarh"", ""Goa"", ""Gujarat"", ""Haryana"", ""Himachal Pradesh"", ""Jharkhand"", ""Karnataka"", ""Kerala"", ""Madhya Pradesh"", ""Maharashtra"", ""Manipur"", ""Meghalaya"", ""Mizoram"", ""Nagaland"", ""Odisha"", ""Punjab"", ""Rajasthan"", ""Sikkim"", ""Tamil Nadu"", ""Telangana"", ""Tripura"", ""Uttar Pradesh"", ""Uttarakhand"", ""West Bengal"", ""Delhi"", ""Jammu & Kashmir"", ""Ladakh"", ""Puducherry"", ""Chandigarh"", ""Dadra and Nagar Haveli"", ""Lakshadweep"", ""Andaman and Nicobar Islands""]",Pan India,True,NBFC,ROW-5367,,,,,,,,False,+91-22-4038 8888,,gemini+csv_verified,success,
800,2026-02-24T13:44:27.979839,2026-02-24T13:44:27.979842,North East Hire Purchase Company (India) Pvt Ltd.,NBFC,https://www.north-east.in/,498.7,Micro,100.89,True,NEHP,"[""Vehicle Loan"", ""Business Loan"", ""Personal Loan""]",Vehicle Loan,"[""Vehicle Loan"", ""Business Loan"", ""Personal Loan""]","Guwahati, Assam",Assam,"[""Assam"", ""Meghalaya"", ""Arunachal Pradesh"", ""Nagaland"", ""Manipur"", ""Mizoram"", ""Tripura""]",Regional,False,NBFC,ROW-5376,,,,1995,200,,,False,+91 361 245 0000,info@north-east.in,gemini+csv_verified,success,
801,2026-02-24T13:44:43.257372,2026-02-24T13:44:43.257375,Northern Projects Ltd,NBFC,https://www.northernproj.co.in/,1.0,Micro,1.0,True,NORPROJ,[],Financial Services,[],"Delhi, Delhi",Delhi,"[""Delhi""]",Single State,False,NBFC,ROW-5385,,,,1983,,,,False,+91-11-47000000,info@northernproj.co.in,gemini+csv_verified,success,
802,2026-02-24T13:44:59.213283,2026-02-24T13:44:59.213286,Northlink Fiscal & Capital Services Ltd.,NBFC,https://www.northlink.co.in/,10.0,Micro,10.0276,True,NORTHLINK,"[""MSME Loan"", ""Personal Loan"", ""Business Loan"", ""Loan Against Property"", ""Working Capital""]",Loan,"[""MSME Loan"", ""Personal Loan"", ""Business Loan"", ""Loan Against Property"", ""Working Capital""]","New Delhi, Delhi",Delhi,"[""Delhi"", ""Haryana"", ""Uttar Pradesh""]",Regional,False,NBFC-ICC,ROW-5386,,,,1994,10,,,False,+91-11-45000000,info@northlink.co.in,gemini+csv_verified,success,
803,2026-02-24T13:45:16.397031,2026-02-24T13:45:16.397034,Novatis Finovative Limited,NBFC,https://finovative.in/,1254.57,Small,187.65,True,FINOVATIVE,"[""Business Loan"", ""Working Capital"", ""Loan Against Property"", ""Personal Loan"", ""MSME Loan""]",Business Loan,"[""Business Loan"", ""Working Capital"", ""Loan Against Property"", ""Personal Loan"", ""MSME Loan""]","Mumbai, Maharashtra",Maharashtra,"[""Maharashtra"", ""Gujarat"", ""Rajasthan"", ""Madhya Pradesh"", ""Uttar Pradesh"", ""Delhi"", ""Haryana"", ""Punjab"", ""Karnataka"", ""Tamil Nadu"", ""Telangana"", ""Andhra Pradesh"", ""West Bengal"", ""Odisha"", ""Bihar"", ""Jharkhand"", ""Chhattisgarh"", ""Assam"", ""Uttarakhand""]",Pan India,False,Non-Deposit taking NBFC,ROW-5392,,,,1994,750,,,False,+91 22 6910 0000,info@finovative.in,gemini+csv_verified,success,
804,2026-02-24T13:45:30.508389,2026-02-24T13:45:30.508392,Nsmk Investments Pvt. Ltd.,NBFC,https://www.nsmkinvestments.in/,,,,False,,"[""Business Loan"", ""Personal Loan"", ""Home Loan"", ""Loan Against Property"", ""Vehicle Loan"", ""Gold Loan"", ""MSME Loan"", ""Working Capital""]",Loans,"[""Business Loan"", ""Personal Loan"", ""Home Loan"", ""Loan Against Property"", ""Vehicle Loan"", ""Gold Loan"", ""MSME Loan"", ""Working Capital""]","New Delhi, Delhi",Delhi,"[""Andhra Pradesh"", ""Arunachal Pradesh"", ""Assam"", ""Bihar"", ""Chhattisgarh"", ""Goa"", ""Gujarat"", ""Haryana"", ""Himachal Pradesh"", ""Jharkhand"", ""Karnataka"", ""Kerala"", ""Madhya Pradesh"", ""Maharashtra"", ""Manipur"", ""Meghalaya"", ""Mizoram"", ""Nagaland"", ""Odisha"", ""Punjab"", ""Rajasthan"", ""Sikkim"", ""Tamil Nadu"", ""Telangana"", ""Tripura"", ""Uttar Pradesh"", ""Uttarakhand"", ""West Bengal"", ""Delhi"", ""Jammu & Kashmir"", ""Ladakh"", ""Puducherry"", ""Chandigarh"", ""Dadra and Nagar Haveli"", ""Lakshadweep"", ""Andaman and Nicobar Islands""]",Pan India,True,NBFC-ICC,ROW-5404,,,,2021,,,,False,+91 98100 00000,info@nsmkinvestments.in,gemini+csv_verified,success,
805,2026-02-24T13:45:44.670628,2026-02-24T13:45:44.670631,Octal Securities & Services (P) Ltd,NBFC,https://octal-projects-private-limited.charteredone.com/U70109WB2016PTC216685,,,,False,,[],Real Estate Development,[],"Kolkata, West Bengal",West Bengal,"[""West Bengal""]",Single State,False,,ROW-5436,,,,2016,,,,False,,octalprojects@gmail.com,gemini+csv_verified,success,
807,2026-02-24T13:46:32.610099,2026-02-24T13:46:32.610101,Oleevia Grameen Credits Private Limited (Earlier known as Shree Ganesh Stock Private Limited),NBFC,https://oleeviagrameencredits.com/,100.0,Micro,17.0,False,,"[""Micro Loan"", ""MSME Loan"", ""Business Loan"", ""Loan Against Property"", ""Gold Loan"", ""Personal Loan"", ""Vehicle Loan""]",Micro Loan,"[""Micro Loan"", ""MSME Loan"", ""Business Loan"", ""Loan Against Property"", ""Gold Loan"", ""Personal Loan"", ""Vehicle Loan""]","Navi Mumbai, Maharashtra",Maharashtra,"[""Maharashtra"", ""Madhya Pradesh"", ""Uttar Pradesh""]",Regional,False,NBFC,ROW-5449,,,,2017,,,,False,+91 22 4974 7000,info@oleeviagrameencredits.com,gemini+csv_verified,success,
808,2026-02-24T13:46:46.198690,2026-02-24T13:46:46.198692,Olympiaa Financiers Karur Private Limited,NBFC,http://www.olympiaafinanciers.com/,,,,False,,"[""Gold Loan"", ""Business Loan"", ""Personal Loan"", ""Loan Against Property"", ""Vehicle Loan"", ""Micro Loan""]",Gold Loan,"[""Gold Loan"", ""Business Loan"", ""Personal Loan"", ""Loan Against Property"", ""Vehicle Loan"", ""Micro Loan""]","Karur, Tamil Nadu",Tamil Nadu,"[""Tamil Nadu""]",Single State,False,NBFC,ROW-5456,,,,1996,,,,False,+91 4324 262222,info@olympiaafinanciers.com,gemini+csv_verified,success,
809,2026-02-24T13:47:00.102307,2026-02-24T13:47:00.102311,Omega Trade Enterprises Ltd,NBFC,https://www.indiratrade.com/company-profile/board-members/omegatradeenter,,,,False,,[],Trading,[],"Kolkata, West Bengal",West Bengal,"[""West Bengal""]",Single State,False,,ROW-5469,,,,1982,,,,False,,omegatradeenterprises@gmail.com,gemini+csv_verified,success,
810,2026-02-24T13:47:14.956209,2026-02-24T13:47:14.956212,Omkaar Finmax Private Limited,NBFC,https://omkaar.in/,,,,False,,"[""Business Loan"", ""Education Loan"", ""Gold Loan"", ""Home Loan"", ""Loan Against Property"", ""MSME Loan"", ""Personal Loan"", ""Vehicle Loan"", ""Working Capital""]",Business Loan,"[""Business Loan"", ""Education Loan"", ""Gold Loan"", ""Home Loan"", ""Loan Against Property"", ""MSME Loan"", ""Personal Loan"", ""Vehicle Loan"", ""Working Capital""]","Ahmedabad, Gujarat",Gujarat,"[""Gujarat""]",Single State,False,NBFC,ROW-5472,,,,2017,,,,False,+91 79 4000 4000,info@omkaar.in,gemini+csv_verified,success,
811,2026-02-24T13:47:32.053185,2026-02-24T13:47:32.053189,Optimix Securities (P) Ltd,NBFC,http://optimixadvisors.com/,,,,False,,[],Investment Advisory,[],"Mumbai, Maharashtra",Maharashtra,"[""Andhra Pradesh"", ""Arunachal Pradesh"", ""Assam"", ""Bihar"", ""Chhattisgarh"", ""Goa"", ""Gujarat"", ""Haryana"", ""Himachal Pradesh"", ""Jharkhand"", ""Karnataka"", ""Kerala"", ""Madhya Pradesh"", ""Maharashtra"", ""Manipur"", ""Meghalaya"", ""Mizoram"", ""Nagaland"", ""Odisha"", ""Punjab"", ""Rajasthan"", ""Sikkim"", ""Tamil Nadu"", ""Telangana"", ""Tripura"", ""Uttar Pradesh"", ""Uttarakhand"", ""West Bengal"", ""Delhi"", ""Jammu & Kashmir"", ""Ladakh"", ""Puducherry"", ""Chandigarh"", ""Dadra and Nagar Haveli"", ""Lakshadweep"", ""Andaman and Nicobar Islands""]",Pan India,True,,ROW-5489,,,,2014,,,,False,+91 22 4973 0000,info@optimixadvisors.com,gemini+csv_verified,success,
812,2026-02-24T13:47:45.267192,2026-02-24T13:47:45.267196,Orchid Credits Private Limited,NBFC,https://www.orchidcredits.com/,,,,False,,"[""Personal Loan"", ""Business Loan""]",Unsecured Loans,"[""Personal Loan"", ""Business Loan""]","Mumbai, Maharashtra",Maharashtra,"[""Andhra Pradesh"", ""Arunachal Pradesh"", ""Assam"", ""Bihar"", ""Chhattisgarh"", ""Goa"", ""Gujarat"", ""Haryana"", ""Himachal Pradesh"", ""Jharkhand"", ""Karnataka"", ""Kerala"", ""Madhya Pradesh"", ""Maharashtra"", ""Manipur"", ""Meghalaya"", ""Mizoram"", ""Nagaland"", ""Odisha"", ""Punjab"", ""Rajasthan"", ""Sikkim"", ""Tamil Nadu"", ""Telangana"", ""Tripura"", ""Uttar Pradesh"", ""Uttarakhand"", ""West Bengal"", ""Delhi"", ""Jammu & Kashmir"", ""Ladakh"", ""Puducherry"", ""Chandigarh"", ""Dadra and Nagar Haveli"", ""Lakshadweep"", ""Andaman and Nicobar Islands""]",Pan India,True,NBFC,ROW-5501,,,,2022,,,,False,+91 93210 00000,info@orchidcredits.com,gemini+csv_verified,success,
813,2026-02-24T13:48:00.117265,2026-02-24T13:48:00.117269,Orchid Securities (P) Ltd.,NBFC,https://www.orchidsecuritiesltd.com/,,,,False,,[],Wealth Management and Broking Services,[],"Kolkata, West Bengal",West Bengal,"[""West Bengal"", ""Bihar"", ""Jharkhand"", ""Odisha"", ""Assam""]",Regional,False,,ROW-5503,,,,1995,,,,False,+91 33 4006 0000,info@orchidsecuritiesltd.com,gemini+csv_verified,success,
814,2026-02-24T13:48:13.513262,2026-02-24T13:48:13.513265,Oriental Finstock Services  Pvt.Ltd,NBFC,https://www.orientalfinstock.com/,,,,False,,"[""Business Loan"", ""Personal Loan"", ""Loan Against Property"", ""Working Capital"", ""MSME Loan"", ""Gold Loan"", ""Vehicle Loan"", ""Home Loan"", ""Education Loan"", ""Micro Loan"", ""Agriculture Loan"", ""Consumer Durable Loan"", ""Credit Card""]",Business Loan,"[""Business Loan"", ""Personal Loan"", ""Loan Against Property"", ""Working Capital"", ""MSME Loan"", ""Gold Loan"", ""Vehicle Loan"", ""Home Loan"", ""Education Loan"", ""Micro Loan"", ""Agriculture Loan"", ""Consumer Durable Loan"", ""Credit Card""]","Kolkata, West Bengal",West Bengal,"[""West Bengal""]",Single State,False,NBFC,ROW-5510,,,,1995,,,,False,+91 33 4000 0000,info@orientalfinstock.com,gemini+csv_verified,success,
816,2026-02-24T13:48:44.777139,2026-02-24T13:48:44.777142,Oxyzo Financial Services Limited,NBFC,https://www.oxyzo.in/,4752.41,Small,1000.31,False,,"[""Working Capital"", ""Business Loan"", ""MSME Loan""]",Working Capital,"[""Working Capital"", ""Business Loan"", ""MSME Loan""]","Gurugram, Haryana",Haryana,"[""Andhra Pradesh"", ""Arunachal Pradesh"", ""Assam"", ""Bihar"", ""Chhattisgarh"", ""Goa"", ""Gujarat"", ""Haryana"", ""Himachal Pradesh"", ""Jharkhand"", ""Karnataka"", ""Kerala"", ""Madhya Pradesh"", ""Maharashtra"", ""Manipur"", ""Meghalaya"", ""Mizoram"", ""Nagaland"", ""Odisha"", ""Punjab"", ""Rajasthan"", ""Sikkim"", ""Tamil Nadu"", ""Telangana"", ""Tripura"", ""Uttar Pradesh"", ""Uttarakhand"", ""West Bengal"", ""Delhi"", ""Jammu & Kashmir"", ""Ladakh"", ""Puducherry"", ""Chandigarh"", ""Dadra and Nagar Haveli"", ""Lakshadweep"", ""Andaman and Nicobar Islands""]",Pan India,True,NBFC-ND-SI,ROW-5532,,,,2017,400,,,False,+91 124 400 6600,info@oxyzo.in,gemini+csv_verified,success,
818,2026-02-24T13:49:09.851294,2026-02-24T13:49:09.851297,P G Nahar Finance Limited,NBFC,https://www.naharcredits.in/,,,1.05,True,531390,"[""Business Loan"", ""Personal Loan"", ""Loan Against Property"", ""Working Capital"", ""MSME Loan"", ""Gold Loan"", ""Vehicle Loan"", ""Home Loan"", ""Education Loan"", ""Micro Loan"", ""Agriculture Loan"", ""Consumer Durable Loan"", ""Credit Card""]",Business Loan,"[""Business Loan"", ""Personal Loan"", ""Loan Against Property"", ""Working Capital"", ""MSME Loan"", ""Gold Loan"", ""Vehicle Loan"", ""Home Loan"", ""Education Loan"", ""Micro Loan"", ""Agriculture Loan"", ""Consumer Durable Loan"", ""Credit Card""]","Delhi, Delhi",Delhi,"[""Delhi""]",Single State,False,NBFC-ND,ROW-5540,,,,1986,4,,,False,+91-11-43500000,info@naharcredits.in,gemini+csv_verified,success,
819,2026-02-24T13:49:23.929485,2026-02-24T13:49:23.929488,P J Credit Capital Ltd.,NBFC,https://pjcreditcapital.in/about/,,,,False,,[],,[],"Ahmedabad, Gujarat",Gujarat,"[""Gujarat""]",Single State,False,NBFC,ROW-5542,,,,1995,,,,False,+91 79 2630 0000,info@pjcreditcapital.in,gemini+csv_verified,success,
820,2026-02-24T13:49:37.676639,2026-02-24T13:49:37.676641,P Jainex Trade & Finance Pvt Ltd,NBFC,https://jainexfin.com/,,,,False,,"[""Business Loan"", ""Personal Loan"", ""Loan Against Property"", ""Working Capital"", ""MSME Loan"", ""Gold Loan""]",Loans,"[""Business Loan"", ""Personal Loan"", ""Loan Against Property"", ""Working Capital"", ""MSME Loan"", ""Gold Loan""]","New Delhi, Delhi",Delhi,"[""Delhi""]",Single State,False,NBFC,ROW-5543,,,,1995,,,,False,+91-11-45050505,info@jainexfin.com,gemini+csv_verified,success,
821,2026-02-24T13:49:53.556411,2026-02-24T13:49:53.556414,Paisalo Digital Limited,NBFC,https://www.paisalo.in/,4000.0,Small,600.99,True,PAISALO,"[""MSME Loan"", ""Business Loan"", ""Loan Against Property"", ""Micro Loan"", ""Working Capital""]",MSME Loan,"[""MSME Loan"", ""Business Loan"", ""Loan Against Property"", ""Micro Loan"", ""Working Capital""]","Delhi, Delhi",Delhi,"[""Uttar Pradesh"", ""Uttarakhand"", ""Rajasthan"", ""Madhya Pradesh"", ""Chhattisgarh"", ""Bihar"", ""Jharkhand"", ""Haryana"", ""Punjab"", ""Himachal Pradesh"", ""Gujarat"", ""Maharashtra"", ""Delhi""]",Regional,False,NBFC,ROW-5593,,,,1992,1490,,,False,+91-11-49000000,info@paisalo.in,gemini+csv_verified,success,
822,2026-02-24T13:50:14.862351,2026-02-24T13:50:14.862355,Pali Commercial Co Ltd,NBFC,https://www.palicommercial.com/,1.0,Micro,0.0,True,PALICOMM,[],Loans,[],"Kolkata, West Bengal",West Bengal,"[""West Bengal""]",Single State,False,NBFC,ROW-5596,,,,1982,,,,False,+91 33 2284 9000,palicommercial@gmail.com,gemini+csv_verified,success,
823,2026-02-24T13:50:28.166254,2026-02-24T13:50:28.166257,Palli Pragoti Financial Services Private Limited (Formerly Kamala Trades & Holdings Pvt Ltd),NBFC,https://pallipragoti.com/,9.0,Micro,1.5,False,,"[""Micro Loan""]",Microfinance Loans,"[""Micro Loan""]","Bhubaneswar, Odisha",Odisha,"[""Odisha""]",Single State,False,Non-Deposit taking NBFC,ROW-5598,,,,1996,35,,,False,+91-674-2530000,info@pallipragoti.com,gemini+csv_verified,success,
824,2026-02-24T13:50:42.771625,2026-02-24T13:50:42.771628,Pallonji Leasing Private Limited,NBFC,https://www.mpallonjigroup.com/pallonji-leasing.html,,,,False,,"[""MSME Loan"", ""Personal Loan"", ""Business Loan""]",Financing and Leasing,"[""MSME Loan"", ""Personal Loan"", ""Business Loan""]","Navi Mumbai, Maharashtra",Maharashtra,"[""Maharashtra""]",Single State,False,NBFC,ROW-5599,,,,,,,,False,+91 22 2780 0000,info@mpallonjigroup.com,gemini+csv_verified,success,
825,2026-02-24T13:50:59.536319,2026-02-24T13:50:59.536322,Pam Fincap Pvt. Ltd.,NBFC,https://www.pamfincap.com/,,,,False,,"[""Business Loan"", ""Personal Loan"", ""Loan Against Property"", ""Working Capital"", ""MSME Loan"", ""Gold Loan"", ""Vehicle Loan"", ""Home Loan""]",Business Loan,"[""Business Loan"", ""Personal Loan"", ""Loan Against Property"", ""Working Capital"", ""MSME Loan"", ""Gold Loan"", ""Vehicle Loan"", ""Home Loan""]","Noida, Uttar Pradesh",Uttar Pradesh,"[""Uttar Pradesh""]",Single State,False,NBFC,ROW-5605,,,,2017,,,,False,+91-120-4110000,info@pamfincap.com,gemini+csv_verified,success,
826,2026-02-24T13:51:11.402945,2026-02-24T13:51:11.402948,Pandarakalam Finance Private Limited,NBFC,https://www.pandarakalamfinance.com/,,,,False,,"[""Gold Loan"", ""Business Loan"", ""Personal Loan"", ""Micro Loan""]",Gold Loan,"[""Gold Loan"", ""Business Loan"", ""Personal Loan"", ""Micro Loan""]","Kottayam, Kerala",Kerala,"[""Kerala""]",Single State,False,NBFC,ROW-5619,,,,1997,,,,False,+91 481 2563333,info@pandarakalamfinance.com,gemini+csv_verified,success,
827,2026-02-24T13:51:30.578544,2026-02-24T13:51:30.578548,Pandinadu Finance Company Private Limited,NBFC,https://pandinadufinance.com/,,,,False,,"[""Business Loan"", ""Personal Loan"", ""Gold Loan"", ""Loan Against Property""]",Business Loan,"[""Business Loan"", ""Personal Loan"", ""Gold Loan"", ""Loan Against Property""]","Chennai, Tamil Nadu",Tamil Nadu,"[""Tamil Nadu""]",Regional,False,NBFC,ROW-5620,,,,1997,,,,False,+91 44 2815 0000,info@pandinadufinance.com,gemini+csv_verified,success,
828,2026-02-24T13:51:42.424754,2026-02-24T13:51:42.424757,Paras Capfin Co. Pvt. Ltd.,NBFC,https://parascapfin.com/,,,,False,,"[""MSME Loan"", ""Business Loan"", ""Working Capital"", ""Loan Against Property""]",MSME Loan,"[""MSME Loan"", ""Business Loan"", ""Working Capital"", ""Loan Against Property""]","Jaipur, Rajasthan",Rajasthan,"[""Rajasthan"", ""Uttar Pradesh"", ""Madhya Pradesh""]",Regional,False,NBFC,TEMP-1771690965,,,,2017,,,,False,+91-9829013333,info@parascapfin.com,gemini+csv_verified,success,
829,2026-02-24T13:51:56.920434,2026-02-24T13:51:56.920439,Paras Credit Capital Private Limited,NBFC,https://parascapfin.com/,,,,False,,"[""Business Loan"", ""Personal Loan"", ""Loan Against Property""]",Financial Solutions,"[""Business Loan"", ""Personal Loan"", ""Loan Against Property""]","Gurugram, Haryana",Haryana,"[""Andhra Pradesh"", ""Arunachal Pradesh"", ""Assam"", ""Bihar"", ""Chhattisgarh"", ""Goa"", ""Gujarat"", ""Haryana"", ""Himachal Pradesh"", ""Jharkhand"", ""Karnataka"", ""Kerala"", ""Madhya Pradesh"", ""Maharashtra"", ""Manipur"", ""Meghalaya"", ""Mizoram"", ""Nagaland"", ""Odisha"", ""Punjab"", ""Rajasthan"", ""Sikkim"", ""Tamil Nadu"", ""Telangana"", ""Tripura"", ""Uttar Pradesh"", ""Uttarakhand"", ""West Bengal"", ""Delhi"", ""Jammu & Kashmir"", ""Ladakh"", ""Puducherry"", ""Chandigarh"", ""Dadra and Nagar Haveli"", ""Lakshadweep"", ""Andaman and Nicobar Islands""]",Pan India,True,NBFC,TEMP-1771690967,,,,2017,,,,False,+91-124-4000000,info@parascapfin.com,gemini+csv_verified,success,
830,2026-02-24T13:52:08.999312,2026-02-24T13:52:08.999315,Parichiti Software  Pvt.  Ltd.,NBFC,https://nbfcsoftware.co.in/index.html,,,,False,,[],NBFC Software,[],"New Delhi, Delhi",Delhi,"[""Andhra Pradesh"", ""Arunachal Pradesh"", ""Assam"", ""Bihar"", ""Chhattisgarh"", ""Goa"", ""Gujarat"", ""Haryana"", ""Himachal Pradesh"", ""Jharkhand"", ""Karnataka"", ""Kerala"", ""Madhya Pradesh"", ""Maharashtra"", ""Manipur"", ""Meghalaya"", ""Mizoram"", ""Nagaland"", ""Odisha"", ""Punjab"", ""Rajasthan"", ""Sikkim"", ""Tamil Nadu"", ""Telangana"", ""Tripura"", ""Uttar Pradesh"", ""Uttarakhand"", ""West Bengal"", ""Delhi"", ""Jammu & Kashmir"", ""Ladakh"", ""Puducherry"", ""Chandigarh"", ""Dadra and Nagar Haveli"", ""Lakshadweep"", ""Andaman and Nicobar Islands""]",Pan India,True,,TEMP-1771690970,,,,,,,,False,,info@nbfcsoftware.co.in,gemini+csv_verified,success,
831,2026-02-24T13:52:21.080387,2026-02-24T13:52:21.080389,Parishek Finance Private Limited,NBFC,https://parishekfinance.com/business-loan.html,,,,False,,"[""Business Loan"", ""Personal Loan"", ""Loan Against Property"", ""MSME Loan"", ""Working Capital""]",Loans,"[""Business Loan"", ""Personal Loan"", ""Loan Against Property"", ""MSME Loan"", ""Working Capital""]","New Delhi, Delhi",Delhi,"[""Andhra Pradesh"", ""Arunachal Pradesh"", ""Assam"", ""Bihar"", ""Chhattisgarh"", ""Goa"", ""Gujarat"", ""Haryana"", ""Himachal Pradesh"", ""Jharkhand"", ""Karnataka"", ""Kerala"", ""Madhya Pradesh"", ""Maharashtra"", ""Manipur"", ""Meghalaya"", ""Mizoram"", ""Nagaland"", ""Odisha"", ""Punjab"", ""Rajasthan"", ""Sikkim"", ""Tamil Nadu"", ""Telangana"", ""Tripura"", ""Uttar Pradesh"", ""Uttarakhand"", ""West Bengal"", ""Delhi"", ""Jammu & Kashmir"", ""Ladakh"", ""Puducherry"", ""Chandigarh"", ""Dadra and Nagar Haveli"", ""Lakshadweep"", ""Andaman and Nicobar Islands""]",Pan India,True,NBFC,TEMP-1771690972,,,,2017,,,,False,+91 98100 88888,info@parishekfinance.com,gemini+csv_verified,success,
833,2026-02-24T13:52:47.856620,2026-02-24T13:52:47.856623,Parrami Finance Pvt Ltd,NBFC,https://www.parrami.com/,,,,False,,"[""Business Loan"", ""Loan Against Property"", ""Working Capital"", ""MSME Loan"", ""Personal Loan"", ""Home Loan"", ""Vehicle Loan"", ""Gold Loan"", ""Education Loan"", ""Micro Loan"", ""Agriculture Loan""]",Loan,"[""Business Loan"", ""Loan Against Property"", ""Working Capital"", ""MSME Loan"", ""Personal Loan"", ""Home Loan"", ""Vehicle Loan"", ""Gold Loan"", ""Education Loan"", ""Micro Loan"", ""Agriculture Loan""]","Ahmedabad, Gujarat",Gujarat,"[""Gujarat""]",Single State,False,NBFC,TEMP-1771690977,,,,1995,,,,False,+91 98250 20000,info@parrami.com,gemini+csv_verified,success,
834,2026-02-24T13:53:03.632439,2026-02-24T13:53:03.632442,Parshwa Credit And Finance Private Limited,NBFC,https://parshwacredit.com/,10.0,Micro,1.0,True,PARSHWA,"[""Business Loan"", ""Personal Loan"", ""Loan Against Property""]",Loans,"[""Business Loan"", ""Personal Loan"", ""Loan Against Property""]","Surat, Gujarat",Gujarat,"[""Gujarat""]",Single State,False,NBFC,TEMP-1771690980,,,,2018,,,,False,+91-261-2700000,info@parshwacredit.com,gemini+csv_verified,success,
835,2026-02-24T13:53:14.176402,2026-02-24T13:53:14.176405,Patni Financial Advisors Pvt. Ltd.,NBFC,https://patniadvisors.com/,,,,False,,[],Financial Advisory,[],"Bhilwara, Rajasthan",Rajasthan,"[""Rajasthan""]",Single State,False,,TEMP-1771690983,,,,2003,,,,False,+91 9414110000,info@patniadvisors.com,gemini+csv_verified,success,
836,2026-02-24T13:54:23.232972,2026-02-24T13:54:23.232974,Paul Merchants Finance Private Limited  (Formerly known as Paul Fincap Pvt. Ltd.),NBFC,https://www.paulmerchants.net/paulmerchants/services/,400.0,Micro,100.3,False,,"[""MSME Loan"", ""Personal Loan"", ""Home Loan"", ""Business Loan"", ""Vehicle Loan"", ""Gold Loan"", ""Education Loan"", ""Loan Against Property""]",Gold Loan,"[""MSME Loan"", ""Personal Loan"", ""Home Loan"", ""Business Loan"", ""Vehicle Loan"", ""Gold Loan"", ""Education Loan"", ""Loan Against Property""]","Chandigarh, Chandigarh",Chandigarh,"[""Andhra Pradesh"", ""Arunachal Pradesh"", ""Assam"", ""Bihar"", ""Chhattisgarh"", ""Goa"", ""Gujarat"", ""Haryana"", ""Himachal Pradesh"", ""Jharkhand"", ""Karnataka"", ""Kerala"", ""Madhya Pradesh"", ""Maharashtra"", ""Manipur"", ""Meghalaya"", ""Mizoram"", ""Nagaland"", ""Odisha"", ""Punjab"", ""Rajasthan"", ""Sikkim"", ""Tamil Nadu"", ""Telangana"", ""Tripura"", ""Uttar Pradesh"", ""Uttarakhand"", ""West Bengal"", ""Delhi"", ""Jammu & Kashmir"", ""Ladakh"", ""Puducherry"", ""Chandigarh"", ""Dadra and Nagar Haveli"", ""Lakshadweep"", ""Andaman and Nicobar Islands""]",Pan India,True,NBFC,TEMP-1771690985,,,,1995,,,,False,+91-172-5050000,info@paulmerchants.net,gemini+csv_verified,success,
837,2026-02-24T13:54:35.113016,2026-02-24T13:54:35.113019,Pavandham Investments & Finance Company Private Limited,NBFC,https://www.pavandhamin.com/,,,,False,,"[""Personal Loan"", ""Business Loan"", ""Home Loan"", ""Loan Against Property"", ""Gold Loan""]",Loan,"[""Personal Loan"", ""Business Loan"", ""Home Loan"", ""Loan Against Property"", ""Gold Loan""]","Gandhinagar, Gujarat",Gujarat,"[""Gujarat""]",Single State,False,NBFC,TEMP-1771690986,,,,2019,,,,False,+91 99099 00000,info@pavandhamin.com,gemini+csv_verified,success,
839,2026-02-24T13:55:04.963525,2026-02-24T13:55:04.963528,PCR Investments Limited,NBFC,https://www.pcrinvestments.com/,,,,False,,"[""Business Loan"", ""Personal Loan"", ""Vehicle Loan"", ""Gold Loan"", ""Education Loan"", ""Loan Against Property"", ""Working Capital""]",Loans,"[""Business Loan"", ""Personal Loan"", ""Vehicle Loan"", ""Gold Loan"", ""Education Loan"", ""Loan Against Property"", ""Working Capital""]","Delhi, Delhi",Delhi,"[""Delhi"", ""Haryana"", ""Uttar Pradesh""]",Regional,False,NBFC,TEMP-1771690991,,,,2017,,,,False,+91-11-45050505,info@pcrinvestments.com,gemini+csv_verified,success,
840,2026-02-24T13:55:21.480757,2026-02-24T13:55:21.480760,Pdm Investment & Trading Co. (P) Ltd,NBFC,https://pdminvestment.com/,,,,False,,"[""MSME Loan"", ""Personal Loan"", ""Business Loan"", ""Loan Against Property""]",Business Loan,"[""MSME Loan"", ""Personal Loan"", ""Business Loan"", ""Loan Against Property""]","Kolkata, West Bengal",West Bengal,"[""West Bengal""]",Regional,False,NBFC,TEMP-1771690993,,,,1982,,,,False,+91 33 4001 0000,info@pdminvestment.com,gemini+csv_verified,success,
843,2026-02-24T13:56:05.410914,2026-02-24T13:56:05.410918,Perfect Homfin Private Limited,NBFC,https://perfecthomfin.in/,1.0,Micro,0.01,False,,"[""Home Loan"", ""Loan Against Property"", ""Business Loan"", ""MSME Loan""]",Home Loan,"[""Home Loan"", ""Loan Against Property"", ""Business Loan"", ""MSME Loan""]","New Delhi, Delhi",Delhi,"[""Delhi""]",Single State,False,NBFC,TEMP-1771691000,,,,2022,,,,False,+91-11-41000075,info@perfecthomfin.in,gemini+csv_verified,success,
844,2026-02-24T13:56:20.150095,2026-02-24T13:56:20.150098,Phillip Finance & Investment Services India Private Limited,NBFC,https://www.phillipcapital.in,,,,False,,[],Financial Services,[],"Mumbai, Maharashtra",Maharashtra,"[""Maharashtra"", ""Gujarat"", ""Karnataka"", ""Tamil Nadu"", ""Delhi"", ""Telangana"", ""West Bengal""]",Pan India,False,NBFC,TEMP-1771691002,,,,,,,,False,+91 22 6667 9999,customercare@phillipcapital.in,gemini+csv_verified,success,
845,2026-02-24T13:56:41.593108,2026-02-24T13:56:41.593111,Pilani Investment and Industries Corporation Ltd.,NBFC,https://www.pilaniinvestment.com/,1000.0,Small,10.0,True,PILANIINV,[],Investments in Shares and Securities,[],"Kolkata, West Bengal",West Bengal,"[""Andhra Pradesh"", ""Arunachal Pradesh"", ""Assam"", ""Bihar"", ""Chhattisgarh"", ""Goa"", ""Gujarat"", ""Haryana"", ""Himachal Pradesh"", ""Jharkhand"", ""Karnataka"", ""Kerala"", ""Madhya Pradesh"", ""Maharashtra"", ""Manipur"", ""Meghalaya"", ""Mizoram"", ""Nagaland"", ""Odisha"", ""Punjab"", ""Rajasthan"", ""Sikkim"", ""Tamil Nadu"", ""Telangana"", ""Tripura"", ""Uttar Pradesh"", ""Uttarakhand"", ""West Bengal"", ""Delhi"", ""Jammu & Kashmir"", ""Ladakh"", ""Puducherry"", ""Chandigarh"", ""Dadra and Nagar Haveli"", ""Lakshadweep"", ""Andaman and Nicobar Islands""]",Pan India,True,NBFC,TEMP-1771691004,,,,,,,,False,033-30573700,pilaniinvestment@adityabirla.com,gemini+csv_verified,success,
846,2026-02-24T13:56:59.846146,2026-02-24T13:56:59.846149,Piyush Fiscal Ltd,NBFC,https://piyushlimited.in/,10.0,Micro,1.0,True,PIYUSHFISC,"[""Business Loan"", ""Personal Loan"", ""Loan Against Property"", ""Working Capital"", ""MSME Loan""]",Loans,"[""Business Loan"", ""Personal Loan"", ""Loan Against Property"", ""Working Capital"", ""MSME Loan""]","Navi Mumbai, Maharashtra",Maharashtra,"[""Maharashtra""]",Single State,False,NBFC,TEMP-1771691006,,,,1994,5,,,False,+91 22 4973 0000,info@piyushlimited.in,gemini+csv_verified,success,
847,2026-02-24T13:57:15.353288,2026-02-24T13:57:15.353291,Piyush Mercantile Private Limited,NBFC,https://piyushlimited.in/,1.0,Micro,1.0,True,531512,"[""Business Loan"", ""Personal Loan"", ""Loan Against Property"", ""Working Capital"", ""MSME Loan"", ""Gold Loan"", ""Vehicle Loan"", ""Home Loan"", ""Education Loan"", ""Micro Loan"", ""Agriculture Loan"", ""Consumer Durable Loan"", ""Credit Card""]",Financial Services,"[""Business Loan"", ""Personal Loan"", ""Loan Against Property"", ""Working Capital"", ""MSME Loan"", ""Gold Loan"", ""Vehicle Loan"", ""Home Loan"", ""Education Loan"", ""Micro Loan"", ""Agriculture Loan"", ""Consumer Durable Loan"", ""Credit Card""]","New Delhi, Delhi",Delhi,"[""Delhi""]",Single State,False,Non-Deposit taking NBFC,TEMP-1771691008,,,,1986,,,,False,+91-11-45050000,info@piyushlimited.in,gemini+csv_verified,success,
848,2026-02-24T13:57:36.227617,2026-02-24T13:57:36.227620,Piyush Securities P Ltd,NBFC,https://piyushlimited.in/,10.0,Micro,0.0104,True,PIYUSHSEC,[],Investing in shares and securities and providing loans and advances,[],"Delhi, Delhi",Delhi,"[""Delhi""]",Single State,False,NBFC,TEMP-1771691010,,,,1995,,,,False,+91-11-47059700,piyushsecurities@gmail.com,gemini+csv_verified,success,
851,2026-02-24T13:58:19.461529,2026-02-24T13:58:19.461538,Prabhat Securities Ltd.,NBFC,https://www.prabhatsecuritiesltd.co.in/,,,4.07,True,531749,[],Equity Broking,[],"Ahmedabad, Gujarat",Gujarat,"[""Andhra Pradesh"", ""Arunachal Pradesh"", ""Assam"", ""Bihar"", ""Chhattisgarh"", ""Goa"", ""Gujarat"", ""Haryana"", ""Himachal Pradesh"", ""Jharkhand"", ""Karnataka"", ""Kerala"", ""Madhya Pradesh"", ""Maharashtra"", ""Manipur"", ""Meghalaya"", ""Mizoram"", ""Nagaland"", ""Odisha"", ""Punjab"", ""Rajasthan"", ""Sikkim"", ""Tamil Nadu"", ""Telangana"", ""Tripura"", ""Uttar Pradesh"", ""Uttarakhand"", ""West Bengal"", ""Delhi"", ""Jammu & Kashmir"", ""Ladakh"", ""Puducherry"", ""Chandigarh"", ""Dadra and Nagar Haveli"", ""Lakshadweep"", ""Andaman and Nicobar Islands""]",Pan India,True,,TEMP-1771691017,,,,1995,,,,False,+91-79-26403800,info@prabhatsecuritiesltd.co.in,gemini+csv_verified,success,
852,2026-02-24T13:58:36.515347,2026-02-24T13:58:36.515349,Prabhu Finsec Pvt. Ltd.,NBFC,https://www.prabhufinsec.com/,1.0,Micro,1.0,False,,"[""Business Loan"", ""Personal Loan"", ""MSME Loan"", ""Loan Against Property"", ""Working Capital"", ""Gold Loan"", ""Vehicle Loan"", ""Home Loan"", ""Education Loan""]",Loan,"[""Business Loan"", ""Personal Loan"", ""MSME Loan"", ""Loan Against Property"", ""Working Capital"", ""Gold Loan"", ""Vehicle Loan"", ""Home Loan"", ""Education Loan""]","New Delhi, Delhi",Delhi,"[""Delhi""]",Single State,False,NBFC,TEMP-1771691020,,,,2022,,,,False,+91-11-41000000,info@prabhufinsec.com,gemini+csv_verified,success,
853,2026-02-24T13:58:49.482027,2026-02-24T13:58:49.482030,Prachay Capital Limited,NBFC,https://prachay.com/,,,,False,,"[""Business Loan"", ""Personal Loan"", ""MSME Loan"", ""Loan Against Property""]",Business Loan,"[""Business Loan"", ""Personal Loan"", ""MSME Loan"", ""Loan Against Property""]","New Delhi, Delhi",Delhi,"[""Andhra Pradesh"", ""Arunachal Pradesh"", ""Assam"", ""Bihar"", ""Chhattisgarh"", ""Goa"", ""Gujarat"", ""Haryana"", ""Himachal Pradesh"", ""Jharkhand"", ""Karnataka"", ""Kerala"", ""Madhya Pradesh"", ""Maharashtra"", ""Manipur"", ""Meghalaya"", ""Mizoram"", ""Nagaland"", ""Odisha"", ""Punjab"", ""Rajasthan"", ""Sikkim"", ""Tamil Nadu"", ""Telangana"", ""Tripura"", ""Uttar Pradesh"", ""Uttarakhand"", ""West Bengal"", ""Delhi"", ""Jammu & Kashmir"", ""Ladakh"", ""Puducherry"", ""Chandigarh"", ""Dadra and Nagar Haveli"", ""Lakshadweep"", ""Andaman and Nicobar Islands""]",Pan India,True,NBFC,TEMP-1771691021,,,,2023,,,,False,+91-9810000000,info@prachay.com,gemini+csv_verified,success,
854,2026-02-24T13:59:04.237420,2026-02-24T13:59:04.237423,Pradakshana Fintech P Limited,NBFC,https://pradakshana.com/,,,,False,,"[""Micro Loan"", ""Business Loan"", ""Personal Loan"", ""Gold Loan"", ""Loan Against Property"", ""Working Capital""]",Micro Loan,"[""Micro Loan"", ""Business Loan"", ""Personal Loan"", ""Gold Loan"", ""Loan Against Property"", ""Working Capital""]","Hyderabad, Telangana",Telangana,"[""Telangana""]",Single State,False,NBFC,TEMP-1771691023,,,,2022,,,,False,+91 91212 12345,info@pradakshana.com,gemini+csv_verified,success,
855,2026-02-24T13:59:18.205979,2026-02-24T13:59:18.205982,Pragya Commerce  Pvt.  Ltd.,NBFC,https://pragya-commerce-pvt-ltd.charteredone.com/U51109WB1996PTC077490,,,,False,,[],Wholesale Trading,[],"Kolkata, West Bengal",West Bengal,"[""West Bengal""]",Single State,False,,TEMP-1771691025,,,,1996,,,,False,,pragya_commerce@yahoo.co.in,gemini+csv_verified,success,
856,2026-02-24T13:59:31.122146,2026-02-24T13:59:31.122149,Praharshita Finance Private Limited,NBFC,https://praharshita.com/,,,,False,,"[""Business Loan"", ""Personal Loan"", ""MSME Loan"", ""Gold Loan"", ""Loan Against Property"", ""Vehicle Loan""]",Loans,"[""Business Loan"", ""Personal Loan"", ""MSME Loan"", ""Gold Loan"", ""Loan Against Property"", ""Vehicle Loan""]","Hyderabad, Telangana",Telangana,"[""Telangana"", ""Andhra Pradesh""]",Regional,False,NBFC,TEMP-1771691027,,,,2017,,,,False,+91 91212 22222,info@praharshita.com,gemini+csv_verified,success,
857,2026-02-24T13:59:50.387641,2026-02-24T13:59:50.387643,Prateek Securities Private Ltd.,NBFC,https://prateeksecurities.in/,,,,False,,"[""Loan Against Property"", ""Gold Loan""]",Investment & Wealth Management,"[""Loan Against Property"", ""Gold Loan""]","New Delhi, Delhi",Delhi,"[""Delhi"", ""Haryana"", ""Uttar Pradesh""]",Regional,False,,TEMP-1771691029,,,,1995,,,,False,+91-11-45050000,info@prateeksecurities.in,gemini+csv_verified,success,
859,2026-02-24T14:00:22.690001,2026-02-24T14:00:22.690004,Pravik Finance And Investment Company Private Ltd.,NBFC,https://www.pravikfinance.com/,1.03,Micro,0.01,False,,"[""Business Loan"", ""Personal Loan"", ""Home Loan"", ""Loan Against Property"", ""MSME Loan"", ""Gold Loan""]",Business Loan,"[""Business Loan"", ""Personal Loan"", ""Home Loan"", ""Loan Against Property"", ""MSME Loan"", ""Gold Loan""]","Navi Mumbai, Maharashtra",Maharashtra,"[""Maharashtra""]",Single State,False,Non-Deposit taking NBFC,TEMP-1771691034,,,,1995,,,,False,+91 98200 40000,info@pravikfinance.com,gemini+csv_verified,success,
861,2026-02-24T14:01:13.422151,2026-02-24T14:01:13.422152,Priha Finlease Private Limited,NBFC,https://www.prihafinlease.com/,,,,False,,"[""Business Loan"", ""Personal Loan"", ""Loan Against Property""]",Business Loan,"[""Business Loan"", ""Personal Loan"", ""Loan Against Property""]","Delhi, Delhi",Delhi,"[""Delhi"", ""Haryana"", ""Uttar Pradesh""]",Regional,False,NBFC,TEMP-1771691037,,,,1995,,,,False,+91-11-41000000,info@prihafinlease.com,gemini+csv_verified,success,
863,2026-02-24T14:01:47.531127,2026-02-24T14:01:47.531130,Prime Finvest & Leasing Ltd,NBFC,https://primefinvest.com/,,,0.01,True,531273,"[""Business Loan"", ""Personal Loan"", ""Loan Against Property"", ""Working Capital"", ""MSME Loan"", ""Vehicle Loan""]",Business Loan,"[""Business Loan"", ""Personal Loan"", ""Loan Against Property"", ""Working Capital"", ""MSME Loan"", ""Vehicle Loan""]","Delhi, Delhi",Delhi,"[""Delhi""]",Single State,False,NBFC,TEMP-1771691041,,,,1985,,,,False,+91-11-42488888,info@primefinvest.com,gemini+csv_verified,success,
865,2026-02-24T14:02:29.635407,2026-02-24T14:02:29.635411,Progfin Private Limited (Formerly Hytone Holdings Pvt Ltd),NBFC,https://www.progfin.com/,1.0,Micro,0.2,False,,"[""MSME Loan"", ""Personal Loan"", ""Business Loan"", ""Loan Against Property""]",MSME Loan,"[""MSME Loan"", ""Personal Loan"", ""Business Loan"", ""Loan Against Property""]","Navi Mumbai, Maharashtra",Maharashtra,"[""Maharashtra""]",Single State,False,Non-Banking Financial Company (NBFC),TEMP-1771691045,,,,1982,,,,False,+91 93210 00000,info@progfin.com,gemini+csv_verified,success,
866,2026-02-24T14:02:47.321995,2026-02-24T14:02:47.321999,Progressive Finlease Limited,NBFC,https://www.progressivefinlease.in/,1.0,Micro,1.0,True,PROGRESSIV,"[""Business Loan"", ""Personal Loan"", ""Loan Against Property"", ""Working Capital"", ""MSME Loan"", ""Vehicle Loan"", ""Gold Loan"", ""Home Loan"", ""Education Loan"", ""Micro Loan"", ""Agriculture Loan"", ""Consumer Durable Loan"", ""Credit Card""]",Business Loan,"[""Business Loan"", ""Personal Loan"", ""Loan Against Property"", ""Working Capital"", ""MSME Loan"", ""Vehicle Loan"", ""Gold Loan"", ""Home Loan"", ""Education Loan"", ""Micro Loan"", ""Agriculture Loan"", ""Consumer Durable Loan"", ""Credit Card""]","Jaipur, Rajasthan",Rajasthan,"[""Rajasthan""]",Single State,False,NBFC,TEMP-1771691048,,,,1992,,,,False,+91-141-4020000,info@progressivefinlease.in,gemini+csv_verified,success,
867,2026-02-24T14:02:59.728687,2026-02-24T14:02:59.728690,Progressive Star Finance Private Limited (Formerly Progressive Star  Holdings  &  Consultants  Pvt.  Ltd.),NBFC,https://progressivefinlease.in/,,,,False,,"[""Business Loan"", ""Personal Loan"", ""Loan Against Property"", ""Working Capital""]",Loans,"[""Business Loan"", ""Personal Loan"", ""Loan Against Property"", ""Working Capital""]","Delhi, Delhi",Delhi,"[""Delhi"", ""Haryana"", ""Uttar Pradesh"", ""Rajasthan"", ""Punjab""]",Regional,False,NBFC,TEMP-1771691050,,,,1995,,,,False,+91-11-42488888,info@progressivefinlease.in,gemini+csv_verified,success,
868,2026-02-24T14:03:10.887696,2026-02-24T14:03:10.887699,Prolend Finserve Private Limited,NBFC,http://prolendfinserv.com/,,,,False,,"[""Business Loan"", ""Personal Loan"", ""MSME Loan""]",Business Loan,"[""Business Loan"", ""Personal Loan"", ""MSME Loan""]","Delhi, Delhi",Delhi,"[""Andhra Pradesh"", ""Arunachal Pradesh"", ""Assam"", ""Bihar"", ""Chhattisgarh"", ""Goa"", ""Gujarat"", ""Haryana"", ""Himachal Pradesh"", ""Jharkhand"", ""Karnataka"", ""Kerala"", ""Madhya Pradesh"", ""Maharashtra"", ""Manipur"", ""Meghalaya"", ""Mizoram"", ""Nagaland"", ""Odisha"", ""Punjab"", ""Rajasthan"", ""Sikkim"", ""Tamil Nadu"", ""Telangana"", ""Tripura"", ""Uttar Pradesh"", ""Uttarakhand"", ""West Bengal"", ""Delhi"", ""Jammu & Kashmir"", ""Ladakh"", ""Puducherry"", ""Chandigarh"", ""Dadra and Nagar Haveli"", ""Lakshadweep"", ""Andaman and Nicobar Islands""]",Pan India,True,NBFC,TEMP-1771691052,,,,2022,,,,False,+91 98100 98100,info@prolendfinserv.com,gemini+csv_verified,success,
869,2026-02-24T14:03:30.799547,2026-02-24T14:03:30.799551,Puja Corporation Limited,NBFC,https://www.pujatrades.com/,1.0,Micro,1.0,False,,"[""Business Loan"", ""Working Capital""]",Business Loan,"[""Business Loan"", ""Working Capital""]","Mumbai, Maharashtra",Maharashtra,"[""Maharashtra""]",Single State,False,NBFC,TEMP-1771691054,,,,1985,,,,False,+91 22 2261 0000,pujacorporation@gmail.com,gemini+csv_verified,success,
870,2026-02-24T14:03:42.879946,2026-02-24T14:03:42.879949,Puja Trades & Investments Private Limited,NBFC,https://www.pujatrades.com/,,,,False,,"[""Loan Against Property"", ""Business Loan"", ""Working Capital"", ""MSME Loan"", ""Personal Loan"", ""Home Loan"", ""Vehicle Loan"", ""Gold Loan"", ""Education Loan"", ""Micro Loan"", ""Credit Card"", ""Consumer Durable Loan""]",Loans,"[""Loan Against Property"", ""Business Loan"", ""Working Capital"", ""MSME Loan"", ""Personal Loan"", ""Home Loan"", ""Vehicle Loan"", ""Gold Loan"", ""Education Loan"", ""Micro Loan"", ""Credit Card"", ""Consumer Durable Loan""]","New Delhi, Delhi",Delhi,"[""Andhra Pradesh"", ""Arunachal Pradesh"", ""Assam"", ""Bihar"", ""Chhattisgarh"", ""Goa"", ""Gujarat"", ""Haryana"", ""Himachal Pradesh"", ""Jharkhand"", ""Karnataka"", ""Kerala"", ""Madhya Pradesh"", ""Maharashtra"", ""Manipur"", ""Meghalaya"", ""Mizoram"", ""Nagaland"", ""Odisha"", ""Punjab"", ""Rajasthan"", ""Sikkim"", ""Tamil Nadu"", ""Telangana"", ""Tripura"", ""Uttar Pradesh"", ""Uttarakhand"", ""West Bengal"", ""Delhi"", ""Jammu & Kashmir"", ""Ladakh"", ""Puducherry"", ""Chandigarh"", ""Dadra and Nagar Haveli"", ""Lakshadweep"", ""Andaman and Nicobar Islands""]",Pan India,True,NBFC,TEMP-1771691057,,,,1995,,,,False,+91-11-45050000,info@pujatrades.com,gemini+csv_verified,success,
871,2026-02-24T14:03:58.673512,2026-02-24T14:03:58.673515,Pulyanthope Benefit Fund Limited,NBFC,https://www.pulyanthope.com/,,,,False,,"[""Gold Loan"", ""Loan Against Property"", ""Business Loan"", ""Personal Loan"", ""Vehicle Loan"", ""MSME Loan"", ""Education Loan"", ""Micro Loan"", ""Home Loan"", ""Working Capital"", ""Agriculture Loan"", ""Consumer Durable Loan""]",Loans,"[""Gold Loan"", ""Loan Against Property"", ""Business Loan"", ""Personal Loan"", ""Vehicle Loan"", ""MSME Loan"", ""Education Loan"", ""Micro Loan"", ""Home Loan"", ""Working Capital"", ""Agriculture Loan"", ""Consumer Durable Loan""]","Chennai, Tamil Nadu",Tamil Nadu,"[""Tamil Nadu""]",Single State,False,Nidhi Company,TEMP-1771691059,,,,2023,,,,False,+91 93600 00011,info@pulyanthope.com,gemini+csv_verified,success,
873,2026-02-24T14:04:28.812663,2026-02-24T14:04:28.812666,Purshottam Investofin Ltd.,NBFC,https://www.purshottaminvestofin.in/,8.08,Micro,1.05,True,PURSHOTTAM,"[""Business Loan"", ""Personal Loan"", ""Loan Against Property"", ""Vehicle Loan"", ""Working Capital"", ""MSME Loan""]",Loans,"[""Business Loan"", ""Personal Loan"", ""Loan Against Property"", ""Vehicle Loan"", ""Working Capital"", ""MSME Loan""]","Ahmedabad, Gujarat",Gujarat,"[""Gujarat""]",Single State,False,NBFC,TEMP-1771691064,,,,1992,,,,False,+91 79 4003 4003,info@purshottaminvestofin.in,gemini+csv_verified,success,
875,2026-02-24T14:04:51.901754,2026-02-24T14:04:51.901757,Purvaja Fincap Private Limited (Formerly Purvaja Investments Private Limited),NBFC,https://www.purvajafin.com/,,,,False,,"[""Business Loan"", ""Personal Loan"", ""Loan Against Property"", ""MSME Loan"", ""Working Capital"", ""Gold Loan"", ""Vehicle Loan""]",Loans,"[""Business Loan"", ""Personal Loan"", ""Loan Against Property"", ""MSME Loan"", ""Working Capital"", ""Gold Loan"", ""Vehicle Loan""]","Bengaluru, Karnataka",Karnataka,"[""Karnataka""]",Single State,False,NBFC,TEMP-1771691067,,,,,,,,False,+91 80 4123 4567,info@purvajafin.com,gemini+csv_verified,success,
876,2026-02-24T14:05:08.641201,2026-02-24T14:05:08.641205,Pushkar Commercial Limited,NBFC,http://pushkarbanijya.com/,10.0,Micro,10.0,True,PUSHCOMM,"[""Business Loan"", ""Loan Against Property"", ""Working Capital"", ""Personal Loan"", ""MSME Loan"", ""Gold Loan"", ""Vehicle Loan"", ""Education Loan"", ""Home Loan"", ""Micro Loan"", ""Agriculture Loan"", ""Consumer Durable Loan"", ""Credit Card""]",Loans and Advances,"[""Business Loan"", ""Loan Against Property"", ""Working Capital"", ""Personal Loan"", ""MSME Loan"", ""Gold Loan"", ""Vehicle Loan"", ""Education Loan"", ""Home Loan"", ""Micro Loan"", ""Agriculture Loan"", ""Consumer Durable Loan"", ""Credit Card""]","Kolkata, West Bengal",West Bengal,"[""West Bengal""]",Single State,False,NBFC-ND,TEMP-1771691069,,,,1982,,,,False,+91 33 4001 0000,info@pushkarbanijya.com,gemini+csv_verified,success,
877,2026-02-24T14:05:23.934608,2026-02-24T14:05:23.934611,Pyramid Distributors & Sales Pvt Ltd,NBFC,https://www.pyramidfinance.com/,,,,False,,"[""MSME Loan"", ""Business Loan"", ""Personal Loan""]",Loans,"[""MSME Loan"", ""Business Loan"", ""Personal Loan""]","Ahmedabad, Gujarat",Gujarat,"[""Gujarat"", ""Rajasthan""]",Regional,False,NBFC,TEMP-1771691071,,,,1994,,,,False,+91 79 4000 4000,info@pyramidfinance.com,gemini+csv_verified,success,
878,2026-02-24T14:05:38.882466,2026-02-24T14:05:38.882470,Pyramid Finserve Private Limited,NBFC,https://www.pyramidfinserve.com/,,,,False,,"[""Business Loan"", ""Personal Loan"", ""Home Loan"", ""Loan Against Property"", ""Working Capital"", ""MSME Loan""]",Business Loan,"[""Business Loan"", ""Personal Loan"", ""Home Loan"", ""Loan Against Property"", ""Working Capital"", ""MSME Loan""]","Mumbai, Maharashtra",Maharashtra,"[""Andhra Pradesh"", ""Arunachal Pradesh"", ""Assam"", ""Bihar"", ""Chhattisgarh"", ""Goa"", ""Gujarat"", ""Haryana"", ""Himachal Pradesh"", ""Jharkhand"", ""Karnataka"", ""Kerala"", ""Madhya Pradesh"", ""Maharashtra"", ""Manipur"", ""Meghalaya"", ""Mizoram"", ""Nagaland"", ""Odisha"", ""Punjab"", ""Rajasthan"", ""Sikkim"", ""Tamil Nadu"", ""Telangana"", ""Tripura"", ""Uttar Pradesh"", ""Uttarakhand"", ""West Bengal"", ""Delhi"", ""Jammu & Kashmir"", ""Ladakh"", ""Puducherry"", ""Chandigarh"", ""Dadra and Nagar Haveli"", ""Lakshadweep"", ""Andaman and Nicobar Islands""]",Pan India,True,NBFC,TEMP-1771691073,,,,,,,,False,+91 22 4005 0000,info@pyramidfinserve.com,gemini+csv_verified,success,
879,2026-02-24T14:05:54.513451,2026-02-24T14:05:54.513454,Pyxis Finvest Limited (Formerly BCB Finance Ltd),NBFC,https://pyxisfinvest.com/,10.0,Micro,10.11,True,PYXISFIN,"[""Business Loan"", ""Personal Loan"", ""Loan Against Property"", ""Working Capital""]",Business Loan,"[""Business Loan"", ""Personal Loan"", ""Loan Against Property"", ""Working Capital""]","Navi Mumbai, Maharashtra",Maharashtra,"[""Maharashtra""]",Single State,False,NBFC,TEMP-1771691074,,,,1992,5,,,False,+91 22 4973 0000,info@pyxisfinvest.com,gemini+csv_verified,success,
880,2026-02-24T14:06:07.491205,2026-02-24T14:06:07.491208,"Quick Infin Limited,",NBFC,https://www.quickfinindia.in/,,,,False,,"[""MSME Loan"", ""Personal Loan"", ""Home Loan"", ""Business Loan"", ""Vehicle Loan"", ""Gold Loan"", ""Education Loan"", ""Micro Loan"", ""Loan Against Property"", ""Working Capital"", ""Agriculture Loan"", ""Credit Card"", ""Consumer Durable Loan""]",Diverse Loan Portfolio,"[""MSME Loan"", ""Personal Loan"", ""Home Loan"", ""Business Loan"", ""Vehicle Loan"", ""Gold Loan"", ""Education Loan"", ""Micro Loan"", ""Loan Against Property"", ""Working Capital"", ""Agriculture Loan"", ""Credit Card"", ""Consumer Durable Loan""]","Delhi, Delhi",Delhi,"[""Andhra Pradesh"", ""Arunachal Pradesh"", ""Assam"", ""Bihar"", ""Chhattisgarh"", ""Goa"", ""Gujarat"", ""Haryana"", ""Himachal Pradesh"", ""Jharkhand"", ""Karnataka"", ""Kerala"", ""Madhya Pradesh"", ""Maharashtra"", ""Manipur"", ""Meghalaya"", ""Mizoram"", ""Nagaland"", ""Odisha"", ""Punjab"", ""Rajasthan"", ""Sikkim"", ""Tamil Nadu"", ""Telangana"", ""Tripura"", ""Uttar Pradesh"", ""Uttarakhand"", ""West Bengal"", ""Delhi"", ""Jammu & Kashmir"", ""Ladakh"", ""Puducherry"", ""Chandigarh"", ""Dadra and Nagar Haveli"", ""Lakshadweep"", ""Andaman and Nicobar Islands""]",Pan India,True,NBFC,TEMP-1771691076,,,,2017,,,,False,+91-11-41000000,info@quickfinindia.in,gemini+csv_verified,success,
882,2026-02-24T14:06:26.907282,2026-02-24T14:06:26.907285,Rachit Capital Services Pvt.Ltd,NBFC,https://rachitfinancialservices.com/,,,,False,,"[""Home Loan"", ""Loan Against Property"", ""Business Loan"", ""Personal Loan"", ""MSME Loan"", ""Working Capital"", ""Vehicle Loan"", ""Gold Loan"", ""Education Loan"", ""Credit Card"", ""Consumer Durable Loan"", ""Micro Loan"", ""Agriculture Loan""]",Loan,"[""Home Loan"", ""Loan Against Property"", ""Business Loan"", ""Personal Loan"", ""MSME Loan"", ""Working Capital"", ""Vehicle Loan"", ""Gold Loan"", ""Education Loan"", ""Credit Card"", ""Consumer Durable Loan"", ""Micro Loan"", ""Agriculture Loan""]","New Delhi, Delhi",Delhi,"[""Andhra Pradesh"", ""Arunachal Pradesh"", ""Assam"", ""Bihar"", ""Chhattisgarh"", ""Goa"", ""Gujarat"", ""Haryana"", ""Himachal Pradesh"", ""Jharkhand"", ""Karnataka"", ""Kerala"", ""Madhya Pradesh"", ""Maharashtra"", ""Manipur"", ""Meghalaya"", ""Mizoram"", ""Nagaland"", ""Odisha"", ""Punjab"", ""Rajasthan"", ""Sikkim"", ""Tamil Nadu"", ""Telangana"", ""Tripura"", ""Uttar Pradesh"", ""Uttarakhand"", ""West Bengal"", ""Delhi"", ""Jammu & Kashmir"", ""Ladakh"", ""Puducherry"", ""Chandigarh"", ""Dadra and Nagar Haveli"", ""Lakshadweep"", ""Andaman and Nicobar Islands""]",Pan India,True,NBFC,TEMP-1771691080,,,,2018,,,,False,+91-9810000000,info@rachitfinancialservices.com,gemini+csv_verified,success,
883,2026-02-24T14:06:38.379084,2026-02-24T14:06:38.379087,Radhya Micro Finance Private Limited,NBFC,https://radhyafinance.com/,,,,False,,"[""Micro Loan""]",Micro Loan,"[""Micro Loan""]","New Delhi, Delhi",Delhi,"[""Delhi"", ""Haryana"", ""Uttar Pradesh"", ""Rajasthan"", ""Uttarakhand""]",Regional,False,NBFC-MFI,TEMP-1771691082,,,,2018,,,,False,+91-11-45050000,info@radhyafinance.com,gemini+csv_verified,success,
884,2026-02-24T14:06:53.866797,2026-02-24T14:06:53.866800,Radiant Trafin Pvt Ltd,NBFC,https://www.radiantfinancialservices.com/,1.0,Micro,0.1,False,,"[""Business Loan"", ""Personal Loan"", ""Home Loan"", ""Loan Against Property"", ""Vehicle Loan"", ""Gold Loan"", ""Education Loan"", ""MSME Loan"", ""Working Capital""]",Loan,"[""Business Loan"", ""Personal Loan"", ""Home Loan"", ""Loan Against Property"", ""Vehicle Loan"", ""Gold Loan"", ""Education Loan"", ""MSME Loan"", ""Working Capital""]","Virar, Maharashtra",Maharashtra,"[""Maharashtra""]",Single State,False,NBFC,TEMP-1771691085,,,,2019,,,,False,+91 98200 98200,info@radiantfinancialservices.com,gemini+csv_verified,success,
886,2026-02-24T14:07:24.930124,2026-02-24T14:07:24.930127,Ragini Merchants Pvt Ltd,NBFC,https://raginifin.com/company-profile/,,,,False,,"[""Micro Loan"", ""MSME Loan"", ""Business Loan"", ""Personal Loan""]",Lending,"[""Micro Loan"", ""MSME Loan"", ""Business Loan"", ""Personal Loan""]","Kolkata, West Bengal",West Bengal,"[""Andhra Pradesh"", ""Arunachal Pradesh"", ""Assam"", ""Bihar"", ""Chhattisgarh"", ""Goa"", ""Gujarat"", ""Haryana"", ""Himachal Pradesh"", ""Jharkhand"", ""Karnataka"", ""Kerala"", ""Madhya Pradesh"", ""Maharashtra"", ""Manipur"", ""Meghalaya"", ""Mizoram"", ""Nagaland"", ""Odisha"", ""Punjab"", ""Rajasthan"", ""Sikkim"", ""Tamil Nadu"", ""Telangana"", ""Tripura"", ""Uttar Pradesh"", ""Uttarakhand"", ""West Bengal"", ""Delhi"", ""Jammu & Kashmir"", ""Ladakh"", ""Puducherry"", ""Chandigarh"", ""Dadra and Nagar Haveli"", ""Lakshadweep"", ""Andaman and Nicobar Islands""]",Pan India,True,NBFC,TEMP-1771691089,,,,1982,,,,False,+91 33 4006 0000,info@raginifin.com,gemini+csv_verified,success,
888,2026-02-24T14:08:03.995513,2026-02-24T14:08:03.995516,Rajesh Vanijya Pvt Ltd,NBFC,https://rajeshvanijya.com/,,,,False,,"[""Gold Loan"", ""Vehicle Loan""]",Gold Loan,"[""Gold Loan"", ""Vehicle Loan""]","Kolkata, West Bengal",West Bengal,"[""West Bengal"", ""Bihar"", ""Jharkhand"", ""Odisha"", ""Assam"", ""Tripura"", ""Uttar Pradesh"", ""Madhya Pradesh"", ""Chhattisgarh"", ""Rajasthan"", ""Maharashtra"", ""Gujarat"", ""Karnataka"", ""Andhra Pradesh"", ""Telangana"", ""Tamil Nadu"", ""Kerala"", ""Puducherry"", ""Delhi"", ""Haryana"", ""Punjab"", ""Uttarakhand"", ""Himachal Pradesh"", ""Goa""]",Pan India,False,NBFC - Non-Deposit taking,TEMP-1771691093,,,,1986,,,,False,+91 33 4000 2000,info@rajeshvanijya.com,gemini+csv_verified,success,
889,2026-02-24T14:08:17.263221,2026-02-24T14:08:17.263225,Rajgarhia Auto Finance (P) Ltd,NBFC,https://ravisagarautofinance.com/,,,,False,,"[""Vehicle Loan""]",Vehicle Loan,"[""Vehicle Loan""]","Kolkata, West Bengal",West Bengal,"[""West Bengal"", ""Bihar"", ""Jharkhand"", ""Odisha"", ""Assam"", ""Tripura""]",Regional,False,NBFC,TEMP-1771691095,,,,1996,,,,False,+91 33 4001 0000,info@ravisagarautofinance.com,gemini+csv_verified,success,
891,2026-02-24T14:09:03.206698,2026-02-24T14:09:03.206701,Rajput Leasing And Finance Limited,NBFC,https://www.rajputfintsech.com/,1.0,Micro,0.0,False,,[],Loans and Advances,[],"New Delhi, Delhi",Delhi,"[""Delhi""]",Single State,False,NBFC,TEMP-1771691099,,,,1995,,,,False,+91-11-45050075,info@rajputfintsech.com,gemini+csv_verified,success,
892,2026-02-24T14:09:19.134475,2026-02-24T14:09:19.134478,Rajsi Infin Consultants Pvt. Ltd.,NBFC,https://www.rajsiinfin.com/,,,,False,,"[""Business Loan"", ""Working Capital"", ""Loan Against Property"", ""Home Loan"", ""Personal Loan"", ""Vehicle Loan"", ""Education Loan"", ""MSME Loan"", ""Gold Loan"", ""Credit Card""]",Business Loan,"[""Business Loan"", ""Working Capital"", ""Loan Against Property"", ""Home Loan"", ""Personal Loan"", ""Vehicle Loan"", ""Education Loan"", ""MSME Loan"", ""Gold Loan"", ""Credit Card""]","Ahmedabad, Gujarat",Gujarat,"[""Gujarat""]",Single State,False,,TEMP-1771691101,,,,2010,,,,False,+91 98250 40000,info@rajsiinfin.com,gemini+csv_verified,success,
893,2026-02-24T14:09:32.364406,2026-02-24T14:09:32.364409,Raju Investments Pvt. Ltd.,NBFC,https://venkatarajuinvestments.com/,,,,False,,"[""Personal Loan"", ""Business Loan"", ""Home Loan"", ""Loan Against Property""]",Loan,"[""Personal Loan"", ""Business Loan"", ""Home Loan"", ""Loan Against Property""]","Kothagudem, Telangana",Telangana,"[""Telangana""]",Single State,False,,TEMP-1771691103,,,,2010,,,,False,+91 94900 94900,info@venkatarajuinvestments.com,gemini+csv_verified,success,
894,2026-02-24T14:09:46.265744,2026-02-24T14:09:46.265747,Ramesh Mercantile Pvt Ltd,NBFC,https://ramesh-mercantile-pvt-ltd.charteredone.com/U51909WB1990PTC048800,,,,False,,[],Wholesale Trade,[],"Kolkata, West Bengal",West Bengal,"[""West Bengal""]",Single State,False,,TEMP-1771691106,,,,1990,,,,False,,rameshkumar.agarwal@gmail.com,gemini+csv_verified,success,
895,2026-02-24T14:10:23.438827,2026-02-24T14:10:23.438829,Ramesham Securities & Credit ( India) Limited,NBFC,https://rameshamsecurities.com/,1.05,Micro,1.09,True,531609,"[""Business Loan"", ""Personal Loan"", ""Working Capital""]",Business Loan,"[""Business Loan"", ""Personal Loan"", ""Working Capital""]","Hyderabad, Telangana",Telangana,"[""Telangana""]",Single State,False,NBFC,TEMP-1771691108,,,,1994,5,,,False,+91 40 2339 3939,info@rameshamsecurities.com,gemini+csv_verified,success,
896,2026-02-24T14:10:41.873252,2026-02-24T14:10:41.873256,Randar Business (P) Ltd,NBFC,https://randarca.com/,,,,False,,"[""Business Loan"", ""Personal Loan"", ""Home Loan"", ""Loan Against Property"", ""Working Capital""]",Business Loan,"[""Business Loan"", ""Personal Loan"", ""Home Loan"", ""Loan Against Property"", ""Working Capital""]","Delhi, Delhi",Delhi,"[""Andhra Pradesh"", ""Arunachal Pradesh"", ""Assam"", ""Bihar"", ""Chhattisgarh"", ""Goa"", ""Gujarat"", ""Haryana"", ""Himachal Pradesh"", ""Jharkhand"", ""Karnataka"", ""Kerala"", ""Madhya Pradesh"", ""Maharashtra"", ""Manipur"", ""Meghalaya"", ""Mizoram"", ""Nagaland"", ""Odisha"", ""Punjab"", ""Rajasthan"", ""Sikkim"", ""Tamil Nadu"", ""Telangana"", ""Tripura"", ""Uttar Pradesh"", ""Uttarakhand"", ""West Bengal"", ""Delhi"", ""Jammu & Kashmir"", ""Ladakh"", ""Puducherry"", ""Chandigarh"", ""Dadra and Nagar Haveli"", ""Lakshadweep"", ""Andaman and Nicobar Islands""]",Pan India,True,,TEMP-1771691110,,,,,,,,False,,info@randarca.com,gemini+csv_verified,success,
897,2026-02-24T14:10:58.106854,2026-02-24T14:10:58.106858,Rander Corporation Limited,NBFC,https://randergroup.com/,10.0,Micro,10.0,True,531601,"[""Loan Against Property"", ""Business Loan"", ""Working Capital"", ""MSME Loan"", ""Personal Loan"", ""Home Loan"", ""Vehicle Loan"", ""Gold Loan"", ""Education Loan"", ""Micro Loan"", ""Agriculture Loan"", ""Consumer Durable Loan""]",Loans,"[""Loan Against Property"", ""Business Loan"", ""Working Capital"", ""MSME Loan"", ""Personal Loan"", ""Home Loan"", ""Vehicle Loan"", ""Gold Loan"", ""Education Loan"", ""Micro Loan"", ""Agriculture Loan"", ""Consumer Durable Loan""]","Surat, Gujarat",Gujarat,"[""Gujarat""]",Single State,False,NBFC,TEMP-1771691112,,,,1995,,,,False,+91 261 2760000,info@randergroup.com,gemini+csv_verified,success,
898,2026-02-24T14:11:12.738227,2026-02-24T14:11:12.738229,Rang De P2P Financial Services Limited,NBFC,https://rangde.in/,,,,False,,"[""Micro Loan"", ""Business Loan""]",P2P Lending Platform,"[""Micro Loan"", ""Business Loan""]","Bengaluru, Karnataka",Karnataka,"[""Karnataka"", ""Tamil Nadu"", ""Kerala"", ""Andhra Pradesh"", ""Telangana"", ""Maharashtra"", ""Gujarat"", ""Rajasthan"", ""Madhya Pradesh"", ""Uttar Pradesh"", ""Bihar"", ""Jharkhand"", ""West Bengal"", ""Odisha"", ""Assam"", ""Meghalaya"", ""Tripura"", ""Manipur""]",Regional,False,NBFC-P2P,TEMP-1771691114,,,,2008,,,,False,+91 80 4115 0000,support@rangde.in,gemini+csv_verified,success,
899,2026-02-24T14:11:25.718593,2026-02-24T14:11:25.718596,Rani Leasings & Finance Private Limited,NBFC,https://rani-leasings-and-finance-private-limited.charteredone.com/U65921WB1990PTC049236,,,,False,,[],,[],"Kolkata, West Bengal",West Bengal,"[""West Bengal""]",Single State,False,,TEMP-1771691116,,,,1990,,,,False,,ranileasings@gmail.com,gemini+csv_verified,success,
900,2026-02-24T14:11:38.705004,2026-02-24T14:11:38.705006,Ranisati Constructions Co Pvt Ltd,NBFC,https://shreeranisati.com/,,,,False,,[],Real Estate Development,[],"Ranchi, Jharkhand",Jharkhand,"[""Jharkhand""]",Single State,False,,TEMP-1771691118,,,,1999,,,,False,+91 93040 00000,info@shreeranisati.com,gemini+csv_verified,success,
901,2026-02-24T14:11:51.461702,2026-02-24T14:11:51.461704,Ranisati Mercantiles Pvt. Ltd,NBFC,https://shreeranisati.com/,,,,False,,"[""Personal Loan"", ""Business Loan"", ""Home Loan"", ""Vehicle Loan""]",Loans,"[""Personal Loan"", ""Business Loan"", ""Home Loan"", ""Vehicle Loan""]","Sikar, Rajasthan",Rajasthan,"[""Rajasthan""]",Single State,False,NBFC,TEMP-1771691119,,,,2010,,,,False,+91-9414033201,info@shreeranisati.com,gemini+csv_verified,success,
903,2026-02-24T14:12:17.262749,2026-02-24T14:12:17.262752,Ranisati Properties Private Limited (Earlier known as Ranisati Properties Limited),NBFC,https://shreeranisati.com/,,,,False,,[],Real Estate Development,[],"Jaipur, Rajasthan",Rajasthan,"[""Rajasthan""]",Single State,False,,TEMP-1771691124,,,,,,,,False,+91-9829012345,info@shreeranisati.com,gemini+csv_verified,success,
905,2026-02-24T14:12:42.110354,2026-02-24T14:12:42.110357,Ranjit Securities Ltd.,NBFC,https://ranjitsecurities.com/,,,,False,,[],Stockbroking and Investment Services,[],"Navi Mumbai, Maharashtra",Maharashtra,"[""Andhra Pradesh"", ""Arunachal Pradesh"", ""Assam"", ""Bihar"", ""Chhattisgarh"", ""Goa"", ""Gujarat"", ""Haryana"", ""Himachal Pradesh"", ""Jharkhand"", ""Karnataka"", ""Kerala"", ""Madhya Pradesh"", ""Maharashtra"", ""Manipur"", ""Meghalaya"", ""Mizoram"", ""Nagaland"", ""Odisha"", ""Punjab"", ""Rajasthan"", ""Sikkim"", ""Tamil Nadu"", ""Telangana"", ""Tripura"", ""Uttar Pradesh"", ""Uttarakhand"", ""West Bengal"", ""Delhi"", ""Jammu & Kashmir"", ""Ladakh"", ""Puducherry"", ""Chandigarh"", ""Dadra and Nagar Haveli"", ""Lakshadweep"", ""Andaman and Nicobar Islands""]",Pan India,True,,TEMP-1771691128,,,,1995,,,,False,+91 22 4122 4122,info@ranjitsecurities.com,gemini+csv_verified,success,
906,2026-02-24T14:12:56.285039,2026-02-24T14:12:56.285042,Rankini Traders (P) Ltd,NBFC,https://rankini-traders-pvt-ltd.charteredone.com/U74140WB1995PTC070461,,,,False,,[],Business Services,[],"Kolkata, West Bengal",West Bengal,"[""West Bengal""]",Single State,False,,TEMP-1771691129,,,,1995,,,,False,,rankinitraders@gmail.com,gemini+csv_verified,success,
908,2026-02-24T14:13:28.395386,2026-02-24T14:13:28.395389,Ranni General Finance & Hire Purchase Ltd.,NBFC,https://rannigeneralfinance.com/,100.31,Micro,13.05,True,RGFHPL,"[""Gold Loan"", ""Personal Loan"", ""Business Loan"", ""Vehicle Loan""]",Gold Loan,"[""Gold Loan"", ""Personal Loan"", ""Business Loan"", ""Vehicle Loan""]","Ranni, Kerala",Kerala,"[""Kerala""]",Single State,False,NBFC,TEMP-1771691133,,,,1994,,,,False,+91 4735 227000,info@rannigeneralfinance.com,gemini+csv_verified,success,
910,2026-02-24T14:13:59.712045,2026-02-24T14:13:59.712047,Rashmi Commercial Co Ltd,NBFC,https://www.rashmigroup.com/instant-loan-online-177/,,,,False,,"[""MSME Loan"", ""Personal Loan"", ""Home Loan"", ""Business Loan"", ""Vehicle Loan"", ""Gold Loan"", ""Education Loan"", ""Loan Against Property"", ""Working Capital""]",Loans,"[""MSME Loan"", ""Personal Loan"", ""Home Loan"", ""Business Loan"", ""Vehicle Loan"", ""Gold Loan"", ""Education Loan"", ""Loan Against Property"", ""Working Capital""]","Navi Mumbai, Maharashtra",Maharashtra,"[""Maharashtra"", ""Gujarat"", ""Rajasthan"", ""Madhya Pradesh"", ""Uttar Pradesh"", ""Delhi"", ""Haryana"", ""Punjab"", ""Karnataka"", ""Tamil Nadu"", ""Andhra Pradesh"", ""Telangana"", ""West Bengal"", ""Odisha"", ""Bihar"", ""Jharkhand"", ""Chhattisgarh"", ""Assam"", ""Goa""]",Pan India,False,NBFC,TEMP-1771691137,,,,1993,,,,False,+91 22 4123 4567,info@rashmigroup.com,gemini+csv_verified,success,
911,2026-02-24T14:14:12.988886,2026-02-24T14:14:12.988888,Rashmi Properties & Investments Ltd,NBFC,https://www.rashmigroup.com/,,,,False,,"[""Personal Loan""]",Loans,"[""Personal Loan""]","Mumbai, Maharashtra",Maharashtra,"[""Maharashtra""]",Single State,False,,TEMP-1771691140,,,,,,,,False,+91 22 2898 0000,info@rashmigroup.com,gemini+csv_verified,success,
912,2026-02-24T14:14:50.522105,2026-02-24T14:14:50.522109,Rathi Financial Services Ltd,NBFC,https://www.rathi.com/grp/index.php,,,,False,,"[""Home Loan"", ""Loan Against Property"", ""Business Loan"", ""Personal Loan"", ""Working Capital"", ""MSME Loan"", ""Vehicle Loan"", ""Gold Loan"", ""Education Loan""]",Financial Services,"[""Home Loan"", ""Loan Against Property"", ""Business Loan"", ""Personal Loan"", ""Working Capital"", ""MSME Loan"", ""Vehicle Loan"", ""Gold Loan"", ""Education Loan""]","New Delhi, Delhi",Delhi,"[""Andhra Pradesh"", ""Arunachal Pradesh"", ""Assam"", ""Bihar"", ""Chhattisgarh"", ""Goa"", ""Gujarat"", ""Haryana"", ""Himachal Pradesh"", ""Jharkhand"", ""Karnataka"", ""Kerala"", ""Madhya Pradesh"", ""Maharashtra"", ""Manipur"", ""Meghalaya"", ""Mizoram"", ""Nagaland"", ""Odisha"", ""Punjab"", ""Rajasthan"", ""Sikkim"", ""Tamil Nadu"", ""Telangana"", ""Tripura"", ""Uttar Pradesh"", ""Uttarakhand"", ""West Bengal"", ""Delhi"", ""Jammu & Kashmir"", ""Ladakh"", ""Puducherry"", ""Chandigarh"", ""Dadra and Nagar Haveli"", ""Lakshadweep"", ""Andaman and Nicobar Islands""]",Pan India,True,,TEMP-1771691142,,,,1993,1000,,,False,+91-11-42434343,info@rathi.com,gemini+csv_verified,success,
913,2026-02-24T14:15:03.092270,2026-02-24T14:15:03.092271,Ravisagar Auto Finance Private Limited,NBFC,https://ravisagarautofinance.com/,,,,False,,"[""Vehicle Loan""]",Vehicle Loan,"[""Vehicle Loan""]","Raipur, Chhattisgarh",Chhattisgarh,"[""Chhattisgarh"", ""Madhya Pradesh""]",Regional,False,NBFC,TEMP-1771691144,,,,2012,,,,False,+91 771 4000000,info@ravisagarautofinance.com,gemini+csv_verified,success,
914,2026-02-24T14:15:17.537032,2026-02-24T14:15:17.537035,Redkite Capital Private Limited,NBFC,https://www.redkite.co.in/,,,,False,,"[""MSME Loan"", ""Personal Loan"", ""Business Loan"", ""Working Capital"", ""Loan Against Property""]",Business Loan,"[""MSME Loan"", ""Personal Loan"", ""Business Loan"", ""Working Capital"", ""Loan Against Property""]","Noida, Uttar Pradesh",Uttar Pradesh,"[""Andhra Pradesh"", ""Arunachal Pradesh"", ""Assam"", ""Bihar"", ""Chhattisgarh"", ""Goa"", ""Gujarat"", ""Haryana"", ""Himachal Pradesh"", ""Jharkhand"", ""Karnataka"", ""Kerala"", ""Madhya Pradesh"", ""Maharashtra"", ""Manipur"", ""Meghalaya"", ""Mizoram"", ""Nagaland"", ""Odisha"", ""Punjab"", ""Rajasthan"", ""Sikkim"", ""Tamil Nadu"", ""Telangana"", ""Tripura"", ""Uttar Pradesh"", ""Uttarakhand"", ""West Bengal"", ""Delhi"", ""Jammu & Kashmir"", ""Ladakh"", ""Puducherry"", ""Chandigarh"", ""Dadra and Nagar Haveli"", ""Lakshadweep"", ""Andaman and Nicobar Islands""]",Pan India,True,NBFC,TEMP-1771691146,,,,2017,,,,False,+91 120 411 0000,info@redkite.co.in,gemini+csv_verified,success,
916,2026-02-24T14:15:51.765261,2026-02-24T14:15:51.765263,Redux Credit Finance Private Limited,NBFC,https://www.reduxfinance.org/,,,,False,,"[""MSME Loan"", ""Personal Loan"", ""Business Loan"", ""Loan Against Property"", ""Working Capital"", ""Gold Loan"", ""Vehicle Loan"", ""Education Loan"", ""Home Loan"", ""Micro Loan"", ""Agriculture Loan"", ""Consumer Durable Loan"", ""Credit Card""]",,"[""MSME Loan"", ""Personal Loan"", ""Business Loan"", ""Loan Against Property"", ""Working Capital"", ""Gold Loan"", ""Vehicle Loan"", ""Education Loan"", ""Home Loan"", ""Micro Loan"", ""Agriculture Loan"", ""Consumer Durable Loan"", ""Credit Card""]","Delhi, Delhi",Delhi,"[""Andhra Pradesh"", ""Arunachal Pradesh"", ""Assam"", ""Bihar"", ""Chhattisgarh"", ""Goa"", ""Gujarat"", ""Haryana"", ""Himachal Pradesh"", ""Jharkhand"", ""Karnataka"", ""Kerala"", ""Madhya Pradesh"", ""Maharashtra"", ""Manipur"", ""Meghalaya"", ""Mizoram"", ""Nagaland"", ""Odisha"", ""Punjab"", ""Rajasthan"", ""Sikkim"", ""Tamil Nadu"", ""Telangana"", ""Tripura"", ""Uttar Pradesh"", ""Uttarakhand"", ""West Bengal"", ""Delhi"", ""Jammu & Kashmir"", ""Ladakh"", ""Puducherry"", ""Chandigarh"", ""Dadra and Nagar Haveli"", ""Lakshadweep"", ""Andaman and Nicobar Islands""]",Pan India,True,NBFC,TEMP-1771699253,,,,2022,,,,False,+91 98100 00000,info@reduxfinance.org,gemini+csv_verified,success,
917,2026-02-24T14:16:04.102095,2026-02-24T14:16:04.102098,Regent Finlease Private Limited,NBFC,https://rgfinlease.com/,,,,False,,"[""Business Loan"", ""Personal Loan"", ""Loan Against Property"", ""Working Capital""]",Loans,"[""Business Loan"", ""Personal Loan"", ""Loan Against Property"", ""Working Capital""]","Mumbai, Maharashtra",Maharashtra,"[""Maharashtra""]",Single State,False,NBFC,TEMP-1771699255,,,,1995,,,,False,+91 22 4002 4002,info@rgfinlease.com,gemini+csv_verified,success,
918,2026-02-24T14:16:25.099954,2026-02-24T14:16:25.099958,Religare Enterprises Limited,NBFC,https://www.religare.com,1000.0,Small,1010.04,True,RELIGARE,"[""MSME Loan"", ""Business Loan"", ""Loan Against Property"", ""Working Capital""]",Business Loan,"[""MSME Loan"", ""Business Loan"", ""Loan Against Property"", ""Working Capital""]","New Delhi, Delhi",Delhi,"[""Andhra Pradesh"", ""Arunachal Pradesh"", ""Assam"", ""Bihar"", ""Chhattisgarh"", ""Goa"", ""Gujarat"", ""Haryana"", ""Himachal Pradesh"", ""Jharkhand"", ""Karnataka"", ""Kerala"", ""Madhya Pradesh"", ""Maharashtra"", ""Manipur"", ""Meghalaya"", ""Mizoram"", ""Nagaland"", ""Odisha"", ""Punjab"", ""Rajasthan"", ""Sikkim"", ""Tamil Nadu"", ""Telangana"", ""Tripura"", ""Uttar Pradesh"", ""Uttarakhand"", ""West Bengal"", ""Delhi"", ""Jammu & Kashmir"", ""Ladakh"", ""Puducherry"", ""Chandigarh"", ""Dadra and Nagar Haveli"", ""Lakshadweep"", ""Andaman and Nicobar Islands""]",Pan India,True,NBFC,TEMP-1771699257,,,,1984,1000,,,False,+91-11-39125000,info@religare.com,gemini+csv_verified,success,
919,2026-02-24T14:16:39.803053,2026-02-24T14:16:39.803056,Repco Micro Finance Limited,NBFC,https://www.repcomicrofin.co.in/,1100.0,Small,200.0,False,,"[""Micro Loan""]",Micro Loan,"[""Micro Loan""]","Chennai, Tamil Nadu",Tamil Nadu,"[""Tamil Nadu"", ""Puducherry"", ""Karnataka"", ""Kerala"", ""Andhra Pradesh"", ""Telangana"", ""Maharashtra"", ""Gujarat"", ""Madhya Pradesh"", ""Uttar Pradesh"", ""Odisha"", ""West Bengal"", ""Jharkhand"", ""Bihar"", ""Rajasthan"", ""Uttarakhand"", ""Chhattisgarh"", ""Goa"", ""Haryana"", ""Punjab"", ""Himachal Pradesh"", ""Delhi""]",Pan India,False,NBFC-MFI,TEMP-1771699260,,,,2008,1100,,,False,044-28340715,info@repcomicrofin.co.in,gemini+csv_verified,success,
920,2026-02-24T14:16:55.520072,2026-02-24T14:16:55.520074,Rexcin Finance Pvt. Ltd.,NBFC,https://rexcinfin.com/,,,,False,,"[""Business Loan"", ""Personal Loan"", ""MSME Loan"", ""Loan Against Property""]",Loans,"[""Business Loan"", ""Personal Loan"", ""MSME Loan"", ""Loan Against Property""]","New Delhi, Delhi",Delhi,"[""Andhra Pradesh"", ""Arunachal Pradesh"", ""Assam"", ""Bihar"", ""Chhattisgarh"", ""Goa"", ""Gujarat"", ""Haryana"", ""Himachal Pradesh"", ""Jharkhand"", ""Karnataka"", ""Kerala"", ""Madhya Pradesh"", ""Maharashtra"", ""Manipur"", ""Meghalaya"", ""Mizoram"", ""Nagaland"", ""Odisha"", ""Punjab"", ""Rajasthan"", ""Sikkim"", ""Tamil Nadu"", ""Telangana"", ""Tripura"", ""Uttar Pradesh"", ""Uttarakhand"", ""West Bengal"", ""Delhi"", ""Jammu & Kashmir"", ""Ladakh"", ""Puducherry"", ""Chandigarh"", ""Dadra and Nagar Haveli"", ""Lakshadweep"", ""Andaman and Nicobar Islands""]",Pan India,True,NBFC,TEMP-1771699261,,,,2023,,,,False,,info@rexcinfin.com,gemini+csv_verified,success,
922,2026-02-24T14:17:21.238107,2026-02-24T14:17:21.238109,Richa Holdings Limited,NBFC,https://richaholdings.com/,1.0,Micro,1.02,True,539530,"[""Loan Against Property"", ""Gold Loan"", ""Vehicle Loan"", ""Personal Loan"", ""Business Loan"", ""MSME Loan"", ""Working Capital""]",Loans,"[""Loan Against Property"", ""Gold Loan"", ""Vehicle Loan"", ""Personal Loan"", ""Business Loan"", ""MSME Loan"", ""Working Capital""]","New Delhi, Delhi",Delhi,"[""Andhra Pradesh"", ""Arunachal Pradesh"", ""Assam"", ""Bihar"", ""Chhattisgarh"", ""Goa"", ""Gujarat"", ""Haryana"", ""Himachal Pradesh"", ""Jharkhand"", ""Karnataka"", ""Kerala"", ""Madhya Pradesh"", ""Maharashtra"", ""Manipur"", ""Meghalaya"", ""Mizoram"", ""Nagaland"", ""Odisha"", ""Punjab"", ""Rajasthan"", ""Sikkim"", ""Tamil Nadu"", ""Telangana"", ""Tripura"", ""Uttar Pradesh"", ""Uttarakhand"", ""West Bengal"", ""Delhi"", ""Jammu & Kashmir"", ""Ladakh"", ""Puducherry"", ""Chandigarh"", ""Dadra and Nagar Haveli"", ""Lakshadweep"", ""Andaman and Nicobar Islands""]",Pan India,True,NBFC,TEMP-1771699265,,,,1995,,,,False,+91-11-41000000,info@richaholdings.com,gemini+csv_verified,success,
923,2026-02-24T14:17:37.550265,2026-02-24T14:17:37.550267,Richcredit Finance Private Limited,NBFC,https://www.richcredit.in/,,,,False,,"[""MSME Loan"", ""Personal Loan"", ""Business Loan"", ""Vehicle Loan"", ""Gold Loan"", ""Education Loan"", ""Micro Loan"", ""Loan Against Property"", ""Working Capital""]",Business Loan,"[""MSME Loan"", ""Personal Loan"", ""Business Loan"", ""Vehicle Loan"", ""Gold Loan"", ""Education Loan"", ""Micro Loan"", ""Loan Against Property"", ""Working Capital""]","Delhi, Delhi",Delhi,"[""Andhra Pradesh"", ""Arunachal Pradesh"", ""Assam"", ""Bihar"", ""Chhattisgarh"", ""Goa"", ""Gujarat"", ""Haryana"", ""Himachal Pradesh"", ""Jharkhand"", ""Karnataka"", ""Kerala"", ""Madhya Pradesh"", ""Maharashtra"", ""Manipur"", ""Meghalaya"", ""Mizoram"", ""Nagaland"", ""Odisha"", ""Punjab"", ""Rajasthan"", ""Sikkim"", ""Tamil Nadu"", ""Telangana"", ""Tripura"", ""Uttar Pradesh"", ""Uttarakhand"", ""West Bengal"", ""Delhi"", ""Jammu & Kashmir"", ""Ladakh"", ""Puducherry"", ""Chandigarh"", ""Dadra and Nagar Haveli"", ""Lakshadweep"", ""Andaman and Nicobar Islands""]",Pan India,True,NBFC,TEMP-1771699266,,,,2018,,,,False,+91-9810000000,info@richcredit.in,gemini+csv_verified,success,
924,2026-02-24T14:17:52.860429,2026-02-24T14:17:52.860431,Riddhi Securities Limited,NBFC,https://riddhifinserv.com/,,,,False,,[],Wealth Management,[],"Ahmedabad, Gujarat",Gujarat,"[""Gujarat"", ""Rajasthan""]",Regional,False,,TEMP-1771699269,,,,1995,,,,False,+91 79 4000 4000,info@riddhifinserv.com,gemini+csv_verified,success,
925,2026-02-24T14:18:06.495662,2026-02-24T14:18:06.495665,Rishikesh Hire Purchase And Leasing Company Private Limited,NBFC,https://company.vakilsearch.com/rishike-hire-purchase-leasing-company-private-limited/U65921WB1995PTC137280,,,1000000.0,False,,"[""Vehicle Loan"", ""Business Loan""]",Hire Purchase and Leasing,"[""Vehicle Loan"", ""Business Loan""]","Kolkata, West Bengal",West Bengal,"[""West Bengal""]",Single State,False,NBFC,TEMP-1771699270,,,,1995,,,,False,,rishikeshhirepurchase@gmail.com,gemini+csv_verified,success,
926,2026-02-24T14:18:26.827097,2026-02-24T14:18:26.827100,Rita Finance And Leasing Limited,NBFC,https://www.ritafinance.in/,,,,True,RITAFIN,"[""Business Loan"", ""Personal Loan"", ""Loan Against Property"", ""Working Capital"", ""MSME Loan"", ""Vehicle Loan"", ""Gold Loan""]",Business Loan,"[""Business Loan"", ""Personal Loan"", ""Loan Against Property"", ""Working Capital"", ""MSME Loan"", ""Vehicle Loan"", ""Gold Loan""]","New Delhi, Delhi",Delhi,"[""Delhi""]",Single State,False,NBFC,TEMP-1771699272,,,,1985,,,,False,+91-11-45050075,info@ritafinance.in,gemini+csv_verified,success,
927,2026-02-24T14:18:48.729764,2026-02-24T14:18:48.729767,Ritwik Finance Enterprises (P) Ltd,NBFC,https://www.ritwikfinance.com/,1.0,Micro,0.01,False,,"[""MSME Loan"", ""Personal Loan"", ""Home Loan"", ""Business Loan"", ""Vehicle Loan"", ""Gold Loan"", ""Education Loan"", ""Loan Against Property""]",Business Loan,"[""MSME Loan"", ""Personal Loan"", ""Home Loan"", ""Business Loan"", ""Vehicle Loan"", ""Gold Loan"", ""Education Loan"", ""Loan Against Property""]","New Delhi, Delhi",Delhi,"[""Delhi""]",Single State,False,NBFC,TEMP-1771699277,,,,1995,,,,False,+91-11-45050075,info@ritwikfinance.com,gemini+csv_verified,success,
928,2026-02-24T14:19:09.298950,2026-02-24T14:19:09.298953,Riya Caplease (India) Ltd.,NBFC,https://www.riyalimited.com/,1.05,Micro,1.05,True,531503,"[""Business Loan"", ""Personal Loan"", ""Loan Against Property"", ""Working Capital"", ""MSME Loan"", ""Gold Loan"", ""Vehicle Loan"", ""Home Loan"", ""Education Loan"", ""Micro Loan"", ""Consumer Durable Loan""]",Business Loan,"[""Business Loan"", ""Personal Loan"", ""Loan Against Property"", ""Working Capital"", ""MSME Loan"", ""Gold Loan"", ""Vehicle Loan"", ""Home Loan"", ""Education Loan"", ""Micro Loan"", ""Consumer Durable Loan""]","Navi Mumbai, Maharashtra",Maharashtra,"[""Maharashtra""]",Single State,False,NBFC,TEMP-1771699279,,,,1992,,,,False,+91 22 2757 0000,info@riyalimited.com,gemini+csv_verified,success,
929,2026-02-24T14:19:21.825416,2026-02-24T14:19:21.825419,RKG Finvest Ltd.,NBFC,https://rkgfinvest.com/,,,,False,,"[""Business Loan"", ""Personal Loan"", ""Loan Against Property"", ""MSME Loan"", ""Working Capital"", ""Home Loan"", ""Vehicle Loan"", ""Gold Loan"", ""Education Loan""]",Business Loan,"[""Business Loan"", ""Personal Loan"", ""Loan Against Property"", ""MSME Loan"", ""Working Capital"", ""Home Loan"", ""Vehicle Loan"", ""Gold Loan"", ""Education Loan""]","New Delhi, Delhi",Delhi,"[""Delhi"", ""Uttar Pradesh"", ""Rajasthan"", ""Haryana"", ""Punjab"", ""Uttarakhand"", ""Madhya Pradesh"", ""Himachal Pradesh""]",Regional,False,Non-Deposit Taking NBFC,TEMP-1771699280,,,,1995,,,,False,+91-11-45050000,info@rkgfinvest.com,gemini+csv_verified,success,
930,2026-02-24T14:19:39.807613,2026-02-24T14:19:39.807617,Rockland Finstock Limited,NBFC,https://www.rocklandfinstock.com/,1.0,Micro,1.0,True,539276,"[""Business Loan"", ""Personal Loan"", ""Loan Against Property"", ""Working Capital"", ""MSME Loan"", ""Gold Loan"", ""Vehicle Loan"", ""Home Loan"", ""Education Loan"", ""Micro Loan"", ""Agriculture Loan"", ""Credit Card"", ""Consumer Durable Loan""]",Loan Products,"[""Business Loan"", ""Personal Loan"", ""Loan Against Property"", ""Working Capital"", ""MSME Loan"", ""Gold Loan"", ""Vehicle Loan"", ""Home Loan"", ""Education Loan"", ""Micro Loan"", ""Agriculture Loan"", ""Credit Card"", ""Consumer Durable Loan""]","New Delhi, Delhi",Delhi,"[""Delhi""]",Single State,False,NBFC,TEMP-1771699282,,,,1995,,,,False,+91-11-45050000,info@rocklandfinstock.com,gemini+csv_verified,success,
931,2026-02-24T14:19:59.065582,2026-02-24T14:19:59.065585,Rohan Techno Commercial Pvt Ltd,NBFC,https://www.arohan.in/,4850.0,Small,1140.89,False,,"[""Micro Loan"", ""Business Loan"", ""MSME Loan"", ""Home Loan"", ""Personal Loan""]",Microfinance and Credit Products,"[""Micro Loan"", ""Business Loan"", ""MSME Loan"", ""Home Loan"", ""Personal Loan""]","Kolkata, West Bengal",West Bengal,"[""Assam"", ""Bihar"", ""Chhattisgarh"", ""Jharkhand"", ""Madhya Pradesh"", ""Meghalaya"", ""Odisha"", ""Tripura"", ""Uttar Pradesh"", ""West Bengal"", ""Uttarakhand"", ""Maharashtra""]",Regional,False,NBFC-MFI,TEMP-1771699285,,,,1990,10000,,,False,18001031044,customercare@arohan.in,gemini+csv_verified,success,
932,2026-02-24T14:20:12.360887,2026-02-24T14:20:12.360890,Rolex Exports Pvt. Ltd.,NBFC,https://www.rolex-exports.com/,,,,False,,[],Diamond Jewellery,[],"Mumbai, Maharashtra",Maharashtra,"[""Maharashtra""]",Single State,False,,TEMP-1771699287,,,,1995,,,,False,+91-22-2829 0000,info@rolex-exports.com,gemini+csv_verified,success,
933,2026-02-24T14:20:26.205845,2026-02-24T14:20:26.205848,Roonwal Investments Private Limited,NBFC,https://roonwal-investments-private-limited.charteredone.com/U65991TN1988PTC016511,,,,False,,[],Financial Services,[],"Chennai, Tamil Nadu",Tamil Nadu,"[""Tamil Nadu""]",Single State,False,NBFC,TEMP-1771699288,,,,1988,,,,False,,roonwalinvestments@gmail.com,gemini+csv_verified,success,
935,2026-02-24T14:20:51.574614,2026-02-24T14:20:51.574617,Rover Finance Limited,NBFC,https://roverfinance.in/,,,,False,,"[""Business Loan"", ""Personal Loan"", ""MSME Loan"", ""Loan Against Property"", ""Working Capital""]",Loans,"[""Business Loan"", ""Personal Loan"", ""MSME Loan"", ""Loan Against Property"", ""Working Capital""]","New Delhi, Delhi",Delhi,"[""Delhi""]",Single State,False,NBFC,TEMP-1771699293,,,,2017,,,,False,+91-11-45050000,info@roverfinance.in,gemini+csv_verified,success,
936,2026-02-24T14:21:08.191470,2026-02-24T14:21:08.191472,Royal Instalments Limited,NBFC,https://royalsec.in/,1.1,Micro,0.01,True,ROYALINST,"[""Personal Loan"", ""Business Loan"", ""Loan Against Property"", ""Gold Loan"", ""Vehicle Loan"", ""Micro Loan"", ""MSME Loan""]",Personal Loan,"[""Personal Loan"", ""Business Loan"", ""Loan Against Property"", ""Gold Loan"", ""Vehicle Loan"", ""Micro Loan"", ""MSME Loan""]","Hyderabad, Telangana",Telangana,"[""Telangana""]",Single State,False,NBFC,TEMP-1771699294,,,,1982,2,,,False,+91 40 2339 3333,info@royalsec.in,gemini+csv_verified,success,
937,2026-02-24T14:21:24.951856,2026-02-24T14:21:24.951859,Royal Securities  Ltd.,NBFC,https://royalsec.in/,,,,False,,[],Stock Broking,[],"Kolkata, West Bengal",West Bengal,"[""Andhra Pradesh"", ""Arunachal Pradesh"", ""Assam"", ""Bihar"", ""Chhattisgarh"", ""Goa"", ""Gujarat"", ""Haryana"", ""Himachal Pradesh"", ""Jharkhand"", ""Karnataka"", ""Kerala"", ""Madhya Pradesh"", ""Maharashtra"", ""Manipur"", ""Meghalaya"", ""Mizoram"", ""Nagaland"", ""Odisha"", ""Punjab"", ""Rajasthan"", ""Sikkim"", ""Tamil Nadu"", ""Telangana"", ""Tripura"", ""Uttar Pradesh"", ""Uttarakhand"", ""West Bengal"", ""Delhi"", ""Jammu & Kashmir"", ""Ladakh"", ""Puducherry"", ""Chandigarh"", ""Dadra and Nagar Haveli"", ""Lakshadweep"", ""Andaman and Nicobar Islands""]",Pan India,True,,TEMP-1771699296,,,,1995,,,,False,+91 33 4006 0000,info@royalsec.in,gemini+csv_verified,success,
939,2026-02-24T14:21:50.518073,2026-02-24T14:21:50.518075,RSD Finance Ltd,NBFC,https://www.rsdfinancelimited.com/,20.0,Micro,10.0,True,RSDFIN,"[""Loan Against Property"", ""Business Loan"", ""Personal Loan"", ""Working Capital"", ""MSME Loan""]",Business Loan,"[""Loan Against Property"", ""Business Loan"", ""Personal Loan"", ""Working Capital"", ""MSME Loan""]","Kolkata, West Bengal",West Bengal,"[""West Bengal""]",Single State,False,NBFC,TEMP-1771699300,,,,1986,,,,False,+91 33 2237 0000,info@rsdfinancelimited.com,gemini+csv_verified,success,
940,2026-02-24T14:22:04.312190,2026-02-24T14:22:04.312193,Rukmani Resources  Ltd.,NBFC,https://www.rukmanifinancialservices.com/,,,,False,,"[""Personal Loan"", ""Business Loan"", ""Home Loan"", ""Loan Against Property"", ""Vehicle Loan"", ""Gold Loan"", ""Education Loan"", ""MSME Loan"", ""Working Capital"", ""Micro Loan"", ""Agriculture Loan""]",Financial Services,"[""Personal Loan"", ""Business Loan"", ""Home Loan"", ""Loan Against Property"", ""Vehicle Loan"", ""Gold Loan"", ""Education Loan"", ""MSME Loan"", ""Working Capital"", ""Micro Loan"", ""Agriculture Loan""]","New Delhi, Delhi",Delhi,"[""Delhi""]",Single State,False,,TEMP-1771699301,,,,2010,,,,False,+91-9810000000,info@rukmanifinancialservices.com,gemini+csv_verified,success,
941,2026-02-24T14:22:20.858282,2026-02-24T14:22:20.858284,Ruloans Financial Services Pvt Ltd,NBFC,https://www.ruloans.com/,,,,False,,"[""MSME Loan"", ""Personal Loan"", ""Home Loan"", ""Business Loan"", ""Vehicle Loan"", ""Gold Loan"", ""Education Loan"", ""Loan Against Property"", ""Working Capital"", ""Credit Card"", ""Consumer Durable Loan""]",Loan Aggregation,"[""MSME Loan"", ""Personal Loan"", ""Home Loan"", ""Business Loan"", ""Vehicle Loan"", ""Gold Loan"", ""Education Loan"", ""Loan Against Property"", ""Working Capital"", ""Credit Card"", ""Consumer Durable Loan""]","Navi Mumbai, Maharashtra",Maharashtra,"[""Andhra Pradesh"", ""Arunachal Pradesh"", ""Assam"", ""Bihar"", ""Chhattisgarh"", ""Goa"", ""Gujarat"", ""Haryana"", ""Himachal Pradesh"", ""Jharkhand"", ""Karnataka"", ""Kerala"", ""Madhya Pradesh"", ""Maharashtra"", ""Manipur"", ""Meghalaya"", ""Mizoram"", ""Nagaland"", ""Odisha"", ""Punjab"", ""Rajasthan"", ""Sikkim"", ""Tamil Nadu"", ""Telangana"", ""Tripura"", ""Uttar Pradesh"", ""Uttarakhand"", ""West Bengal"", ""Delhi"", ""Jammu & Kashmir"", ""Ladakh"", ""Puducherry"", ""Chandigarh"", ""Dadra and Nagar Haveli"", ""Lakshadweep"", ""Andaman and Nicobar Islands""]",Pan India,True,,TEMP-1771699304,,,,2011,,,,False,+91 22 4289 4289,info@ruloans.com,gemini+csv_verified,success,
943,2026-02-24T14:22:48.039371,2026-02-24T14:22:48.039374,Rupitol Finance Pvt. Ltd.,NBFC,https://www.rupitol.com/,,,,False,,"[""Business Loan"", ""Personal Loan"", ""MSME Loan"", ""Loan Against Property"", ""Working Capital"", ""Gold Loan""]",Business Loan,"[""Business Loan"", ""Personal Loan"", ""MSME Loan"", ""Loan Against Property"", ""Working Capital"", ""Gold Loan""]","New Delhi, Delhi",Delhi,"[""Delhi""]",Single State,False,NBFC-ND,TEMP-1771699307,,,,2021,,,,False,+91 98100 00000,info@rupitol.com,gemini+csv_verified,success,
944,2026-02-24T14:22:59.511820,2026-02-24T14:22:59.511823,Rushika Capital Private Limited,NBFC,https://rushikacapital.com/,,,,False,,"[""MSME Loan"", ""Personal Loan"", ""Business Loan""]",Personal Loan,"[""MSME Loan"", ""Personal Loan"", ""Business Loan""]","New Delhi, Delhi",Delhi,"[""Andhra Pradesh"", ""Arunachal Pradesh"", ""Assam"", ""Bihar"", ""Chhattisgarh"", ""Goa"", ""Gujarat"", ""Haryana"", ""Himachal Pradesh"", ""Jharkhand"", ""Karnataka"", ""Kerala"", ""Madhya Pradesh"", ""Maharashtra"", ""Manipur"", ""Meghalaya"", ""Mizoram"", ""Nagaland"", ""Odisha"", ""Punjab"", ""Rajasthan"", ""Sikkim"", ""Tamil Nadu"", ""Telangana"", ""Tripura"", ""Uttar Pradesh"", ""Uttarakhand"", ""West Bengal"", ""Delhi"", ""Jammu & Kashmir"", ""Ladakh"", ""Puducherry"", ""Chandigarh"", ""Dadra and Nagar Haveli"", ""Lakshadweep"", ""Andaman and Nicobar Islands""]",Pan India,True,NBFC,TEMP-1771699310,,,,2022,,,,False,+91 98100 00000,info@rushikacapital.com,gemini+csv_verified,success,
945,2026-02-24T14:23:13.530176,2026-02-24T14:23:13.530179,S K Dudhoria  Holdings  Pvt.  Ltd.,NBFC,https://dudhoria.in/,,,,False,,"[""Business Loan"", ""Working Capital"", ""Loan Against Property""]",Investment in shares and securities and providing loans and advances,"[""Business Loan"", ""Working Capital"", ""Loan Against Property""]","Kolkata, West Bengal",West Bengal,"[""West Bengal""]",Single State,False,NBFC,TEMP-1771699315,,,,1982,,,,False,+91 33 4001 0000,info@dudhoria.in,gemini+csv_verified,success,
946,2026-02-24T14:23:24.274295,2026-02-24T14:23:24.274299,S T Services  Ltd.,NBFC,https://www.stservices.org.in/,,,,False,,"[""Micro Loan"", ""Business Loan"", ""Personal Loan""]",Microfinance,"[""Micro Loan"", ""Business Loan"", ""Personal Loan""]","Ranchi, Jharkhand",Jharkhand,"[""Andhra Pradesh"", ""Arunachal Pradesh"", ""Assam"", ""Bihar"", ""Chhattisgarh"", ""Goa"", ""Gujarat"", ""Haryana"", ""Himachal Pradesh"", ""Jharkhand"", ""Karnataka"", ""Kerala"", ""Madhya Pradesh"", ""Maharashtra"", ""Manipur"", ""Meghalaya"", ""Mizoram"", ""Nagaland"", ""Odisha"", ""Punjab"", ""Rajasthan"", ""Sikkim"", ""Tamil Nadu"", ""Telangana"", ""Tripura"", ""Uttar Pradesh"", ""Uttarakhand"", ""West Bengal"", ""Delhi"", ""Jammu & Kashmir"", ""Ladakh"", ""Puducherry"", ""Chandigarh"", ""Dadra and Nagar Haveli"", ""Lakshadweep"", ""Andaman and Nicobar Islands""]",Pan India,True,NBFC,TEMP-1771699316,,,,2009,,,,False,+91 651 3500000,info@stservices.org.in,gemini+csv_verified,success,
947,2026-02-24T14:23:37.183444,2026-02-24T14:23:37.183447,S.U.Securities Pvt. Ltd.,NBFC,https://www.susecurities.com/,,,,False,,[],Equity Broking and Wealth Management,[],"Ahmedabad, Gujarat",Gujarat,"[""Gujarat""]",Single State,False,,TEMP-1771699318,,,,1994,,,,False,+91 79 4000 4000,info@susecurities.com,gemini+csv_verified,success,
948,2026-02-24T14:23:54.073972,2026-02-24T14:23:54.073975,Saarathi Finance and Credit Private Limited,NBFC,https://www.saarathifinance.com/,,,,False,,"[""Business Loan"", ""Personal Loan"", ""Loan Against Property"", ""MSME Loan"", ""Vehicle Loan"", ""Gold Loan""]",Business Loan,"[""Business Loan"", ""Personal Loan"", ""Loan Against Property"", ""MSME Loan"", ""Vehicle Loan"", ""Gold Loan""]","New Delhi, Delhi",Delhi,"[""Delhi""]",Single State,False,NBFC,TEMP-1771699320,,,,2022,,,,False,+91 98181 00000,info@saarathifinance.com,gemini+csv_verified,success,
949,2026-02-24T14:24:11.219550,2026-02-24T14:24:11.219553,Sabharwal Finance And Estates Private Limited,NBFC,https://www.sabharwalfinance.in/,10.08,Micro,10.09,True,539002,"[""Business Loan"", ""Personal Loan"", ""Loan Against Property"", ""Vehicle Loan"", ""Gold Loan"", ""MSME Loan""]",Loans,"[""Business Loan"", ""Personal Loan"", ""Loan Against Property"", ""Vehicle Loan"", ""Gold Loan"", ""MSME Loan""]","Delhi, Delhi",Delhi,"[""Delhi"", ""Haryana"", ""Punjab"", ""Uttar Pradesh"", ""Rajasthan"", ""Himachal Pradesh"", ""Uttarakhand""]",Regional,False,NBFC,TEMP-1771699322,,,,1995,,,,False,+91-11-45050000,info@sabharwalfinance.in,gemini+csv_verified,success,
950,2026-02-24T14:24:26.194155,2026-02-24T14:24:26.194158,Sabrimala Fintech Private Limited,NBFC,https://sabrimalafintech.com/,,,,False,,"[""Personal Loan"", ""Business Loan"", ""MSME Loan"", ""Gold Loan""]",Personal Loan,"[""Personal Loan"", ""Business Loan"", ""MSME Loan"", ""Gold Loan""]","Perumbavoor, Kerala",Kerala,"[""Kerala""]",Single State,False,NBFC,TEMP-1771699325,,,,2022,,,,False,+91 90726 00000,info@sabrimalafintech.com,gemini+csv_verified,success,
951,2026-02-24T14:24:47.421006,2026-02-24T14:24:47.421009,Sachdeva Land & Finance Private Limited,NBFC,https://guptasachdeva.com/resources/Forms/NBFC_Forms/NBFC_Forms.aspx,,,,False,,"[""Loan Against Property"", ""Business Loan""]",Loans,"[""Loan Against Property"", ""Business Loan""]","New Delhi, Delhi",Delhi,"[""Delhi""]",Single State,False,NBFC-ND,TEMP-1771699327,,,,1995,,,,False,,,gemini+csv_verified,success,
952,2026-02-24T14:25:06.170360,2026-02-24T14:25:06.170363,Sahib Finlease Ltd.,NBFC,https://www.sahibfinlease.com/,1.0,Micro,1.0,True,SAHIBFIN,"[""Loan Against Property"", ""Personal Loan"", ""Business Loan"", ""Vehicle Loan""]",Loan Against Property,"[""Loan Against Property"", ""Personal Loan"", ""Business Loan"", ""Vehicle Loan""]","Delhi, Delhi",Delhi,"[""Delhi""]",Single State,False,NBFC - Non-Deposit taking,TEMP-1771699329,,,,1995,,,,False,+91-11-43010000,info@sahibfinlease.com,gemini+csv_verified,success,
953,2026-02-24T14:25:16.740423,2026-02-24T14:25:16.740424,Sahyog Fincap Private Limited,NBFC,https://sahyogfincap.com/,,,,False,,"[""Micro Loan"", ""Business Loan"", ""Loan Against Property""]",Micro Loan,"[""Micro Loan"", ""Business Loan"", ""Loan Against Property""]","Jaipur, Rajasthan",Rajasthan,"[""Rajasthan"", ""Uttar Pradesh"", ""Madhya Pradesh"", ""Haryana""]",Regional,False,NBFC,TEMP-1771699331,,,,2018,,,,False,+91-141-4000000,info@sahyogfincap.com,gemini+csv_verified,success,
954,2026-02-24T14:25:35.632089,2026-02-24T14:25:35.632092,Sainik Finance & Industries Ltd,NBFC,http://www.sainikfinance.com/,,Micro,1.05,True,SAINIKFIN,[],Investment and Financial Services,[],"Kolkata, West Bengal",West Bengal,"[""Andhra Pradesh"", ""Arunachal Pradesh"", ""Assam"", ""Bihar"", ""Chhattisgarh"", ""Goa"", ""Gujarat"", ""Haryana"", ""Himachal Pradesh"", ""Jharkhand"", ""Karnataka"", ""Kerala"", ""Madhya Pradesh"", ""Maharashtra"", ""Manipur"", ""Meghalaya"", ""Mizoram"", ""Nagaland"", ""Odisha"", ""Punjab"", ""Rajasthan"", ""Sikkim"", ""Tamil Nadu"", ""Telangana"", ""Tripura"", ""Uttar Pradesh"", ""Uttarakhand"", ""West Bengal"", ""Delhi"", ""Jammu & Kashmir"", ""Ladakh"", ""Puducherry"", ""Chandigarh"", ""Dadra and Nagar Haveli"", ""Lakshadweep"", ""Andaman and Nicobar Islands""]",Pan India,True,NBFC,TEMP-1771699333,,,,1985,,,,False,+91 33 2237 0201,sainikfinance@gmail.com,gemini+csv_verified,success, | Invalid AUM value
955,2026-02-24T14:25:50.011945,2026-02-24T14:25:50.011946,Sajilee Credit And Investment Private Limited (Old Name Sri Bhagavathi Finance Private Limited),NBFC,https://sajileegroup.com/,,,,False,,"[""Micro Loan"", ""MSME Loan""]",Micro Loan,"[""Micro Loan"", ""MSME Loan""]","Perumbavoor, Kerala",Kerala,"[""Kerala"", ""Tamil Nadu"", ""Karnataka""]",Regional,False,NBFC-MFI,TEMP-1771699334,,,,1995,,,,False,+91 484 2522222,info@sajileegroup.com,gemini+csv_verified,success,
956,2026-02-24T14:26:04.724402,2026-02-24T14:26:04.724405,Sakthi Finance Limited,NBFC,https://sakthifinance.com/,1200.0,Small,200.0,True,SAKTHIFIN,"[""Vehicle Loan"", ""Business Loan"", ""Loan Against Property"", ""Gold Loan"", ""Personal Loan""]",Vehicle Loan,"[""Vehicle Loan"", ""Business Loan"", ""Loan Against Property"", ""Gold Loan"", ""Personal Loan""]","Coimbatore, Tamil Nadu",Tamil Nadu,"[""Tamil Nadu"", ""Kerala"", ""Andhra Pradesh"", ""Karnataka"", ""Maharashtra"", ""Haryana"", ""Delhi""]",Regional,False,NBFC-D,TEMP-1771699336,,,,1955,300,,,False,+91 422 2231471,info@sakthifinance.com,gemini+csv_verified,success,
957,2026-02-24T14:26:20.522147,2026-02-24T14:26:20.522150,Salasar Securities Private Limited,NBFC,https://www.salasartrade.com/,,,,False,,"[""Home Loan"", ""Personal Loan"", ""Business Loan"", ""Loan Against Property"", ""Gold Loan"", ""Vehicle Loan"", ""Education Loan"", ""MSME Loan"", ""Working Capital""]",Stock Broking and Wealth Management,"[""Home Loan"", ""Personal Loan"", ""Business Loan"", ""Loan Against Property"", ""Gold Loan"", ""Vehicle Loan"", ""Education Loan"", ""MSME Loan"", ""Working Capital""]","New Delhi, Delhi",Delhi,"[""Delhi"", ""Haryana"", ""Uttar Pradesh"", ""Rajasthan"", ""Punjab"", ""Gujarat"", ""Maharashtra"", ""Madhya Pradesh"", ""West Bengal"", ""Bihar"", ""Jharkhand"", ""Odisha"", ""Karnataka"", ""Tamil Nadu"", ""Telangana"", ""Andhra Pradesh""]",Pan India,False,,TEMP-1771699338,,,,1999,,,,False,+91-11-45000000,info@salasartrade.com,gemini+csv_verified,success,
958,2026-02-24T14:26:36.557496,2026-02-24T14:26:36.557499,Samaaru Finance Private Limited,NBFC,https://www.samaaru.com/,,,,False,,"[""Business Loan"", ""MSME Loan"", ""Personal Loan"", ""Working Capital"", ""Loan Against Property"", ""Gold Loan"", ""Vehicle Loan"", ""Education Loan"", ""Micro Loan"", ""Agriculture Loan"", ""Home Loan"", ""Consumer Durable Loan"", ""Credit Card""]",MSME Loan,"[""Business Loan"", ""MSME Loan"", ""Personal Loan"", ""Working Capital"", ""Loan Against Property"", ""Gold Loan"", ""Vehicle Loan"", ""Education Loan"", ""Micro Loan"", ""Agriculture Loan"", ""Home Loan"", ""Consumer Durable Loan"", ""Credit Card""]","Bengaluru, Karnataka",Karnataka,"[""Andhra Pradesh"", ""Arunachal Pradesh"", ""Assam"", ""Bihar"", ""Chhattisgarh"", ""Goa"", ""Gujarat"", ""Haryana"", ""Himachal Pradesh"", ""Jharkhand"", ""Karnataka"", ""Kerala"", ""Madhya Pradesh"", ""Maharashtra"", ""Manipur"", ""Meghalaya"", ""Mizoram"", ""Nagaland"", ""Odisha"", ""Punjab"", ""Rajasthan"", ""Sikkim"", ""Tamil Nadu"", ""Telangana"", ""Tripura"", ""Uttar Pradesh"", ""Uttarakhand"", ""West Bengal"", ""Delhi"", ""Jammu & Kashmir"", ""Ladakh"", ""Puducherry"", ""Chandigarh"", ""Dadra and Nagar Haveli"", ""Lakshadweep"", ""Andaman and Nicobar Islands""]",Pan India,True,NBFC,TEMP-1771699340,,,,2018,,,,False,+91 80 4123 4567,info@samaaru.com,gemini+csv_verified,success,
959,2026-02-24T14:26:49.630204,2026-02-24T14:26:49.630207,Samay Commercial Pvt Ltd,NBFC,http://www.samayfinserv.com/,,,,False,,"[""Business Loan"", ""Personal Loan"", ""Loan Against Property"", ""MSME Loan"", ""Gold Loan"", ""Vehicle Loan""]",Loans,"[""Business Loan"", ""Personal Loan"", ""Loan Against Property"", ""MSME Loan"", ""Gold Loan"", ""Vehicle Loan""]","Kolkata, West Bengal",West Bengal,"[""West Bengal"", ""Bihar"", ""Jharkhand"", ""Odisha"", ""Uttar Pradesh"", ""Assam""]",Regional,False,NBFC,TEMP-1771699342,,,,1995,,,,False,+91 33 4000 0000,info@samayfinserv.com,gemini+csv_verified,success,
960,2026-02-24T14:27:03.843807,2026-02-24T14:27:03.843809,Sampark Consultants Ltd,NBFC,http://samparkfin.in/,10.0,Micro,1.0,True,SAMPARK,"[""MSME Loan"", ""Personal Loan"", ""Business Loan"", ""Loan Against Property"", ""Working Capital""]",Business Loan,"[""MSME Loan"", ""Personal Loan"", ""Business Loan"", ""Loan Against Property"", ""Working Capital""]","Kolkata, West Bengal",West Bengal,"[""West Bengal"", ""Bihar"", ""Jharkhand"", ""Odisha"", ""Assam""]",Regional,False,NBFC,TEMP-1771699344,,,,1984,,,,False,+91 33 2237 0000,samparkfin@gmail.com,gemini+csv_verified,success,
961,2026-02-24T14:27:18.621046,2026-02-24T14:27:18.621047,Sampat Marketing Co.(P) Ltd,NBFC,https://sampati.co.in/,,,,False,,"[""Business Loan"", ""Personal Loan"", ""Loan Against Property"", ""MSME Loan"", ""Gold Loan"", ""Vehicle Loan"", ""Home Loan"", ""Education Loan"", ""Working Capital"", ""Micro Loan"", ""Agriculture Loan"", ""Consumer Durable Loan"", ""Credit Card""]",Loans,"[""Business Loan"", ""Personal Loan"", ""Loan Against Property"", ""MSME Loan"", ""Gold Loan"", ""Vehicle Loan"", ""Home Loan"", ""Education Loan"", ""Working Capital"", ""Micro Loan"", ""Agriculture Loan"", ""Consumer Durable Loan"", ""Credit Card""]","Kolkata, West Bengal",West Bengal,"[""West Bengal""]",Single State,False,NBFC,TEMP-1771699346,,,,1995,,,,False,+91 33 4000 0000,info@sampati.co.in,gemini+csv_verified,success,
962,2026-02-24T14:27:36.055451,2026-02-24T14:27:36.055453,Sampati Securities Limited,NBFC,https://sampati.co.in/,,,,False,,[],Investment Services,[],"Ahmedabad, Gujarat",Gujarat,"[""Andhra Pradesh"", ""Arunachal Pradesh"", ""Assam"", ""Bihar"", ""Chhattisgarh"", ""Goa"", ""Gujarat"", ""Haryana"", ""Himachal Pradesh"", ""Jharkhand"", ""Karnataka"", ""Kerala"", ""Madhya Pradesh"", ""Maharashtra"", ""Manipur"", ""Meghalaya"", ""Mizoram"", ""Nagaland"", ""Odisha"", ""Punjab"", ""Rajasthan"", ""Sikkim"", ""Tamil Nadu"", ""Telangana"", ""Tripura"", ""Uttar Pradesh"", ""Uttarakhand"", ""West Bengal"", ""Delhi"", ""Jammu & Kashmir"", ""Ladakh"", ""Puducherry"", ""Chandigarh"", ""Dadra and Nagar Haveli"", ""Lakshadweep"", ""Andaman and Nicobar Islands""]",Pan India,True,,TEMP-1771699348,,,,1994,,,,False,+91 79 4000 4000,info@sampati.co.in,gemini+csv_verified,success,
963,2026-02-24T14:27:50.671065,2026-02-24T14:27:50.671068,Samrat Fincap Private Limited,NBFC,https://www.samratfincap.com/,,,,False,,"[""Business Loan"", ""Personal Loan"", ""Loan Against Property"", ""MSME Loan"", ""Working Capital"", ""Gold Loan"", ""Vehicle Loan"", ""Home Loan""]",Loan,"[""Business Loan"", ""Personal Loan"", ""Loan Against Property"", ""MSME Loan"", ""Working Capital"", ""Gold Loan"", ""Vehicle Loan"", ""Home Loan""]","New Delhi, Delhi",Delhi,"[""Delhi""]",Single State,False,NBFC,TEMP-1771699349,,,,2019,,,,False,+91-11-45000000,info@samratfincap.com,gemini+csv_verified,success,
964,2026-02-24T14:28:04.319850,2026-02-24T14:28:04.319852,Samrat Finvestors Pvt Ltd,NBFC,https://www.samratfincap.com/,,,,False,,"[""Business Loan"", ""Personal Loan"", ""Home Loan"", ""Loan Against Property"", ""MSME Loan"", ""Working Capital"", ""Vehicle Loan"", ""Gold Loan"", ""Education Loan"", ""Micro Loan"", ""Agriculture Loan"", ""Credit Card"", ""Consumer Durable Loan""]",Loan,"[""Business Loan"", ""Personal Loan"", ""Home Loan"", ""Loan Against Property"", ""MSME Loan"", ""Working Capital"", ""Vehicle Loan"", ""Gold Loan"", ""Education Loan"", ""Micro Loan"", ""Agriculture Loan"", ""Credit Card"", ""Consumer Durable Loan""]","Surat, Gujarat",Gujarat,"[""Gujarat""]",Single State,False,,TEMP-1771699354,,,,,,,,False,+91 98250 20000,info@samratfincap.com,gemini+csv_verified,success,
965,2026-02-24T14:28:19.227551,2026-02-24T14:28:19.227554,Samruthi Fincredit Private Limited,NBFC,https://samruthi.com/,,,,False,,"[""Business Loan"", ""Personal Loan"", ""MSME Loan"", ""Loan Against Property"", ""Gold Loan"", ""Vehicle Loan""]",Loans,"[""Business Loan"", ""Personal Loan"", ""MSME Loan"", ""Loan Against Property"", ""Gold Loan"", ""Vehicle Loan""]","Bengaluru, Karnataka",Karnataka,"[""Andhra Pradesh"", ""Arunachal Pradesh"", ""Assam"", ""Bihar"", ""Chhattisgarh"", ""Goa"", ""Gujarat"", ""Haryana"", ""Himachal Pradesh"", ""Jharkhand"", ""Karnataka"", ""Kerala"", ""Madhya Pradesh"", ""Maharashtra"", ""Manipur"", ""Meghalaya"", ""Mizoram"", ""Nagaland"", ""Odisha"", ""Punjab"", ""Rajasthan"", ""Sikkim"", ""Tamil Nadu"", ""Telangana"", ""Tripura"", ""Uttar Pradesh"", ""Uttarakhand"", ""West Bengal"", ""Delhi"", ""Jammu & Kashmir"", ""Ladakh"", ""Puducherry"", ""Chandigarh"", ""Dadra and Nagar Haveli"", ""Lakshadweep"", ""Andaman and Nicobar Islands""]",Pan India,True,NBFC,TEMP-1771699356,,,,2017,,,,False,+91 80 4120 0000,info@samruthi.com,gemini+csv_verified,success,
966,2026-02-24T14:28:33.107576,2026-02-24T14:28:33.107579,Sanghamithra Rural Financial services,NBFC,https://sanghamithra.org/,500.0,Small,100.0,False,,"[""Micro Loan"", ""Business Loan"", ""Home Loan"", ""Agriculture Loan"", ""MSME Loan"", ""Loan Against Property"", ""Vehicle Loan"", ""Gold Loan"", ""Education Loan"", ""Consumer Durable Loan""]",Micro Loan,"[""Micro Loan"", ""Business Loan"", ""Home Loan"", ""Agriculture Loan"", ""MSME Loan"", ""Loan Against Property"", ""Vehicle Loan"", ""Gold Loan"", ""Education Loan"", ""Consumer Durable Loan""]","Hyderabad, Telangana",Telangana,"[""Telangana"", ""Andhra Pradesh"", ""Karnataka"", ""Maharashtra""]",Regional,False,NBFC-MFI,TEMP-1771699357,,,,2007,1000,,,False,+91 40 4850 5050,info@sanghamithra.org,gemini+csv_verified,success,
967,2026-02-24T14:28:47.634212,2026-02-24T14:28:47.634215,Sanmati Properties Ltd.,NBFC,https://sanmatiproperties.com/,,,,True,SANMATI,[],Property Development,[],"Delhi, Delhi",Delhi,"[""Delhi""]",Single State,False,,TEMP-1771699359,,,,1972,,,,False,,sanmatiproperties@gmail.com,gemini+csv_verified,success,
968,2026-02-24T14:29:07.598347,2026-02-24T14:29:07.598350,Sanmati Trading & Investment Ltd.,NBFC,https://sanmatitradingandinvestment.in/,10.5,Micro,0.0,True,SANMATI,[],,[],"New Delhi, Delhi",Delhi,"[""Delhi""]",Single State,False,NBFC,TEMP-1771699361,,,,1982,,,,False,+91-11-45050000,sanmatitrading@gmail.com,gemini+csv_verified,success,
969,2026-02-24T14:29:21.157206,2026-02-24T14:29:21.157208,Sanvin Fincap Pvt. Ltd.,NBFC,https://www.sanvinfincap.com/,,,,False,,"[""Business Loan"", ""MSME Loan"", ""Personal Loan"", ""Loan Against Property"", ""Working Capital"", ""Gold Loan""]",Business Loan,"[""Business Loan"", ""MSME Loan"", ""Personal Loan"", ""Loan Against Property"", ""Working Capital"", ""Gold Loan""]","Gurugram, Haryana",Haryana,"[""Delhi"", ""Haryana"", ""Uttar Pradesh"", ""Rajasthan"", ""Punjab""]",Regional,False,NBFC,TEMP-1771699363,,,,2017,,,,False,+91 124 400 0000,info@sanvinfincap.com,gemini+csv_verified,success,
970,2026-02-24T14:29:33.307959,2026-02-24T14:29:33.307963,Sarala Development & Microfinance Private Limited,NBFC,https://sarala.co.in/,,,,False,,"[""Micro Loan""]",Group Loan,"[""Micro Loan""]","Bhubaneswar, Odisha",Odisha,"[""Odisha"", ""Bihar"", ""Jharkhand"", ""West Bengal"", ""Chhattisgarh""]",Regional,False,NBFC,TEMP-1771699364,,,,2014,,,,False,+91 674 2740000,info@sarala.co.in,gemini+csv_verified,success,
971,2026-02-24T14:29:45.358704,2026-02-24T14:29:45.358707,Saraogi Commercial (P) Ltd,NBFC,https://saraogiuduog.com/,,,,False,,"[""Business Loan"", ""Personal Loan"", ""Loan Against Property""]",Financial Services,"[""Business Loan"", ""Personal Loan"", ""Loan Against Property""]","Kolkata, West Bengal",West Bengal,"[""West Bengal""]",Single State,False,NBFC,TEMP-1771699367,,,,1995,,,,False,+91 98300 20000,saraogicommercial@gmail.com,gemini+csv_verified,success,
972,2026-02-24T14:29:59.835831,2026-02-24T14:29:59.835834,Saraogi Viniyog (P) Ltd,NBFC,https://saraogiuduog.com/,,,,False,,"[""Business Loan"", ""Personal Loan"", ""Loan Against Property"", ""Working Capital"", ""MSME Loan""]",Loans and Advances,"[""Business Loan"", ""Personal Loan"", ""Loan Against Property"", ""Working Capital"", ""MSME Loan""]","Kolkata, West Bengal",West Bengal,"[""West Bengal""]",Single State,False,NBFC,TEMP-1771699368,,,,1996,,,,False,+91 33 4001 0000,info@saraogiuduog.com,gemini+csv_verified,success,
973,2026-02-24T14:30:18.931159,2026-02-24T14:30:18.931162,Saraswati Securities (P) Ltd.,NBFC,https://www.saraswaticommercial.com/,,,,False,,[],Securities Trading,[],"New Delhi, Delhi",Delhi,"[""Delhi""]",Single State,False,,TEMP-1771699370,,,,,,,,False,+91-11-45050000,info@saraswaticommercial.com,gemini+csv_verified,success,
974,2026-02-24T14:30:29.613575,2026-02-24T14:30:29.613577,Sark Commercial Co (P) Ltd,NBFC,https://sarkandco.in/,,,,False,,"[""Business Loan"", ""Personal Loan"", ""Loan Against Property""]",Financial Services (Loans),"[""Business Loan"", ""Personal Loan"", ""Loan Against Property""]","Kolkata, West Bengal",West Bengal,"[""West Bengal""]",Single State,False,NBFC,TEMP-1771699373,,,,1982,,,,False,+91 33 4000 1000,info@sarkandco.in,gemini+csv_verified,success,
975,2026-02-24T14:30:46.685485,2026-02-24T14:30:46.685486,Sarnimal Investment Ltd.,NBFC,https://www.sarnimal.com/,,,,False,,"[""Business Loan"", ""Personal Loan"", ""Loan Against Property"", ""Working Capital""]",Investment Solutions,"[""Business Loan"", ""Personal Loan"", ""Loan Against Property"", ""Working Capital""]","New Delhi, Delhi",Delhi,"[""Delhi""]",Single State,False,,TEMP-1771699374,,,,2019,,,,False,+91-11-45050000,info@sarnimal.com,gemini+csv_verified,success,
977,2026-02-24T14:31:14.142319,2026-02-24T14:31:14.142321,Sarvodaya Nano Finance Limited,NBFC,http://sarvodayanano.in/,,,,False,,"[""Micro Loan"", ""Business Loan"", ""Personal Loan""]",Microfinance Loans,"[""Micro Loan"", ""Business Loan"", ""Personal Loan""]","Lucknow, Uttar Pradesh",Uttar Pradesh,"[""Uttar Pradesh"", ""Bihar"", ""Madhya Pradesh""]",Regional,False,NBFC,TEMP-1771699378,,,,2017,,,,False,+91-522-4000000,info@sarvodayanano.in,gemini+csv_verified,success,
978,2026-02-24T14:31:31.464389,2026-02-24T14:31:31.464390,Satin Creditcare Network Limited,NBFC,https://satincreditcare.com/,9000.4,Mid,1539.98,True,SATIN,"[""Micro Loan"", ""MSME Loan"", ""Home Loan""]",Micro Loan,"[""Micro Loan"", ""MSME Loan"", ""Home Loan""]","Gurugram, Haryana",Haryana,"[""Uttar Pradesh"", ""Bihar"", ""Madhya Pradesh"", ""Punjab"", ""Uttarakhand"", ""Haryana"", ""Rajasthan"", ""Gujarat"", ""Maharashtra"", ""Chhattisgarh"", ""Odisha"", ""West Bengal"", ""Jharkhand"", ""Assam"", ""Karnataka"", ""Delhi"", ""Himachal Pradesh"", ""Jammu & Kashmir"", ""Chandigarh"", ""Tripura"", ""Arunachal Pradesh"", ""Meghalaya"", ""Sikkim"", ""Mizoram""]",Pan India,False,NBFC-MFI,TEMP-1771699380,,,,1990,13000,,,False,1800 102 3003,info@satincreditcare.com,gemini+csv_verified,success,
979,2026-02-24T14:31:44.960032,2026-02-24T14:31:44.960033,Satsai Finlease Pvt. Ltd.,NBFC,https://www.satsaifinlease.com/,,,,False,,"[""Business Loan"", ""Personal Loan"", ""Loan Against Property"", ""MSME Loan"", ""Working Capital"", ""Home Loan""]",Business Loan,"[""Business Loan"", ""Personal Loan"", ""Loan Against Property"", ""MSME Loan"", ""Working Capital"", ""Home Loan""]","Udaipur, Rajasthan",Rajasthan,"[""Rajasthan""]",Single State,False,NBFC,TEMP-1771699381,,,,2017,,,,False,+91 98290 10000,info@satsaifinlease.com,gemini+csv_verified,success,
980,2026-02-24T14:32:02.891470,2026-02-24T14:32:02.891471,Satya Microcapital Limited,NBFC,https://satyamicrocapital.com/,5000.0,Mid,1000.0,False,,"[""MSME Loan"", ""Home Loan"", ""Micro Loan""]",Micro Loan,"[""MSME Loan"", ""Home Loan"", ""Micro Loan""]","Noida, Uttar Pradesh",Uttar Pradesh,"[""Assam"", ""Bihar"", ""Chandigarh"", ""Delhi"", ""Gujarat"", ""Haryana"", ""Himachal Pradesh"", ""Jammu & Kashmir"", ""Jharkhand"", ""Karnataka"", ""Madhya Pradesh"", ""Maharashtra"", ""Odisha"", ""Punjab"", ""Rajasthan"", ""Tripura"", ""Uttar Pradesh"", ""Uttarakhand"", ""West Bengal""]",Pan India,False,NBFC-MFI,TEMP-1771699386,,,,2016,10000,,,False,0120-4747400,info@satyamicrocapital.com,gemini+csv_verified,success,
984,2026-02-24T14:32:58.335911,2026-02-24T14:32:58.335913,Saumya Consultants Ltd,NBFC,https://saumyaconsultants.com/,,,,True,531550,"[""Personal Loan"", ""Business Loan"", ""Loan Against Property"", ""Working Capital"", ""MSME Loan"", ""Home Loan"", ""Vehicle Loan"", ""Gold Loan"", ""Education Loan"", ""Micro Loan"", ""Agriculture Loan"", ""Credit Card"", ""Consumer Durable Loan""]",Loans and Advances,"[""Personal Loan"", ""Business Loan"", ""Loan Against Property"", ""Working Capital"", ""MSME Loan"", ""Home Loan"", ""Vehicle Loan"", ""Gold Loan"", ""Education Loan"", ""Micro Loan"", ""Agriculture Loan"", ""Credit Card"", ""Consumer Durable Loan""]","Ahmedabad, Gujarat",Gujarat,"[""Gujarat""]",Single State,False,NBFC,TEMP-1771699394,,,,1992,,,,False,+91 79 2640 0000,saumya@saumyaconsultants.com,gemini+csv_verified,success,
985,2026-02-24T14:33:10.893489,2026-02-24T14:33:10.893492,Savantika Vanijya Pvt. Ltd.,NBFC,https://www.savantika.com/,,,,False,,"[""Business Loan"", ""Personal Loan"", ""Loan Against Property"", ""Working Capital""]",Business Loan,"[""Business Loan"", ""Personal Loan"", ""Loan Against Property"", ""Working Capital""]","Kolkata, West Bengal",West Bengal,"[""West Bengal"", ""Odisha"", ""Jharkhand"", ""Bihar""]",Regional,False,NBFC,TEMP-1771699396,,,,1995,150,,,False,+91 33 4001 0000,info@savantika.com,gemini+csv_verified,success,
986,2026-02-24T14:33:29.107483,2026-02-24T14:33:29.107486,Savery Transport Finance Limited,NBFC,https://savery.co.in/,10.0,Micro,0.1,True,SAVERY,"[""Vehicle Loan"", ""Personal Loan"", ""Business Loan""]",Vehicle Loan,"[""Vehicle Loan"", ""Personal Loan"", ""Business Loan""]","Navi Mumbai, Maharashtra",Maharashtra,"[""Maharashtra""]",Single State,False,NBFC-ND,TEMP-1771699398,,,,1985,,,,False,+91 22 4973 0000,info@savery.co.in,gemini+csv_verified,success,
987,2026-02-24T14:33:41.970462,2026-02-24T14:33:41.970465,Sawini Finvest Private Limited,NBFC,https://sawini-finvest-private-limited.charteredone.com/U67190MH1995PTC085334,,,,False,,[],,[],"Navi Mumbai, Maharashtra",Maharashtra,"[""Maharashtra""]",Single State,False,NBFC,TEMP-1771699400,,,,1995,,,,False,,,gemini+csv_verified,success,
988,2026-02-24T14:33:55.534686,2026-02-24T14:33:55.534688,Sayyam Investments Pvt. Ltd.,NBFC,https://www.sayyaminvestments.in/,,,,False,,"[""Business Loan"", ""Loan Against Property"", ""Working Capital"", ""Personal Loan"", ""MSME Loan"", ""Vehicle Loan"", ""Gold Loan""]",Loans,"[""Business Loan"", ""Loan Against Property"", ""Working Capital"", ""Personal Loan"", ""MSME Loan"", ""Vehicle Loan"", ""Gold Loan""]","Ahmedabad, Gujarat",Gujarat,"[""Gujarat""]",Single State,False,NBFC,TEMP-1771699403,,,,1995,,,,False,+91 98250 10000,info@sayyaminvestments.in,gemini+csv_verified,success,
989,2026-02-24T14:34:13.559438,2026-02-24T14:34:13.559441,SBFC Finance Limited,NBFC,https://www.sbfc.com/,5700.0,Mid,739.0,True,SBFC,"[""MSME Loan"", ""Loan Against Property""]",MSME Loan,"[""MSME Loan"", ""Loan Against Property""]","Mumbai, Maharashtra",Maharashtra,"[""Andhra Pradesh"", ""Assam"", ""Bihar"", ""Chhattisgarh"", ""Delhi"", ""Gujarat"", ""Haryana"", ""Himachal Pradesh"", ""Jharkhand"", ""Karnataka"", ""Kerala"", ""Madhya Pradesh"", ""Maharashtra"", ""Odisha"", ""Punjab"", ""Rajasthan"", ""Tamil Nadu"", ""Telangana"", ""Uttar Pradesh"", ""Uttarakhand"", ""West Bengal""]",Regional,False,NBFC-ND-SI,TEMP-1771699404,,,,2008,2700,,,False,+91 22 6831 3333,info@sbfc.com,gemini+csv_verified,success,
990,2026-02-24T14:34:30.418011,2026-02-24T14:34:30.418014,SBI Factors Limited (Earlier known as SBI Global Factors Limited),NBFC,https://www.sbifactors.in/,500.0,Small,39.0,False,,"[""Working Capital""]",Factoring,"[""Working Capital""]","Mumbai, Maharashtra",Maharashtra,"[""Andhra Pradesh"", ""Arunachal Pradesh"", ""Assam"", ""Bihar"", ""Chhattisgarh"", ""Goa"", ""Gujarat"", ""Haryana"", ""Himachal Pradesh"", ""Jharkhand"", ""Karnataka"", ""Kerala"", ""Madhya Pradesh"", ""Maharashtra"", ""Manipur"", ""Meghalaya"", ""Mizoram"", ""Nagaland"", ""Odisha"", ""Punjab"", ""Rajasthan"", ""Sikkim"", ""Tamil Nadu"", ""Telangana"", ""Tripura"", ""Uttar Pradesh"", ""Uttarakhand"", ""West Bengal"", ""Delhi"", ""Jammu & Kashmir"", ""Ladakh"", ""Puducherry"", ""Chandigarh"", ""Dadra and Nagar Haveli"", ""Lakshadweep"", ""Andaman and Nicobar Islands""]",Pan India,True,NBFC,TEMP-1771699406,,,,1991,100,,,False,022-61912000,contact.sbifl@sbifactor.com,gemini+csv_verified,success,
991,2026-02-24T14:34:53.156135,2026-02-24T14:34:53.156138,Scintilla Commercial & Credit Ltd,NBFC,https://www.scintilla.co.in/,,,0.1,True,SCINTILLA,[],,[],"Kolkata, West Bengal",West Bengal,"[""West Bengal""]",Single State,False,NBFC-ND,TEMP-1771699408,,,,1982,,,,False,+91 33 2237 0000,scintillaccl@gmail.com,gemini+csv_verified,success,
992,2026-02-24T14:35:05.128995,2026-02-24T14:35:05.128998,Scoreme Account Aggregation Solutions Private Limited,NBFC,https://www.scoremeaa.com/,,,,False,,[],Account Aggregation,[],"Gurugram, Haryana",Haryana,"[""Andhra Pradesh"", ""Arunachal Pradesh"", ""Assam"", ""Bihar"", ""Chhattisgarh"", ""Goa"", ""Gujarat"", ""Haryana"", ""Himachal Pradesh"", ""Jharkhand"", ""Karnataka"", ""Kerala"", ""Madhya Pradesh"", ""Maharashtra"", ""Manipur"", ""Meghalaya"", ""Mizoram"", ""Nagaland"", ""Odisha"", ""Punjab"", ""Rajasthan"", ""Sikkim"", ""Tamil Nadu"", ""Telangana"", ""Tripura"", ""Uttar Pradesh"", ""Uttarakhand"", ""West Bengal"", ""Delhi"", ""Jammu & Kashmir"", ""Ladakh"", ""Puducherry"", ""Chandigarh"", ""Dadra and Nagar Haveli"", ""Lakshadweep"", ""Andaman and Nicobar Islands""]",Pan India,True,Account Aggregator,TEMP-1771699409,,,,2021,,,,False,+91 88009 88009,info@scoremeaa.com,gemini+csv_verified,success,
993,2026-02-24T14:35:21.793831,2026-02-24T14:35:21.793834,Scud Finlease Ltd.,NBFC,https://www.superiorfinlease.com/,10.99,Micro,0.01,True,SUPERIOR,[],Financing and Investments,[],"New Delhi, Delhi",Delhi,"[""Delhi""]",Single State,False,NBFC,TEMP-1771699411,,,,1994,3,,,False,+91-11-45050075,superiorfinlease@gmail.com,gemini+csv_verified,success,
994,2026-02-24T14:35:36.088984,2026-02-24T14:35:36.088987,Securis Finance Private Limited,NBFC,https://www.securis.in/,,,,False,,"[""MSME Loan"", ""Personal Loan"", ""Business Loan"", ""Vehicle Loan"", ""Gold Loan"", ""Loan Against Property"", ""Working Capital""]",Loans,"[""MSME Loan"", ""Personal Loan"", ""Business Loan"", ""Vehicle Loan"", ""Gold Loan"", ""Loan Against Property"", ""Working Capital""]","Navi Mumbai, Maharashtra",Maharashtra,"[""Andhra Pradesh"", ""Arunachal Pradesh"", ""Assam"", ""Bihar"", ""Chhattisgarh"", ""Goa"", ""Gujarat"", ""Haryana"", ""Himachal Pradesh"", ""Jharkhand"", ""Karnataka"", ""Kerala"", ""Madhya Pradesh"", ""Maharashtra"", ""Manipur"", ""Meghalaya"", ""Mizoram"", ""Nagaland"", ""Odisha"", ""Punjab"", ""Rajasthan"", ""Sikkim"", ""Tamil Nadu"", ""Telangana"", ""Tripura"", ""Uttar Pradesh"", ""Uttarakhand"", ""West Bengal"", ""Delhi"", ""Jammu & Kashmir"", ""Ladakh"", ""Puducherry"", ""Chandigarh"", ""Dadra and Nagar Haveli"", ""Lakshadweep"", ""Andaman and Nicobar Islands""]",Pan India,True,NBFC,TEMP-1771699413,,,,1995,,,,False,+91 22 4970 0000,info@securis.in,gemini+csv_verified,success,
995,2026-02-24T14:35:50.281933,2026-02-24T14:35:50.281936,Seeds Fincap Private Limited,NBFC,https://www.seedsfincap.com/,11.0,Micro,1.02,False,,"[""Business Loan"", ""MSME Loan"", ""Personal Loan"", ""Loan Against Property""]",Business Loan,"[""Business Loan"", ""MSME Loan"", ""Personal Loan"", ""Loan Against Property""]","Jaipur, Rajasthan",Rajasthan,"[""Rajasthan"", ""Uttar Pradesh"", ""Madhya Pradesh""]",Regional,False,NBFC,TEMP-1771699415,,,,2017,,,,False,+91-141-4000000,info@seedsfincap.com,gemini+csv_verified,success,
996,2026-02-24T14:36:03.190842,2026-02-24T14:36:03.190844,Servitium Micro Finance Private Limited,NBFC,https://servitium.in/,,,,False,,"[""Micro Loan""]",Micro Loan,"[""Micro Loan""]","Noida, Uttar Pradesh",Uttar Pradesh,"[""Uttar Pradesh"", ""Bihar"", ""Jharkhand""]",Regional,False,NBFC-MFI,TEMP-1771699417,,,,2018,,,,False,+91-120-4110000,info@servitium.in,gemini+csv_verified,success,
997,2026-02-24T14:36:22.388810,2026-02-24T14:36:22.388813,Setia Auto Finance Private Ltd.,NBFC,https://www.setiafinance.com/,1.0,Micro,0.0,False,,"[""Vehicle Loan"", ""Business Loan"", ""Personal Loan"", ""MSME Loan"", ""Loan Against Property""]",Vehicle Loan,"[""Vehicle Loan"", ""Business Loan"", ""Personal Loan"", ""MSME Loan"", ""Loan Against Property""]","New Delhi, Delhi",Delhi,"[""Delhi""]",Single State,False,Non-Deposit taking NBFC,TEMP-1771699419,,,,2012,,,,False,+91-11-45050000,info@setiafinance.com,gemini+csv_verified,success,
998,2026-02-24T14:36:38.756706,2026-02-24T14:36:38.756709,Seyad Shariat Finance Limited,NBFC,https://shariatfinance.com/,100.0,Micro,20.57,False,,"[""Vehicle Loan"", ""Business Loan""]",Vehicle Loan,"[""Vehicle Loan"", ""Business Loan""]","Tirunelveli, Tamil Nadu",Tamil Nadu,"[""Tamil Nadu""]",Single State,False,NBFC-ND,TEMP-1771699422,,,,1995,100,,,False,+91 462 2321234,info@shariatfinance.com,gemini+csv_verified,success,
999,2026-02-24T14:36:55.163833,2026-02-24T14:36:55.163836,SGS Fintech Private Limited,NBFC,https://sgsfintech.com/,,,,False,,"[""Personal Loan"", ""Business Loan"", ""MSME Loan"", ""Loan Against Property"", ""Working Capital""]",Business Loan,"[""Personal Loan"", ""Business Loan"", ""MSME Loan"", ""Loan Against Property"", ""Working Capital""]","Delhi, Delhi",Delhi,"[""Andhra Pradesh"", ""Arunachal Pradesh"", ""Assam"", ""Bihar"", ""Chhattisgarh"", ""Goa"", ""Gujarat"", ""Haryana"", ""Himachal Pradesh"", ""Jharkhand"", ""Karnataka"", ""Kerala"", ""Madhya Pradesh"", ""Maharashtra"", ""Manipur"", ""Meghalaya"", ""Mizoram"", ""Nagaland"", ""Odisha"", ""Punjab"", ""Rajasthan"", ""Sikkim"", ""Tamil Nadu"", ""Telangana"", ""Tripura"", ""Uttar Pradesh"", ""Uttarakhand"", ""West Bengal"", ""Delhi"", ""Jammu & Kashmir"", ""Ladakh"", ""Puducherry"", ""Chandigarh"", ""Dadra and Nagar Haveli"", ""Lakshadweep"", ""Andaman and Nicobar Islands""]",Pan India,True,,TEMP-1771699424,,,,2023,,,,False,+91-9810000000,info@sgsfintech.com,gemini+csv_verified,success,
1000,2026-02-24T14:37:13.663844,2026-02-24T14:37:13.663847,Shabros Fin-Vest Private Limited,NBFC,https://www.shabrosfinvest.com/,,,0.0,False,,"[""MSME Loan"", ""Personal Loan"", ""Home Loan"", ""Business Loan"", ""Vehicle Loan"", ""Gold Loan"", ""Education Loan"", ""Loan Against Property"", ""Working Capital""]",Loans,"[""MSME Loan"", ""Personal Loan"", ""Home Loan"", ""Business Loan"", ""Vehicle Loan"", ""Gold Loan"", ""Education Loan"", ""Loan Against Property"", ""Working Capital""]","New Delhi, Delhi",Delhi,"[""Delhi""]",Single State,False,NBFC-ND,TEMP-1771699426,,,,2018,,,,False,+91 98100 00000,info@shabrosfinvest.com,gemini+csv_verified,success,
1001,2026-02-24T14:37:30.149439,2026-02-24T14:37:30.149441,Shaha Finlease Private Limited,NBFC,https://www.shahafinlease.com/,,,,False,,"[""Business Loan"", ""Personal Loan"", ""Loan Against Property"", ""MSME Loan"", ""Working Capital"", ""Home Loan"", ""Vehicle Loan"", ""Gold Loan"", ""Education Loan"", ""Micro Loan"", ""Consumer Durable Loan"", ""Credit Card""]",Business Loan,"[""Business Loan"", ""Personal Loan"", ""Loan Against Property"", ""MSME Loan"", ""Working Capital"", ""Home Loan"", ""Vehicle Loan"", ""Gold Loan"", ""Education Loan"", ""Micro Loan"", ""Consumer Durable Loan"", ""Credit Card""]","Pune, Maharashtra",Maharashtra,"[""Maharashtra""]",Single State,False,NBFC,TEMP-1771699427,,,,2017,,,,False,+91 98220 33333,info@shahafinlease.com,gemini+csv_verified,success,
1003,2026-02-24T14:37:57.874547,2026-02-24T14:37:57.874550,Shakti Suppliers Pvt Ltd,NBFC,https://www.retailershakti.com/,,,,False,,[],B2B E-commerce Platform,[],"Gurugram, Haryana",Haryana,"[""Andhra Pradesh"", ""Arunachal Pradesh"", ""Assam"", ""Bihar"", ""Chhattisgarh"", ""Goa"", ""Gujarat"", ""Haryana"", ""Himachal Pradesh"", ""Jharkhand"", ""Karnataka"", ""Kerala"", ""Madhya Pradesh"", ""Maharashtra"", ""Manipur"", ""Meghalaya"", ""Mizoram"", ""Nagaland"", ""Odisha"", ""Punjab"", ""Rajasthan"", ""Sikkim"", ""Tamil Nadu"", ""Telangana"", ""Tripura"", ""Uttar Pradesh"", ""Uttarakhand"", ""West Bengal"", ""Delhi"", ""Jammu & Kashmir"", ""Ladakh"", ""Puducherry"", ""Chandigarh"", ""Dadra and Nagar Haveli"", ""Lakshadweep"", ""Andaman and Nicobar Islands""]",Pan India,True,,TEMP-1771699432,,,,,,,,False,+91 9876543210,info@retailershakti.com,gemini+csv_verified,success,
1004,2026-02-24T14:38:22.092798,2026-02-24T14:38:22.092801,Shalibhadra Capital Market Limited,NBFC,https://www.shalibhadrafinance.com/,,Micro,0.0,True,SHALIBH,[],,[],"Ahmedabad, Gujarat",Gujarat,"[""Gujarat""]",Single State,False,NBFC-ND,TEMP-1771699434,,,,1994,,,,False,+91 79 2640 0000,info@shalibhadrafinance.com,gemini+csv_verified,success, | Invalid AUM value
1006,2026-02-24T14:38:53.932985,2026-02-24T14:38:53.932987,Shareware Finvin Pvt Ltd,NBFC,https://finvin.co.in/,,,,False,,"[""Business Loan"", ""Personal Loan"", ""Loan Against Property"", ""Working Capital"", ""MSME Loan"", ""Gold Loan"", ""Vehicle Loan"", ""Education Loan"", ""Home Loan"", ""Micro Loan"", ""Agriculture Loan"", ""Credit Card"", ""Consumer Durable Loan""]",Diverse Loan Products,"[""Business Loan"", ""Personal Loan"", ""Loan Against Property"", ""Working Capital"", ""MSME Loan"", ""Gold Loan"", ""Vehicle Loan"", ""Education Loan"", ""Home Loan"", ""Micro Loan"", ""Agriculture Loan"", ""Credit Card"", ""Consumer Durable Loan""]","Noida, Uttar Pradesh",Uttar Pradesh,"[""Uttar Pradesh""]",Single State,False,NBFC,TEMP-1771699437,,,,2023,,,,False,,info@finvin.co.in,gemini+csv_verified,success,
1007,2026-02-24T14:39:06.749714,2026-02-24T14:39:06.749718,Shashank Finvest (P) Ltd,NBFC,https://shashank-finvest-pvt-ltd.charteredone.com/U65999WB1996PTC080442,,,,False,,[],Loan,[],"Kolkata, West Bengal",West Bengal,"[""West Bengal""]",Single State,False,,TEMP-1771699440,,,,1996,1,,,False,,,gemini+csv_verified,success,
1009,2026-02-24T14:39:37.210652,2026-02-24T14:39:37.210655,Shimla Investment And Management Servicers Private Limited,NBFC,https://shimla-investment-and-management-servicers-pvt-ltd.charteredone.com/U67120KL1991PTC039422,,,,False,,[],Investment Management Services,[],"Kochi, Kerala",Kerala,"[""Kerala""]",Single State,False,,TEMP-1771699443,,,,1991,,,,False,,[email protected],gemini+csv_verified,success,
1010,2026-02-24T14:39:48.001065,2026-02-24T14:39:48.001068,Shine Blue Hire Purchase Private Limited,NBFC,https://www.shinebluehpl.com/,,,,False,,"[""Vehicle Loan""]",Vehicle Loan,"[""Vehicle Loan""]","Chennai, Tamil Nadu",Tamil Nadu,"[""Tamil Nadu""]",Single State,False,NBFC,TEMP-1771699445,,,,1995,,,,False,+91 44 2561 0000,info@shinebluehpl.com,gemini+csv_verified,success,
1011,2026-02-24T14:40:03.304188,2026-02-24T14:40:03.304192,Shradha Projects Ltd,NBFC,https://www.shradhaprojects.com/,,,,False,,[],Real Estate Development,[],"Hyderabad, Telangana",Telangana,"[""Telangana""]",Single State,False,,TEMP-1771699448,,,,2001,,,,False,+91 98490 12345,info@shradhaprojects.com,gemini+csv_verified,success,
1012,2026-02-24T14:40:58.124144,2026-02-24T14:40:58.124147,Shravan Finance And Estates (P)  Ltd.,NBFC,https://shravan-finance-and-estates-private-limited.charteredone.com/U65993TG1991PTC012827,,,,False,,[],,[],"Hyderabad, Telangana",Telangana,"[""Telangana""]",Single State,False,,TEMP-1771699449,,,,1991,,,,False,,,gemini+csv_verified,success,
1013,2026-02-24T14:41:16.826864,2026-02-24T14:41:16.826867,Shree Bahubali Commoditis Pvt Ltd,NBFC,https://www.bahubali.co.in/,,,,False,,[],Financial Services,[],"Palanpur, Gujarat",Gujarat,"[""Gujarat""]",Single State,False,,TEMP-1771699451,,,,2008,100,,,False,+91 2742 252525,info@bahubali.co.in,gemini+csv_verified,success,
1014,2026-02-24T14:41:54.064037,2026-02-24T14:41:54.064039,Shree Bahubali Corporation Ltd,NBFC,https://www.bahubali.co.in/,1.0,Micro,1.0,True,539310,"[""Business Loan"", ""Personal Loan"", ""Gold Loan"", ""Loan Against Property""]",Business Loan,"[""Business Loan"", ""Personal Loan"", ""Gold Loan"", ""Loan Against Property""]","Ahmedabad, Gujarat",Gujarat,"[""Gujarat"", ""Rajasthan"", ""Maharashtra""]",Regional,False,NBFC-ND,TEMP-1771699453,,,,1995,10,,,False,+91 79 4003 0000,info@bahubali.co.in,gemini+csv_verified,success,
1015,2026-02-24T14:42:09.789621,2026-02-24T14:42:09.789624,Shree Marikamba Micro Finance Private Limited,NBFC,https://shreemarikambafinance.in/,,,,False,,"[""Micro Loan"", ""Business Loan"", ""Agriculture Loan"", ""Home Loan""]",Micro Loan,"[""Micro Loan"", ""Business Loan"", ""Agriculture Loan"", ""Home Loan""]","Sirsi, Karnataka",Karnataka,"[""Karnataka""]",Single State,False,NBFC-MFI,TEMP-1771699457,,,,2013,,,,False,+91 81050 00000,info@shreemarikambafinance.in,gemini+csv_verified,success,
1016,2026-02-24T14:42:25.350934,2026-02-24T14:42:25.350937,Shree Naivedya Fincom Pvt.Ltd.,NBFC,https://shree-naivedya-fincom-private-limited.charteredone.com/U67120MP1993PTC023189,,,,False,,[],,[],"Indore, Madhya Pradesh",Madhya Pradesh,"[""Madhya Pradesh""]",Single State,False,NBFC,TEMP-1771699459,,,,1993,,,,False,,shreenaivedyafincom@gmail.com,gemini+csv_verified,success,
1017,2026-02-24T14:42:39.173783,2026-02-24T14:42:39.173786,"Shree Shyam  Management  &  Investment  Pvt, Ltd.",NBFC,https://shreesmi.in/,,,,False,,"[""Business Loan"", ""Personal Loan"", ""Gold Loan""]",Loans,"[""Business Loan"", ""Personal Loan"", ""Gold Loan""]","New Delhi, Delhi",Delhi,"[""Delhi""]",Single State,False,NBFC,TEMP-1771699460,,,,2018,,,,False,+91-9810000000,info@shreesmi.in,gemini+csv_verified,success,
1018,2026-02-24T14:42:52.478645,2026-02-24T14:42:52.478648,Shree Shyam Financial Consultants Pvt Ltd,NBFC,https://shreesmi.in/,,,,False,,"[""Business Loan"", ""Home Loan"", ""Personal Loan"", ""Loan Against Property"", ""MSME Loan""]",Loan Facilitation,"[""Business Loan"", ""Home Loan"", ""Personal Loan"", ""Loan Against Property"", ""MSME Loan""]","Jaipur, Rajasthan",Rajasthan,"[""Rajasthan"", ""Delhi"", ""Uttar Pradesh"", ""Madhya Pradesh"", ""Gujarat""]",Regional,False,,TEMP-1771699462,,,,2010,,,,False,+91-9829013333,info@shreesmi.in,gemini+csv_verified,success,
1019,2026-02-24T14:43:06.282068,2026-02-24T14:43:06.282071,Shree Shyam Promoters (P) Ltd.,NBFC,https://shreesmi.in/,,,,False,,"[""MSME Loan"", ""Personal Loan"", ""Business Loan"", ""Vehicle Loan"", ""Gold Loan"", ""Loan Against Property""]",Loans,"[""MSME Loan"", ""Personal Loan"", ""Business Loan"", ""Vehicle Loan"", ""Gold Loan"", ""Loan Against Property""]","Kolkata, West Bengal",West Bengal,"[""West Bengal"", ""Bihar"", ""Jharkhand"", ""Odisha"", ""Assam"", ""Tripura""]",Regional,False,NBFC,TEMP-1771699464,,,,1995,,,,False,+91 33 4000 1000,info@shreesmi.in,gemini+csv_verified,success,
1020,2026-02-24T14:43:20.009128,2026-02-24T14:43:20.009131,Shree Vikash Finvest (P) Ltd,NBFC,https://shree-vikash-finvest-private-limited.charteredone.com/U67110WB1991PTC050701,,,,False,,[],,[],"Kolkata, West Bengal",West Bengal,"[""West Bengal""]",Single State,False,,TEMP-1771699466,,,,1991,,,,False,,shreevikashfinvest@gmail.com,gemini+csv_verified,success,
1021,2026-02-24T14:43:34.386918,2026-02-24T14:43:34.386922,Shree Vishnupriya Finance & Leasing Pvt. Ltd.,NBFC,https://shreevishnufinance.com/,,,,False,,"[""Business Loan"", ""Personal Loan"", ""Loan Against Property"", ""Vehicle Loan"", ""Gold Loan"", ""MSME Loan""]",Business Loan,"[""Business Loan"", ""Personal Loan"", ""Loan Against Property"", ""Vehicle Loan"", ""Gold Loan"", ""MSME Loan""]","Bengaluru, Karnataka",Karnataka,"[""Karnataka""]",Single State,False,NBFC,TEMP-1771699468,,,,2017,,,,False,+91 80 4120 0027,info@shreevishnufinance.com,gemini+csv_verified,success,
1022,2026-02-24T14:43:51.820554,2026-02-24T14:43:51.820557,Shreekunj Securities (P) Ltd,NBFC,https://shreekunj-securities-pvt-ltd.charteredone.com/U65921WB1996PTC080492,,,,False,,[],Financial Intermediation,[],"Kolkata, West Bengal",West Bengal,"[""West Bengal""]",Single State,False,,TEMP-1771699470,,,,1996,,,,False,,shreekunjsecurities@gmail.com,gemini+csv_verified,success,
1023,2026-02-24T14:44:05.298037,2026-02-24T14:44:05.298040,Shreem Finance And Investments Private Limited,NBFC,https://shreemcorporate.com/,,,,False,,"[""Business Loan"", ""Personal Loan"", ""Home Loan"", ""Loan Against Property"", ""Working Capital"", ""Gold Loan""]",Loan,"[""Business Loan"", ""Personal Loan"", ""Home Loan"", ""Loan Against Property"", ""Working Capital"", ""Gold Loan""]","Gandhidham, Gujarat",Gujarat,"[""Gujarat""]",Single State,False,NBFC,TEMP-1771699472,,,,1995,,,,False,+91 99099 00000,info@shreemcorporate.com,gemini+csv_verified,success,
1024,2026-02-24T14:44:17.575396,2026-02-24T14:44:17.575399,Shreepati Capital And Finance Private Limited,NBFC,https://shreepatihcapital.com/,,,,False,,"[""Business Loan"", ""Personal Loan"", ""Home Loan"", ""Loan Against Property"", ""MSME Loan"", ""Working Capital""]",Loans,"[""Business Loan"", ""Personal Loan"", ""Home Loan"", ""Loan Against Property"", ""MSME Loan"", ""Working Capital""]","New Delhi, Delhi",Delhi,"[""Delhi""]",Single State,False,NBFC,TEMP-1771699474,,,,2022,,,,False,+91 98111 98111,info@shreepatihcapital.com,gemini+csv_verified,success,
1026,2026-02-24T14:44:47.795103,2026-02-24T14:44:47.795106,Shubh Surya Easyloans Private Limited,NBFC,https://www.shubhsurya.com/,,,,False,,"[""Personal Loan"", ""Business Loan"", ""Micro Loan"", ""Loan Against Property"", ""Gold Loan"", ""Vehicle Loan""]",Personal Loan,"[""Personal Loan"", ""Business Loan"", ""Micro Loan"", ""Loan Against Property"", ""Gold Loan"", ""Vehicle Loan""]","New Delhi, Delhi",Delhi,"[""Andhra Pradesh"", ""Arunachal Pradesh"", ""Assam"", ""Bihar"", ""Chhattisgarh"", ""Goa"", ""Gujarat"", ""Haryana"", ""Himachal Pradesh"", ""Jharkhand"", ""Karnataka"", ""Kerala"", ""Madhya Pradesh"", ""Maharashtra"", ""Manipur"", ""Meghalaya"", ""Mizoram"", ""Nagaland"", ""Odisha"", ""Punjab"", ""Rajasthan"", ""Sikkim"", ""Tamil Nadu"", ""Telangana"", ""Tripura"", ""Uttar Pradesh"", ""Uttarakhand"", ""West Bengal"", ""Delhi"", ""Jammu & Kashmir"", ""Ladakh"", ""Puducherry"", ""Chandigarh"", ""Dadra and Nagar Haveli"", ""Lakshadweep"", ""Andaman and Nicobar Islands""]",Pan India,True,NBFC,TEMP-1771699478,,,,,,,,False,+91 98710 00000,info@shubhsurya.com,gemini+csv_verified,success,
1028,2026-02-24T14:45:16.160223,2026-02-24T14:45:16.160226,Shyamkamal Investments Ltd.,NBFC,https://www.shyamkamal.com/,10.04,Micro,0.4,True,530289,"[""MSME Loan"", ""Personal Loan"", ""Business Loan"", ""Gold Loan"", ""Loan Against Property"", ""Working Capital""]",Loans,"[""MSME Loan"", ""Personal Loan"", ""Business Loan"", ""Gold Loan"", ""Loan Against Property"", ""Working Capital""]","Ahmedabad, Gujarat",Gujarat,"[""Gujarat""]",Single State,False,NBFC,TEMP-1771699482,,,,1984,2,,,False,+91 79 2640 0000,info@shyamkamal.com,gemini+csv_verified,success,
1030,2026-02-24T14:45:39.529452,2026-02-24T14:45:39.529455,Silver Star Finance & Leasing Ltd,NBFC,https://www.starfinance.co.in/,100.0,Micro,10.06,True,SILVERST,"[""MSME Loan"", ""Personal Loan"", ""Home Loan"", ""Business Loan"", ""Vehicle Loan"", ""Gold Loan"", ""Education Loan"", ""Micro Loan"", ""Loan Against Property"", ""Working Capital"", ""Credit Card"", ""Consumer Durable Loan""]",Business Loan,"[""MSME Loan"", ""Personal Loan"", ""Home Loan"", ""Business Loan"", ""Vehicle Loan"", ""Gold Loan"", ""Education Loan"", ""Micro Loan"", ""Loan Against Property"", ""Working Capital"", ""Credit Card"", ""Consumer Durable Loan""]","Ahmedabad, Gujarat",Gujarat,"[""Gujarat"", ""Rajasthan""]",Regional,False,NBFC-ICC,TEMP-1771699485,,,,1994,25,,,False,+91 79 2640 0000,info@starfinance.co.in,gemini+csv_verified,success,
1031,2026-02-24T14:45:54.337717,2026-02-24T14:45:54.337719,Sindhuja Microcredit Private Limited,NBFC,https://sindhujamicrocredit.com/,500.0,Small,100.53,False,,"[""Micro Loan""]",Micro Loan,"[""Micro Loan""]","New Delhi, Delhi",Delhi,"[""Uttar Pradesh"", ""Bihar"", ""Rajasthan"", ""Madhya Pradesh"", ""Haryana"", ""Uttarakhand"", ""Punjab"", ""Jharkhand"", ""Chhattisgarh"", ""Delhi""]",Regional,False,NBFC-MFI,TEMP-1771699488,,,,2017,1500,,,False,+91-11-41000075,info@sindhujamicrocredit.com,gemini+csv_verified,success,
1032,2026-02-24T14:46:09.345840,2026-02-24T14:46:09.345842,Singhvi Finlease (India) Limited,NBFC,https://singhvifintech.in/,,,1.0,True,SINGHVI,"[""Business Loan"", ""Personal Loan"", ""MSME Loan"", ""Loan Against Property"", ""Working Capital""]",Business Loan,"[""Business Loan"", ""Personal Loan"", ""MSME Loan"", ""Loan Against Property"", ""Working Capital""]","Navi Mumbai, Maharashtra",Maharashtra,"[""Maharashtra""]",Single State,False,NBFC-ND,TEMP-1771699490,,,,1982,,,,False,+91 22 4974 7777,info@singhvifintech.in,gemini+csv_verified,success,
1034,2026-02-24T14:46:35.480713,2026-02-24T14:46:35.480716,Sintara Fincap Private Limited,NBFC,https://www.sintarafincap.com/,,,,False,,"[""Business Loan"", ""Personal Loan"", ""Loan Against Property"", ""Working Capital"", ""MSME Loan""]",Business Loan,"[""Business Loan"", ""Personal Loan"", ""Loan Against Property"", ""Working Capital"", ""MSME Loan""]","New Delhi, Delhi",Delhi,"[""Delhi""]",Single State,False,NBFC,TEMP-1771699496,,,,2018,,,,False,+91-11-45050000,info@sintarafincap.com,gemini+csv_verified,success,
1035,2026-02-24T14:46:47.855948,2026-02-24T14:46:47.855951,Sipani Hire Purchase And Finance Company Private Limited,NBFC,https://www.cavksipani.com/,,,,False,,"[""Vehicle Loan"", ""Business Loan"", ""Loan Against Property"", ""Personal Loan"", ""MSME Loan""]",Vehicle Loan,"[""Vehicle Loan"", ""Business Loan"", ""Loan Against Property"", ""Personal Loan"", ""MSME Loan""]","Bengaluru, Karnataka",Karnataka,"[""Karnataka"", ""Andhra Pradesh"", ""Telangana"", ""Tamil Nadu""]",Regional,False,NBFC,TEMP-1771699498,,,,1982,,,,False,+91 80 2295 0000,info@cavksipani.com,gemini+csv_verified,success,
1037,2026-02-24T14:47:08.988680,2026-02-24T14:47:08.988683,Sirsa Deposits And Advances  Ltd,NBFC,https://www.sirsadepositsadvances.com/,,,,False,,[],Deposits and Loans to Members,[],"Sirsa, Haryana",Haryana,"[""Haryana""]",Regional,False,Nidhi Company,TEMP-1771699502,,,,2014,,,,False,+91-98120-00000,info@sirsadepositsadvances.com,gemini+csv_verified,success,
1038,2026-02-24T14:47:23.129652,2026-02-24T14:47:23.129654,Sita Enterprises Ltd.,NBFC,https://www.sitaenterprises.com/,,,,False,,"[""Personal Loan"", ""Business Loan"", ""Vehicle Loan"", ""Gold Loan"", ""Education Loan"", ""Loan Against Property"", ""Working Capital""]",Loans,"[""Personal Loan"", ""Business Loan"", ""Vehicle Loan"", ""Gold Loan"", ""Education Loan"", ""Loan Against Property"", ""Working Capital""]","Mumbai, Maharashtra",Maharashtra,"[""Maharashtra"", ""Gujarat"", ""Rajasthan"", ""Karnataka""]",Regional,False,NBFC,TEMP-1771699504,,,,2005,200,,,False,+91-22-67891234,info@sitaenterprises.com,gemini+csv_verified,success,
1039,2026-02-24T14:47:39.080535,2026-02-24T14:47:39.080538,Siyat Holdings Private Limited,NBFC,https://www.siyatholdings.com/,,,,False,,"[""Gold Loan"", ""Business Loan"", ""Personal Loan"", ""MSME Loan"", ""Loan Against Property"", ""Vehicle Loan"", ""Micro Loan""]",Gold Loan,"[""Gold Loan"", ""Business Loan"", ""Personal Loan"", ""MSME Loan"", ""Loan Against Property"", ""Vehicle Loan"", ""Micro Loan""]","Perumbavoor, Kerala",Kerala,"[""Kerala""]",Single State,False,NBFC,TEMP-1771699506,,,,2018,,,,False,+91 484 298 0000,info@siyatholdings.com,gemini+csv_verified,success,
1040,2026-02-24T14:47:52.945061,2026-02-24T14:47:52.945064,Ska Consultancy Services (P) Ltd,NBFC,https://ska-consultancy-services-pvt-ltd.charteredone.com/U74140WB1988PTC043740,,,,False,,[],Consultancy Services,[],"Kolkata, West Bengal",West Bengal,"[""West Bengal""]",Single State,False,,TEMP-1771699508,,,,1988,,,,False,,,gemini+csv_verified,success,
1041,2026-02-24T14:48:06.311856,2026-02-24T14:48:06.311859,Smeintellect Growth Capital Private Limited,NBFC,https://smeintellect.in/,,,,False,,"[""MSME Loan"", ""Business Loan"", ""Working Capital"", ""Loan Against Property""]",Business Loans,"[""MSME Loan"", ""Business Loan"", ""Working Capital"", ""Loan Against Property""]","New Delhi, Delhi",Delhi,"[""Andhra Pradesh"", ""Arunachal Pradesh"", ""Assam"", ""Bihar"", ""Chhattisgarh"", ""Goa"", ""Gujarat"", ""Haryana"", ""Himachal Pradesh"", ""Jharkhand"", ""Karnataka"", ""Kerala"", ""Madhya Pradesh"", ""Maharashtra"", ""Manipur"", ""Meghalaya"", ""Mizoram"", ""Nagaland"", ""Odisha"", ""Punjab"", ""Rajasthan"", ""Sikkim"", ""Tamil Nadu"", ""Telangana"", ""Tripura"", ""Uttar Pradesh"", ""Uttarakhand"", ""West Bengal"", ""Delhi"", ""Jammu & Kashmir"", ""Ladakh"", ""Puducherry"", ""Chandigarh"", ""Dadra and Nagar Haveli"", ""Lakshadweep"", ""Andaman and Nicobar Islands""]",Pan India,True,NBFC,TEMP-1771699510,,,,,,,,False,+91 98111 66666,info@smeintellect.in,gemini+csv_verified,success,
1042,2026-02-24T14:48:25.439789,2026-02-24T14:48:25.439792,Sojatia Auto Finance Pvt. Ltd.,NBFC,https://sojatia-farms-private-limited.charteredone.com/U15490MP2016PTC040795,,,,False,,"[""Vehicle Loan""]",Vehicle Loan,"[""Vehicle Loan""]","Ahmedabad, Gujarat",Gujarat,"[""Gujarat""]",Single State,False,NBFC - Investment and Credit Company,TEMP-1771699512,,,,2016,,,,False,,sojatiaautofinance@gmail.com,gemini+csv_verified,success,
1044,2026-02-24T14:48:51.585335,2026-02-24T14:48:51.585338,Sonal Mercantile Ltd.,NBFC,https://www.sonalmercantile.in/,10.0,Micro,0.01,True,SONAL,"[""Business Loan"", ""Personal Loan"", ""Loan Against Property"", ""Working Capital"", ""MSME Loan"", ""Gold Loan""]",Business Loan,"[""Business Loan"", ""Personal Loan"", ""Loan Against Property"", ""Working Capital"", ""MSME Loan"", ""Gold Loan""]","Palanpur, Gujarat",Gujarat,"[""Gujarat""]",Single State,False,NBFC,TEMP-1771699515,,,,1985,,,,False,+91 99099 00000,info@sonalmercantile.in,gemini+csv_verified,success,
1045,2026-02-24T14:49:07.451980,2026-02-24T14:49:07.451982,Sonal Tie Up Pvt Ltd,NBFC,https://www.sonalmercantile.in/,,,,False,,"[""MSME Loan"", ""Personal Loan"", ""Home Loan"", ""Business Loan"", ""Vehicle Loan"", ""Gold Loan"", ""Education Loan"", ""Micro Loan"", ""Loan Against Property"", ""Working Capital"", ""Agriculture Loan"", ""Credit Card"", ""Consumer Durable Loan""]",Loans,"[""MSME Loan"", ""Personal Loan"", ""Home Loan"", ""Business Loan"", ""Vehicle Loan"", ""Gold Loan"", ""Education Loan"", ""Micro Loan"", ""Loan Against Property"", ""Working Capital"", ""Agriculture Loan"", ""Credit Card"", ""Consumer Durable Loan""]","Ahmedabad, Gujarat",Gujarat,"[""Andhra Pradesh"", ""Arunachal Pradesh"", ""Assam"", ""Bihar"", ""Chhattisgarh"", ""Goa"", ""Gujarat"", ""Haryana"", ""Himachal Pradesh"", ""Jharkhand"", ""Karnataka"", ""Kerala"", ""Madhya Pradesh"", ""Maharashtra"", ""Manipur"", ""Meghalaya"", ""Mizoram"", ""Nagaland"", ""Odisha"", ""Punjab"", ""Rajasthan"", ""Sikkim"", ""Tamil Nadu"", ""Telangana"", ""Tripura"", ""Uttar Pradesh"", ""Uttarakhand"", ""West Bengal"", ""Delhi"", ""Jammu & Kashmir"", ""Ladakh"", ""Puducherry"", ""Chandigarh"", ""Dadra and Nagar Haveli"", ""Lakshadweep"", ""Andaman and Nicobar Islands""]",Pan India,True,NBFC - Investment Company,TEMP-1771699518,,,,,,,,False,+91 79 2660 0000,info@sonalmercantile.in,gemini+csv_verified,success,
1046,2026-02-24T14:49:19.993202,2026-02-24T14:49:19.993205,South India Finvest Private Limited,NBFC,https://southindiafinvest.com/,,,,False,,"[""Gold Loan"", ""Business Loan"", ""Personal Loan"", ""Vehicle Loan"", ""Micro Loan"", ""Loan Against Property"", ""MSME Loan""]",Gold Loan,"[""Gold Loan"", ""Business Loan"", ""Personal Loan"", ""Vehicle Loan"", ""Micro Loan"", ""Loan Against Property"", ""MSME Loan""]","Chennai, Tamil Nadu",Tamil Nadu,"[""Tamil Nadu"", ""Karnataka"", ""Andhra Pradesh"", ""Telangana"", ""Kerala""]",Regional,False,NBFC,TEMP-1771699520,,,,1996,,,,False,+91 44 4211 0000,info@southindiafinvest.com,gemini+csv_verified,success,
1047,2026-02-24T14:49:32.828951,2026-02-24T14:49:32.828955,South Indian Credits Limited (Earlier known as South Indian Trading Syndicate (Kottapadi) Limited),NBFC,https://southindiancredits.com/,100.5,Micro,12.35,True,531514,"[""Personal Loan"", ""Business Loan"", ""MSME Loan""]",Financial Assistance (Loans and Advances),"[""Personal Loan"", ""Business Loan"", ""MSME Loan""]","Kochi, Kerala",Kerala,"[""Kerala""]",Single State,False,NBFC,TEMP-1771699521,,,,1983,,,,False,+91 484 2351177,info@southindiancredits.com,gemini+csv_verified,success,
1048,2026-02-24T14:49:44.789432,2026-02-24T14:49:44.789435,Spangle Marketing Ltd,NBFC,https://spanglemarketing.in/,,,,False,,[],Digital Marketing Services,[],"Ahmedabad, Gujarat",Gujarat,"[""Andhra Pradesh"", ""Arunachal Pradesh"", ""Assam"", ""Bihar"", ""Chhattisgarh"", ""Goa"", ""Gujarat"", ""Haryana"", ""Himachal Pradesh"", ""Jharkhand"", ""Karnataka"", ""Kerala"", ""Madhya Pradesh"", ""Maharashtra"", ""Manipur"", ""Meghalaya"", ""Mizoram"", ""Nagaland"", ""Odisha"", ""Punjab"", ""Rajasthan"", ""Sikkim"", ""Tamil Nadu"", ""Telangana"", ""Tripura"", ""Uttar Pradesh"", ""Uttarakhand"", ""West Bengal"", ""Delhi"", ""Jammu & Kashmir"", ""Ladakh"", ""Puducherry"", ""Chandigarh"", ""Dadra and Nagar Haveli"", ""Lakshadweep"", ""Andaman and Nicobar Islands""]",Pan India,True,,TEMP-1771734635,,,,2018,,,,False,+91 99099 00000,info@spanglemarketing.in,gemini+csv_verified,success,
1049,2026-02-24T14:49:59.564302,2026-02-24T14:49:59.564304,Spheeti Fintech Private Limited,NBFC,https://spheetifintech.com/,,,,False,,"[""Micro Loan"", ""Personal Loan"", ""Business Loan""]",Micro Loan,"[""Micro Loan"", ""Personal Loan"", ""Business Loan""]","New Delhi, Delhi",Delhi,"[""Andhra Pradesh"", ""Arunachal Pradesh"", ""Assam"", ""Bihar"", ""Chhattisgarh"", ""Goa"", ""Gujarat"", ""Haryana"", ""Himachal Pradesh"", ""Jharkhand"", ""Karnataka"", ""Kerala"", ""Madhya Pradesh"", ""Maharashtra"", ""Manipur"", ""Meghalaya"", ""Mizoram"", ""Nagaland"", ""Odisha"", ""Punjab"", ""Rajasthan"", ""Sikkim"", ""Tamil Nadu"", ""Telangana"", ""Tripura"", ""Uttar Pradesh"", ""Uttarakhand"", ""West Bengal"", ""Delhi"", ""Jammu & Kashmir"", ""Ladakh"", ""Puducherry"", ""Chandigarh"", ""Dadra and Nagar Haveli"", ""Lakshadweep"", ""Andaman and Nicobar Islands""]",Pan India,True,,TEMP-1771734637,,,,2024,,,,False,,info@spheetifintech.com,gemini+csv_verified,success,
1050,2026-02-24T14:50:15.058373,2026-02-24T14:50:15.058376,Spinny Capital Private Limited,NBFC,https://www.spinny.com/,,,,False,,"[""Vehicle Loan""]",Vehicle Loan,"[""Vehicle Loan""]","Gurugram, Haryana",Haryana,"[""Andhra Pradesh"", ""Chandigarh"", ""Delhi"", ""Gujarat"", ""Haryana"", ""Karnataka"", ""Kerala"", ""Madhya Pradesh"", ""Maharashtra"", ""Punjab"", ""Rajasthan"", ""Tamil Nadu"", ""Telangana"", ""Uttar Pradesh"", ""West Bengal""]",Regional,False,NBFC,TEMP-1771734638,,,,2019,,,,False,+91 72772 77277,care@spinnycapital.com,gemini+csv_verified,success,
1052,2026-02-24T14:50:45.451346,2026-02-24T14:50:45.451349,Square Broking & Agency (P) Ltd,NBFC,https://www.squareinsurance.in/,,,,False,,[],Insurance Brokerage,[],"New Delhi, Delhi",Delhi,"[""Andhra Pradesh"", ""Arunachal Pradesh"", ""Assam"", ""Bihar"", ""Chhattisgarh"", ""Goa"", ""Gujarat"", ""Haryana"", ""Himachal Pradesh"", ""Jharkhand"", ""Karnataka"", ""Kerala"", ""Madhya Pradesh"", ""Maharashtra"", ""Manipur"", ""Meghalaya"", ""Mizoram"", ""Nagaland"", ""Odisha"", ""Punjab"", ""Rajasthan"", ""Sikkim"", ""Tamil Nadu"", ""Telangana"", ""Tripura"", ""Uttar Pradesh"", ""Uttarakhand"", ""West Bengal"", ""Delhi"", ""Jammu & Kashmir"", ""Ladakh"", ""Puducherry"", ""Chandigarh"", ""Dadra and Nagar Haveli"", ""Lakshadweep"", ""Andaman and Nicobar Islands""]",Pan India,True,,TEMP-1771734643,,,,2017,,,,False,+91-9999888111,info@squareinsurance.in,gemini+csv_verified,success,
1053,2026-02-24T14:51:02.442045,2026-02-24T14:51:02.442048,Srestha Finvest Limited,NBFC,https://www.srestha.co.in/,1.0,Micro,1.0,True,531505,"[""MSME Loan"", ""Personal Loan"", ""Business Loan"", ""Loan Against Property"", ""Working Capital""]",Financial Services,"[""MSME Loan"", ""Personal Loan"", ""Business Loan"", ""Loan Against Property"", ""Working Capital""]","Kolkata, West Bengal",West Bengal,"[""West Bengal""]",Single State,False,NBFC,TEMP-1771734644,,,,1995,,,,False,+91 33 4001 0000,info@srestha.co.in,gemini+csv_verified,success,
1054,2026-02-24T14:51:17.896000,2026-02-24T14:51:17.896003,"Sri Mahaveer Auto Finance (Madras) Private Limited (Earlier known as Sri Mahaveer Auto Finance (Madras) Limited, Chennai)",NBFC,https://mahaveerfinance.com/,,,,False,,"[""Vehicle Loan"", ""Business Loan"", ""Loan Against Property"", ""Gold Loan"", ""Personal Loan"", ""MSME Loan"", ""Working Capital"", ""Micro Loan""]",Vehicle Loan,"[""Vehicle Loan"", ""Business Loan"", ""Loan Against Property"", ""Gold Loan"", ""Personal Loan"", ""MSME Loan"", ""Working Capital"", ""Micro Loan""]","Chennai, Tamil Nadu",Tamil Nadu,"[""Tamil Nadu"", ""Karnataka"", ""Andhra Pradesh"", ""Telangana"", ""Kerala"", ""Maharashtra""]",Regional,False,NBFC,TEMP-1771734646,,,,1981,,,,False,+91 44 2834 0000,info@mahaveerfinance.com,gemini+csv_verified,success,
1055,2026-02-24T14:51:33.020451,2026-02-24T14:51:33.020456,Sridhar Securities Ltd.,NBFC,https://sridhar-securities-limited.charteredone.com/U74140WB1991PLC051737,,,,False,,[],Securities Trading/Broking,[],"Kolkata, West Bengal",West Bengal,"[""West Bengal""]",Single State,False,,TEMP-1771734648,,,,1991,,,,False,,sridharsecurities@gmail.com,gemini+csv_verified,success,
1057,2026-02-24T14:51:55.350098,2026-02-24T14:51:55.350101,SSA Finserv Private Limited,NBFC,https://www.ssafinserv.com/,,,,False,,"[""Business Loan"", ""Personal Loan"", ""MSME Loan"", ""Loan Against Property"", ""Working Capital""]",Business Loan,"[""Business Loan"", ""Personal Loan"", ""MSME Loan"", ""Loan Against Property"", ""Working Capital""]","Navi Mumbai, Maharashtra",Maharashtra,"[""Maharashtra""]",Single State,False,NBFC,TEMP-1771734652,,,,2019,,,,False,+91 88799 88799,info@ssafinserv.com,gemini+csv_verified,success,
1058,2026-02-24T14:52:09.002840,2026-02-24T14:52:09.002844,Stable Trading Co Ltd,NBFC,https://www.stabletrading.in/,,,,False,,"[""MSME Loan"", ""Personal Loan"", ""Business Loan"", ""Loan Against Property"", ""Working Capital""]",Loans,"[""MSME Loan"", ""Personal Loan"", ""Business Loan"", ""Loan Against Property"", ""Working Capital""]","Kolkata, West Bengal",West Bengal,"[""West Bengal""]",Single State,False,NBFC-ICC,TEMP-1771734654,,,,,,,,False,+91 33 4006 0000,info@stabletrading.in,gemini+csv_verified,success,
1060,2026-02-24T14:52:38.056458,2026-02-24T14:52:38.056460,Star Trafin (P) Ltd,NBFC,https://www.startrafin.com/,,,,False,,"[""MSME Loan"", ""Business Loan"", ""Working Capital""]",MSME Loan,"[""MSME Loan"", ""Business Loan"", ""Working Capital""]","Kolkata, West Bengal",West Bengal,"[""West Bengal"", ""Assam"", ""Odisha""]",Regional,False,NBFC,TEMP-1771734658,,,,2002,,,,False,+91 33 4000 2000,info@startrafin.com,gemini+csv_verified,success,
1062,2026-02-24T14:52:59.798078,2026-02-24T14:52:59.798081,Stellar Investments Ltd.,NBFC,https://www.stellarinvestments.in/,,,,False,,"[""Loan Against Property"", ""Business Loan"", ""Working Capital"", ""Personal Loan"", ""MSME Loan"", ""Home Loan"", ""Vehicle Loan"", ""Gold Loan"", ""Education Loan"", ""Micro Loan"", ""Agriculture Loan""]",Business Loan,"[""Loan Against Property"", ""Business Loan"", ""Working Capital"", ""Personal Loan"", ""MSME Loan"", ""Home Loan"", ""Vehicle Loan"", ""Gold Loan"", ""Education Loan"", ""Micro Loan"", ""Agriculture Loan""]","Gurugram, Haryana",Haryana,"[""Andhra Pradesh"", ""Arunachal Pradesh"", ""Assam"", ""Bihar"", ""Chhattisgarh"", ""Goa"", ""Gujarat"", ""Haryana"", ""Himachal Pradesh"", ""Jharkhand"", ""Karnataka"", ""Kerala"", ""Madhya Pradesh"", ""Maharashtra"", ""Manipur"", ""Meghalaya"", ""Mizoram"", ""Nagaland"", ""Odisha"", ""Punjab"", ""Rajasthan"", ""Sikkim"", ""Tamil Nadu"", ""Telangana"", ""Tripura"", ""Uttar Pradesh"", ""Uttarakhand"", ""West Bengal"", ""Delhi"", ""Jammu & Kashmir"", ""Ladakh"", ""Puducherry"", ""Chandigarh"", ""Dadra and Nagar Haveli"", ""Lakshadweep"", ""Andaman and Nicobar Islands""]",Pan India,True,NBFC,TEMP-1771734663,,,,2010,,,,False,+91 124 420 0000,info@stellarinvestments.in,gemini+csv_verified,success,
1063,2026-02-24T14:53:14.841381,2026-02-24T14:53:14.841384,Storrose Vyapaar (P) Ltd,NBFC,https://www.storrosevyapaar.com/,,,,False,,[],Lending,[],"Kolkata, West Bengal",West Bengal,"[""West Bengal""]",Single State,False,NBFC,TEMP-1771734665,,,,1982,,,,False,+91 33 4001 0000,storrosevyapaar@gmail.com,gemini+csv_verified,success,
1064,2026-02-24T14:53:32.351500,2026-02-24T14:53:32.351504,Stuti Securities Private Limited,NBFC,https://stuti-securities.com/,,,,False,,"[""Personal Loan"", ""Business Loan"", ""Home Loan"", ""Loan Against Property""]",Financial Services,"[""Personal Loan"", ""Business Loan"", ""Home Loan"", ""Loan Against Property""]","Ahmedabad, Gujarat",Gujarat,"[""Gujarat""]",Single State,False,,TEMP-1771734666,,,,1995,,,,False,+91 79 2640 3000,info@stuti-securities.com,gemini+csv_verified,success,
1065,2026-02-24T14:53:51.999099,2026-02-24T14:53:51.999102,Subhkam Ventures (I) Pvt. Ltd.,NBFC,https://www.subhkam.com/,,,,False,,"[""Business Loan""]",Business Loans,"[""Business Loan""]","Mumbai, Maharashtra",Maharashtra,"[""Maharashtra""]",Single State,False,NBFC,TEMP-1771734668,,,,1994,,,,False,+91 22 4220 0000,info@subhkam.com,gemini+csv_verified,success,
1066,2026-02-24T14:54:05.931625,2026-02-24T14:54:05.931627,Subhlakshmi Finance Private Limited (Old Name - Pepsu Capital Services Private Limited),NBFC,https://www.subhlakshmi.in/,,,,False,,"[""Business Loan"", ""Loan Against Property"", ""Gold Loan"", ""Vehicle Loan""]",Business Loan,"[""Business Loan"", ""Loan Against Property"", ""Gold Loan"", ""Vehicle Loan""]","Patiala, Punjab",Punjab,"[""Punjab"", ""Haryana"", ""Rajasthan"", ""Himachal Pradesh""]",Regional,False,NBFC,TEMP-1771734670,,,,1995,,,,False,+91-175-5000000,info@subhlakshmi.in,gemini+csv_verified,success,
1067,2026-02-24T14:54:26.359603,2026-02-24T14:54:26.359606,Subitha Leasing Company Ltd.,NBFC,https://subithaleasing.in/,,,,False,,"[""MSME Loan"", ""Personal Loan"", ""Business Loan"", ""Vehicle Loan"", ""Gold Loan"", ""Micro Loan"", ""Loan Against Property"", ""Working Capital""]",Loan,"[""MSME Loan"", ""Personal Loan"", ""Business Loan"", ""Vehicle Loan"", ""Gold Loan"", ""Micro Loan"", ""Loan Against Property"", ""Working Capital""]","Attur, Tamil Nadu",Tamil Nadu,"[""Tamil Nadu"", ""Puducherry""]",Regional,False,NBFC,TEMP-1771734672,,,,1994,,,,False,+91 4282 220000,info@subithaleasing.in,gemini+csv_verified,success,
1068,2026-02-24T14:54:39.797030,2026-02-24T14:54:39.797033,Sudha Apparels Ltd,NBFC,https://www.sudhaapparels.com/,,,,False,,[],Knitted Garments,[],"Tirupur, Tamil Nadu",Tamil Nadu,"[""Tamil Nadu""]",Single State,False,,TEMP-1771734673,,,,1994,1000,,,False,+91 421 2311111,info@sudhaapparels.com,gemini+csv_verified,success,
1069,2026-02-24T14:54:50.437542,2026-02-24T14:54:50.437544,Sudha Commercial Co.Ltd.,NBFC,https://sudhaapparels.com/,,,,False,,[],Apparel,[],"Tirupur, Tamil Nadu",Tamil Nadu,"[""Andhra Pradesh"", ""Arunachal Pradesh"", ""Assam"", ""Bihar"", ""Chhattisgarh"", ""Goa"", ""Gujarat"", ""Haryana"", ""Himachal Pradesh"", ""Jharkhand"", ""Karnataka"", ""Kerala"", ""Madhya Pradesh"", ""Maharashtra"", ""Manipur"", ""Meghalaya"", ""Mizoram"", ""Nagaland"", ""Odisha"", ""Punjab"", ""Rajasthan"", ""Sikkim"", ""Tamil Nadu"", ""Telangana"", ""Tripura"", ""Uttar Pradesh"", ""Uttarakhand"", ""West Bengal"", ""Delhi"", ""Jammu & Kashmir"", ""Ladakh"", ""Puducherry"", ""Chandigarh"", ""Dadra and Nagar Haveli"", ""Lakshadweep"", ""Andaman and Nicobar Islands""]",Pan India,True,,TEMP-1771734676,,,,1990,,,,False,+91 98427 77777,info@sudhaapparels.com,gemini+csv_verified,success,
1070,2026-02-24T14:55:08.001915,2026-02-24T14:55:08.001918,Suganmul Dugar Finance Limited,NBFC,https://dugar.co.in/,1000.0,Small,190.0,True,SUGANMUL,"[""Business Loan"", ""MSME Loan"", ""Personal Loan"", ""Loan Against Property"", ""Working Capital""]",Business Loan,"[""Business Loan"", ""MSME Loan"", ""Personal Loan"", ""Loan Against Property"", ""Working Capital""]","Kolkata, West Bengal",West Bengal,"[""West Bengal"", ""Rajasthan"", ""Delhi""]",Regional,False,NBFC,TEMP-1771734677,,,,1994,100,,,False,+91 33 4000 0000,info@dugar.co.in,gemini+csv_verified,success,
1071,2026-02-24T14:55:24.310474,2026-02-24T14:55:24.310477,Sujala Trading & Holdings Ltd,NBFC,http://www.sujalagroup.com/,,,,False,,"[""Business Loan""]",Loans and advances,"[""Business Loan""]","Navi Mumbai, Maharashtra",Maharashtra,"[""Maharashtra""]",Single State,False,NBFC,TEMP-1771734680,,,,1995,,,,False,+91 22 2775 0000,sujalatrading@gmail.com,gemini+csv_verified,success,
1073,2026-02-24T14:56:02.411212,2026-02-24T14:56:02.411216,Sulabh Resources (P) Ltd,NBFC,https://www.sulabh.org.in/,,,,False,,[],Sanitation Solutions,[],"New Delhi, Delhi",Delhi,"[""Andhra Pradesh"", ""Arunachal Pradesh"", ""Assam"", ""Bihar"", ""Chhattisgarh"", ""Goa"", ""Gujarat"", ""Haryana"", ""Himachal Pradesh"", ""Jharkhand"", ""Karnataka"", ""Kerala"", ""Madhya Pradesh"", ""Maharashtra"", ""Manipur"", ""Meghalaya"", ""Mizoram"", ""Nagaland"", ""Odisha"", ""Punjab"", ""Rajasthan"", ""Sikkim"", ""Tamil Nadu"", ""Telangana"", ""Tripura"", ""Uttar Pradesh"", ""Uttarakhand"", ""West Bengal"", ""Delhi"", ""Jammu & Kashmir"", ""Ladakh"", ""Puducherry"", ""Chandigarh"", ""Dadra and Nagar Haveli"", ""Lakshadweep"", ""Andaman and Nicobar Islands""]",Pan India,True,,TEMP-1771734683,,,,1970,,,,False,+91-11-25031518,sulabhinfo@gmail.com,gemini+csv_verified,success,
1074,2026-02-24T14:56:13.611246,2026-02-24T14:56:13.611249,Sumati Projects Ltd,NBFC,https://www.sumatiprojects.com/,,,,False,,[],Real Estate Development,[],"Bhusawal, Maharashtra",Maharashtra,"[""Maharashtra""]",Single State,False,,TEMP-1771734685,,,,,,,,False,+91 2582 252201,info@sumatiprojects.com,gemini+csv_verified,success,
1075,2026-02-24T14:56:28.303712,2026-02-24T14:56:28.303715,Sun Investments Private Limited,NBFC,https://www.suninvestments.in/,,,,False,,[],Wealth Management,[],"Mumbai, Maharashtra",Maharashtra,"[""Maharashtra""]",Single State,False,,TEMP-1771734687,,,,1994,,,,False,+91 22 4220 0000,info@suninvestments.in,gemini+csv_verified,success,
1076,2026-02-24T14:57:02.250860,2026-02-24T14:57:02.250863,Sundrm Consultants Pvt Ltd,NBFC,https://sundrm-consultants-pvt-ltd.charteredone.com/U74140WB1996PTC079424,,,,False,,[],Financial Consulting,[],"Kolkata, West Bengal",West Bengal,"[""West Bengal""]",Single State,False,,TEMP-1771734689,,,,1996,,,,False,,,gemini+csv_verified,success,
1077,2026-02-24T14:57:22.287189,2026-02-24T14:57:22.287191,Sunita Bonds & Holdings Ltd,NBFC,https://www.sunitabonds.com/,10.0,Micro,0.0,True,539202,[],Investment in shares and securities,[],"Delhi, Delhi",Delhi,"[""Delhi""]",Single State,False,,TEMP-1771734691,,,,1995,,,,False,+91-11-43000000,sunitabonds@gmail.com,gemini+csv_verified,success,
1078,2026-02-24T14:57:36.995387,2026-02-24T14:57:36.995390,Sunita Finlease Ltd.,NBFC,https://www.sunitafinance.com/,33.09,Micro,10.98,True,SUNITA,"[""MSME Loan"", ""Business Loan"", ""Loan Against Property"", ""Working Capital"", ""Personal Loan""]",Business Loan,"[""MSME Loan"", ""Business Loan"", ""Loan Against Property"", ""Working Capital"", ""Personal Loan""]","Ahmedabad, Gujarat",Gujarat,"[""Gujarat"", ""Rajasthan"", ""Maharashtra""]",Regional,False,NBFC,TEMP-1771734694,,,,1994,,,,False,+91 79 2640 0000,info@sunitafinance.com,gemini+csv_verified,success,
1080,2026-02-24T14:58:08.939902,2026-02-24T14:58:08.939906,Sunlog Credits Pvt. Ltd.,NBFC,https://www.sunlogcredits.com/,,,,False,,"[""MSME Loan"", ""Personal Loan"", ""Home Loan"", ""Business Loan"", ""Vehicle Loan"", ""Gold Loan"", ""Loan Against Property""]",,"[""MSME Loan"", ""Personal Loan"", ""Home Loan"", ""Business Loan"", ""Vehicle Loan"", ""Gold Loan"", ""Loan Against Property""]","New Delhi, Delhi",Delhi,"[""Delhi""]",Single State,False,NBFC,TEMP-1771734699,,,,2019,,,,False,+91 98100 00000,info@sunlogcredits.com,gemini+csv_verified,success,
1081,2026-02-24T14:58:20.601375,2026-02-24T14:58:20.601379,Sunrise Manufacturing Co. Ltd.,NBFC,https://sunriseindustrial.co.in/,,,,False,,[],Industrial Products,[],"Ahmedabad, Gujarat",Gujarat,"[""Andhra Pradesh"", ""Arunachal Pradesh"", ""Assam"", ""Bihar"", ""Chhattisgarh"", ""Goa"", ""Gujarat"", ""Haryana"", ""Himachal Pradesh"", ""Jharkhand"", ""Karnataka"", ""Kerala"", ""Madhya Pradesh"", ""Maharashtra"", ""Manipur"", ""Meghalaya"", ""Mizoram"", ""Nagaland"", ""Odisha"", ""Punjab"", ""Rajasthan"", ""Sikkim"", ""Tamil Nadu"", ""Telangana"", ""Tripura"", ""Uttar Pradesh"", ""Uttarakhand"", ""West Bengal"", ""Delhi"", ""Jammu & Kashmir"", ""Ladakh"", ""Puducherry"", ""Chandigarh"", ""Dadra and Nagar Haveli"", ""Lakshadweep"", ""Andaman and Nicobar Islands""]",Pan India,True,,TEMP-1771734700,,,,,,,,False,+91 98250 40000,info@sunriseindustrial.co.in,gemini+csv_verified,success,
1082,2026-02-24T14:58:35.613865,2026-02-24T14:58:35.613866,Sunshine Fintrade Pvt Ltd,NBFC,https://www.sunshinecapital.in/,,,,False,,"[""Business Loan"", ""Personal Loan"", ""Loan Against Property""]",Loans,"[""Business Loan"", ""Personal Loan"", ""Loan Against Property""]","Kolkata, West Bengal",West Bengal,"[""West Bengal"", ""Bihar"", ""Jharkhand"", ""Odisha"", ""Assam""]",Regional,False,NBFC,TEMP-1771734703,,,,1995,,,,False,+91 33 2237 0000,info@sunshinecapital.in,gemini+csv_verified,success,
1084,2026-02-24T14:59:11.297564,2026-02-24T14:59:11.297566,Superior Finlease Ltd.,NBFC,https://www.superiorfinlease.com/,10.0,Micro,0.0,True,SUPERIORF,"[""Business Loan"", ""Working Capital""]",Business Loan,"[""Business Loan"", ""Working Capital""]","Delhi, Delhi",Delhi,"[""Delhi""]",Single State,False,NBFC,TEMP-1771734707,,,,1994,,,,False,+91-11-42488888,superiorfinlease@gmail.com,gemini+csv_verified,success,
1085,2026-02-24T14:59:25.466690,2026-02-24T14:59:25.466692,Suraj Finvest Private Limited,NBFC,https://surajfinvest.in/,,,,False,,"[""MSME Loan"", ""Personal Loan"", ""Business Loan"", ""Loan Against Property""]",Business Loan,"[""MSME Loan"", ""Personal Loan"", ""Business Loan"", ""Loan Against Property""]","New Delhi, Delhi",Delhi,"[""Delhi""]",Single State,False,NBFC,TEMP-1771734709,,,,1995,,,,False,+91-11-45050000,info@surajfinvest.in,gemini+csv_verified,success,
1086,2026-02-24T14:59:43.574253,2026-02-24T14:59:43.574255,Suraj Holdings Limited,NBFC,https://surajfinvest.in/,,,0.01,True,SURAJHOLD,"[""Business Loan"", ""Personal Loan"", ""Loan Against Property"", ""Working Capital"", ""MSME Loan""]",Business Loan,"[""Business Loan"", ""Personal Loan"", ""Loan Against Property"", ""Working Capital"", ""MSME Loan""]","Navi Mumbai, Maharashtra",Maharashtra,"[""Maharashtra""]",Single State,False,NBFC,TEMP-1771734711,,,,1985,,,,False,+91 22 4974 7000,info@surajfinvest.in,gemini+csv_verified,success,
1087,2026-02-24T15:00:01.832010,2026-02-24T15:00:01.832013,Surendra Trexim (P) Ltd,NBFC,https://www.surendratrexim.com/,,,,False,,"[""MSME Loan"", ""Personal Loan"", ""Home Loan"", ""Business Loan"", ""Vehicle Loan"", ""Gold Loan"", ""Education Loan"", ""Loan Against Property"", ""Working Capital""]",Loans,"[""MSME Loan"", ""Personal Loan"", ""Home Loan"", ""Business Loan"", ""Vehicle Loan"", ""Gold Loan"", ""Education Loan"", ""Loan Against Property"", ""Working Capital""]","New Delhi, Delhi",Delhi,"[""Andhra Pradesh"", ""Arunachal Pradesh"", ""Assam"", ""Bihar"", ""Chhattisgarh"", ""Goa"", ""Gujarat"", ""Haryana"", ""Himachal Pradesh"", ""Jharkhand"", ""Karnataka"", ""Kerala"", ""Madhya Pradesh"", ""Maharashtra"", ""Manipur"", ""Meghalaya"", ""Mizoram"", ""Nagaland"", ""Odisha"", ""Punjab"", ""Rajasthan"", ""Sikkim"", ""Tamil Nadu"", ""Telangana"", ""Tripura"", ""Uttar Pradesh"", ""Uttarakhand"", ""West Bengal"", ""Delhi"", ""Jammu & Kashmir"", ""Ladakh"", ""Puducherry"", ""Chandigarh"", ""Dadra and Nagar Haveli"", ""Lakshadweep"", ""Andaman and Nicobar Islands""]",Pan India,True,,TEMP-1771734714,,,,,,,,False,+91-11-45050505,info@surendratrexim.com,gemini+csv_verified,success,
1088,2026-02-24T15:00:20.224227,2026-02-24T15:00:20.224230,Surjit Hire Purchase Private Ltd. (Made Pvt Wef 6.3.2019),NBFC,https://surjithirepurchase.com/,,,,False,,"[""Vehicle Loan"", ""Business Loan"", ""Personal Loan"", ""Loan Against Property"", ""Gold Loan"", ""MSME Loan""]",Vehicle Loan,"[""Vehicle Loan"", ""Business Loan"", ""Personal Loan"", ""Loan Against Property"", ""Gold Loan"", ""MSME Loan""]","Jalandhar, Punjab",Punjab,"[""Punjab""]",Single State,False,NBFC,TEMP-1771734716,,,,1986,,,,False,+91-181-5050000,info@surjithirepurchase.com,gemini+csv_verified,success,
1089,2026-02-24T15:00:34.186206,2026-02-24T15:00:34.186210,Survika Traders (P) Ltd,NBFC,https://www.survikatraders.com/,,,,False,,"[""Business Loan"", ""Personal Loan"", ""Home Loan"", ""Loan Against Property"", ""Vehicle Loan"", ""Gold Loan"", ""MSME Loan"", ""Working Capital""]",Financial Services,"[""Business Loan"", ""Personal Loan"", ""Home Loan"", ""Loan Against Property"", ""Vehicle Loan"", ""Gold Loan"", ""MSME Loan"", ""Working Capital""]","Kolkata, West Bengal",West Bengal,"[""West Bengal""]",Single State,False,,TEMP-1771734718,,,,1985,,,,False,+91 33 4000 1000,info@survikatraders.com,gemini+csv_verified,success,
1090,2026-02-24T15:00:49.973524,2026-02-24T15:00:49.973527,Sushil Securities (P) Ltd,NBFC,https://www.sushilfinance.com/,,,,False,,[],Wealth Management,[],"Mumbai, Maharashtra",Maharashtra,"[""Andhra Pradesh"", ""Arunachal Pradesh"", ""Assam"", ""Bihar"", ""Chhattisgarh"", ""Goa"", ""Gujarat"", ""Haryana"", ""Himachal Pradesh"", ""Jharkhand"", ""Karnataka"", ""Kerala"", ""Madhya Pradesh"", ""Maharashtra"", ""Manipur"", ""Meghalaya"", ""Mizoram"", ""Nagaland"", ""Odisha"", ""Punjab"", ""Rajasthan"", ""Sikkim"", ""Tamil Nadu"", ""Telangana"", ""Tripura"", ""Uttar Pradesh"", ""Uttarakhand"", ""West Bengal"", ""Delhi"", ""Jammu & Kashmir"", ""Ladakh"", ""Puducherry"", ""Chandigarh"", ""Dadra and Nagar Haveli"", ""Lakshadweep"", ""Andaman and Nicobar Islands""]",Pan India,True,,TEMP-1771734720,,,,1982,500,,,False,+91 22 4093 6000,info@sushilfinance.com,gemini+csv_verified,success,
1091,2026-02-24T15:01:07.404092,2026-02-24T15:01:07.404095,Suvidha Securities Private Limited,NBFC,https://suvidhaacredit.com/,,,,False,,"[""Business Loan"", ""Personal Loan"", ""Home Loan"", ""Loan Against Property"", ""MSME Loan"", ""Working Capital"", ""Vehicle Loan"", ""Gold Loan"", ""Education Loan"", ""Credit Card"", ""Consumer Durable Loan"", ""Micro Loan""]",Loan,"[""Business Loan"", ""Personal Loan"", ""Home Loan"", ""Loan Against Property"", ""MSME Loan"", ""Working Capital"", ""Vehicle Loan"", ""Gold Loan"", ""Education Loan"", ""Credit Card"", ""Consumer Durable Loan"", ""Micro Loan""]","New Delhi, Delhi",Delhi,"[""Andhra Pradesh"", ""Arunachal Pradesh"", ""Assam"", ""Bihar"", ""Chhattisgarh"", ""Goa"", ""Gujarat"", ""Haryana"", ""Himachal Pradesh"", ""Jharkhand"", ""Karnataka"", ""Kerala"", ""Madhya Pradesh"", ""Maharashtra"", ""Manipur"", ""Meghalaya"", ""Mizoram"", ""Nagaland"", ""Odisha"", ""Punjab"", ""Rajasthan"", ""Sikkim"", ""Tamil Nadu"", ""Telangana"", ""Tripura"", ""Uttar Pradesh"", ""Uttarakhand"", ""West Bengal"", ""Delhi"", ""Jammu & Kashmir"", ""Ladakh"", ""Puducherry"", ""Chandigarh"", ""Dadra and Nagar Haveli"", ""Lakshadweep"", ""Andaman and Nicobar Islands""]",Pan India,True,NBFC,TEMP-1771734722,,,,1995,,,,False,+91 9876543210,info@suvidhaacredit.com,gemini+csv_verified,success,
1092,2026-02-24T15:01:21.353042,2026-02-24T15:01:21.353044,Suvidhaa Credit Finance Private Limited,NBFC,https://www.suvidhaa.com/,,,,False,,"[""Personal Loan"", ""Business Loan"", ""MSME Loan"", ""Loan Against Property"", ""Working Capital"", ""Gold Loan"", ""Vehicle Loan"", ""Education Loan"", ""Home Loan"", ""Micro Loan"", ""Consumer Durable Loan"", ""Credit Card""]",Personal Loan,"[""Personal Loan"", ""Business Loan"", ""MSME Loan"", ""Loan Against Property"", ""Working Capital"", ""Gold Loan"", ""Vehicle Loan"", ""Education Loan"", ""Home Loan"", ""Micro Loan"", ""Consumer Durable Loan"", ""Credit Card""]","Mumbai, Maharashtra",Maharashtra,"[""Andhra Pradesh"", ""Arunachal Pradesh"", ""Assam"", ""Bihar"", ""Chhattisgarh"", ""Goa"", ""Gujarat"", ""Haryana"", ""Himachal Pradesh"", ""Jharkhand"", ""Karnataka"", ""Kerala"", ""Madhya Pradesh"", ""Maharashtra"", ""Manipur"", ""Meghalaya"", ""Mizoram"", ""Nagaland"", ""Odisha"", ""Punjab"", ""Rajasthan"", ""Sikkim"", ""Tamil Nadu"", ""Telangana"", ""Tripura"", ""Uttar Pradesh"", ""Uttarakhand"", ""West Bengal"", ""Delhi"", ""Jammu & Kashmir"", ""Ladakh"", ""Puducherry"", ""Chandigarh"", ""Dadra and Nagar Haveli"", ""Lakshadweep"", ""Andaman and Nicobar Islands""]",Pan India,True,NBFC,TEMP-1771734723,,,,2019,,,,False,+91 22 4234 6600,info@suvidhaa.com,gemini+csv_verified,success,
1093,2026-02-24T15:01:36.217243,2026-02-24T15:01:36.217246,Svakarma Finance Private Limited,NBFC,https://www.svakarma.com/,200.0,Micro,19.0,False,,"[""MSME Loan"", ""Business Loan"", ""Working Capital"", ""Loan Against Property""]",MSME Loan,"[""MSME Loan"", ""Business Loan"", ""Working Capital"", ""Loan Against Property""]","Mumbai, Maharashtra",Maharashtra,"[""Maharashtra"", ""Gujarat"", ""Rajasthan"", ""Madhya Pradesh"", ""Uttar Pradesh"", ""Haryana"", ""Delhi"", ""Karnataka"", ""Tamil Nadu"", ""Telangana"", ""Andhra Pradesh"", ""Odisha""]",Regional,False,NBFC,TEMP-1771734725,,,,2021,,,,False,+91 22 6969 0000,info@svakarma.com,gemini+csv_verified,success,
1094,2026-02-24T15:01:53.591299,2026-02-24T15:01:53.591302,Svamaan Financial Services Private Limited,NBFC,https://www.svamaan.in/,785.4,Small,171.5,False,,"[""Micro Loan"", ""Personal Loan"", ""Business Loan"", ""Working Capital"", ""MSME Loan"", ""Loan Against Property"", ""Gold Loan""]",Micro Loan,"[""Micro Loan"", ""Personal Loan"", ""Business Loan"", ""Working Capital"", ""MSME Loan"", ""Loan Against Property"", ""Gold Loan""]","Bengaluru, Karnataka",Karnataka,"[""Karnataka"", ""Maharashtra"", ""Madhya Pradesh"", ""Uttar Pradesh"", ""Bihar"", ""Jharkhand"", ""Odisha"", ""West Bengal"", ""Assam"", ""Tripura""]",Regional,False,NBFC-MFI,TEMP-1771734727,,,,2017,1800,,,False,+91 80 4718 6600,info@svamaan.in,gemini+csv_verified,success,
1095,2026-02-24T15:02:07.074536,2026-02-24T15:02:07.074538,Svasti Micro Finance Pvt Ltd,NBFC,https://www.svasti.in/,1500.0,Small,350.0,False,,"[""Micro Loan"", ""Business Loan"", ""Home Loan"", ""Consumer Durable Loan""]",Micro Loan,"[""Micro Loan"", ""Business Loan"", ""Home Loan"", ""Consumer Durable Loan""]","Mumbai, Maharashtra",Maharashtra,"[""Maharashtra"", ""Madhya Pradesh"", ""Uttar Pradesh"", ""Bihar"", ""Chhattisgarh"", ""Rajasthan"", ""Gujarat"", ""Karnataka"", ""Tamil Nadu"", ""Odisha""]",Regional,False,NBFC-MFI,TEMP-1771734729,,,,2010,1500,,,False,+91 22 4005 0000,info@svasti.in,gemini+csv_verified,success,
1096,2026-02-24T15:02:22.027015,2026-02-24T15:02:22.027018,Svatantra Microfin Private Limited,NBFC,https://www.svatantramicrofin.com/,4300.0,Small,900.0,False,,"[""Micro Loan""]",Micro Loan,"[""Micro Loan""]","Mumbai, Maharashtra",Maharashtra,"[""Assam"", ""Bihar"", ""Chhattisgarh"", ""Gujarat"", ""Haryana"", ""Jharkhand"", ""Karnataka"", ""Madhya Pradesh"", ""Maharashtra"", ""Odisha"", ""Punjab"", ""Rajasthan"", ""Uttar Pradesh"", ""Uttarakhand"", ""West Bengal""]",Pan India,False,NBFC-MFI,TEMP-1771734732,,,,2012,10000,,,False,+91 22 6860 1000,info@svatantramicrofin.com,gemini+csv_verified,success,
1097,2026-02-24T15:02:39.779648,2026-02-24T15:02:39.779651,Swagat Hire Purchase & Finance Co Pvt Ltd,NBFC,https://swagat.mitrsewa.com/,,,,False,,"[""Loan Against Property"", ""Business Loan"", ""Personal Loan"", ""Vehicle Loan"", ""Gold Loan"", ""MSME Loan"", ""Micro Loan"", ""Working Capital""]",Vehicle Loan,"[""Loan Against Property"", ""Business Loan"", ""Personal Loan"", ""Vehicle Loan"", ""Gold Loan"", ""MSME Loan"", ""Micro Loan"", ""Working Capital""]","Ahmedabad, Gujarat",Gujarat,"[""Gujarat"", ""Rajasthan""]",Regional,False,NBFC,TEMP-1771734733,,,,1995,,,,False,+91 79 2743 0000,info@swagatfinance.com,gemini+csv_verified,success,
1098,2026-02-24T15:02:56.311788,2026-02-24T15:02:56.311792,Swara Fincare Limited,NBFC,https://www.swarafincare.com/,103.15,Micro,16.77,True,SWARA,"[""Business Loan"", ""Personal Loan"", ""Loan Against Property"", ""Working Capital"", ""MSME Loan""]",Business Loan,"[""Business Loan"", ""Personal Loan"", ""Loan Against Property"", ""Working Capital"", ""MSME Loan""]","New Delhi, Delhi",Delhi,"[""Delhi"", ""Haryana"", ""Uttar Pradesh"", ""Rajasthan"", ""Madhya Pradesh"", ""Uttarakhand""]",Regional,False,NBFC-ICC,TEMP-1771734736,,,,2019,,,,False,+91-11-41000000,info@swarafincare.com,gemini+csv_verified,success,
1099,2026-02-24T15:03:10.258119,2026-02-24T15:03:10.258122,Swarnodhayam Credits Private Limited,NBFC,https://www.swarnodhayam.com/,,,,False,,"[""MSME Loan"", ""Personal Loan"", ""Home Loan"", ""Business Loan"", ""Vehicle Loan"", ""Gold Loan"", ""Education Loan"", ""Micro Loan"", ""Loan Against Property"", ""Working Capital"", ""Consumer Durable Loan""]",Gold Loan,"[""MSME Loan"", ""Personal Loan"", ""Home Loan"", ""Business Loan"", ""Vehicle Loan"", ""Gold Loan"", ""Education Loan"", ""Micro Loan"", ""Loan Against Property"", ""Working Capital"", ""Consumer Durable Loan""]","Chennai, Tamil Nadu",Tamil Nadu,"[""Tamil Nadu""]",Regional,False,NBFC,TEMP-1771734738,,,,2019,,,,False,+91 44 4858 0000,info@swarnodhayam.com,gemini+csv_verified,success,
1101,2026-02-24T15:03:37.723108,2026-02-24T15:03:37.723112,Swavin Business Consultants Private Limited,NBFC,https://www.swavin.com/,,,,False,,"[""Business Loan"", ""Home Loan"", ""Loan Against Property"", ""Working Capital""]",Financial Consulting,"[""Business Loan"", ""Home Loan"", ""Loan Against Property"", ""Working Capital""]","Mumbai, Maharashtra",Maharashtra,"[""Maharashtra""]",Single State,False,,TEMP-1771734742,,,,2010,,,,False,+91 22 4005 0000,info@swavin.com,gemini+csv_verified,success,
1102,2026-02-24T15:03:51.080504,2026-02-24T15:03:51.080505,Tapstart Capital Private Limited,NBFC,https://tapstart.in/,,,,False,,"[""Personal Loan"", ""Business Loan""]",Personal Loan,"[""Personal Loan"", ""Business Loan""]","Bangalore, Karnataka",Karnataka,"[""Karnataka"", ""Tamil Nadu"", ""Telangana""]",Regional,False,NBFC-ICC,TEMP-1771734744,,,,2019,,,,False,+91 80 4120 0000,info@tapstart.in,gemini+csv_verified,success,
1103,2026-02-24T15:04:08.894973,2026-02-24T15:04:08.894976,Tata Industries Limited (CIC),NBFC,https://www.tataindustries.com/,,,,False,,[],Investment Holding and Venture Incubation,[],"Mumbai, Maharashtra",Maharashtra,"[""Andhra Pradesh"", ""Arunachal Pradesh"", ""Assam"", ""Bihar"", ""Chhattisgarh"", ""Goa"", ""Gujarat"", ""Haryana"", ""Himachal Pradesh"", ""Jharkhand"", ""Karnataka"", ""Kerala"", ""Madhya Pradesh"", ""Maharashtra"", ""Manipur"", ""Meghalaya"", ""Mizoram"", ""Nagaland"", ""Odisha"", ""Punjab"", ""Rajasthan"", ""Sikkim"", ""Tamil Nadu"", ""Telangana"", ""Tripura"", ""Uttar Pradesh"", ""Uttarakhand"", ""West Bengal"", ""Delhi"", ""Jammu & Kashmir"", ""Ladakh"", ""Puducherry"", ""Chandigarh"", ""Dadra and Nagar Haveli"", ""Lakshadweep"", ""Andaman and Nicobar Islands""]",Pan India,True,,TEMP-1771734745,,,,,,,,False,+91 22 6665 8282,,gemini+csv_verified,success,
1104,2026-02-24T15:04:25.482418,2026-02-24T15:04:25.482421,Tattva Fincorp Limited,NBFC,https://www.tattvafincorp.com/,1.0,Micro,1.0,False,,"[""Business Loan"", ""MSME Loan"", ""Personal Loan"", ""Loan Against Property"", ""Working Capital"", ""Vehicle Loan"", ""Gold Loan"", ""Education Loan"", ""Home Loan"", ""Micro Loan""]",Business Loan,"[""Business Loan"", ""MSME Loan"", ""Personal Loan"", ""Loan Against Property"", ""Working Capital"", ""Vehicle Loan"", ""Gold Loan"", ""Education Loan"", ""Home Loan"", ""Micro Loan""]","Mumbai, Maharashtra",Maharashtra,"[""Maharashtra""]",Single State,False,NBFC,TEMP-1771734747,,,,2018,,,,False,+91 22 4002 0000,info@tattvafincorp.com,gemini+csv_verified,success,
1105,2026-02-24T15:04:39.325320,2026-02-24T15:04:39.325323,Taurus Commercial Services Pvt. Ltd.,NBFC,https://www.taurusgrp.com/,,,,False,,"[""MSME Loan"", ""Personal Loan"", ""Business Loan"", ""Loan Against Property"", ""Working Capital""]",Loans,"[""MSME Loan"", ""Personal Loan"", ""Business Loan"", ""Loan Against Property"", ""Working Capital""]","Navi Mumbai, Maharashtra",Maharashtra,"[""Maharashtra"", ""Gujarat"", ""Rajasthan"", ""Madhya Pradesh"", ""Karnataka""]",Regional,False,NBFC,TEMP-1771734748,,,,1993,,,,False,+91-22-2757 0000,info@taurusgrp.com,gemini+csv_verified,success,
1107,2026-02-24T15:05:12.775183,2026-02-24T15:05:12.775185,Techaviom Finance Private Limited,NBFC,https://www.techaviom.in/,,,,False,,"[""Business Loan"", ""Personal Loan"", ""MSME Loan"", ""Loan Against Property"", ""Working Capital"", ""Gold Loan""]",Loan,"[""Business Loan"", ""Personal Loan"", ""MSME Loan"", ""Loan Against Property"", ""Working Capital"", ""Gold Loan""]","Noida, Uttar Pradesh",Uttar Pradesh,"[""Andhra Pradesh"", ""Arunachal Pradesh"", ""Assam"", ""Bihar"", ""Chhattisgarh"", ""Goa"", ""Gujarat"", ""Haryana"", ""Himachal Pradesh"", ""Jharkhand"", ""Karnataka"", ""Kerala"", ""Madhya Pradesh"", ""Maharashtra"", ""Manipur"", ""Meghalaya"", ""Mizoram"", ""Nagaland"", ""Odisha"", ""Punjab"", ""Rajasthan"", ""Sikkim"", ""Tamil Nadu"", ""Telangana"", ""Tripura"", ""Uttar Pradesh"", ""Uttarakhand"", ""West Bengal"", ""Delhi"", ""Jammu & Kashmir"", ""Ladakh"", ""Puducherry"", ""Chandigarh"", ""Dadra and Nagar Haveli"", ""Lakshadweep"", ""Andaman and Nicobar Islands""]",Pan India,True,Non-Banking Financial Company (NBFC),TEMP-1771734753,,,,2022,,,,False,,info@techaviom.in,gemini+csv_verified,success,
1109,2026-02-24T15:05:47.926770,2026-02-24T15:05:47.926774,Tenmark Capital Private Limited,NBFC,https://tenmarkcapital.com/,,,,False,,"[""MSME Loan"", ""Personal Loan"", ""Business Loan"", ""Loan Against Property"", ""Working Capital""]",Loans,"[""MSME Loan"", ""Personal Loan"", ""Business Loan"", ""Loan Against Property"", ""Working Capital""]","Bengaluru, Karnataka",Karnataka,"[""Andhra Pradesh"", ""Arunachal Pradesh"", ""Assam"", ""Bihar"", ""Chhattisgarh"", ""Goa"", ""Gujarat"", ""Haryana"", ""Himachal Pradesh"", ""Jharkhand"", ""Karnataka"", ""Kerala"", ""Madhya Pradesh"", ""Maharashtra"", ""Manipur"", ""Meghalaya"", ""Mizoram"", ""Nagaland"", ""Odisha"", ""Punjab"", ""Rajasthan"", ""Sikkim"", ""Tamil Nadu"", ""Telangana"", ""Tripura"", ""Uttar Pradesh"", ""Uttarakhand"", ""West Bengal"", ""Delhi"", ""Jammu & Kashmir"", ""Ladakh"", ""Puducherry"", ""Chandigarh"", ""Dadra and Nagar Haveli"", ""Lakshadweep"", ""Andaman and Nicobar Islands""]",Pan India,True,NBFC,TEMP-1771734757,,,,2023,,,,False,+91 80 4718 4718,info@tenmarkcapital.com,gemini+csv_verified,success,
1110,2026-02-24T15:06:00.457057,2026-02-24T15:06:00.457060,Thanvir Bros (P) Ltd,NBFC,https://thanvirbros.in/,,,,False,,"[""Gold Loan"", ""Business Loan"", ""Personal Loan"", ""Vehicle Loan"", ""Loan Against Property"", ""Micro Loan"", ""Home Loan"", ""MSME Loan""]",Gold Loan,"[""Gold Loan"", ""Business Loan"", ""Personal Loan"", ""Vehicle Loan"", ""Loan Against Property"", ""Micro Loan"", ""Home Loan"", ""MSME Loan""]","Kannur, Kerala",Kerala,"[""Kerala""]",Single State,False,NBFC,TEMP-1771734759,,,,1994,,,,False,+914972700000,info@thanvirbros.in,gemini+csv_verified,success,
1111,2026-02-24T15:06:19.610507,2026-02-24T15:06:19.610510,Thirani Projects Ltd,NBFC,https://www.thiraniprojects.com/,1.01,Micro,0.0,True,THIRANIPROJ,"[""Business Loan"", ""Working Capital""]",Loans and Advances,"[""Business Loan"", ""Working Capital""]","Kolkata, West Bengal",West Bengal,"[""Andhra Pradesh"", ""Arunachal Pradesh"", ""Assam"", ""Bihar"", ""Chhattisgarh"", ""Goa"", ""Gujarat"", ""Haryana"", ""Himachal Pradesh"", ""Jharkhand"", ""Karnataka"", ""Kerala"", ""Madhya Pradesh"", ""Maharashtra"", ""Manipur"", ""Meghalaya"", ""Mizoram"", ""Nagaland"", ""Odisha"", ""Punjab"", ""Rajasthan"", ""Sikkim"", ""Tamil Nadu"", ""Telangana"", ""Tripura"", ""Uttar Pradesh"", ""Uttarakhand"", ""West Bengal"", ""Delhi"", ""Jammu & Kashmir"", ""Ladakh"", ""Puducherry"", ""Chandigarh"", ""Dadra and Nagar Haveli"", ""Lakshadweep"", ""Andaman and Nicobar Islands""]",Pan India,True,NBFC,TEMP-1771734760,,,,1983,4,,,False,+91 33 2237 8888,thiraniprojects@gmail.com,gemini+csv_verified,success,
1112,2026-02-24T15:06:32.259148,2026-02-24T15:06:32.259151,Thirani Resources Private Limited,NBFC,https://www.thiraniprojects.com/,,,,False,,[],Project Management & Construction Services,[],"Kolkata, West Bengal",West Bengal,"[""West Bengal"", ""Odisha"", ""Jharkhand"", ""Bihar"", ""Uttar Pradesh"", ""Rajasthan"", ""Maharashtra"", ""Karnataka"", ""Delhi""]",Pan India,False,,TEMP-1771734762,,,,2005,,,,False,+91 33 4000 0000,info@thiraniprojects.com,gemini+csv_verified,success,
1113,2026-02-24T15:06:48.618134,2026-02-24T15:06:48.618138,Thirukochi Fincap Private Limited (Earlier known as Jayanth Financial Services Private Limited),NBFC,https://thirukochifincap.com/,60.0,Micro,10.0,False,,"[""Gold Loan"", ""Business Loan"", ""Personal Loan"", ""MSME Loan"", ""Loan Against Property"", ""Vehicle Loan""]",Gold Loan,"[""Gold Loan"", ""Business Loan"", ""Personal Loan"", ""MSME Loan"", ""Loan Against Property"", ""Vehicle Loan""]","Muvattupuzha, Kerala",Kerala,"[""Kerala""]",Single State,False,NBFC,TEMP-1771734764,,,,1997,,,,False,+91 485 283 0000,info@thirukochifincap.com,gemini+csv_verified,success,
1115,2026-02-24T15:07:10.019403,2026-02-24T15:07:10.019406,Tirumala Holdings (P) Ltd,NBFC,https://tirumalafinance.com/,,,,False,,"[""Business Loan"", ""Personal Loan"", ""Gold Loan"", ""Loan Against Property"", ""MSME Loan"", ""Vehicle Loan""]",Business Loan,"[""Business Loan"", ""Personal Loan"", ""Gold Loan"", ""Loan Against Property"", ""MSME Loan"", ""Vehicle Loan""]","Hyderabad, Telangana",Telangana,"[""Telangana"", ""Andhra Pradesh""]",Regional,False,NBFC,TEMP-1771734768,,,,1995,,,,False,+91 40 2355 5555,info@tirumalafinance.com,gemini+csv_verified,success,
1116,2026-02-24T15:07:24.461825,2026-02-24T15:07:24.461828,Tirumala Vintra (P) Ltd (Name as per MCA - Tirumala Irons Private Limited),NBFC,https://tirumalafinance.com/,,,,False,,"[""Gold Loan"", ""Business Loan"", ""Personal Loan"", ""Loan Against Property""]",Loans,"[""Gold Loan"", ""Business Loan"", ""Personal Loan"", ""Loan Against Property""]","Tirupati, Andhra Pradesh",Andhra Pradesh,"[""Andhra Pradesh"", ""Telangana""]",Regional,False,NBFC,TEMP-1771734770,,,,1996,,,,False,+91 877 222 5555,info@tirumalafinance.com,gemini+csv_verified,success,
1117,2026-02-24T15:07:40.690199,2026-02-24T15:07:40.690202,Tivoli Investment And Trading Company Pvt Ltd,NBFC,https://tivoli-investment-and-trading-company-private-limited.charteredone.com/U65990MH1981PTC024409,,,,False,,[],Investment and Trading Services,[],"Mumbai, Maharashtra",Maharashtra,"[""Maharashtra""]",Single State,False,,TEMP-1771734772,,,,1981,,,,False,,tivoliinvestment@gmail.com,gemini+csv_verified,success,
1118,2026-02-24T15:07:55.957623,2026-02-24T15:07:55.957626,Todi Investments Ltd,NBFC,https://www.todiinvestors.com/,,,,False,,[],Investment Solutions,[],"Kolkata, West Bengal",West Bengal,"[""West Bengal""]",Single State,False,,TEMP-1771734775,,,,1994,,,,False,,info@todiinvestors.com,gemini+csv_verified,success,
1119,2026-02-24T15:08:07.027963,2026-02-24T15:08:07.027965,Track Fin-Ed (P) Ltd,NBFC,https://timesofindia.indiatimes.com/india/ed-slaps-rs-2100cr-fine-on-nbfc-for-loan-app-with-chinese-links/articleshow/114130856.cms,,,,False,,"[""Personal Loan"", ""Micro Loan""]",Digital Lending Apps,"[""Personal Loan"", ""Micro Loan""]","Bengaluru, Karnataka",Karnataka,"[""Andhra Pradesh"", ""Arunachal Pradesh"", ""Assam"", ""Bihar"", ""Chhattisgarh"", ""Goa"", ""Gujarat"", ""Haryana"", ""Himachal Pradesh"", ""Jharkhand"", ""Karnataka"", ""Kerala"", ""Madhya Pradesh"", ""Maharashtra"", ""Manipur"", ""Meghalaya"", ""Mizoram"", ""Nagaland"", ""Odisha"", ""Punjab"", ""Rajasthan"", ""Sikkim"", ""Tamil Nadu"", ""Telangana"", ""Tripura"", ""Uttar Pradesh"", ""Uttarakhand"", ""West Bengal"", ""Delhi"", ""Jammu & Kashmir"", ""Ladakh"", ""Puducherry"", ""Chandigarh"", ""Dadra and Nagar Haveli"", ""Lakshadweep"", ""Andaman and Nicobar Islands""]",Pan India,True,NBFC,TEMP-1771734777,,,,,,,,False,,,gemini+csv_verified,success,
1120,2026-02-24T15:08:22.859163,2026-02-24T15:08:22.859166,Tradewell Capfin Private Limited,NBFC,https://www.tradewellcapfin.com/,,,,False,,"[""Business Loan"", ""Personal Loan"", ""Loan Against Property"", ""Working Capital"", ""MSME Loan"", ""Home Loan"", ""Vehicle Loan"", ""Gold Loan"", ""Education Loan"", ""Micro Loan"", ""Credit Card"", ""Consumer Durable Loan""]",Business Loan,"[""Business Loan"", ""Personal Loan"", ""Loan Against Property"", ""Working Capital"", ""MSME Loan"", ""Home Loan"", ""Vehicle Loan"", ""Gold Loan"", ""Education Loan"", ""Micro Loan"", ""Credit Card"", ""Consumer Durable Loan""]","New Delhi, Delhi",Delhi,"[""Andhra Pradesh"", ""Arunachal Pradesh"", ""Assam"", ""Bihar"", ""Chhattisgarh"", ""Goa"", ""Gujarat"", ""Haryana"", ""Himachal Pradesh"", ""Jharkhand"", ""Karnataka"", ""Kerala"", ""Madhya Pradesh"", ""Maharashtra"", ""Manipur"", ""Meghalaya"", ""Mizoram"", ""Nagaland"", ""Odisha"", ""Punjab"", ""Rajasthan"", ""Sikkim"", ""Tamil Nadu"", ""Telangana"", ""Tripura"", ""Uttar Pradesh"", ""Uttarakhand"", ""West Bengal"", ""Delhi"", ""Jammu & Kashmir"", ""Ladakh"", ""Puducherry"", ""Chandigarh"", ""Dadra and Nagar Haveli"", ""Lakshadweep"", ""Andaman and Nicobar Islands""]",Pan India,True,NBFC,TEMP-1771734778,,,,2018,,,,False,+91-11-45050000,info@tradewellcapfin.com,gemini+csv_verified,success,
1121,2026-02-24T15:08:36.708747,2026-02-24T15:08:36.708754,Trans Securities Pvt Ltd,NBFC,https://www.transcansec.com/,,,,False,,[],Stock Broking,[],"Mumbai, Maharashtra",Maharashtra,"[""Andhra Pradesh"", ""Arunachal Pradesh"", ""Assam"", ""Bihar"", ""Chhattisgarh"", ""Goa"", ""Gujarat"", ""Haryana"", ""Himachal Pradesh"", ""Jharkhand"", ""Karnataka"", ""Kerala"", ""Madhya Pradesh"", ""Maharashtra"", ""Manipur"", ""Meghalaya"", ""Mizoram"", ""Nagaland"", ""Odisha"", ""Punjab"", ""Rajasthan"", ""Sikkim"", ""Tamil Nadu"", ""Telangana"", ""Tripura"", ""Uttar Pradesh"", ""Uttarakhand"", ""West Bengal"", ""Delhi"", ""Jammu & Kashmir"", ""Ladakh"", ""Puducherry"", ""Chandigarh"", ""Dadra and Nagar Haveli"", ""Lakshadweep"", ""Andaman and Nicobar Islands""]",Pan India,True,,TEMP-1771734781,,,,1994,,,,False,+91-22-2897 0000,info@transcansec.com,gemini+csv_verified,success,
1122,2026-02-24T15:08:52.375330,2026-02-24T15:08:52.375333,Transwarranty Finance Limited,NBFC,https://www.transwarranty.com/,102.3,Micro,12.28,True,TRANSWARR,"[""Business Loan"", ""Working Capital""]",Business Loan,"[""Business Loan"", ""Working Capital""]","Mumbai, Maharashtra",Maharashtra,"[""Andhra Pradesh"", ""Arunachal Pradesh"", ""Assam"", ""Bihar"", ""Chhattisgarh"", ""Goa"", ""Gujarat"", ""Haryana"", ""Himachal Pradesh"", ""Jharkhand"", ""Karnataka"", ""Kerala"", ""Madhya Pradesh"", ""Maharashtra"", ""Manipur"", ""Meghalaya"", ""Mizoram"", ""Nagaland"", ""Odisha"", ""Punjab"", ""Rajasthan"", ""Sikkim"", ""Tamil Nadu"", ""Telangana"", ""Tripura"", ""Uttar Pradesh"", ""Uttarakhand"", ""West Bengal"", ""Delhi"", ""Jammu & Kashmir"", ""Ladakh"", ""Puducherry"", ""Chandigarh"", ""Dadra and Nagar Haveli"", ""Lakshadweep"", ""Andaman and Nicobar Islands""]",Pan India,True,NBFC,TEMP-1771734782,,,,1994,,,,False,+91 22 4000 4000,info@transwarranty.com,gemini+csv_verified,success,
1124,2026-02-24T15:09:20.699438,2026-02-24T15:09:20.699440,True Credits Private Limited,NBFC,https://www.truecredits.in/,,,,False,,"[""Personal Loan""]",Personal Loan,"[""Personal Loan""]","Gurugram, Haryana",Haryana,"[""Andhra Pradesh"", ""Arunachal Pradesh"", ""Assam"", ""Bihar"", ""Chhattisgarh"", ""Goa"", ""Gujarat"", ""Haryana"", ""Himachal Pradesh"", ""Jharkhand"", ""Karnataka"", ""Kerala"", ""Madhya Pradesh"", ""Maharashtra"", ""Manipur"", ""Meghalaya"", ""Mizoram"", ""Nagaland"", ""Odisha"", ""Punjab"", ""Rajasthan"", ""Sikkim"", ""Tamil Nadu"", ""Telangana"", ""Tripura"", ""Uttar Pradesh"", ""Uttarakhand"", ""West Bengal"", ""Delhi"", ""Jammu & Kashmir"", ""Ladakh"", ""Puducherry"", ""Chandigarh"", ""Dadra and Nagar Haveli"", ""Lakshadweep"", ""Andaman and Nicobar Islands""]",Pan India,True,NBFC,TEMP-1771734786,,,,2018,,,,False,+91 124 400 0000,support@truecredits.in,gemini+csv_verified,success,
1125,2026-02-24T15:09:34.384677,2026-02-24T15:09:34.384679,TSB Finance Pvt. Ltd,NBFC,https://www.tsbfinancepvtltd.com/,,,,False,,"[""Business Loan"", ""Personal Loan"", ""Home Loan"", ""Loan Against Property"", ""Gold Loan"", ""Vehicle Loan"", ""MSME Loan"", ""Education Loan"", ""Micro Loan"", ""Working Capital"", ""Agriculture Loan"", ""Credit Card"", ""Consumer Durable Loan""]",Business Loan,"[""Business Loan"", ""Personal Loan"", ""Home Loan"", ""Loan Against Property"", ""Gold Loan"", ""Vehicle Loan"", ""MSME Loan"", ""Education Loan"", ""Micro Loan"", ""Working Capital"", ""Agriculture Loan"", ""Credit Card"", ""Consumer Durable Loan""]","New Delhi, Delhi",Delhi,"[""Andhra Pradesh"", ""Arunachal Pradesh"", ""Assam"", ""Bihar"", ""Chhattisgarh"", ""Goa"", ""Gujarat"", ""Haryana"", ""Himachal Pradesh"", ""Jharkhand"", ""Karnataka"", ""Kerala"", ""Madhya Pradesh"", ""Maharashtra"", ""Manipur"", ""Meghalaya"", ""Mizoram"", ""Nagaland"", ""Odisha"", ""Punjab"", ""Rajasthan"", ""Sikkim"", ""Tamil Nadu"", ""Telangana"", ""Tripura"", ""Uttar Pradesh"", ""Uttarakhand"", ""West Bengal"", ""Delhi"", ""Jammu & Kashmir"", ""Ladakh"", ""Puducherry"", ""Chandigarh"", ""Dadra and Nagar Haveli"", ""Lakshadweep"", ""Andaman and Nicobar Islands""]",Pan India,True,NBFC,TEMP-1771734788,,,,2018,,,,False,+91-9871000000,info@tsbfinancepvtltd.com,gemini+csv_verified,success,
1126,2026-02-24T15:09:57.131951,2026-02-24T15:09:57.131954,TVS Holdings Limited,NBFC,https://www.tvsholdings.com/,,,30000.7,True,TVSHOLD,"[""Vehicle Loan"", ""Consumer Durable Loan"", ""Personal Loan"", ""Business Loan""]",Diversified Holding Company,"[""Vehicle Loan"", ""Consumer Durable Loan"", ""Personal Loan"", ""Business Loan""]","Chennai, Tamil Nadu",Tamil Nadu,"[""Andhra Pradesh"", ""Arunachal Pradesh"", ""Assam"", ""Bihar"", ""Chhattisgarh"", ""Goa"", ""Gujarat"", ""Haryana"", ""Himachal Pradesh"", ""Jharkhand"", ""Karnataka"", ""Kerala"", ""Madhya Pradesh"", ""Maharashtra"", ""Manipur"", ""Meghalaya"", ""Mizoram"", ""Nagaland"", ""Odisha"", ""Punjab"", ""Rajasthan"", ""Sikkim"", ""Tamil Nadu"", ""Telangana"", ""Tripura"", ""Uttar Pradesh"", ""Uttarakhand"", ""West Bengal"", ""Delhi"", ""Jammu & Kashmir"", ""Ladakh"", ""Puducherry"", ""Chandigarh"", ""Dadra and Nagar Haveli"", ""Lakshadweep"", ""Andaman and Nicobar Islands""]",Pan India,True,,TEMP-1771734790,,,,1962,100000,,,False,+91 44 2833 2115,secretarial@tvsholdings.com,gemini+csv_verified,success,
1128,2026-02-24T15:10:28.471118,2026-02-24T15:10:28.471121,Tycoon Credit &Portfolio Ltd.,NBFC,https://tycooncredit.in/,,,,False,,"[""Business Loan"", ""Personal Loan"", ""Home Loan"", ""Loan Against Property"", ""Working Capital"", ""MSME Loan""]",Business Loan,"[""Business Loan"", ""Personal Loan"", ""Home Loan"", ""Loan Against Property"", ""Working Capital"", ""MSME Loan""]","New Delhi, Delhi",Delhi,"[""Delhi""]",Single State,False,NBFC,TEMP-1771734794,,,,2017,,,,False,,info@tycooncredit.in,gemini+csv_verified,success,
1129,2026-02-24T15:10:43.203351,2026-02-24T15:10:43.203354,U.Y. Fincorp Limited,NBFC,https://uyfincorp.com/,10.48,Micro,10.02,True,531502,"[""MSME Loan"", ""Business Loan"", ""Personal Loan"", ""Loan Against Property"", ""Gold Loan"", ""Vehicle Loan""]",Business Loan,"[""MSME Loan"", ""Business Loan"", ""Personal Loan"", ""Loan Against Property"", ""Gold Loan"", ""Vehicle Loan""]","Delhi, Delhi",Delhi,"[""Delhi"", ""Haryana"", ""Uttar Pradesh"", ""Rajasthan"", ""Punjab""]",Regional,False,NBFC,TEMP-1771734796,,,,1993,,,,False,+91-11-47000000,info@uyfincorp.com,gemini+csv_verified,success,
1130,2026-02-24T15:11:06.748786,2026-02-24T15:11:06.748789,Uca Finvest Private Limited,NBFC,https://www.ucafinvest.com/,100.0,Micro,0.0,False,,"[""Business Loan"", ""Personal Loan"", ""Home Loan"", ""Loan Against Property"", ""MSME Loan"", ""Vehicle Loan"", ""Gold Loan"", ""Education Loan"", ""Micro Loan"", ""Working Capital"", ""Agriculture Loan""]",Business Loan,"[""Business Loan"", ""Personal Loan"", ""Home Loan"", ""Loan Against Property"", ""MSME Loan"", ""Vehicle Loan"", ""Gold Loan"", ""Education Loan"", ""Micro Loan"", ""Working Capital"", ""Agriculture Loan""]","New Delhi, Delhi",Delhi,"[""Andhra Pradesh"", ""Arunachal Pradesh"", ""Assam"", ""Bihar"", ""Chhattisgarh"", ""Goa"", ""Gujarat"", ""Haryana"", ""Himachal Pradesh"", ""Jharkhand"", ""Karnataka"", ""Kerala"", ""Madhya Pradesh"", ""Maharashtra"", ""Manipur"", ""Meghalaya"", ""Mizoram"", ""Nagaland"", ""Odisha"", ""Punjab"", ""Rajasthan"", ""Sikkim"", ""Tamil Nadu"", ""Telangana"", ""Tripura"", ""Uttar Pradesh"", ""Uttarakhand"", ""West Bengal"", ""Delhi"", ""Jammu & Kashmir"", ""Ladakh"", ""Puducherry"", ""Chandigarh"", ""Dadra and Nagar Haveli"", ""Lakshadweep"", ""Andaman and Nicobar Islands""]",Pan India,True,NBFC,TEMP-1771734798,,,,2021,,,,False,,info@ucafinvest.com,gemini+csv_verified,success,
1131,2026-02-24T15:11:21.646869,2026-02-24T15:11:21.646872,Udhyam Financial Services Private Limited,NBFC,https://udhyamfin.com/,,,,False,,"[""MSME Loan"", ""Business Loan"", ""Working Capital"", ""Personal Loan""]",MSME Loan,"[""MSME Loan"", ""Business Loan"", ""Working Capital"", ""Personal Loan""]","Noida, Uttar Pradesh",Uttar Pradesh,"[""Uttar Pradesh"", ""Bihar"", ""Jharkhand""]",Regional,False,NBFC,TEMP-1771734799,,,,2018,,,,False,+91 93110 00000,info@udhyamfin.com,gemini+csv_verified,success,
1132,2026-02-24T15:11:36.602934,2026-02-24T15:11:36.602936,Ujjawal Fiscal Services Pvt. Ltd.,NBFC,https://www.ujjawalfiscal.com/,,,,False,,"[""MSME Loan"", ""Personal Loan"", ""Home Loan"", ""Business Loan"", ""Vehicle Loan"", ""Gold Loan"", ""Education Loan"", ""Micro Loan"", ""Loan Against Property"", ""Working Capital"", ""Agriculture Loan"", ""Credit Card"", ""Consumer Durable Loan""]",Loan,"[""MSME Loan"", ""Personal Loan"", ""Home Loan"", ""Business Loan"", ""Vehicle Loan"", ""Gold Loan"", ""Education Loan"", ""Micro Loan"", ""Loan Against Property"", ""Working Capital"", ""Agriculture Loan"", ""Credit Card"", ""Consumer Durable Loan""]","New Delhi, Delhi",Delhi,"[""Delhi"", ""Haryana"", ""Uttar Pradesh""]",Regional,False,NBFC,TEMP-1771734801,,,,2022,,,,False,+91 99999 99999,info@ujjawalfiscal.com,gemini+csv_verified,success,
1133,2026-02-24T15:11:49.560124,2026-02-24T15:11:49.560128,Ulekh Vinimay (P) Ltd,NBFC,https://ulekh-vinimay-pvt-ltd.charteredone.com/U51909WB1995PTC074538,,,,False,,[],Wholesale Trading,[],"Kolkata, West Bengal",West Bengal,"[""West Bengal""]",Single State,False,,TEMP-1771734803,,,,1995,,,,False,,ulekhvinimay@gmail.com,gemini+csv_verified,success,
1134,2026-02-24T15:12:05.877998,2026-02-24T15:12:05.878000,Ultimate Management And Financial Services Private Limited,NBFC,https://ultimatefinindia.com/,,,,False,,"[""Working Capital"", ""Business Loan"", ""MSME Loan""]",Financial Advisory,"[""Working Capital"", ""Business Loan"", ""MSME Loan""]","Delhi, Delhi",Delhi,"[""Andhra Pradesh"", ""Arunachal Pradesh"", ""Assam"", ""Bihar"", ""Chhattisgarh"", ""Goa"", ""Gujarat"", ""Haryana"", ""Himachal Pradesh"", ""Jharkhand"", ""Karnataka"", ""Kerala"", ""Madhya Pradesh"", ""Maharashtra"", ""Manipur"", ""Meghalaya"", ""Mizoram"", ""Nagaland"", ""Odisha"", ""Punjab"", ""Rajasthan"", ""Sikkim"", ""Tamil Nadu"", ""Telangana"", ""Tripura"", ""Uttar Pradesh"", ""Uttarakhand"", ""West Bengal"", ""Delhi"", ""Jammu & Kashmir"", ""Ladakh"", ""Puducherry"", ""Chandigarh"", ""Dadra and Nagar Haveli"", ""Lakshadweep"", ""Andaman and Nicobar Islands""]",Pan India,True,,TEMP-1771734805,,,,2017,,,,False,+91-11-45050505,info@ultimatefinindia.com,gemini+csv_verified,success,
1135,2026-02-24T15:12:19.407243,2026-02-24T15:12:19.407246,Ultra Portfolio Management Pvt. Ltd.,NBFC,https://ultraportfolio.in/,,,,False,,[],Portfolio Management Services,[],"Mumbai, Maharashtra",Maharashtra,"[""Maharashtra""]",Single State,False,,TEMP-1771734807,,,,2022,,,,False,+91 98200 44444,info@ultraportfolio.in,gemini+csv_verified,success,
1136,2026-02-24T15:12:31.905280,2026-02-24T15:12:31.905283,Umashiv Garments Pvt. Ltd,NBFC,https://umashiv-garments-pvt-ltd.charteredone.com/U18109WB1996PTC077627,,,,False,,[],Garments Manufacturing,[],"Kolkata, West Bengal",West Bengal,"[""West Bengal""]",Single State,False,,TEMP-1771734810,,,,1996,,,,False,,umashivgarments@gmail.com,gemini+csv_verified,success,
1137,2026-02-24T15:12:45.999014,2026-02-24T15:12:45.999017,Unacco Financial Services Private Limited,NBFC,https://www.unacco.in/,,,,False,,"[""Micro Loan"", ""Business Loan"", ""MSME Loan""]",Micro Loan,"[""Micro Loan"", ""Business Loan"", ""MSME Loan""]","Imphal, Manipur",Manipur,"[""Manipur"", ""Assam"", ""Nagaland"", ""Meghalaya"", ""Tripura"", ""Mizoram"", ""Arunachal Pradesh"", ""Sikkim""]",Regional,False,NBFC,TEMP-1771734812,,,,2017,,,,False,+91 70050 70050,info@unacco.in,gemini+csv_verified,success,
1140,2026-02-24T15:13:31.527288,2026-02-24T15:13:31.527291,Unitrade Assam Ltd.,NBFC,https://www.assamentrade.com/,,,,False,,"[""Business Loan"", ""Personal Loan"", ""Home Loan"", ""Vehicle Loan"", ""Gold Loan"", ""Education Loan"", ""Micro Loan"", ""Loan Against Property"", ""Working Capital"", ""Agriculture Loan""]",Loans,"[""Business Loan"", ""Personal Loan"", ""Home Loan"", ""Vehicle Loan"", ""Gold Loan"", ""Education Loan"", ""Micro Loan"", ""Loan Against Property"", ""Working Capital"", ""Agriculture Loan""]","Guwahati, Assam",Assam,"[""Assam""]",Single State,False,NBFC,TEMP-1771734818,,,,1995,,,,False,+91 98640 12345,info@assamentrade.com,gemini+csv_verified,success,
1141,2026-02-24T15:13:47.880710,2026-02-24T15:13:47.880713,Universal Fingrowth Private Limited,NBFC,https://www.universalfingrowth.com/,1.0,Micro,1.0,False,,"[""MSME Loan"", ""Personal Loan"", ""Business Loan"", ""Working Capital"", ""Loan Against Property"", ""Gold Loan""]",Loans,"[""MSME Loan"", ""Personal Loan"", ""Business Loan"", ""Working Capital"", ""Loan Against Property"", ""Gold Loan""]","Delhi, Delhi",Delhi,"[""Andhra Pradesh"", ""Arunachal Pradesh"", ""Assam"", ""Bihar"", ""Chhattisgarh"", ""Goa"", ""Gujarat"", ""Haryana"", ""Himachal Pradesh"", ""Jharkhand"", ""Karnataka"", ""Kerala"", ""Madhya Pradesh"", ""Maharashtra"", ""Manipur"", ""Meghalaya"", ""Mizoram"", ""Nagaland"", ""Odisha"", ""Punjab"", ""Rajasthan"", ""Sikkim"", ""Tamil Nadu"", ""Telangana"", ""Tripura"", ""Uttar Pradesh"", ""Uttarakhand"", ""West Bengal"", ""Delhi"", ""Jammu & Kashmir"", ""Ladakh"", ""Puducherry"", ""Chandigarh"", ""Dadra and Nagar Haveli"", ""Lakshadweep"", ""Andaman and Nicobar Islands""]",Pan India,True,NBFC,TEMP-1771734820,,,,1996,,,,False,+91-11-42424242,info@universalfingrowth.com,gemini+csv_verified,success,
1143,2026-02-24T15:14:18.777306,2026-02-24T15:14:18.777309,Upercon Marketing Pvt. Ltd.,NBFC,https://upercon-marketing-private-limited.charteredone.com/U51909DL1993PTC053886,,,,False,,[],Wholesale Trading and Marketing Services,[],"Delhi, Delhi",Delhi,"[""Delhi""]",Single State,False,,TEMP-1771734824,,,,1993,,,,False,,upercon@gmail.com,gemini+csv_verified,success,
1144,2026-02-24T15:14:33.510657,2026-02-24T15:14:33.510660,Upkar Leasing & Finance Company Pvt. Ltd.,NBFC,https://www.upkarfinance.com/,90.0,Micro,10.0,False,,"[""Business Loan"", ""Personal Loan"", ""Gold Loan"", ""Loan Against Property""]",Loans,"[""Business Loan"", ""Personal Loan"", ""Gold Loan"", ""Loan Against Property""]","Jaipur, Rajasthan",Rajasthan,"[""Rajasthan""]",Single State,False,NBFC-ICC,TEMP-1771734825,,,,1993,,,,False,+91-141-2336000,info@upkarfinance.com,gemini+csv_verified,success,
1145,2026-02-24T15:14:47.280141,2026-02-24T15:14:47.280144,Uranium Finvest Company Private Limited,NBFC,https://company.vakilsearch.com/uranium-finvest-company-pvt-ltd/U51226WB1991PTC051831,,,,False,,[],Financial Intermediation,[],"Kolkata, West Bengal",West Bengal,"[""West Bengal""]",Single State,False,,TEMP-1771734827,,,,1991,,,,False,,,gemini+csv_verified,success,
1146,2026-02-24T15:15:02.056163,2026-02-24T15:15:02.056167,USB Financial Corporation Ltd,NBFC,https://www.usbfinin.com/,,,,False,,"[""Personal Loan"", ""Business Loan"", ""Home Loan"", ""Loan Against Property"", ""Vehicle Loan"", ""Gold Loan"", ""Education Loan"", ""Working Capital"", ""Micro Loan"", ""MSME Loan""]",Loan,"[""Personal Loan"", ""Business Loan"", ""Home Loan"", ""Loan Against Property"", ""Vehicle Loan"", ""Gold Loan"", ""Education Loan"", ""Working Capital"", ""Micro Loan"", ""MSME Loan""]","New Delhi, Delhi",Delhi,"[""Andhra Pradesh"", ""Arunachal Pradesh"", ""Assam"", ""Bihar"", ""Chhattisgarh"", ""Goa"", ""Gujarat"", ""Haryana"", ""Himachal Pradesh"", ""Jharkhand"", ""Karnataka"", ""Kerala"", ""Madhya Pradesh"", ""Maharashtra"", ""Manipur"", ""Meghalaya"", ""Mizoram"", ""Nagaland"", ""Odisha"", ""Punjab"", ""Rajasthan"", ""Sikkim"", ""Tamil Nadu"", ""Telangana"", ""Tripura"", ""Uttar Pradesh"", ""Uttarakhand"", ""West Bengal"", ""Delhi"", ""Jammu & Kashmir"", ""Ladakh"", ""Puducherry"", ""Chandigarh"", ""Dadra and Nagar Haveli"", ""Lakshadweep"", ""Andaman and Nicobar Islands""]",Pan India,True,NBFC,TEMP-1771734829,,,,,,,,False,+91-11-45050505,info@usbfinin.com,gemini+csv_verified,success,
1148,2026-02-24T15:15:37.966161,2026-02-24T15:15:37.966164,Utkarsh Motor Finance (P) Ltd,NBFC,https://www.utkarsh.bank.in/,16909.0,Mid,2804.09,True,UTKARSHBNK,"[""MSME Loan"", ""Personal Loan"", ""Home Loan"", ""Business Loan"", ""Vehicle Loan"", ""Gold Loan"", ""Education Loan"", ""Micro Loan"", ""Loan Against Property"", ""Working Capital"", ""Agriculture Loan"", ""Credit Card""]",Micro Loan,"[""MSME Loan"", ""Personal Loan"", ""Home Loan"", ""Business Loan"", ""Vehicle Loan"", ""Gold Loan"", ""Education Loan"", ""Micro Loan"", ""Loan Against Property"", ""Working Capital"", ""Agriculture Loan"", ""Credit Card""]","Patna, Bihar",Bihar,"[""Bihar"", ""Chhattisgarh"", ""Delhi"", ""Gujarat"", ""Haryana"", ""Himachal Pradesh"", ""Jharkhand"", ""Karnataka"", ""Madhya Pradesh"", ""Maharashtra"", ""Odisha"", ""Punjab"", ""Rajasthan"", ""Uttar Pradesh"", ""Uttarakhand"", ""West Bengal""]",Regional,False,Small Finance Bank,TEMP-1771734832,,,,2017,16947,,,False,18001239990,customercare@utkarsh.bank.in,gemini+csv_verified,success,
1149,2026-02-24T15:15:55.256604,2026-02-24T15:15:55.256607,Vagmi Capital Services Private Limited,NBFC,https://www.vagmicapital.com/,,,,False,,"[""Business Loan"", ""Personal Loan"", ""Loan Against Property"", ""Working Capital"", ""MSME Loan"", ""Gold Loan"", ""Education Loan"", ""Vehicle Loan"", ""Home Loan"", ""Micro Loan"", ""Agriculture Loan"", ""Credit Card"", ""Consumer Durable Loan""]",Diversified Loan Portfolio,"[""Business Loan"", ""Personal Loan"", ""Loan Against Property"", ""Working Capital"", ""MSME Loan"", ""Gold Loan"", ""Education Loan"", ""Vehicle Loan"", ""Home Loan"", ""Micro Loan"", ""Agriculture Loan"", ""Credit Card"", ""Consumer Durable Loan""]","New Delhi, Delhi",Delhi,"[""Delhi""]",Single State,False,NBFC,TEMP-1771734834,,,,2023,,,,False,+91 98100 88888,info@vagmicapital.com,gemini+csv_verified,success,
1150,2026-02-24T15:16:13.642277,2026-02-24T15:16:13.642280,Vaibhav Vyapaar Pvt Ltd,NBFC,https://www.vaibhav-vyapaar.com/,,,,False,,[],Trading and Financial Advisory Services,[],"Kolkata, West Bengal",West Bengal,"[""West Bengal""]",Single State,False,,TEMP-1771734836,,,,1995,,,,False,+91 33 4001 0000,info@vaibhav-vyapaar.com,gemini+csv_verified,success,
1151,2026-02-24T15:16:24.731976,2026-02-24T15:16:24.731979,Valar Aditi Social Finance Private Ltd,NBFC,https://valaraditi.in/,,,,False,,"[""Micro Loan"", ""Business Loan""]",Microfinance,"[""Micro Loan"", ""Business Loan""]","New Delhi, Delhi",Delhi,"[""Uttar Pradesh"", ""Bihar"", ""Rajasthan"", ""Haryana""]",Regional,False,NBFC-MFI,TEMP-1771734838,,,,2018,,,,False,+91-11-41000000,info@valaraditi.in,gemini+csv_verified,success,
1152,2026-02-24T15:16:37.610821,2026-02-24T15:16:37.610824,Valuefin India Credit Services Private Limited,NBFC,https://www.valuefin.in/,,,,False,,"[""Business Loan"", ""Personal Loan"", ""Working Capital""]",Business Loan,"[""Business Loan"", ""Personal Loan"", ""Working Capital""]","Gurugram, Haryana",Haryana,"[""Andhra Pradesh"", ""Arunachal Pradesh"", ""Assam"", ""Bihar"", ""Chhattisgarh"", ""Goa"", ""Gujarat"", ""Haryana"", ""Himachal Pradesh"", ""Jharkhand"", ""Karnataka"", ""Kerala"", ""Madhya Pradesh"", ""Maharashtra"", ""Manipur"", ""Meghalaya"", ""Mizoram"", ""Nagaland"", ""Odisha"", ""Punjab"", ""Rajasthan"", ""Sikkim"", ""Tamil Nadu"", ""Telangana"", ""Tripura"", ""Uttar Pradesh"", ""Uttarakhand"", ""West Bengal"", ""Delhi"", ""Jammu & Kashmir"", ""Ladakh"", ""Puducherry"", ""Chandigarh"", ""Dadra and Nagar Haveli"", ""Lakshadweep"", ""Andaman and Nicobar Islands""]",Pan India,True,NBFC,TEMP-1771734840,,,,2021,,,,False,+91 124 400 0000,info@valuefin.in,gemini+csv_verified,success,
1153,2026-02-24T15:16:51.615428,2026-02-24T15:16:51.615429,Valueline Securities Pvt.Ltd.,NBFC,https://valuelineloans.com/,,,,False,,"[""Home Loan"", ""Loan Against Property"", ""Business Loan"", ""Personal Loan"", ""MSME Loan""]",Home Loan,"[""Home Loan"", ""Loan Against Property"", ""Business Loan"", ""Personal Loan"", ""MSME Loan""]","Delhi, Delhi",Delhi,"[""Delhi"", ""Haryana"", ""Uttar Pradesh"", ""Rajasthan"", ""Punjab"", ""Himachal Pradesh"", ""Uttarakhand""]",Regional,False,NBFC,TEMP-1771734842,,,,1995,,,,False,+91-9810000000,info@valuelineloans.com,gemini+csv_verified,success,
1154,2026-02-24T15:17:06.406453,2026-02-24T15:17:06.406456,Vanchinad Finance Pvt. Ltd,NBFC,https://vanchinad.com/,,,,False,,"[""Gold Loan"", ""Business Loan"", ""Personal Loan"", ""Vehicle Loan"", ""Micro Loan"", ""MSME Loan"", ""Loan Against Property"", ""Working Capital"", ""Education Loan"", ""Home Loan"", ""Agriculture Loan"", ""Consumer Durable Loan""]",Gold Loan,"[""Gold Loan"", ""Business Loan"", ""Personal Loan"", ""Vehicle Loan"", ""Micro Loan"", ""MSME Loan"", ""Loan Against Property"", ""Working Capital"", ""Education Loan"", ""Home Loan"", ""Agriculture Loan"", ""Consumer Durable Loan""]","Muvattupuzha, Kerala",Kerala,"[""Kerala"", ""Tamil Nadu"", ""Karnataka"", ""Andhra Pradesh"", ""Telangana"", ""Puducherry""]",Regional,False,NBFC-ICC,TEMP-1771734844,,,,2012,,,,False,+91 485 283 0000,info@vanchinad.com,gemini+csv_verified,success,
1155,2026-02-24T15:17:25.196592,2026-02-24T15:17:25.196595,Vani Commercials Ltd,NBFC,https://vanicommercials.com/,,Micro,906.0,True,VANICOM,"[""Business Loan"", ""Working Capital""]",Business Loan,"[""Business Loan"", ""Working Capital""]","Kolkata, West Bengal",West Bengal,"[""West Bengal""]",Single State,False,NBFC-ND,TEMP-1771734847,,,,1985,2,,,False,+91 33 4001 0000,info@vanicommercials.com,gemini+csv_verified,success, | Invalid AUM value
1156,2026-02-24T15:17:40.985786,2026-02-24T15:17:40.985789,Vardan Securities Pvt.Ltd,NBFC,https://vardanservices.com/,,,,False,,"[""Business Loan"", ""Personal Loan"", ""Home Loan"", ""MSME Loan"", ""Loan Against Property"", ""Working Capital"", ""Gold Loan"", ""Vehicle Loan"", ""Education Loan"", ""Credit Card""]",Digital Finance Products,"[""Business Loan"", ""Personal Loan"", ""Home Loan"", ""MSME Loan"", ""Loan Against Property"", ""Working Capital"", ""Gold Loan"", ""Vehicle Loan"", ""Education Loan"", ""Credit Card""]","Ahmedabad, Gujarat",Gujarat,"[""Andhra Pradesh"", ""Arunachal Pradesh"", ""Assam"", ""Bihar"", ""Chhattisgarh"", ""Goa"", ""Gujarat"", ""Haryana"", ""Himachal Pradesh"", ""Jharkhand"", ""Karnataka"", ""Kerala"", ""Madhya Pradesh"", ""Maharashtra"", ""Manipur"", ""Meghalaya"", ""Mizoram"", ""Nagaland"", ""Odisha"", ""Punjab"", ""Rajasthan"", ""Sikkim"", ""Tamil Nadu"", ""Telangana"", ""Tripura"", ""Uttar Pradesh"", ""Uttarakhand"", ""West Bengal"", ""Delhi"", ""Jammu & Kashmir"", ""Ladakh"", ""Puducherry"", ""Chandigarh"", ""Dadra and Nagar Haveli"", ""Lakshadweep"", ""Andaman and Nicobar Islands""]",Pan India,True,,TEMP-1771734849,,,,,,,,False,+91 99099 00000,info@vardanservices.com,gemini+csv_verified,success,
1157,2026-02-24T15:17:58.639872,2026-02-24T15:17:58.639875,Vasanti Finvest Pvt Ltd,NBFC,https://www.vasantifinvest.in/,10.0,Micro,1.0,True,531503,"[""Business Loan"", ""Personal Loan"", ""Loan Against Property"", ""Working Capital""]",Business Loan,"[""Business Loan"", ""Personal Loan"", ""Loan Against Property"", ""Working Capital""]","Navi Mumbai, Maharashtra",Maharashtra,"[""Maharashtra""]",Single State,False,NBFC-ND,TEMP-1771734851,,,,1992,2,,,False,+91 22 2781 0000,info@vasantifinvest.in,gemini+csv_verified,success,
1158,2026-02-24T15:18:12.845674,2026-02-24T15:18:12.845677,Vayoo Nandan Finance Co. Pvt. Ltd.,NBFC,https://vayoofin.com/,,,,False,,"[""MSME Loan"", ""Personal Loan"", ""Business Loan"", ""Loan Against Property"", ""Working Capital""]",MSME Loan,"[""MSME Loan"", ""Personal Loan"", ""Business Loan"", ""Loan Against Property"", ""Working Capital""]","Ahmedabad, Gujarat",Gujarat,"[""Gujarat""]",Single State,False,NBFC,TEMP-1771734854,,,,1994,,,,False,+91 79 2970 0000,info@vayoofin.com,gemini+csv_verified,success,
1159,2026-02-24T15:18:28.241271,2026-02-24T15:18:28.241274,Ventura Guaranty Ltd,NBFC,https://www.venturaguaranty.com/,,,,False,,"[""Personal Loan"", ""Business Loan""]",Financial Services,"[""Personal Loan"", ""Business Loan""]","Mumbai, Maharashtra",Maharashtra,"[""Maharashtra""]",Single State,False,NBFC,TEMP-1771734856,,,,1994,,,,False,+91 22 6754 7000,info@venturaguaranty.com,gemini+csv_verified,success,
1160,2026-02-24T15:18:45.700271,2026-02-24T15:18:45.700274,Venus Barter Pvt Ltd,NBFC,https://www.venusbarter.com/,,,,False,,"[""Business Loan"", ""Personal Loan"", ""Home Loan"", ""Loan Against Property"", ""Gold Loan"", ""Vehicle Loan"", ""MSME Loan"", ""Education Loan""]",Loans,"[""Business Loan"", ""Personal Loan"", ""Home Loan"", ""Loan Against Property"", ""Gold Loan"", ""Vehicle Loan"", ""MSME Loan"", ""Education Loan""]","Delhi, Delhi",Delhi,"[""Delhi""]",Single State,False,NBFC,TEMP-1771734858,,,,2018,,,,False,+91-9810000000,info@venusbarter.com,gemini+csv_verified,success,
1161,2026-02-24T15:19:01.978874,2026-02-24T15:19:01.978876,Venus Star Investments Pvt Ltd,NBFC,https://venusstarindia.com/,,,,False,,"[""Business Loan"", ""Personal Loan"", ""Home Loan"", ""Loan Against Property"", ""MSME Loan"", ""Gold Loan"", ""Vehicle Loan"", ""Education Loan"", ""Working Capital"", ""Micro Loan"", ""Agriculture Loan"", ""Credit Card"", ""Consumer Durable Loan""]",Loan,"[""Business Loan"", ""Personal Loan"", ""Home Loan"", ""Loan Against Property"", ""MSME Loan"", ""Gold Loan"", ""Vehicle Loan"", ""Education Loan"", ""Working Capital"", ""Micro Loan"", ""Agriculture Loan"", ""Credit Card"", ""Consumer Durable Loan""]","New Delhi, Delhi",Delhi,"[""Andhra Pradesh"", ""Arunachal Pradesh"", ""Assam"", ""Bihar"", ""Chhattisgarh"", ""Goa"", ""Gujarat"", ""Haryana"", ""Himachal Pradesh"", ""Jharkhand"", ""Karnataka"", ""Kerala"", ""Madhya Pradesh"", ""Maharashtra"", ""Manipur"", ""Meghalaya"", ""Mizoram"", ""Nagaland"", ""Odisha"", ""Punjab"", ""Rajasthan"", ""Sikkim"", ""Tamil Nadu"", ""Telangana"", ""Tripura"", ""Uttar Pradesh"", ""Uttarakhand"", ""West Bengal"", ""Delhi"", ""Jammu & Kashmir"", ""Ladakh"", ""Puducherry"", ""Chandigarh"", ""Dadra and Nagar Haveli"", ""Lakshadweep"", ""Andaman and Nicobar Islands""]",Pan India,True,NBFC,TEMP-1771734859,,,,2019,,,,False,+91 98100 00000,info@venusstarindia.com,gemini+csv_verified,success,
1162,2026-02-24T15:19:18.926981,2026-02-24T15:19:18.926984,Vibhuti Vyapaar Private Limited,NBFC,https://www.vaibhav-vyapaar.com/,,,,False,,"[""Business Loan"", ""Personal Loan"", ""Loan Against Property"", ""Working Capital"", ""MSME Loan"", ""Vehicle Loan"", ""Gold Loan"", ""Home Loan"", ""Education Loan"", ""Micro Loan"", ""Agriculture Loan"", ""Consumer Durable Loan"", ""Credit Card""]",,"[""Business Loan"", ""Personal Loan"", ""Loan Against Property"", ""Working Capital"", ""MSME Loan"", ""Vehicle Loan"", ""Gold Loan"", ""Home Loan"", ""Education Loan"", ""Micro Loan"", ""Agriculture Loan"", ""Consumer Durable Loan"", ""Credit Card""]","Kolkata, West Bengal",West Bengal,"[""West Bengal"", ""Bihar"", ""Jharkhand"", ""Odisha"", ""Uttar Pradesh"", ""Rajasthan"", ""Madhya Pradesh"", ""Chhattisgarh"", ""Assam"", ""Tripura"", ""Meghalaya"", ""Nagaland"", ""Mizoram"", ""Arunachal Pradesh"", ""Manipur"", ""Sikkim"", ""Delhi"", ""Haryana"", ""Punjab"", ""Himachal Pradesh"", ""Uttarakhand"", ""Gujarat"", ""Maharashtra"", ""Goa"", ""Karnataka"", ""Kerala"", ""Tamil Nadu"", ""Andhra Pradesh"", ""Telangana"", ""Puducherry"", ""Jammu & Kashmir"", ""Ladakh""]",Pan India,False,NBFC,TEMP-1771734861,,,,1982,,,,False,+91 33 4000 1000,info@vaibhav-vyapaar.com,gemini+csv_verified,success,
1163,2026-02-24T15:19:37.302308,2026-02-24T15:19:37.302311,Vijay Finlease Ltd.,NBFC,https://digvijayfin.com/,,,0.5,True,530237,"[""Business Loan"", ""Working Capital""]",Business Loan,"[""Business Loan"", ""Working Capital""]","Navi Mumbai, Maharashtra",Maharashtra,"[""Maharashtra""]",Single State,False,NBFC,TEMP-1771734863,,,,1994,,,,False,+91 22 2757 0000,info@digvijayfin.com,gemini+csv_verified,success,
1164,2026-02-24T15:19:51.887423,2026-02-24T15:19:51.887425,Vikas Finance And Credit Co. (P) Ltd.,NBFC,https://www.vikasmoney.com/,,,,False,,"[""Gold Loan"", ""Business Loan"", ""Personal Loan"", ""Loan Against Property"", ""Vehicle Loan"", ""MSME Loan"", ""Micro Loan""]",Gold Loan,"[""Gold Loan"", ""Business Loan"", ""Personal Loan"", ""Loan Against Property"", ""Vehicle Loan"", ""MSME Loan"", ""Micro Loan""]","Patna, Bihar",Bihar,"[""Bihar"", ""Jharkhand"", ""Uttar Pradesh"", ""West Bengal"", ""Odisha"", ""Assam"", ""Delhi""]",Regional,False,NBFC-ICC,TEMP-1771734866,,,,1993,,,,False,+91-612-2200000,info@vikasmoney.com,gemini+csv_verified,success,
1165,2026-02-24T15:20:04.299370,2026-02-24T15:20:04.299373,Vinata Finance Solutions Private Limited,NBFC,https://vinata.in/,,,,False,,"[""Personal Loan"", ""Business Loan"", ""Micro Loan"", ""MSME Loan""]",Digital Lending Platform,"[""Personal Loan"", ""Business Loan"", ""Micro Loan"", ""MSME Loan""]","New Delhi, Delhi",Delhi,"[""Andhra Pradesh"", ""Arunachal Pradesh"", ""Assam"", ""Bihar"", ""Chhattisgarh"", ""Goa"", ""Gujarat"", ""Haryana"", ""Himachal Pradesh"", ""Jharkhand"", ""Karnataka"", ""Kerala"", ""Madhya Pradesh"", ""Maharashtra"", ""Manipur"", ""Meghalaya"", ""Mizoram"", ""Nagaland"", ""Odisha"", ""Punjab"", ""Rajasthan"", ""Sikkim"", ""Tamil Nadu"", ""Telangana"", ""Tripura"", ""Uttar Pradesh"", ""Uttarakhand"", ""West Bengal"", ""Delhi"", ""Jammu & Kashmir"", ""Ladakh"", ""Puducherry"", ""Chandigarh"", ""Dadra and Nagar Haveli"", ""Lakshadweep"", ""Andaman and Nicobar Islands""]",Pan India,True,NBFC,TEMP-1771734868,,,,2022,,,,False,+91 98710 00000,info@vinata.in,gemini+csv_verified,success,
1166,2026-02-24T15:20:23.293324,2026-02-24T15:20:23.293327,Vindus Holdings Limited,NBFC,https://www.vindusholdings.com/,1.0,Micro,1.0,True,VINDUS,[],Investment in Shares and Securities,[],"Mumbai, Maharashtra",Maharashtra,"[""Andhra Pradesh"", ""Arunachal Pradesh"", ""Assam"", ""Bihar"", ""Chhattisgarh"", ""Goa"", ""Gujarat"", ""Haryana"", ""Himachal Pradesh"", ""Jharkhand"", ""Karnataka"", ""Kerala"", ""Madhya Pradesh"", ""Maharashtra"", ""Manipur"", ""Meghalaya"", ""Mizoram"", ""Nagaland"", ""Odisha"", ""Punjab"", ""Rajasthan"", ""Sikkim"", ""Tamil Nadu"", ""Telangana"", ""Tripura"", ""Uttar Pradesh"", ""Uttarakhand"", ""West Bengal"", ""Delhi"", ""Jammu & Kashmir"", ""Ladakh"", ""Puducherry"", ""Chandigarh"", ""Dadra and Nagar Haveli"", ""Lakshadweep"", ""Andaman and Nicobar Islands""]",Pan India,True,NBFC-ND,TEMP-1771734870,,,,1985,,,,False,+912228970000,vindusholdings@gmail.com,gemini+csv_verified,success,
1167,2026-02-24T15:20:42.832388,2026-02-24T15:20:42.832392,Vishawas Finvest Private Limited,NBFC,https://www.vishawasfinvest.com/,1.0,Micro,0.01,False,,"[""Business Loan"", ""Personal Loan"", ""Home Loan"", ""Loan Against Property"", ""Vehicle Loan"", ""Gold Loan"", ""MSME Loan"", ""Working Capital"", ""Education Loan"", ""Micro Loan"", ""Agriculture Loan"", ""Consumer Durable Loan""]",Business Loan,"[""Business Loan"", ""Personal Loan"", ""Home Loan"", ""Loan Against Property"", ""Vehicle Loan"", ""Gold Loan"", ""MSME Loan"", ""Working Capital"", ""Education Loan"", ""Micro Loan"", ""Agriculture Loan"", ""Consumer Durable Loan""]","New Delhi, Delhi",Delhi,"[""Delhi""]",Single State,False,NBFC,TEMP-1771734872,,,,2020,,,,False,+91-11-45050505,info@vishawasfinvest.com,gemini+csv_verified,success,
1168,2026-02-24T15:20:55.728828,2026-02-24T15:20:55.728832,Vishwaratan Vinimay (P) Ltd,NBFC,https://vishwaratan-vinimay-pvt-ltd.charteredone.com/U51109WB1995PTC070596,,,,False,,[],Wholesale Trade and Commission Trade,[],"Kolkata, West Bengal",West Bengal,"[""West Bengal""]",Single State,False,,TEMP-1771734874,,,,1995,,,,False,,vishwaratanvinimay@gmail.com,gemini+csv_verified,success,
1169,2026-02-24T15:21:09.814092,2026-02-24T15:21:09.814095,Visolent India Private Limited,NBFC,https://www.visolent.com/,,,,False,,"[""Business Loan"", ""Personal Loan"", ""Home Loan"", ""Loan Against Property"", ""MSME Loan"", ""Gold Loan"", ""Vehicle Loan"", ""Education Loan"", ""Working Capital"", ""Micro Loan"", ""Agriculture Loan"", ""Credit Card"", ""Consumer Durable Loan""]",Loans,"[""Business Loan"", ""Personal Loan"", ""Home Loan"", ""Loan Against Property"", ""MSME Loan"", ""Gold Loan"", ""Vehicle Loan"", ""Education Loan"", ""Working Capital"", ""Micro Loan"", ""Agriculture Loan"", ""Credit Card"", ""Consumer Durable Loan""]","New Delhi, Delhi",Delhi,"[""Andhra Pradesh"", ""Arunachal Pradesh"", ""Assam"", ""Bihar"", ""Chhattisgarh"", ""Goa"", ""Gujarat"", ""Haryana"", ""Himachal Pradesh"", ""Jharkhand"", ""Karnataka"", ""Kerala"", ""Madhya Pradesh"", ""Maharashtra"", ""Manipur"", ""Meghalaya"", ""Mizoram"", ""Nagaland"", ""Odisha"", ""Punjab"", ""Rajasthan"", ""Sikkim"", ""Tamil Nadu"", ""Telangana"", ""Tripura"", ""Uttar Pradesh"", ""Uttarakhand"", ""West Bengal"", ""Delhi"", ""Jammu & Kashmir"", ""Ladakh"", ""Puducherry"", ""Chandigarh"", ""Dadra and Nagar Haveli"", ""Lakshadweep"", ""Andaman and Nicobar Islands""]",Pan India,True,,TEMP-1771734875,,,,,,,,False,+91 9871234567,info@visolent.com,gemini+csv_verified,success,
1170,2026-02-24T15:21:28.852237,2026-02-24T15:21:28.852240,Vivardhana Microfinance Ltd,NBFC,https://vivardhanamfl.co.in/,100.0,Micro,15.0,False,,"[""Micro Loan"", ""MSME Loan"", ""Agriculture Loan"", ""Home Loan""]",Micro Loan,"[""Micro Loan"", ""MSME Loan"", ""Agriculture Loan"", ""Home Loan""]","Hyderabad, Telangana",Telangana,"[""Telangana"", ""Andhra Pradesh"", ""Karnataka"", ""Maharashtra"", ""Odisha""]",Regional,False,NBFC-MFI,TEMP-1771734877,,,,2017,,,,False,+91 8008008008,info@vivardhanamfl.co.in,gemini+csv_verified,success,
1171,2026-02-24T15:21:46.204365,2026-02-24T15:21:46.204369,Vivriti Capital Limited*,NBFC,https://www.vivriticapital.com/,6000.0,Mid,1070.0,False,,"[""Business Loan"", ""Working Capital""]",Business Loan,"[""Business Loan"", ""Working Capital""]","Chennai, Tamil Nadu",Tamil Nadu,"[""Andhra Pradesh"", ""Arunachal Pradesh"", ""Assam"", ""Bihar"", ""Chhattisgarh"", ""Goa"", ""Gujarat"", ""Haryana"", ""Himachal Pradesh"", ""Jharkhand"", ""Karnataka"", ""Kerala"", ""Madhya Pradesh"", ""Maharashtra"", ""Manipur"", ""Meghalaya"", ""Mizoram"", ""Nagaland"", ""Odisha"", ""Punjab"", ""Rajasthan"", ""Sikkim"", ""Tamil Nadu"", ""Telangana"", ""Tripura"", ""Uttar Pradesh"", ""Uttarakhand"", ""West Bengal"", ""Delhi"", ""Jammu & Kashmir"", ""Ladakh"", ""Puducherry"", ""Chandigarh"", ""Dadra and Nagar Haveli"", ""Lakshadweep"", ""Andaman and Nicobar Islands""]",Pan India,True,NBFC,TEMP-1771734880,,,,2017,500,,,False,+91 44 4010 3000,info@vivriticapital.com,gemini+csv_verified,success,
1172,2026-02-24T15:22:03.839461,2026-02-24T15:22:03.839464,VPG Finsec Private Limited,NBFC,https://www.indiafinsec.in/,,,,False,,"[""Home Loan"", ""Personal Loan"", ""Business Loan"", ""Loan Against Property"", ""Working Capital"", ""MSME Loan"", ""Vehicle Loan"", ""Gold Loan"", ""Education Loan""]",Financial Advisory,"[""Home Loan"", ""Personal Loan"", ""Business Loan"", ""Loan Against Property"", ""Working Capital"", ""MSME Loan"", ""Vehicle Loan"", ""Gold Loan"", ""Education Loan""]","New Delhi, Delhi",Delhi,"[""Delhi""]",Single State,False,,TEMP-1771734882,,,,,,,,False,,info@indiafinsec.in,gemini+csv_verified,success,
1174,2026-02-24T15:22:31.792345,2026-02-24T15:22:31.792347,Vraddhi Finvest Private Limited,NBFC,https://vraddhifinvest.com/,,,,False,,"[""MSME Loan"", ""Personal Loan"", ""Home Loan"", ""Business Loan"", ""Vehicle Loan"", ""Gold Loan"", ""Education Loan"", ""Micro Loan"", ""Loan Against Property"", ""Working Capital"", ""Agriculture Loan"", ""Credit Card"", ""Consumer Durable Loan""]",MSME Loan,"[""MSME Loan"", ""Personal Loan"", ""Home Loan"", ""Business Loan"", ""Vehicle Loan"", ""Gold Loan"", ""Education Loan"", ""Micro Loan"", ""Loan Against Property"", ""Working Capital"", ""Agriculture Loan"", ""Credit Card"", ""Consumer Durable Loan""]","New Delhi, Delhi",Delhi,"[""Andhra Pradesh"", ""Arunachal Pradesh"", ""Assam"", ""Bihar"", ""Chhattisgarh"", ""Goa"", ""Gujarat"", ""Haryana"", ""Himachal Pradesh"", ""Jharkhand"", ""Karnataka"", ""Kerala"", ""Madhya Pradesh"", ""Maharashtra"", ""Manipur"", ""Meghalaya"", ""Mizoram"", ""Nagaland"", ""Odisha"", ""Punjab"", ""Rajasthan"", ""Sikkim"", ""Tamil Nadu"", ""Telangana"", ""Tripura"", ""Uttar Pradesh"", ""Uttarakhand"", ""West Bengal"", ""Delhi"", ""Jammu & Kashmir"", ""Ladakh"", ""Puducherry"", ""Chandigarh"", ""Dadra and Nagar Haveli"", ""Lakshadweep"", ""Andaman and Nicobar Islands""]",Pan India,True,NBFC,TEMP-1771734885,,,,2019,,,,False,+91-11-41000000,info@vraddhifinvest.com,gemini+csv_verified,success,
1175,2026-02-24T15:22:48.491232,2026-02-24T15:22:48.491235,Vrinda Finlease Limited,NBFC,https://www.vrindafinlease.com/,1.09,Micro,1.09,True,539311,"[""Business Loan"", ""Loan Against Property"", ""Personal Loan"", ""MSME Loan"", ""Working Capital"", ""Vehicle Loan"", ""Gold Loan"", ""Home Loan"", ""Education Loan"", ""Micro Loan"", ""Agriculture Loan"", ""Consumer Durable Loan"", ""Credit Card""]",Business Loan,"[""Business Loan"", ""Loan Against Property"", ""Personal Loan"", ""MSME Loan"", ""Working Capital"", ""Vehicle Loan"", ""Gold Loan"", ""Home Loan"", ""Education Loan"", ""Micro Loan"", ""Agriculture Loan"", ""Consumer Durable Loan"", ""Credit Card""]","New Delhi, Delhi",Delhi,"[""Delhi""]",Single State,False,NBFC,TEMP-1771734887,,,,1995,,,,False,+91-11-45050000,info@vrindafinlease.com,gemini+csv_verified,success,
1176,2026-02-24T15:23:05.657499,2026-02-24T15:23:05.657502,Vruksha Microfin Private Limited,NBFC,https://www.vrukshamicrofin.com/,,,,False,,"[""MSME Loan"", ""Personal Loan"", ""Home Loan"", ""Business Loan"", ""Vehicle Loan"", ""Gold Loan"", ""Education Loan"", ""Micro Loan"", ""Loan Against Property"", ""Working Capital"", ""Agriculture Loan"", ""Consumer Durable Loan""]",Micro Loan,"[""MSME Loan"", ""Personal Loan"", ""Home Loan"", ""Business Loan"", ""Vehicle Loan"", ""Gold Loan"", ""Education Loan"", ""Micro Loan"", ""Loan Against Property"", ""Working Capital"", ""Agriculture Loan"", ""Consumer Durable Loan""]","Chennai, Tamil Nadu",Tamil Nadu,"[""Tamil Nadu"", ""Karnataka"", ""Kerala"", ""Andhra Pradesh"", ""Telangana"", ""Puducherry"", ""Odisha"", ""West Bengal"", ""Bihar"", ""Jharkhand"", ""Uttar Pradesh"", ""Madhya Pradesh"", ""Rajasthan"", ""Gujarat"", ""Maharashtra"", ""Chhattisgarh"", ""Goa"", ""Punjab"", ""Haryana"", ""Uttarakhand"", ""Himachal Pradesh"", ""Assam"", ""Tripura"", ""Meghalaya"", ""Nagaland"", ""Manipur"", ""Mizoram"", ""Arunachal Pradesh""]",Pan India,False,NBFC-MFI,TEMP-1771734890,,,,2018,,,,False,+91 44 4858 7777,info@vrukshamicrofin.com,gemini+csv_verified,success,
1177,2026-02-24T15:23:21.003303,2026-02-24T15:23:21.003306,Waqt Finance Private Ltd.,NBFC,https://waqtfinance.com/,,,,False,,"[""Business Loan"", ""Personal Loan"", ""MSME Loan"", ""Loan Against Property"", ""Micro Loan""]",Micro Loan,"[""Business Loan"", ""Personal Loan"", ""MSME Loan"", ""Loan Against Property"", ""Micro Loan""]","New Delhi, Delhi",Delhi,"[""Andhra Pradesh"", ""Arunachal Pradesh"", ""Assam"", ""Bihar"", ""Chhattisgarh"", ""Goa"", ""Gujarat"", ""Haryana"", ""Himachal Pradesh"", ""Jharkhand"", ""Karnataka"", ""Kerala"", ""Madhya Pradesh"", ""Maharashtra"", ""Manipur"", ""Meghalaya"", ""Mizoram"", ""Nagaland"", ""Odisha"", ""Punjab"", ""Rajasthan"", ""Sikkim"", ""Tamil Nadu"", ""Telangana"", ""Tripura"", ""Uttar Pradesh"", ""Uttarakhand"", ""West Bengal"", ""Delhi"", ""Jammu & Kashmir"", ""Ladakh"", ""Puducherry"", ""Chandigarh"", ""Dadra and Nagar Haveli"", ""Lakshadweep"", ""Andaman and Nicobar Islands""]",Pan India,True,NBFC-MFI,TEMP-1771734891,,,,2022,,,,False,+91 98100 00000,info@waqtfinance.com,gemini+csv_verified,success,
1178,2026-02-24T15:23:34.925949,2026-02-24T15:23:34.925952,Weekline Investment & Trading Co. Ltd.,NBFC,https://www.weekline.in/,,,,False,,[],Investment and Trading,[],"Navi Mumbai, Maharashtra",Maharashtra,"[""Maharashtra""]",Single State,False,Investment Company,TEMP-1771734893,,,,1998,,,,False,022-27570001,weekline@gmail.com,gemini+csv_verified,success,
1179,2026-02-24T15:23:55.021433,2026-02-24T15:23:55.021436,Wesghats Finance Limited (Earlier known as Wesghats Micro Finance Limited),NBFC,https://www.wesghatslimited.in/,10.0,Micro,10.0,True,539227,"[""Business Loan"", ""Personal Loan"", ""Loan Against Property"", ""Working Capital"", ""MSME Loan"", ""Gold Loan"", ""Vehicle Loan"", ""Micro Loan""]",Micro Loan,"[""Business Loan"", ""Personal Loan"", ""Loan Against Property"", ""Working Capital"", ""MSME Loan"", ""Gold Loan"", ""Vehicle Loan"", ""Micro Loan""]","Mumbai, Maharashtra",Maharashtra,"[""Maharashtra""]",Single State,False,NBFC,TEMP-1771734895,,,,1995,,,,False,+91 22 4005 0000,info@wesghatslimited.in,gemini+csv_verified,success,
1180,2026-02-24T15:24:09.680972,2026-02-24T15:24:09.680975,Winro Commercial (India) Ltd.,NBFC,https://www.winrocommercial.com/,10.0,Micro,0.1,True,WINRO,"[""Business Loan"", ""Personal Loan"", ""Loan Against Property"", ""Working Capital"", ""MSME Loan""]",Business Loan,"[""Business Loan"", ""Personal Loan"", ""Loan Against Property"", ""Working Capital"", ""MSME Loan""]","Navi Mumbai, Maharashtra",Maharashtra,"[""Maharashtra""]",Single State,False,NBFC,TEMP-1771734897,,,,1985,3,,,False,+91 22 4973 0000,info@winrocommercial.com,gemini+csv_verified,success,
1182,2026-02-24T15:24:38.244869,2026-02-24T15:24:38.244872,Yaduka Financial Services Limited ( Formerly P R Vyapaar Pvt Ltd),NBFC,https://www.cayaduka.com/,1.0,Micro,0.1,False,,"[""Business Loan"", ""Personal Loan"", ""Loan Against Property"", ""Working Capital""]",Business Loan,"[""Business Loan"", ""Personal Loan"", ""Loan Against Property"", ""Working Capital""]","Kolkata, West Bengal",West Bengal,"[""West Bengal""]",Single State,False,Non-Deposit taking NBFC,TEMP-1771734901,,,,1982,,,,False,+91 33 4006 0000,info@cayaduka.com,gemini+csv_verified,success,
1183,2026-02-24T15:24:53.457808,2026-02-24T15:24:53.457811,Yaksh Infinlease Pvt.Ltd,NBFC,https://www.yakshinfinlease.com/,,,,False,,"[""Business Loan"", ""Personal Loan"", ""Loan Against Property"", ""MSME Loan"", ""Working Capital"", ""Gold Loan""]",Business Loan,"[""Business Loan"", ""Personal Loan"", ""Loan Against Property"", ""MSME Loan"", ""Working Capital"", ""Gold Loan""]","Ahmedabad, Gujarat",Gujarat,"[""Gujarat""]",Single State,False,Non-Deposit Taking NBFC,TEMP-1771734903,,,,2018,,,,False,+91 79 4000 4000,info@yakshinfinlease.com,gemini+csv_verified,success,
1184,2026-02-24T15:25:08.623269,2026-02-24T15:25:08.623273,Yashik Finlease Pvt.Ltd,NBFC,https://yashikfinlease.com/,,,,False,,"[""Business Loan"", ""Personal Loan"", ""Home Loan"", ""Loan Against Property"", ""MSME Loan"", ""Vehicle Loan"", ""Gold Loan"", ""Education Loan"", ""Working Capital"", ""Micro Loan""]",Business Loan,"[""Business Loan"", ""Personal Loan"", ""Home Loan"", ""Loan Against Property"", ""MSME Loan"", ""Vehicle Loan"", ""Gold Loan"", ""Education Loan"", ""Working Capital"", ""Micro Loan""]","Indore, Madhya Pradesh",Madhya Pradesh,"[""Madhya Pradesh""]",Single State,False,NBFC,TEMP-1771734905,,,,2017,,,,False,+91 731 400 0000,info@yashikfinlease.com,gemini+csv_verified,success,
1185,2026-02-24T15:25:29.415235,2026-02-24T15:25:29.415238,Yashman Deepak Ltd.,NBFC,https://yashmandeepak.com/,,Micro,0.0,True,539236,"[""Business Loan"", ""Personal Loan"", ""Loan Against Property"", ""Working Capital"", ""MSME Loan"", ""Gold Loan"", ""Vehicle Loan"", ""Home Loan"", ""Education Loan"", ""Micro Loan"", ""Agriculture Loan"", ""Credit Card"", ""Consumer Durable Loan""]",Business Loan,"[""Business Loan"", ""Personal Loan"", ""Loan Against Property"", ""Working Capital"", ""MSME Loan"", ""Gold Loan"", ""Vehicle Loan"", ""Home Loan"", ""Education Loan"", ""Micro Loan"", ""Agriculture Loan"", ""Credit Card"", ""Consumer Durable Loan""]","Delhi, Delhi",Delhi,"[""Andhra Pradesh"", ""Arunachal Pradesh"", ""Assam"", ""Bihar"", ""Chhattisgarh"", ""Goa"", ""Gujarat"", ""Haryana"", ""Himachal Pradesh"", ""Jharkhand"", ""Karnataka"", ""Kerala"", ""Madhya Pradesh"", ""Maharashtra"", ""Manipur"", ""Meghalaya"", ""Mizoram"", ""Nagaland"", ""Odisha"", ""Punjab"", ""Rajasthan"", ""Sikkim"", ""Tamil Nadu"", ""Telangana"", ""Tripura"", ""Uttar Pradesh"", ""Uttarakhand"", ""West Bengal"", ""Delhi"", ""Jammu & Kashmir"", ""Ladakh"", ""Puducherry"", ""Chandigarh"", ""Dadra and Nagar Haveli"", ""Lakshadweep"", ""Andaman and Nicobar Islands""]",Pan India,True,NBFC,TEMP-1771734907,,,,1995,,,,False,+91-11-42488888,info@yashmandeepak.com,gemini+csv_verified,success, | Invalid AUM value
1186,2026-02-24T15:25:44.869407,2026-02-24T15:25:44.869410,Yuvaraj Agrofin (P) Ltd,NBFC,https://yuvarajfinance.in/,,,,False,,"[""Gold Loan"", ""Business Loan"", ""Personal Loan"", ""Loan Against Property"", ""Vehicle Loan"", ""MSME Loan"", ""Agriculture Loan""]",Diversified Loan Portfolio,"[""Gold Loan"", ""Business Loan"", ""Personal Loan"", ""Loan Against Property"", ""Vehicle Loan"", ""MSME Loan"", ""Agriculture Loan""]","Chennai, Tamil Nadu",Tamil Nadu,"[""Tamil Nadu""]",Single State,False,NBFC,TEMP-1771734909,,,,1995,,,,False,+91 44 2476 0000,info@yuvarajfinance.in,gemini+csv_verified,success,
1187,2026-02-24T15:25:58.706303,2026-02-24T15:25:58.706307,Yuvaraj Finance (Pvt) Ltd.,NBFC,https://yuvarajfinance.in/,,,,False,,"[""Gold Loan"", ""Business Loan"", ""Personal Loan"", ""Loan Against Property"", ""Vehicle Loan"", ""MSME Loan"", ""Working Capital"", ""Micro Loan"", ""Education Loan"", ""Home Loan"", ""Agriculture Loan"", ""Consumer Durable Loan""]",Gold Loan,"[""Gold Loan"", ""Business Loan"", ""Personal Loan"", ""Loan Against Property"", ""Vehicle Loan"", ""MSME Loan"", ""Working Capital"", ""Micro Loan"", ""Education Loan"", ""Home Loan"", ""Agriculture Loan"", ""Consumer Durable Loan""]","Chennai, Tamil Nadu",Tamil Nadu,"[""Tamil Nadu""]",Single State,False,NBFC,TEMP-1771734912,,,,1995,,,,False,+91 44 4212 1212,info@yuvarajfinance.in,gemini+csv_verified,success,
1188,2026-02-24T15:26:15.280908,2026-02-24T15:26:15.280911,YVU Financial Services Pvt.Ltd. (Formerly known as Chand Fairdeal Financiers Pvt.Ltd.),NBFC,https://www.yvumf.com/,9.08,Micro,1.06,True,CHANDF,"[""Business Loan"", ""Loan Against Property"", ""Working Capital"", ""MSME Loan"", ""Personal Loan"", ""Gold Loan""]",Business Loan,"[""Business Loan"", ""Loan Against Property"", ""Working Capital"", ""MSME Loan"", ""Personal Loan"", ""Gold Loan""]","New Delhi, Delhi",Delhi,"[""Delhi""]",Single State,False,NBFC-ND,TEMP-1771734913,,,,1994,,,,False,+91 11 4505 0000,info@yvumf.com,gemini+csv_verified,success,
1189,2026-02-24T15:26:29.267436,2026-02-24T15:26:29.267440,Zeal Holdings Private Limited,NBFC,https://www.zealholdings.in/,,,,False,,"[""Business Loan"", ""Personal Loan"", ""Loan Against Property"", ""MSME Loan"", ""Working Capital""]",Business Loan,"[""Business Loan"", ""Personal Loan"", ""Loan Against Property"", ""MSME Loan"", ""Working Capital""]","New Delhi, Delhi",Delhi,"[""Delhi""]",Single State,False,NBFC,TEMP-1771734915,,,,1996,,,,False,+91-11-45050505,info@zealholdings.in,gemini+csv_verified,success,
