id,created_at,last_updated,company_name,company_type,website,aum_crores,aum_category,last_year_revenue,is_listed,stock_symbol,primary_loan_segments,primary_product,product_types,hq_location,hq_state,operating_states,operating_intensity,pan_india,rbi_category,rbi_registration_number,recent_funding,recent_funding_amount,recent_funding_year,established_year,employee_count,branch_count,ticket_size_min,ticket_size_max,has_subsidiaries,phone,email,rural_presence,data_source,extraction_status,quality_score,data_hash,error,rbi_status,rbi_verified_name,regulatory_tier,phone_valid,email_valid,email_domain_matches,segment_category_mismatch,pan_india_suspect,financial_source,geo_source,contact_source,regulatory_source,onboarding_tier
551,2026-04-03T00:51:16.230848,2026-04-03T00:51:16.227060,121 Finance Private Limited (Old Name Yerrow Finance and Investments Private Limited),NBFC,https://121finance.com,,,,False,,"[""Business Loan"", ""MSME Loan"", ""Rural Loan"", ""Supply Chain Finance"", ""Working Capital""]",Business Loan,"[""Business Loan"", ""MSME Loan"", ""Rural Loan"", ""Supply Chain Finance"", ""Working Capital""]","Jaipur, Rajasthan",Rajasthan,"[""Rajasthan""]",Single State,False,,,,,,1995,,,,,False,+919314121121,info@121finance.com,False,csv+gemini+scraper,success,0.39,866a34a6365bec988be6,RBI registration number missing — needs manual review,unverified,,Factor,True,True,True,False,False,gemini,scraper_verified,scraper_verified,csv_provided,pending_review
552,2026-04-03T00:51:37.097063,2026-04-03T00:51:37.095441,4Fin Finance Private Limited,NBFC,https://4fin.in,,,,False,,"[""MSME Loan"", ""Working Capital""]",MSME Loan,"[""MSME Loan"", ""Working Capital""]","Mumbai, Maharashtra",Maharashtra,"[""Delhi"", ""Maharashtra""]",Regional,False,,N.13.02437,,,,2017,,,,,False,+918956077440,contact@4fin.co.in,False,csv+gemini+scraper,success,0.49,a8fa9ef62406ef843f8f,,unverified,,ND,True,True,False,False,False,gemini,scraper_verified,scraper_verified,csv_provided,provisional_lender
553,2026-04-03T00:51:54.757518,2026-04-03T00:51:54.750111,A R C Finance Ltd,NBFC,http://www.arcfinance.in,10.0,Micro,0.01,True,ARCFIN,"[""MSME Loan""]",MSME Loan,"[""MSME Loan""]","Kolkata, West Bengal",West Bengal,"[""West Bengal""]",Single State,False,,,,,,1983,,,,,False,9830286229,arcfincorp@gmail.com,False,csv+gemini+scraper,success,0.4,d5a0c1e520bd3a5215b0,RBI registration number missing — needs manual review,unverified,,ND-BL-Small,True,True,False,False,False,gemini,scraper_verified,scraper_verified,csv_provided,pending_review
554,2026-04-03T00:52:15.943145,2026-04-03T00:52:15.936302,A R T Leasing Ltd,NBFC,http://artgroupofcompanies.in/leasing.php,,,,False,,"[""Business Loan"", ""Gold Loan"", ""MSME Loan"", ""Personal Loan"", ""Rural Loan""]",Business Loan,"[""Business Loan"", ""Gold Loan"", ""MSME Loan"", ""Personal Loan"", ""Rural Loan""]","Kolkata, West Bengal",West Bengal,"[""West Bengal""]",Single State,False,,,,,,2001,,19,,,False,+913322110000,info@artgroupofin.com,False,csv+gemini,success,0.38,852ee70da26a900daddf,RBI registration number missing — needs manual review,unverified,,ND,False,True,False,False,False,gemini,gemini,gemini_inferred,csv_provided,pending_review
555,2026-04-03T00:53:05.339267,2026-04-03T00:53:05.329532,Aasman Kamraz Leasing & Hire Purchase Company Pvt Ltd,NBFC,https://company.vakilsearch.com/aasman-kamraz-leasing-hire-purchase-company-private-limited/U65921JK1997PTC001645,,,,False,,"[""Home Loan""]",Home Loan,"[""Home Loan""]",Akhnoor,,"[""Tamil Nadu""]",Single State,False,,,,,,1997,,,,,False,,pankajsehgalpfc@rediffmail.com,False,csv+gemini+scraper,success,0.27,9ee575a7375720fe1668,RBI registration number missing — needs manual review,unverified,,unknown,False,True,False,False,False,gemini,scraper_verified,scraper_verified,csv_provided,pending_review
556,2026-04-03T00:53:33.228757,2026-04-03T00:53:33.216402,Abhani Securities  Pvt.  Ltd.,NBFC,https://www.prabhatsecuritiesltd.co.in,,,,False,,"[""MSME Loan"", ""Rural Loan"", ""Working Capital""]",MSME Loan,"[""MSME Loan"", ""Rural Loan"", ""Working Capital""]","Ahmedabad, Gujarat",Gujarat,"[""Gujarat"", ""Uttar Pradesh""]",Regional,False,,,,,,1995,,,,,False,+915122526347,info@prabhatsecuritiesltd.co.in,False,csv+gemini+scraper,success,0.39,c755983e64e4d8d9137c,RBI registration number missing — needs manual review,unverified,,unknown,True,True,False,False,False,gemini,scraper_verified,scraper_verified,csv_provided,pending_review
557,2026-04-03T00:54:15.600405,2026-04-03T00:54:15.597557,Abhiyan Capital (India) Private Limited {Earlier known as Dowell Fiscal Services Private Limited},NBFC,https://www.abhiyancapital.com,,,,False,,"[""Business Loan"", ""Loan Against Property"", ""MSME Loan""]",Business Loan,"[""Business Loan"", ""Loan Against Property"", ""MSME Loan""]","Mumbai, Maharashtra",Maharashtra,"[""Haryana"", ""Maharashtra"", ""Rajasthan"", ""Uttar Pradesh"", ""Uttarakhand""]",Regional,False,,,,,,1995,,40,,,False,918448995600,contactus@abhiyancapital.com,True,csv+gemini+scraper,success,0.44,a2ac71f6e566da41e6f5,RBI registration number missing — needs manual review,unverified,,ND,False,True,True,False,False,gemini,scraper_verified,scraper_verified,csv_provided,pending_review
558,2026-04-03T00:54:33.322649,2026-04-03T00:54:33.310689,ABT Finance Limited,NBFC,https://abt-finance-limited.charteredone.com/U65921TZ1985PLC001575,,,,False,,"[""MSME Loan""]",MSME Loan,"[""MSME Loan""]","Coimbatore, Tamil Nadu",Tamil Nadu,"[""Tamil Nadu""]",Single State,False,,N.07.00001,,,,1985,,,,,False,04222314000,abtfin@gmail.com,False,csv+gemini,success,0.39,3e55e81cce96f875f959,,unverified,,ND,True,True,False,False,False,gemini,gemini,gemini_inferred,csv_provided,pending_review
559,2026-04-03T00:54:58.561112,2026-04-03T00:54:58.558452,Accord Securities  Ltd.,NBFC,https://www.accordsecurities.com,,,,False,,"[""Personal Loan""]",Personal Loan,"[""Personal Loan""]","Delhi, Delhi",Delhi,"[""Delhi""]",Single State,False,,,,,,1994,,,,,False,+911147000000,info@accordsecurities.com,False,csv+gemini+scraper,success,0.36,0c8fe7e478c1d999812b,RBI registration number missing — needs manual review,unverified,,ND,False,True,True,False,False,gemini,scraper_verified,gemini_inferred,csv_provided,pending_review
560,2026-04-03T00:55:38.932853,2026-04-03T00:55:38.930067,Accredut Finance And Investment Private Limited,NBFC,https://www.accredutfinance.com,,,,False,,"[""Business Loan"", ""Education Loan"", ""Loan Against Property"", ""MSME Loan"", ""Personal Loan"", ""Working Capital""]",Business Loan,"[""Business Loan"", ""Education Loan"", ""Loan Against Property"", ""MSME Loan"", ""Personal Loan"", ""Working Capital""]","Mumbai, Maharashtra",Maharashtra,"[""Maharashtra""]",Single State,False,,,,,,2013,,,,,False,+022630703000,info@accredutfinance.com,False,csv+gemini+scraper,success,0.41,a89a1c2931920b1f7242,RBI registration number missing — needs manual review,unverified,,ND,False,True,True,False,False,gemini,scraper_verified,scraper_verified,csv_provided,pending_review
561,2026-04-03T00:56:00.545408,2026-04-03T00:56:00.543044,Ace Finlease Private Limited,NBFC,https://acegroup.in/companies,,,,False,,"[""Rural Loan"", ""Two Wheeler Loan""]",Rural Loan,"[""Rural Loan"", ""Two Wheeler Loan""]","Kochi, Kerala",Kerala,"[""Kerala""]",Single State,False,,,,,,1997,,,,,False,,,False,csv+gemini+scraper,success,0.23,027e24de565f5775c4c4,RBI registration number missing — needs manual review,unverified,,ND,False,False,False,False,False,gemini,scraper_verified,gemini_inferred,csv_provided,pending_review
562,2026-04-03T00:56:53.695336,2026-04-03T00:56:53.692874,Add - Truck Commercial Pvt Ltd,NBFC,https://asia.daimlertruck.com/en/press-releases/india/bharatbenz-customers-gain-attractive-finance-options,,,,False,,"[""MSME Loan"", ""Vehicle Loan""]",MSME Loan,"[""MSME Loan"", ""Vehicle Loan""]","New Delhi, Delhi",Delhi,"[""Delhi""]",Single State,False,,N-14.03300,,,,2011,,,,,False,,,False,csv+gemini,success,0.33,2cc1c846f624bba933fc,,unverified,,ND,False,False,False,False,False,gemini,gemini,gemini_inferred,csv_provided,pending_review
563,2026-04-03T00:57:33.413379,2026-04-03T00:57:33.410257,Advik Capital Ltd,NBFC,https://www.advik.co.in,1.03,Micro,1.05,True,ADVIK,"[""Two Wheeler Loan""]",Two Wheeler Loan,"[""Two Wheeler Loan""]","New Delhi, Delhi",Delhi,"[""Delhi"", ""Maharashtra""]",Regional,False,,,,,,2017,,,,,False,+912135669500,info@advik.co.in,True,csv+gemini+scraper,success,0.42,349231e186d18d98beff,RBI registration number missing — needs manual review,unverified,,ND-BL-Small,True,True,True,False,False,gemini,scraper_verified,scraper_verified,csv_provided,pending_review
564,2026-04-03T00:57:58.601056,2026-04-03T00:57:58.598805,Aeroflex Finance Private Limited,NBFC,https://aeroflexfinance.com,1.03,Micro,1.05,False,,"[""Business Loan"", ""MSME Loan"", ""Personal Loan"", ""Working Capital""]",Business Loan,"[""Business Loan"", ""MSME Loan"", ""Personal Loan"", ""Working Capital""]","Mumbai, Maharashtra",Maharashtra,"[""Maharashtra""]",Single State,False,,U65929,,,,2016,,,,,False,+917718026400,corporate@aeroflexfinance.com,False,csv+gemini+scraper,success,0.52,cacd900e2128bdc4540d,,unverified,,ND-BL-Small,True,True,True,False,False,gemini,gemini,scraper_verified,csv_provided,provisional_lender
565,2026-04-03T00:58:20.325201,2026-04-03T00:58:20.322900,Agarwal Assignments Pvt. Ltd.,NBFC,https://www.agarwalassignments.com,,,,False,,"[""MSME Loan""]",MSME Loan,"[""MSME Loan""]","New Delhi, Delhi",Delhi,"[""Delhi""]",Single State,False,,,,,,1995,,,,,False,+917303961350,info@agarwalassignments.com,False,csv+gemini+scraper,success,0.39,a6a64df8e89d88d3133e,RBI registration number missing — needs manual review,unverified,,ND,True,True,True,False,False,gemini,scraper_verified,scraper_verified,csv_provided,pending_review
566,2026-04-03T00:59:12.203895,2026-04-03T00:59:12.201922,Agarwal Fiscal Private Limited,NBFC,https://www.agarwalassignments.com,,,,False,,"[""MSME Loan""]",MSME Loan,"[""MSME Loan""]","Delhi, Delhi",Delhi,"[""Delhi""]",Single State,False,,,,,,2010,,,,,False,+917303961350,info@agarwalassignments.com,False,csv+gemini+scraper,success,0.39,bb9e048651241d4ef58b,RBI registration number missing — needs manual review,unverified,,ND,True,True,True,False,False,gemini,scraper_verified,scraper_verified,csv_provided,pending_review
567,2026-04-03T00:59:32.997895,2026-04-03T00:59:32.995196,Agf Finlease Pvt. Ltd.,NBFC,https://agffinlease.com,,,,False,,"[""Business Loan"", ""Loan Against Property"", ""MSME Loan"", ""Personal Loan""]",Business Loan,"[""Business Loan"", ""Loan Against Property"", ""MSME Loan"", ""Personal Loan""]","New Delhi, Delhi",Delhi,"[""Delhi""]",Single State,False,,N-14.03400,,,,2018,,,,,False,+918447966862,info@agffinlease.com,False,csv+gemini+scraper,success,0.49,842cd9b994df98214baf,,unverified,,ND,True,True,True,False,False,gemini,scraper_verified,scraper_verified,csv_provided,provisional_lender
568,2026-04-03T00:59:51.159149,2026-04-03T00:59:51.156680,Agrim Fincap Pvt.Ltd.,NBFC,https://agrimfincap.com,,,,False,,"[""MSME Loan"", ""Personal Loan"", ""Rural Loan""]",MSME Loan,"[""MSME Loan"", ""Personal Loan"", ""Rural Loan""]","Noida, Uttar Pradesh",Uttar Pradesh,"[""Delhi"", ""Uttar Pradesh""]",Regional,False,,B-14.02333,,,,2010,,,,,False,01204643707,care@agrimfincap.com,False,csv+gemini+scraper,success,0.49,b9d03fbc291ae09397ca,,unverified,,ND,True,True,True,False,False,gemini,scraper_verified,scraper_verified,csv_provided,provisional_lender
569,2026-04-03T01:00:17.097147,2026-04-03T01:00:17.092728,Agro Indus Credits Limited (Formerly Known As Agro Indus Finance And Leasing (India)Ltd,NBFC,https://www.agroindus.co.in,1.0,Micro,1.0,False,,"[""Business Loan"", ""Gold Loan"", ""Home Loan"", ""Loan Against Property"", ""Vehicle Loan""]",Business Loan,"[""Business Loan"", ""Gold Loan"", ""Home Loan"", ""Loan Against Property"", ""Vehicle Loan""]","Kochi, Kerala",Kerala,"[""Kerala"", ""Tamil Nadu""]",Regional,False,,,,,,1995,,61,,,False,04842341289,agroindus@gmail.com,True,csv+gemini+scraper,success,0.42,c5a1401aebaa5107c6a0,RBI registration number missing — needs manual review,unverified,,ND-BL-Small,True,True,False,False,False,gemini,scraper_verified,scraper_verified,csv_provided,pending_review
570,2026-04-03T01:00:38.468069,2026-04-03T01:00:38.465212,Almondz Finanz Limited,NBFC,https://almondzfinanz.com,1.0,Micro,1.0,True,ALMONDZFIN,"[""Personal Loan""]",Personal Loan,"[""Personal Loan""]","Gurugram, Haryana",Haryana,"[""Delhi"", ""Haryana""]",Regional,False,,,,,,1995,,,,,False,+911244763000,info@almondzfinanz.com,False,csv+gemini+scraper,success,0.39,2036f1b71a3c90a0d2b4,RBI registration number missing — needs manual review,unverified,,ND-BL-Small,False,True,True,False,False,gemini,scraper_verified,gemini_inferred,csv_provided,pending_review
571,2026-04-03T01:01:28.077004,2026-04-03T01:01:28.073669,Alpine Finlease Limited,NBFC,https://alpinefinlease.com,,,,False,,"[""Business Loan"", ""Consumer Durable Loan"", ""Loan Against Property"", ""MSME Loan"", ""Personal Loan"", ""Working Capital""]",Business Loan,"[""Business Loan"", ""Consumer Durable Loan"", ""Loan Against Property"", ""MSME Loan"", ""Personal Loan"", ""Working Capital""]","Dehradun, Uttarakhand",Uttarakhand,"[""Delhi"", ""Uttarakhand""]",Regional,False,,,,,,1995,,,,,False,+919837174795,contactus@alpinefinlease.com,True,csv+gemini+scraper,success,0.39,99e941429fc6cf2ac724,RBI registration number missing — needs manual review,unverified,,ND,True,True,True,False,False,gemini,scraper_verified,scraper_verified,csv_provided,pending_review
572,2026-04-03T01:02:03.018448,2026-04-03T01:02:03.016636,Amber Distributors (P) Ltd,NBFC,https://amberdistributors.com,,,,False,,"[""Business Loan"", ""Gold Loan"", ""MSME Loan"", ""Personal Loan"", ""Rural Loan"", ""Working Capital""]",Business Loan,"[""Business Loan"", ""Gold Loan"", ""MSME Loan"", ""Personal Loan"", ""Rural Loan"", ""Working Capital""]","Delhi, Delhi",Delhi,"[""Delhi""]",Single State,False,,B.05.04359,,,,2009,,,,,False,+911145050000,info@amberdistributors.com,False,csv+gemini+scraper,success,0.46,a1c20992396c3843f532,,unverified,,ND,False,True,True,False,False,gemini,scraper_verified,gemini_inferred,csv_provided,provisional_lender
573,2026-04-03T01:02:25.000649,2026-04-03T01:02:24.990913,Ample Fincap Pvt Ltd,NBFC,https://www.amplefincap.com,,,,False,,"[""Business Loan"", ""Working Capital""]",Business Loan,"[""Business Loan"", ""Working Capital""]","Bhopal, Madhya Pradesh",Madhya Pradesh,"[""Chhattisgarh"", ""Madhya Pradesh""]",Regional,False,,,,,,2006,,,,,False,9522112001,ample.fincap@gmail.com,False,csv+gemini+scraper,success,0.39,22272915cb7177d06274,RBI registration number missing — needs manual review,unverified,,ND,True,True,False,False,False,gemini,scraper_verified,scraper_verified,csv_provided,pending_review
574,2026-04-03T01:03:03.775450,2026-04-03T01:03:03.756539,Anand Rathi Global Finance  Ltd. [Formerly - Rathi Global Finance  Ltd.],NBFC,https://anandrathi.com,,,,False,,[],,[],"Mumbai, Maharashtra",Maharashtra,"[""Karnataka"", ""Maharashtra"", ""Uttar Pradesh"", ""Uttarakhand""]",Regional,False,,B-13.01682,,,,1995,,,,,False,18004201004,customersupport@rathi.com,False,csv+gemini+scraper,success,0.26,5174ddc5759cd55eb470,primary_loan_segments empty — needs manual review,unverified,,ND,False,True,False,False,False,gemini,scraper_verified,scraper_verified,csv_provided,pending_review
575,2026-04-03T01:03:40.036732,2026-04-03T01:03:40.034220,Ankita Finvest (P)Ltd,NBFC,https://www.ankitafinancial.com,,,,False,,"[""Business Loan"", ""Consumer Durable Loan"", ""Credit Card"", ""EV Loan"", ""Education Loan"", ""Gold Loan"", ""Home Loan"", ""Loan Against Property"", ""MSME Loan"", ""Micro Loan"", ""Personal Loan"", ""Rural Loan"", ""Supply Chain Finance"", ""Two Wheeler Loan"", ""Vehicle Loan"", ""Working Capital""]",Business Loan,"[""Business Loan"", ""Consumer Durable Loan"", ""Credit Card"", ""EV Loan"", ""Education Loan"", ""Gold Loan"", ""Home Loan"", ""Loan Against Property"", ""MSME Loan"", ""Micro Loan"", ""Personal Loan"", ""Rural Loan"", ""Supply Chain Finance"", ""Two Wheeler Loan"", ""Vehicle Loan"", ""Working Capital""]","New Delhi, Delhi",Delhi,"[""Andaman and Nicobar Islands"", ""Andhra Pradesh"", ""Arunachal Pradesh"", ""Assam"", ""Bihar"", ""Chandigarh"", ""Chhattisgarh"", ""Dadra and Nagar Haveli"", ""Delhi"", ""Goa"", ""Gujarat"", ""Haryana"", ""Himachal Pradesh"", ""Jammu & Kashmir"", ""Jharkhand"", ""Karnataka"", ""Kerala"", ""Ladakh"", ""Lakshadweep"", ""Madhya Pradesh"", ""Maharashtra"", ""Manipur"", ""Meghalaya"", ""Mizoram"", ""Nagaland"", ""Odisha"", ""Puducherry"", ""Punjab"", ""Rajasthan"", ""Sikkim"", ""Tamil Nadu"", ""Telangana"", ""Tripura"", ""Uttar Pradesh"", ""Uttarakhand"", ""West Bengal""]",Pan India,True,,,,,,1995,,,,,False,+911145050000,info@ankitafinancial.com,False,csv+gemini,success,0.36,57fc4a32377a70abf926,RBI registration number missing — needs manual review,unverified,,ND,False,True,True,False,True,gemini,gemini,gemini_inferred,csv_provided,pending_review
576,2026-04-03T01:04:00.971127,2026-04-03T01:04:00.967634,Annapurna Finance Private Limited.,NBFC,https://annapurnafinance.in,10000.0,Mid,1490.0,False,,"[""Micro Loan"", ""Microfinance"", ""Rural Loan""]",Micro Loan,"[""Micro Loan"", ""Microfinance"", ""Rural Loan""]","Khandagiri, Odisha",Odisha,"[""Arunachal Pradesh"", ""Assam"", ""Bihar"", ""Chhattisgarh"", ""Gujarat"", ""Haryana"", ""Jharkhand"", ""Karnataka"", ""Madhya Pradesh"", ""Maharashtra"", ""Meghalaya"", ""Mizoram"", ""Nagaland"", ""Odisha"", ""Punjab"", ""Rajasthan"", ""Tripura"", ""Uttar Pradesh"", ""Uttarakhand"", ""West Bengal""]",Regional,False,,,,,,2009,10000,,,,False,18008437200,info@ampl.net.in,False,csv+gemini+scraper,success,0.48,214de8122c542edd18e9,RBI registration number missing — needs manual review,unverified,,MFI,False,True,False,False,False,gemini,scraper_verified,scraper_verified,csv_provided,pending_review
577,2026-04-03T01:04:21.338748,2026-04-03T01:04:21.336319,Anson Fincorp Pvt. Ltd,NBFC,https://www.ansonfincorp.in,,,,False,,"[""Gold Loan"", ""Rural Loan""]",Gold Loan,"[""Gold Loan"", ""Rural Loan""]","Perumbavoor, Kerala",Kerala,"[""Kerala"", ""Tamil Nadu""]",Regional,False,,,,,,1996,,,,,False,18004252277,info@anson.co.in,True,csv+gemini+scraper,success,0.41,c1b67f1f7de14e3dc640,RBI registration number missing — needs manual review,unverified,,ND,False,True,False,False,False,gemini,scraper_verified,scraper_verified,csv_provided,pending_review
578,2026-04-03T01:04:43.624171,2026-04-03T01:04:43.621099,Antworks P2P Financing Private Limited,NBFC,https://www.antworksp2p.com,,,,False,,"[""Credit Card"", ""Personal Loan""]",Credit Card,"[""Credit Card"", ""Personal Loan""]","Gurugram, Haryana",Haryana,"[""Haryana""]",Single State,False,,,,,,2017,,,,,False,+911244240000,info@antworksmoney.com,False,csv+gemini+scraper,success,0.36,766d51ba72b4fd0bac13,RBI registration number missing — needs manual review,unverified,,P2P,False,True,False,False,False,gemini,scraper_verified,gemini_inferred,csv_provided,pending_review
579,2026-04-03T01:05:06.917856,2026-04-03T01:05:06.914462,Anugrah Apex Finance Private Limited,NBFC,https://www.apexfinancials.in,,,,False,,"[""Business Loan"", ""Loan Against Property"", ""MSME Loan"", ""Personal Loan"", ""Working Capital""]",Business Loan,"[""Business Loan"", ""Loan Against Property"", ""MSME Loan"", ""Personal Loan"", ""Working Capital""]","New Delhi, Delhi",Delhi,"[""Delhi"", ""Haryana""]",Regional,False,,B-14.00473,,,,1995,,,,,False,+911145050000,info@apexfinancials.in,False,csv+gemini+scraper,success,0.46,d9c71f231d670ebbfefd,,unverified,,ND,False,True,True,False,False,gemini,scraper_verified,gemini_inferred,csv_provided,provisional_lender
580,2026-04-03T01:05:31.066224,2026-04-03T01:05:31.062078,Apaar Source Finance Private Limited,NBFC,https://apaarfinance.com,,,,False,,"[""Business Loan"", ""MSME Loan"", ""Personal Loan""]",Business Loan,"[""Business Loan"", ""MSME Loan"", ""Personal Loan""]","Mumbai, Maharashtra",Maharashtra,"[""Maharashtra""]",Single State,False,,,,,,2022,,,,,False,+912248890000,info@apaarfinance.com,False,csv+gemini,success,0.36,08f84adfb05542c425f4,RBI registration number missing — needs manual review,unverified,,ND,False,True,True,False,False,gemini,gemini,gemini_inferred,csv_provided,pending_review
581,2026-04-03T01:05:48.904068,2026-04-03T01:05:48.900968,Aparoksha Financial Services Private Limited,NBFC,https://aparokshafinserv.com,,,,False,,"[""MSME Loan"", ""Two Wheeler Loan""]",MSME Loan,"[""MSME Loan"", ""Two Wheeler Loan""]","Bengaluru, Karnataka",Karnataka,"[""Karnataka""]",Single State,False,,,,,,2022,,,,,False,18002028313,reachus@aparokshafinserv.com,True,csv+gemini+scraper,success,0.39,d1f6895540f1a2252618,RBI registration number missing — needs manual review,unverified,,ND,False,True,True,False,False,gemini,scraper_verified,scraper_verified,csv_provided,pending_review
582,2026-04-03T01:06:09.881503,2026-04-03T01:06:09.878045,Apex Capital And Finance Limited,NBFC,https://www.apexfinancials.in,,,,False,,"[""Business Loan"", ""Loan Against Property"", ""MSME Loan"", ""Personal Loan"", ""Working Capital""]",Business Loan,"[""Business Loan"", ""Loan Against Property"", ""MSME Loan"", ""Personal Loan"", ""Working Capital""]","New Delhi, Delhi",Delhi,"[""Delhi"", ""Haryana""]",Regional,False,,B-14.00473,,,,1995,,,,,False,+911145050078,info@apexfinancials.in,False,csv+gemini+scraper,success,0.46,8ace454fc7a7fabe27be,,unverified,,ND,False,True,True,False,False,gemini,scraper_verified,gemini_inferred,csv_provided,provisional_lender
583,2026-04-03T01:06:31.148634,2026-04-03T01:06:31.145161,Appreciate Fincaap Private Limited,NBFC,https://appreciatewealth.com,,,,False,,"[""MSME Loan"", ""Personal Loan"", ""Rural Loan""]",MSME Loan,"[""MSME Loan"", ""Personal Loan"", ""Rural Loan""]","Navi Mumbai, Maharashtra",Maharashtra,"[""Maharashtra""]",Single State,False,,,,,,2018,,,,,False,+917039325849,helpdesk@ppreciate.com,False,csv+gemini+scraper,success,0.39,d6fefbcebe39937fb83c,RBI registration number missing — needs manual review,unverified,,ND,True,True,False,False,False,gemini,gemini,scraper_verified,csv_provided,pending_review
584,2026-04-03T01:06:50.736202,2026-04-03T01:06:50.734024,Aquila Finance Ltd.,NBFC,https://www.aquilafinance.co.in,,,1.01,False,,"[""Business Loan"", ""Gold Loan"", ""Home Loan"", ""Personal Loan""]",Business Loan,"[""Business Loan"", ""Gold Loan"", ""Home Loan"", ""Personal Loan""]","Thrissur, Kerala",Kerala,"[""Kerala""]",Single State,False,,,,,,1995,,,,,False,04872992312,info@aquilafinance.co.in,False,csv+gemini+scraper,success,0.38,f897bb514226f5a2dc08,RBI registration number missing — needs manual review,unverified,,ND,True,True,True,False,False,gemini,gemini,scraper_verified,csv_provided,pending_review
585,2026-04-03T01:07:41.342481,2026-04-03T01:07:41.339562,Arham Credit Capital Pvt Ltd *,NBFC,https://arhamfinance.com,,,,False,,"[""Business Loan"", ""Home Loan"", ""Loan Against Property"", ""MSME Loan"", ""Personal Loan"", ""Supply Chain Finance"", ""Vehicle Loan""]",Business Loan,"[""Business Loan"", ""Home Loan"", ""Loan Against Property"", ""MSME Loan"", ""Personal Loan"", ""Supply Chain Finance"", ""Vehicle Loan""]","Delhi, Delhi",Delhi,"[""Delhi""]",Single State,False,,,,,,1992,,,,,False,919311226661,arhamnbfc.finance@gmail.com,False,csv+gemini+scraper,success,0.39,1d2fe08ad6792a25cca7,RBI registration number missing — needs manual review,unverified,,ND,False,True,False,False,False,gemini,scraper_verified,scraper_verified,csv_provided,pending_review
586,2026-04-03T01:08:03.924870,2026-04-03T01:08:03.922002,Arihant's Securities Limited,NBFC,https://kksecurities.com,,,1.09,True,KKSEC,"[""Rural Loan""]",Rural Loan,"[""Rural Loan""]","New Delhi, Delhi",Delhi,"[""Delhi""]",Single State,False,,,,,,1994,,,,,False,+911145600000,kkslig@hotmail.com,False,csv+gemini+scraper,success,0.38,e642453195551c0349c7,RBI registration number missing — needs manual review,unverified,,unknown,False,True,False,False,False,gemini,scraper_verified,scraper_verified,csv_provided,pending_review
587,2026-04-03T01:08:24.712370,2026-04-03T01:08:24.697882,Arise Investments and Capital Private Limited,NBFC,https://arisecapital.in,10.5,Micro,1.2,False,,"[""Home Loan"", ""MSME Loan"", ""Personal Loan""]",Home Loan,"[""Home Loan"", ""MSME Loan"", ""Personal Loan""]","Chennai, Tamil Nadu",Tamil Nadu,"[""Tamil Nadu""]",Single State,False,,N-07.00900,,,,2018,,,,,False,18001038416,info@arisecapital.in,True,csv+gemini+scraper,success,0.5,4f67af31ec177e27b0bf,,unverified,,ND-BL-Small,False,True,True,False,False,gemini,scraper_verified,scraper_verified,csv_provided,provisional_lender
588,2026-04-03T01:08:53.559436,2026-04-03T01:08:53.555656,Arohan Financial Services Limited,NBFC,https://www.arohan.in,5000.41,Mid,1214.41,False,,"[""Business Loan"", ""MSME Loan"", ""Microfinance"", ""Rural Loan""]",Business Loan,"[""Business Loan"", ""MSME Loan"", ""Microfinance"", ""Rural Loan""]","Kolkata, West Bengal",West Bengal,"[""Assam"", ""Bihar"", ""Chhattisgarh"", ""Gujarat"", ""Haryana"", ""Jharkhand"", ""Karnataka"", ""Madhya Pradesh"", ""Maharashtra"", ""Meghalaya"", ""Odisha"", ""Rajasthan"", ""Tamil Nadu"", ""Tripura"", ""Uttar Pradesh"", ""Uttarakhand"", ""West Bengal""]",Regional,False,,,,,,2006,,,,,False,18001030003,customercare@arohan.in,False,csv+gemini+scraper,success,0.41,d9f6bc40691265d3cf6b,RBI registration number missing — needs manual review,unverified,,MFI,False,True,True,False,False,gemini,scraper_verified,gemini_inferred,csv_provided,pending_review
589,2026-04-03T01:09:10.999777,2026-04-03T01:09:10.996093,Arpic Finance Private Limited,NBFC,https://www.arpicfinance.com,,,,False,,"[""Business Loan"", ""Home Loan"", ""MSME Loan"", ""Micro Loan"", ""Personal Loan"", ""Working Capital""]",Business Loan,"[""Business Loan"", ""Home Loan"", ""MSME Loan"", ""Micro Loan"", ""Personal Loan"", ""Working Capital""]","Mumbai, Maharashtra",Maharashtra,"[""Andaman and Nicobar Islands"", ""Andhra Pradesh"", ""Arunachal Pradesh"", ""Assam"", ""Bihar"", ""Chandigarh"", ""Chhattisgarh"", ""Dadra and Nagar Haveli"", ""Delhi"", ""Goa"", ""Gujarat"", ""Haryana"", ""Himachal Pradesh"", ""Jammu & Kashmir"", ""Jharkhand"", ""Karnataka"", ""Kerala"", ""Ladakh"", ""Lakshadweep"", ""Madhya Pradesh"", ""Maharashtra"", ""Manipur"", ""Meghalaya"", ""Mizoram"", ""Nagaland"", ""Odisha"", ""Puducherry"", ""Punjab"", ""Rajasthan"", ""Sikkim"", ""Tamil Nadu"", ""Telangana"", ""Tripura"", ""Uttar Pradesh"", ""Uttarakhand"", ""West Bengal""]",Pan India,True,,,,,,1987,,,,,False,+912240024002,info@arpicfinance.com,False,csv+gemini,success,0.36,df17c1a308b6b3fa12d7,RBI registration number missing — needs manual review,unverified,,ND,False,True,True,False,True,gemini,gemini,gemini_inferred,csv_provided,pending_review
590,2026-04-03T01:09:45.285417,2026-04-03T01:09:45.281002,Art Climate Finance (India) Private Limited,NBFC,https://artclimatefinance.com,,,,False,,"[""MSME Loan"", ""Microfinance"", ""Rural Loan""]",MSME Loan,"[""MSME Loan"", ""Microfinance"", ""Rural Loan""]","Gurugram, Haryana",Haryana,"[""Delhi"", ""Haryana""]",Regional,False,,,,,,2022,,,,,False,+911244000000,connect@artclimatefinance.com,False,csv+gemini+scraper,success,0.38,7971953dfe4726179541,RBI registration number missing — needs manual review,unverified,,ND,False,True,True,False,False,gemini,scraper_verified,scraper_verified,csv_provided,pending_review
591,2026-04-03T01:10:20.917398,2026-04-03T01:10:20.901795,Arunodaya Holdings & Trading Company Private Limited,NBFC,https://company.vakilsearch.com/arunodaya-holdings-and-trading-co-pvt-ltd/U65990MH1992PTC065274,,,,False,,"[""Home Loan""]",Home Loan,"[""Home Loan""]","Navi Mumbai, Maharashtra",Maharashtra,"[""Maharashtra"", ""Tamil Nadu""]",Regional,False,,,,,,1992,,,,,False,,prdhruva@rediffmail.com,False,csv+gemini+scraper,success,0.33,92d300ba2080d102c5ed,RBI registration number missing — needs manual review,unverified,,unknown,False,True,False,False,False,gemini,scraper_verified,scraper_verified,csv_provided,pending_review
592,2026-04-03T01:10:45.217602,2026-04-03T01:10:45.214833,Aryakube Capital Private Limited,NBFC,https://aryakubecapital.in,,,,False,,"[""MSME Loan"", ""Rural Loan""]",MSME Loan,"[""MSME Loan"", ""Rural Loan""]","Noida, Uttar Pradesh",Uttar Pradesh,"[""Andaman and Nicobar Islands"", ""Andhra Pradesh"", ""Arunachal Pradesh"", ""Assam"", ""Bihar"", ""Chandigarh"", ""Chhattisgarh"", ""Dadra and Nagar Haveli"", ""Delhi"", ""Goa"", ""Gujarat"", ""Haryana"", ""Himachal Pradesh"", ""Jammu & Kashmir"", ""Jharkhand"", ""Karnataka"", ""Kerala"", ""Ladakh"", ""Lakshadweep"", ""Madhya Pradesh"", ""Maharashtra"", ""Manipur"", ""Meghalaya"", ""Mizoram"", ""Nagaland"", ""Odisha"", ""Puducherry"", ""Punjab"", ""Rajasthan"", ""Sikkim"", ""Tamil Nadu"", ""Telangana"", ""Tripura"", ""Uttar Pradesh"", ""Uttarakhand"", ""West Bengal""]",Pan India,True,,N-09.00448,,,,2020,,,,,False,+911204100000,admin@aryakubecapital.in,False,csv+gemini+scraper,success,0.48,702b9ceafc07ffb67c0a,,unverified,,ND,False,True,True,False,True,gemini,gemini,scraper_verified,csv_provided,provisional_lender
593,2026-04-03T01:11:12.904865,2026-04-03T01:11:12.901557,Aseem Infrastructure Finance Limited,NBFC,https://aseeminfra.in,1050.0,Small,90.0,False,,"[""Consumer Durable Loan"", ""Microfinance"", ""Rural Loan"", ""Working Capital""]",Consumer Durable Loan,"[""Consumer Durable Loan"", ""Microfinance"", ""Rural Loan"", ""Working Capital""]","Mumbai, Maharashtra",Maharashtra,"[""Delhi"", ""Maharashtra""]",Regional,False,,,,,,2019,,,,,False,+912269101000,info@aseeminfra.in,False,csv+gemini+scraper,success,0.4,6419e55a52c6a7e6a377,RBI registration number missing — needs manual review,unverified,,IFC,False,True,True,False,False,gemini,scraper_verified,scraper_verified,csv_provided,pending_review
594,2026-04-03T01:11:41.879132,2026-04-03T01:11:41.866266,Ashika Global Finance Pvt Ltd,NBFC,https://www.ashikagroup.com/accl/index.html,,,,False,,"[""MSME Loan"", ""Rural Loan""]",MSME Loan,"[""MSME Loan"", ""Rural Loan""]","Kolkata, West Bengal",West Bengal,"[""Maharashtra"", ""West Bengal""]",Regional,False,,,,,,1994,,,,,False,+913340102500,secretarial@ashikagroup.com,False,csv+gemini+scraper,success,0.39,c72f6ea20b6eec330a0b,RBI registration number missing — needs manual review,unverified,,ND,True,True,True,False,False,gemini,scraper_verified,scraper_verified,csv_provided,pending_review
595,2026-04-03T01:12:00.530303,2026-04-03T01:12:00.525893,Ashika Global Securities Private Limited,NBFC,https://www.ashikagroup.com/accl/index.html,60.09,Micro,10.09,True,ASHIKACRED,"[""Rural Loan""]",Rural Loan,"[""Rural Loan""]","Kolkata, West Bengal",West Bengal,"[""Maharashtra"", ""West Bengal""]",Regional,False,,,,,,1994,,,,,False,+913340102500,secretarial@ashikagroup.com,False,csv+gemini+scraper,success,0.42,aa61dffaf43c432d2d1b,RBI registration number missing — needs manual review,unverified,,ND-BL-Small,True,True,True,False,False,gemini,scraper_verified,scraper_verified,csv_provided,pending_review
596,2026-04-03T01:12:29.728979,2026-04-03T01:12:29.724925,Ashish Fiscal Services Pvt. Ltd.,NBFC,https://ashishbassociates.in,,,,False,,"[""Home Loan"", ""MSME Loan"", ""Vehicle Loan""]",Home Loan,"[""Home Loan"", ""MSME Loan"", ""Vehicle Loan""]","New Delhi, Delhi",Delhi,"[""Andaman and Nicobar Islands"", ""Andhra Pradesh"", ""Arunachal Pradesh"", ""Assam"", ""Bihar"", ""Chandigarh"", ""Chhattisgarh"", ""Dadra and Nagar Haveli"", ""Delhi"", ""Goa"", ""Gujarat"", ""Haryana"", ""Himachal Pradesh"", ""Jharkhand"", ""Karnataka"", ""Kerala"", ""Ladakh"", ""Lakshadweep"", ""Madhya Pradesh"", ""Maharashtra"", ""Manipur"", ""Meghalaya"", ""Mizoram"", ""Nagaland"", ""Odisha"", ""Puducherry"", ""Punjab"", ""Rajasthan"", ""Sikkim"", ""Tamil Nadu"", ""Telangana"", ""Tripura"", ""Uttar Pradesh"", ""Uttarakhand"", ""West Bengal""]",Pan India,False,,,,,,1995,,,,,False,,ashish@ashishbassociates.in,False,csv+gemini+scraper,success,0.33,73e0ab8fde5b61cbdc22,RBI registration number missing — needs manual review,unverified,,ND,False,True,False,False,False,gemini,scraper_verified,scraper_verified,csv_provided,pending_review
597,2026-04-03T01:13:11.342897,2026-04-03T01:13:11.339502,Ashutosh Finsec Limited,NBFC,https://ashutoshfinsec.in,,,,False,,"[""Education Loan"", ""Gold Loan"", ""MSME Loan"", ""Personal Loan"", ""Vehicle Loan"", ""Working Capital""]",Education Loan,"[""Education Loan"", ""Gold Loan"", ""MSME Loan"", ""Personal Loan"", ""Vehicle Loan"", ""Working Capital""]","Ahmedabad, Gujarat",Gujarat,"[""Gujarat""]",Single State,False,,B.01.00399,,,,1995,,,,,False,+917940004000,info@ashutoshfinsec.in,False,csv+gemini+scraper,success,0.48,8118e600d7abde71f3e4,,unverified,,ND,False,True,True,False,False,gemini,scraper_verified,gemini_inferred,csv_provided,provisional_lender
598,2026-04-03T01:14:10.461761,2026-04-03T01:14:10.451841,Assam Hire Purchase Company Pvt. Ltd.,NBFC,https://company.vakilsearch.com/assam-hire-purchase-company-private-limited/U65921AS1995PTC004460,,,,False,,"[""Home Loan""]",Home Loan,"[""Home Loan""]","Guwahati, Assam",Assam,"[""Assam"", ""Delhi"", ""Tamil Nadu""]",Regional,False,,,,,,1995,,,,,False,,assamhirepurchase@gmail.com,False,csv+gemini+scraper,success,0.33,531fa67457340edc6a9c,RBI registration number missing — needs manual review,unverified,,ND,False,True,False,False,False,gemini,scraper_verified,scraper_verified,csv_provided,pending_review
599,2026-04-03T01:14:47.832795,2026-04-03T01:14:47.829796,Asset9 Credits Limited,NBFC,https://asset9credits.com,,,,False,,"[""Business Loan"", ""Gold Loan"", ""Home Loan"", ""Loan Against Property"", ""Microfinance"", ""Vehicle Loan""]",Business Loan,"[""Business Loan"", ""Gold Loan"", ""Home Loan"", ""Loan Against Property"", ""Microfinance"", ""Vehicle Loan""]","Perumbavoor, Kerala",Kerala,"[""Delhi"", ""Kerala""]",Regional,False,,B-14.02586,,,,2019,,,,,False,+919544433102,info@asset9credits.com,False,csv+gemini+scraper,success,0.48,0a8a79b3a7c7efb2baf5,,unverified,,ND,True,True,True,False,False,gemini,scraper_verified,scraper_verified,csv_provided,provisional_lender
600,2026-04-03T01:15:51.978075,2026-04-03T01:15:51.970873,Ayaan Finserve India Private Limited (Formerly Charat Ram Shriram Pvt. Ltd.),NBFC,https://ayaanfinserve.com,,,,False,,"[""Business Loan"", ""Loan Against Property"", ""MSME Loan"", ""Working Capital""]",Business Loan,"[""Business Loan"", ""Loan Against Property"", ""MSME Loan"", ""Working Capital""]","New Delhi, Delhi",Delhi,"[""Andaman and Nicobar Islands"", ""Andhra Pradesh"", ""Arunachal Pradesh"", ""Assam"", ""Bihar"", ""Chandigarh"", ""Chhattisgarh"", ""Dadra and Nagar Haveli"", ""Delhi"", ""Goa"", ""Gujarat"", ""Haryana"", ""Himachal Pradesh"", ""Jammu & Kashmir"", ""Jharkhand"", ""Karnataka"", ""Kerala"", ""Ladakh"", ""Lakshadweep"", ""Madhya Pradesh"", ""Maharashtra"", ""Manipur"", ""Meghalaya"", ""Mizoram"", ""Nagaland"", ""Odisha"", ""Puducherry"", ""Punjab"", ""Rajasthan"", ""Sikkim"", ""Tamil Nadu"", ""Telangana"", ""Tripura"", ""Uttar Pradesh"", ""Uttarakhand"", ""West Bengal""]",Pan India,True,,N-14.00001,,,,1984,,,,,False,+911143500000,info@ayaanfinserve.com,False,csv+gemini,success,0.46,80ad978963d244d28831,,unverified,,ND,False,True,True,False,True,gemini,gemini,gemini_inferred,csv_provided,provisional_lender
601,2026-04-03T01:16:09.104951,2026-04-03T01:16:09.101282,Ayush Fiscal (P) Ltd,NBFC,https://www.ayushfiscal.com,,,,False,,"[""Business Loan"", ""MSME Loan"", ""Working Capital""]",Business Loan,"[""Business Loan"", ""MSME Loan"", ""Working Capital""]","Kolkata, West Bengal",West Bengal,"[""West Bengal""]",Single State,False,,B.05.06040,,,,2001,,,,,False,+913345064448,support@ayushfiscal.com,False,csv+gemini+scraper,success,0.49,57aa1cf7c42248045aa6,,unverified,,ND,True,True,True,False,False,gemini,scraper_verified,scraper_verified,csv_provided,provisional_lender
602,2026-04-03T01:16:27.351188,2026-04-03T01:16:27.346292,Baba Lease and Investment Private Limited,NBFC,https://babalease.com,,,,False,,"[""Business Loan"", ""Loan Against Property"", ""MSME Loan"", ""Personal Loan"", ""Vehicle Loan"", ""Working Capital""]",Business Loan,"[""Business Loan"", ""Loan Against Property"", ""MSME Loan"", ""Personal Loan"", ""Vehicle Loan"", ""Working Capital""]","Delhi, Delhi",Delhi,"[""Delhi"", ""Goa""]",Regional,False,,,,,,1992,,,,,False,919289395523,help@babalease.com,False,csv+gemini+scraper,success,0.39,1503428e4f870f159afb,RBI registration number missing — needs manual review,unverified,,ND,False,True,True,False,False,gemini,scraper_verified,scraper_verified,csv_provided,pending_review
603,2026-04-03T01:16:48.493575,2026-04-03T01:16:48.485248,Balraj Hire Purchase Pvt Ltd,NBFC,http://www.balrajhire.com/Home/service,,,,False,,"[""Gold Loan"", ""Home Loan"", ""Two Wheeler Loan"", ""Vehicle Loan""]",Gold Loan,"[""Gold Loan"", ""Home Loan"", ""Two Wheeler Loan"", ""Vehicle Loan""]","Gurdaspur, Punjab",Punjab,"[""Punjab""]",Single State,False,,N-13.02437,,,,1995,,,,,False,01882250030,balrajhire@gmail.com,False,csv+gemini+scraper,success,0.48,66335b7905c0eca19ff1,,unverified,,ND,True,True,False,False,False,gemini,scraper_verified,scraper_verified,csv_provided,provisional_lender
604,2026-04-03T01:20:51.734072,2026-04-03T01:20:51.719365,Bansal In Finlease (P) Ltd.,NBFC,https://www.bansalinhold.com,,,,False,,"[""Business Loan"", ""MSME Loan"", ""Personal Loan"", ""Working Capital""]",Business Loan,"[""Business Loan"", ""MSME Loan"", ""Personal Loan"", ""Working Capital""]","New Delhi, Delhi",Delhi,"[""Delhi""]",Single State,False,,,,,,2000,,,,,False,8448084098,info@bansalinhold.com,False,csv+gemini+scraper,success,0.39,2f2b169f42df95da178d,RBI registration number missing — needs manual review,unverified,,ND,True,True,True,False,False,gemini,scraper_verified,scraper_verified,csv_provided,pending_review
605,2026-04-03T01:21:05.447244,2026-04-03T01:21:05.443381,Bansal In Hold Ltd.,NBFC,https://www.bansalinhold.com,,,,False,,"[""Business Loan"", ""Loan Against Property"", ""MSME Loan"", ""Personal Loan""]",Business Loan,"[""Business Loan"", ""Loan Against Property"", ""MSME Loan"", ""Personal Loan""]","New Delhi, Delhi",Delhi,"[""Delhi""]",Single State,False,,,,,,2019,,,,,False,8448084098,info@bansalinhold.com,False,csv+gemini+scraper,success,0.39,49337282059f173fc9f6,RBI registration number missing — needs manual review,unverified,,ND,True,True,True,False,False,gemini,scraper_verified,scraper_verified,csv_provided,pending_review
606,2026-04-03T01:21:30.345494,2026-04-03T01:21:30.338942,Banyan Ventures & Investment Private Limited,NBFC,https://www.banyanventures.in,,,,False,,"[""Business Loan"", ""MSME Loan"", ""Working Capital""]",Business Loan,"[""Business Loan"", ""MSME Loan"", ""Working Capital""]","Chennai, Tamil Nadu",Tamil Nadu,"[""Tamil Nadu""]",Single State,False,,,,,,1995,,,,,False,04424311480,info@banyanventures.in,False,csv+gemini+scraper,success,0.39,cf0bebea6bd87b180d92,RBI registration number missing — needs manual review,unverified,,ND,True,True,True,False,False,gemini,scraper_verified,scraper_verified,csv_provided,pending_review
607,2026-04-03T01:21:50.911133,2026-04-03T01:21:50.904018,Barwala Leasing & Finance Pvt.Ltd,NBFC,https://barwalaleasing.com,,,,False,,"[""MSME Loan""]",MSME Loan,"[""MSME Loan""]","New Delhi, Delhi",Delhi,"[""Delhi"", ""Madhya Pradesh"", ""Uttar Pradesh""]",Regional,False,,,,,,1994,,,,,False,+911145050000,info@barwalaleasing.com,True,csv+gemini+scraper,success,0.36,88ec72bfcd0c9ad8771a,RBI registration number missing — needs manual review,unverified,,ND,False,True,True,False,False,gemini,scraper_verified,gemini_inferred,csv_provided,pending_review
608,2026-04-03T01:22:08.756891,2026-04-03T01:22:08.751978,Basant Properties Ltd,NBFC,https://basantglobal.com,,,,False,,"[""Gold Loan"", ""Loan Against Property"", ""Rural Loan""]",Gold Loan,"[""Gold Loan"", ""Loan Against Property"", ""Rural Loan""]","Ahmedabad, Gujarat",Gujarat,"[""Gujarat"", ""Rajasthan""]",Regional,False,,,,,,1962,,,,,False,+917926580000,info@basantglobal.com,False,csv+gemini+scraper,success,0.36,e93f998e761f9fe9ee4e,RBI registration number missing — needs manual review,unverified,,ND,False,True,True,False,False,gemini,scraper_verified,gemini_inferred,csv_provided,pending_review
609,2026-04-03T01:22:51.628861,2026-04-03T01:22:51.619780,Bazaari Global Finance Limited,NBFC,https://bazaarifinance.com,,,,False,,"[""Business Loan"", ""Loan Against Property"", ""MSME Loan"", ""Personal Loan"", ""Rural Loan"", ""Two Wheeler Loan"", ""Vehicle Loan"", ""Working Capital""]",Business Loan,"[""Business Loan"", ""Loan Against Property"", ""MSME Loan"", ""Personal Loan"", ""Rural Loan"", ""Two Wheeler Loan"", ""Vehicle Loan"", ""Working Capital""]","Jaipur, Rajasthan",Rajasthan,"[""Rajasthan""]",Single State,False,,,,,,1995,,,,,False,+911414000000,info@bazaarifinance.com,False,csv+gemini+scraper,success,0.39,5e7aeda40661d563100d,RBI registration number missing — needs manual review,unverified,,ND,False,True,True,False,False,gemini,scraper_verified,scraper_verified,csv_provided,pending_review
610,2026-04-03T01:23:17.233820,2026-04-03T01:23:17.224960,Bazel International Limited,NBFC,https://www.bazelinternationalltd.com,,,,False,,"[""MSME Loan"", ""Personal Loan""]",MSME Loan,"[""MSME Loan"", ""Personal Loan""]","Delhi, Delhi",Delhi,"[""Delhi""]",Single State,False,,B-14.03332,,,,2012,,,,,False,+01146081516,bazelinternational@gmail.com,False,csv+gemini+scraper,success,0.49,5776ab33ca635303bb51,,unverified,,ND,False,True,False,False,False,gemini,scraper_verified,scraper_verified,csv_provided,provisional_lender
611,2026-04-03T01:23:52.422719,2026-04-03T01:23:52.414197,BCL Enterprises Ltd.,NBFC,https://www.bclenterprisesltd.in,,,0.01,True,BCLENT,"[""Business Loan"", ""Loan Against Property"", ""MSME Loan"", ""Personal Loan"", ""Working Capital""]",Business Loan,"[""Business Loan"", ""Loan Against Property"", ""MSME Loan"", ""Personal Loan"", ""Working Capital""]","Delhi, Delhi",Delhi,"[""Delhi"", ""Haryana""]",Regional,False,,,,,,2002,,,,,False,+911143080469,bclenterprisesltd@gmail.com,False,csv+gemini+scraper,success,0.39,19f6420ded425815d894,RBI registration number missing — needs manual review,unverified,,ND,True,True,False,False,False,gemini,scraper_verified,scraper_verified,csv_provided,pending_review
612,2026-04-03T01:24:58.826858,2026-04-03T01:24:58.819932,Bengal & Assam Company Limited,NBFC,https://bengalassam.com,10000.0,Mid,1000.0,True,BENGALASS,"[""Rural Loan""]",Rural Loan,"[""Rural Loan""]","Kolkata, West Bengal",West Bengal,"[""Assam"", ""Delhi"", ""West Bengal""]",Regional,False,,,,,,1947,,,,,False,01166001112,secretarial@bengalassam.com,False,csv+gemini+scraper,success,0.4,561a4c9a551bd4a972e5,RBI registration number missing — needs manual review,unverified,,IC,True,True,True,False,False,gemini,scraper_verified,scraper_verified,csv_provided,pending_review
613,2026-04-03T01:25:27.631251,2026-04-03T01:25:27.624575,Bengal Enterprises (P) Ltd,NBFC,https://bengalassam.com,10000.0,Mid,10000.0,True,BENGALASSM,"[""Rural Loan""]",Rural Loan,"[""Rural Loan""]","Kolkata, West Bengal",West Bengal,"[""Assam"", ""Delhi"", ""West Bengal""]",Regional,False,,,,,,1947,,,,,False,01166001112,info@bengalassam.com,False,csv+gemini+scraper,success,0.4,97d8219c0198738e653a,RBI registration number missing — needs manual review,unverified,,ND-ML,True,True,True,False,False,gemini,scraper_verified,scraper_verified,csv_provided,pending_review
614,2026-04-03T01:25:42.503141,2026-04-03T01:25:42.498543,Benzer Scrips Pvt Ltd,NBFC,https://benzer-scrips-pvt-ltd.charteredone.com/U67190WB1991PTC053859,,,,False,,"[""MSME Loan""]",MSME Loan,"[""MSME Loan""]","Kolkata, West Bengal",West Bengal,"[""West Bengal""]",Single State,False,,N-05.05000,,,,1991,,,,,False,,,False,csv+gemini,success,0.27,1274420eab58bc25e801,,unverified,,ND,False,False,False,False,False,gemini,gemini,gemini_inferred,csv_provided,pending_review
615,2026-04-03T01:26:23.378852,2026-04-03T01:26:23.370756,Bhandari Consultancy And Finance Ltd,NBFC,https://bhandarica.com,,,,False,,"[""Home Loan"", ""Vehicle Loan""]",Home Loan,"[""Home Loan"", ""Vehicle Loan""]","Delhi, Delhi",Delhi,"[""Andhra Pradesh"", ""Bihar"", ""Chhattisgarh"", ""Delhi"", ""Gujarat"", ""Haryana"", ""Karnataka"", ""Madhya Pradesh"", ""Maharashtra"", ""Punjab"", ""Rajasthan"", ""Tamil Nadu"", ""Telangana"", ""Uttar Pradesh"", ""West Bengal""]",Regional,False,,,,,,1995,,,,,False,,,False,csv+gemini+scraper,success,0.23,c5b64fb828a1be196bf6,RBI registration number missing — needs manual review,unverified,,ND,False,False,False,False,False,gemini,scraper_verified,gemini_inferred,csv_provided,pending_review
616,2026-04-03T01:26:54.086063,2026-04-03T01:26:54.074368,Bhandari Leafin Private Limited,NBFC,https://www.bhandari.group,,,1.01,False,,"[""Personal Loan""]",Personal Loan,"[""Personal Loan""]","Hyderabad, Telangana",Telangana,"[""Telangana""]",Single State,False,,,,,,1994,,,,,False,+914023390000,info@mysite.com,False,csv+gemini+scraper,success,0.38,901a76264983624a4484,RBI registration number missing — needs manual review,unverified,,ND,False,True,False,False,False,gemini,gemini,scraper_verified,csv_provided,pending_review
617,2026-04-03T01:27:33.473501,2026-04-03T01:27:33.463792,Bhauwala Consultancy Pvt. Ltd.,NBFC,https://rajeshbhauwala.com,,,,False,,"[""Credit Card"", ""Gold Loan"", ""Home Loan"", ""Vehicle Loan""]",Credit Card,"[""Credit Card"", ""Gold Loan"", ""Home Loan"", ""Vehicle Loan""]","Udaipur, Rajasthan",Rajasthan,"[""Andhra Pradesh"", ""Bihar"", ""Delhi"", ""Gujarat"", ""Haryana"", ""Karnataka"", ""Maharashtra"", ""Punjab"", ""Rajasthan"", ""Tamil Nadu"", ""Telangana"", ""Uttar Pradesh"", ""West Bengal""]",Regional,False,,,,,,2012,,,,,False,+919414168000,rajeshbhauwala@gmail.com,False,csv+gemini+scraper,success,0.38,679de934fbf37e58870b,RBI registration number missing — needs manual review,unverified,,ND,True,True,False,False,False,gemini,scraper_verified,scraper_verified,csv_provided,pending_review
618,2026-04-03T01:28:06.660752,2026-04-03T01:28:06.657518,Bherudan Dugar Finance Limited,NBFC,https://dugar.co.in,,,1.01,False,,"[""EV Loan"", ""Home Loan"", ""Loan Against Property"", ""MSME Loan"", ""Vehicle Loan""]",EV Loan,"[""EV Loan"", ""Home Loan"", ""Loan Against Property"", ""MSME Loan"", ""Vehicle Loan""]","Chennai, Tamil Nadu",Tamil Nadu,"[""Gujarat"", ""Karnataka"", ""Madhya Pradesh"", ""Maharashtra"", ""Rajasthan"", ""Tamil Nadu""]",Regional,False,,,,,,1961,,40,,,False,+919383007676,dugar@dugar.co.in,True,csv+gemini+scraper,success,0.42,229b85dc27e7158dfa70,RBI registration number missing — needs manual review,unverified,,ND,True,True,True,False,False,gemini,scraper_verified,scraper_verified,csv_provided,pending_review
619,2026-04-03T01:28:45.350664,2026-04-03T01:28:45.336168,Bhoruka Capital Limited (Formerly Mukesh Textile Mills Limited),NBFC,https://bhorukaclassic.com,,,1.03,True,BHORUCAP,"[""MSME Loan"", ""Vehicle Loan"", ""Working Capital""]",MSME Loan,"[""MSME Loan"", ""Vehicle Loan"", ""Working Capital""]","Bengaluru, Karnataka",Karnataka,"[""Karnataka"", ""Maharashtra""]",Regional,False,,,,,,1986,,,,,False,+919820098200,info@bhorukaclassic.com,True,csv+gemini+scraper,success,0.36,e8983999ea92676521ba,RBI registration number missing — needs manual review,unverified,,ND,False,True,True,False,False,gemini,scraper_verified,gemini_inferred,csv_provided,pending_review
620,2026-04-03T01:29:00.909461,2026-04-03T01:29:00.903215,Bhoruka Classic Finance Private Limited,NBFC,https://www.bhorukaclassic.com,100.0,Micro,12.0,False,,"[""MSME Loan"", ""Vehicle Loan""]",MSME Loan,"[""MSME Loan"", ""Vehicle Loan""]","Mumbai, Maharashtra",Maharashtra,"[""Maharashtra""]",Single State,False,,,,,,1994,,,,,False,+912228386666,info@bhorukaclassic.com,False,csv+gemini+scraper,success,0.39,769aeb167dc3fb36e8fc,RBI registration number missing — needs manual review,unverified,,ND-BL,False,True,True,False,False,gemini,scraper_verified,gemini_inferred,csv_provided,pending_review
621,2026-04-03T01:29:29.054667,2026-04-03T01:29:29.047726,Bhoruka Finance Corporation Of India Ltd.,NBFC,https://bhorukaclassic.com,,,,False,,"[""Vehicle Loan"", ""Working Capital""]",Vehicle Loan,"[""Vehicle Loan"", ""Working Capital""]","Bangalore, Karnataka",Karnataka,"[""Karnataka"", ""Maharashtra""]",Regional,False,,,,,,1986,,,,,False,08022210000,info@bhorukaclassic.com,True,csv+gemini+scraper,success,0.36,326498ba7ef9516e53e4,RBI registration number missing — needs manual review,unverified,,ND,True,True,True,False,False,gemini,scraper_verified,gemini_inferred,csv_provided,pending_review
622,2026-04-03T01:29:51.630950,2026-04-03T01:29:51.622282,Bhoruka Investment Ltd,NBFC,https://bhorukaclassic.com,100.0,Micro,17.0,False,,"[""MSME Loan"", ""Vehicle Loan"", ""Working Capital""]",MSME Loan,"[""MSME Loan"", ""Vehicle Loan"", ""Working Capital""]","Mumbai, Maharashtra",Maharashtra,"[""Maharashtra""]",Single State,False,,,,,,2010,,,,,False,+912240050000,info@bhorukaclassic.com,True,csv+gemini+scraper,success,0.39,af5c0d394e0af5494471,RBI registration number missing — needs manual review,unverified,,ND-BL,False,True,True,False,False,gemini,scraper_verified,gemini_inferred,csv_provided,pending_review
623,2026-04-03T01:30:33.222617,2026-04-03T01:30:33.215907,Bhumika Fiscal Services Private Limited,NBFC,https://old.bhumikatrade.com/Services/VAS,,,,False,,"[""Loan Against Property"", ""MSME Loan""]",Loan Against Property,"[""Loan Against Property"", ""MSME Loan""]","Ahmedabad, Gujarat",Gujarat,"[""Gujarat""]",Single State,False,,,,,,1998,,,,,False,+917940004000,help@bhumikatrade.com,False,csv+gemini+scraper,success,0.38,0f4b23daaaf1ee9f3e62,RBI registration number missing — needs manual review,unverified,,ND,False,True,True,False,False,gemini,scraper_verified,scraper_verified,csv_provided,pending_review
624,2026-04-03T01:30:51.309993,2026-04-03T01:30:51.302047,Bihariji Commercials Ltd,NBFC,https://www.biharijigroup.com,,,,False,,"[""Rural Loan""]",Rural Loan,"[""Rural Loan""]","Delhi, Delhi",Delhi,"[""Delhi"", ""Punjab""]",Regional,False,,,,,,,,,,,False,+911147000000,info@biharijigroup.com,False,csv+gemini+scraper,success,0.33,c103e6a3b3274be2f340,RBI registration number missing — needs manual review,unverified,,unknown,False,True,True,False,False,gemini,scraper_verified,gemini_inferred,csv_provided,pending_review
625,2026-04-03T01:31:13.197923,2026-04-03T01:31:13.190062,Bihariji Constructions (India) Ltd,NBFC,https://www.biharijigroup.com,,,,False,,"[""Rural Loan""]",Rural Loan,"[""Rural Loan""]","New Delhi, Delhi",Delhi,"[""Delhi"", ""Punjab""]",Regional,False,,,,,,1995,,,,,False,+911145050000,info@biharijigroup.com,False,csv+gemini+scraper,success,0.36,748e3c6e3c311b2d4c86,RBI registration number missing — needs manual review,unverified,,ND,False,True,True,False,False,gemini,scraper_verified,gemini_inferred,csv_provided,pending_review
626,2026-04-03T01:31:30.369325,2026-04-03T01:31:30.361383,Bihariji Securities  Pvt.  Ltd.,NBFC,https://www.biharijigroup.com,,,,False,,"[""Rural Loan""]",Rural Loan,"[""Rural Loan""]","New Delhi, Delhi",Delhi,"[""Delhi"", ""Punjab""]",Regional,False,,,,,,1995,,,,,False,+911145050505,info@biharijigroup.com,False,csv+gemini+scraper,success,0.36,4a51d3cc754e58030da0,RBI registration number missing — needs manual review,unverified,,ND,False,True,True,False,False,gemini,scraper_verified,gemini_inferred,csv_provided,pending_review
627,2026-04-03T01:31:54.699123,2026-04-03T01:31:54.692420,Bindawala Banijya Ltd.,NBFC,https://bindawala.com,,,0.09,True,BINDAWALA,"[""Loan Against Property"", ""MSME Loan""]",Loan Against Property,"[""Loan Against Property"", ""MSME Loan""]","Kolkata, West Bengal",West Bengal,"[""West Bengal""]",Single State,False,,,,,,1981,,,,,False,+913340001000,contact@bindawala.com,False,csv+gemini+scraper,success,0.38,7db008efe7378d301f0d,RBI registration number missing — needs manual review,unverified,,ND,False,True,True,False,False,gemini,scraper_verified,scraper_verified,csv_provided,pending_review
628,2026-04-03T01:32:10.158993,2026-04-03T01:32:10.153970,Blackbuck Finserve Private Limited,NBFC,https://finserve.blackbuck.com,,,11.01,False,,"[""MSME Loan"", ""Vehicle Loan""]",MSME Loan,"[""MSME Loan"", ""Vehicle Loan""]","Bengaluru, Karnataka",Karnataka,"[""Karnataka""]",Single State,False,,N-02.00359,,,,2017,,,,,False,+918095352094,cs@blackbuck.com,False,csv+gemini+scraper,success,0.49,42d5d157372d05fc2040,,unverified,,ND,True,True,True,False,False,gemini,scraper_verified,scraper_verified,csv_provided,provisional_lender
629,2026-04-03T01:32:33.071417,2026-04-03T01:32:33.060941,BOBCARD Limited (Formerly known as BOB Financial Solutions Limited),NBFC,https://www.bobcard.co.in,1990.0,Small,1670.0,False,,"[""Credit Card"", ""MSME Loan""]",Credit Card,"[""Credit Card"", ""MSME Loan""]","Mumbai, Maharashtra",Maharashtra,"[""Assam"", ""Gujarat"", ""Maharashtra"", ""Rajasthan""]",Regional,False,,,,,,1994,,,,,False,18001031002,crm@bobcard.co.in,True,csv+gemini+scraper,success,0.39,3d392105071c82cd8d57,RBI registration number missing — needs manual review,unverified,,ND-ML,False,True,True,False,False,gemini,scraper_verified,gemini_inferred,csv_provided,pending_review
630,2026-04-03T01:32:59.143939,2026-04-03T01:32:59.136502,Bothra Motor Finance.Ltd.,NBFC,https://www.ksbothra.com,,,,False,,"[""Credit Card"", ""Gold Loan"", ""Home Loan"", ""MSME Loan"", ""Vehicle Loan""]",Credit Card,"[""Credit Card"", ""Gold Loan"", ""Home Loan"", ""MSME Loan"", ""Vehicle Loan""]","Kolkata, West Bengal",West Bengal,"[""Andaman and Nicobar Islands"", ""Andhra Pradesh"", ""Arunachal Pradesh"", ""Assam"", ""Bihar"", ""Chandigarh"", ""Chhattisgarh"", ""Dadra and Nagar Haveli"", ""Delhi"", ""Goa"", ""Gujarat"", ""Haryana"", ""Himachal Pradesh"", ""Jharkhand"", ""Karnataka"", ""Kerala"", ""Ladakh"", ""Lakshadweep"", ""Madhya Pradesh"", ""Maharashtra"", ""Manipur"", ""Meghalaya"", ""Mizoram"", ""Nagaland"", ""Odisha"", ""Puducherry"", ""Punjab"", ""Rajasthan"", ""Sikkim"", ""Tamil Nadu"", ""Telangana"", ""Tripura"", ""Uttar Pradesh"", ""Uttarakhand"", ""West Bengal""]",Pan India,False,,,,,,1989,,,,,False,,admin@ksbothra.com,False,csv+gemini+scraper,success,0.33,f2be410da80f6aa99263,RBI registration number missing — needs manual review,unverified,,ND,False,True,True,False,False,gemini,scraper_verified,scraper_verified,csv_provided,pending_review
631,2026-04-03T01:33:21.855610,2026-04-03T01:33:21.847729,Branch International Financial Services Private Limited,NBFC,https://branchapp.in,,,10.99,False,,"[""Personal Loan"", ""Rural Loan""]",Personal Loan,"[""Personal Loan"", ""Rural Loan""]","Mumbai, Maharashtra",Maharashtra,"[""Maharashtra""]",Single State,False,,,,,,2019,,,,,False,+918655937429,support@branch.co,False,csv+gemini+scraper,success,0.38,111a8f3c459213b44947,RBI registration number missing — needs manual review,unverified,,ND,True,True,False,False,False,gemini,scraper_verified,scraper_verified,csv_provided,pending_review
632,2026-04-03T01:34:27.787670,2026-04-03T01:34:27.782525,Brl Finlease Ltd.,NBFC,https://www.chintamanifinlease.com,,,,False,,"[""Business Loan"", ""Gold Loan"", ""Loan Against Property"", ""MSME Loan"", ""Personal Loan"", ""Rural Loan"", ""Vehicle Loan""]",Business Loan,"[""Business Loan"", ""Gold Loan"", ""Loan Against Property"", ""MSME Loan"", ""Personal Loan"", ""Rural Loan"", ""Vehicle Loan""]","Delhi, Delhi",Delhi,"[""Delhi""]",Single State,False,,N-14.03200,,,,2000,,,,,False,+919212132955,info@chintamanifinlease.com,False,csv+gemini+scraper,success,0.51,fbf3eca9fbcd6bb42c62,,unverified,,ND,True,True,True,False,False,gemini,scraper_verified,scraper_verified,csv_provided,provisional_lender
633,2026-04-03T01:34:50.191688,2026-04-03T01:34:50.188527,Bulti Leasing And Finance Limited,NBFC,https://bultifinance.com,,,1.02,False,,"[""Business Loan"", ""MSME Loan"", ""Personal Loan"", ""Vehicle Loan"", ""Working Capital""]",Business Loan,"[""Business Loan"", ""MSME Loan"", ""Personal Loan"", ""Vehicle Loan"", ""Working Capital""]","Ahmedabad, Gujarat",Gujarat,"[""Gujarat""]",Single State,False,,U65910,,,,1994,,,,,False,+917926920000,admin@bultifinance.com,False,csv+gemini+scraper,success,0.48,85eeb290da77c548edce,,unverified,,ND,False,True,True,False,False,gemini,scraper_verified,scraper_verified,csv_provided,provisional_lender
634,2026-04-03T01:35:39.003756,2026-04-03T01:35:38.993926,Butterfly Finstocks Pvt Ltd,NBFC,https://butterflyfintech.com,,,,False,,"[""Credit Card"", ""MSME Loan"", ""Personal Loan"", ""Vehicle Loan""]",Credit Card,"[""Credit Card"", ""MSME Loan"", ""Personal Loan"", ""Vehicle Loan""]","Navi Mumbai, Maharashtra",Maharashtra,"[""Maharashtra""]",Single State,False,,,,,,2019,,,,,False,+919136277694,info@butterflyfintech.com,False,csv+gemini+scraper,success,0.39,e01c038a64beb06953cd,RBI registration number missing — needs manual review,unverified,,ND,True,True,True,False,False,gemini,gemini,scraper_verified,csv_provided,pending_review
635,2026-04-03T01:35:57.974413,2026-04-03T01:35:57.963189,Capstocks Financial Services Ltd Formerly -Mokaat Capital Limited,NBFC,https://www.capstocks.com,,,,False,,"[""Business Loan"", ""Gold Loan"", ""Personal Loan"", ""Working Capital""]",Business Loan,"[""Business Loan"", ""Gold Loan"", ""Personal Loan"", ""Working Capital""]","Thiruvananthapuram, Kerala",Kerala,"[""Kerala""]",Single State,False,,,,,,1994,,,,,False,+914712471110,stoptrade@capstocks.com,False,csv+gemini+scraper,success,0.38,93a0b3bc7672e7c2b6ec,RBI registration number missing — needs manual review,unverified,,ND,False,True,True,False,False,gemini,gemini,scraper_verified,csv_provided,pending_review
636,2026-04-03T01:36:15.811227,2026-04-03T01:36:15.806313,Capwise Finance Pvt Ltd,NBFC,https://www.capwise.me,,,,False,,"[""Supply Chain Finance"", ""Working Capital""]",Supply Chain Finance,"[""Supply Chain Finance"", ""Working Capital""]","Mumbai, Maharashtra",Maharashtra,"[""Maharashtra""]",Single State,False,,N-14.03400,,,,2021,,,,,False,,hello@orion.com,False,csv+gemini+scraper,success,0.43,30e07ccbd389c0a306ee,,unverified,,ND,False,True,False,False,False,gemini,gemini,scraper_verified,csv_provided,pending_review
637,2026-04-03T01:36:38.500716,2026-04-03T01:36:38.495303,Cars24 Financial Services Private Limited,NBFC,https://www.cars24.com,1099.99,Small,133.79,False,,"[""Credit Card"", ""Personal Loan"", ""Vehicle Loan""]",Credit Card,"[""Credit Card"", ""Personal Loan"", ""Vehicle Loan""]","Gurgaon, Haryana",Haryana,"[""Delhi"", ""Haryana"", ""Telangana""]",Regional,False,,,,,,2019,,,,,False,1800112233,care@cars24.com,False,csv+gemini+scraper,success,0.44,5da7301002068102d2ad,RBI registration number missing — needs manual review,unverified,,ND-SI,True,True,True,False,False,gemini,scraper_verified,scraper_verified,csv_provided,pending_review
638,2026-04-03T01:36:57.234404,2026-04-03T01:36:57.226976,Cashpor Micro Credit,NBFC,https://cashpor.in,2900.7,Small,500.0,False,,"[""MSME Loan"", ""Micro Loan"", ""Microfinance"", ""Rural Loan""]",MSME Loan,"[""MSME Loan"", ""Micro Loan"", ""Microfinance"", ""Rural Loan""]","Lucknow, Uttar Pradesh",Uttar Pradesh,"[""Bihar"", ""Chhattisgarh"", ""Jharkhand"", ""Madhya Pradesh"", ""Odisha"", ""Uttar Pradesh""]",Regional,False,,N-14.03100,,,,2004,2900,770,,,False,18004191114,grievance@cashpor.in,True,csv+gemini+scraper,success,0.55,4f6c341127a4f64c45c5,,unverified,,MFI,False,True,True,False,False,gemini,scraper_verified,scraper_verified,csv_provided,provisional_lender
639,2026-04-03T01:37:20.427103,2026-04-03T01:37:20.421835,Cashtree Finance Private Limited,NBFC,https://www.cashtree.co.in,,,,False,,"[""Business Loan"", ""Loan Against Property"", ""MSME Loan"", ""Micro Loan""]",Business Loan,"[""Business Loan"", ""Loan Against Property"", ""MSME Loan"", ""Micro Loan""]","Noida, Uttar Pradesh",Uttar Pradesh,"[""Uttar Pradesh""]",Single State,False,,,,,,2018,,,,,False,18001208804,info@cashtree.co.in,False,csv+gemini+scraper,success,0.39,5e20cab980c418f58e51,RBI registration number missing — needs manual review,unverified,,ND,False,True,True,False,False,gemini,scraper_verified,scraper_verified,csv_provided,pending_review
640,2026-04-03T01:37:59.939637,2026-04-03T01:37:59.934400,Ceejay Finance Ltd,NBFC,https://www.ceejayfinance.com,,,,False,,"[""Loan Against Property"", ""Personal Loan"", ""Two Wheeler Loan"", ""Vehicle Loan""]",Loan Against Property,"[""Loan Against Property"", ""Personal Loan"", ""Two Wheeler Loan"", ""Vehicle Loan""]","Anand, Gujarat",Gujarat,"[""Gujarat""]",Single State,False,,,,,,1995,,,,,False,+912682562633,info@ceejayfinance.com,False,csv+gemini+scraper,success,0.39,0162e0225f9c599946f9,RBI registration number missing — needs manual review,unverified,,ND,True,True,True,False,False,gemini,scraper_verified,scraper_verified,csv_provided,pending_review
641,2026-04-03T01:38:27.948793,2026-04-03T01:38:27.935771,Century Vehicleloans Private Limited,NBFC,https://www.centuryvehicleloans.in,,,,False,,"[""Personal Loan"", ""Vehicle Loan""]",Personal Loan,"[""Personal Loan"", ""Vehicle Loan""]","Vadodara, Gujarat",Gujarat,"[""Gujarat""]",Single State,False,,,,,,2022,,,,,False,+919909900000,info@centuryvehicleloans.in,False,csv+gemini+scraper,success,0.36,36887d6a9661e97be4ee,RBI registration number missing — needs manual review,unverified,,ND,False,True,True,False,False,gemini,scraper_verified,gemini_inferred,csv_provided,pending_review
642,2026-04-03T01:38:47.791647,2026-04-03T01:38:47.782610,Chaitanya India Fin Credit Private Limited,NBFC,https://www.chaitanyaindia.in,2420.7,Small,570.7,False,,"[""Agriculture Loan"", ""MSME Loan"", ""Microfinance""]",Agriculture Loan,"[""Agriculture Loan"", ""MSME Loan"", ""Microfinance""]","Bengaluru, Karnataka",Karnataka,"[""Bihar"", ""Gujarat"", ""Haryana"", ""Jharkhand"", ""Karnataka"", ""Madhya Pradesh"", ""Maharashtra"", ""Odisha"", ""Punjab"", ""Rajasthan"", ""Uttar Pradesh"", ""Uttarakhand"", ""West Bengal""]",Regional,False,,N-13.02000,,,,2009,4900,,,,False,+918046662222,info@chaitanyaindia.in,False,csv+gemini,success,0.51,853e3baa11c5cdb13f33,,unverified,,MFI,False,True,True,False,False,gemini,gemini,gemini_inferred,csv_provided,provisional_lender
643,2026-04-03T01:39:07.788512,2026-04-03T01:39:07.782523,Champion Agro Finance Limited,NBFC,https://championagro.com,,,,False,,"[""Business Loan"", ""MSME Loan"", ""Microfinance"", ""Personal Loan""]",Business Loan,"[""Business Loan"", ""MSME Loan"", ""Microfinance"", ""Personal Loan""]","Jetpur, Gujarat",Gujarat,"[""Gujarat""]",Single State,False,,N-13.02437,,,,2017,,,,,False,+912827252233,info@championagro.com,True,csv+gemini+scraper,success,0.49,c30c74e5b5c80043c72e,,unverified,,ND,True,True,True,False,False,gemini,scraper_verified,scraper_verified,csv_provided,provisional_lender
644,2026-04-03T01:39:49.062632,2026-04-03T01:39:49.054404,Chanaky Capital Market Pvt. Ltd.,NBFC,https://www.chanakyagroup.in,,,,False,,"[""Business Loan"", ""Home Loan"", ""MSME Loan"", ""Personal Loan"", ""Vehicle Loan"", ""Working Capital""]",Business Loan,"[""Business Loan"", ""Home Loan"", ""MSME Loan"", ""Personal Loan"", ""Vehicle Loan"", ""Working Capital""]","Indore, Madhya Pradesh",Madhya Pradesh,"[""Madhya Pradesh""]",Single State,False,,N.13.02437,,,,2006,,,,,False,+919926104626,info@chanakyagroup.in,False,csv+gemini+scraper,success,0.48,ceafcbd0d5a692e9f4b4,,unverified,,ND,True,True,True,False,False,gemini,gemini,scraper_verified,csv_provided,provisional_lender
645,2026-04-03T01:40:05.547133,2026-04-03T01:40:05.537489,Chaplot Capital Private Limited (Formerly known as Chaplot Investments Private Limited),NBFC,https://www.chaplot.in,,,1.0,False,,"[""Two Wheeler Loan""]",Two Wheeler Loan,"[""Two Wheeler Loan""]","Navi Mumbai, Maharashtra",Maharashtra,"[""Maharashtra""]",Single State,False,,N-13.02137,,,,1995,,,,,False,+912249747777,contactus@chaplot.in,False,csv+gemini+scraper,success,0.48,6b6a68d7e4f4f1994627,,unverified,,ND,False,True,True,False,False,gemini,scraper_verified,scraper_verified,csv_provided,provisional_lender
646,2026-04-03T01:40:21.062924,2026-04-03T01:40:21.058897,Chaplot Finance Limited,NBFC,https://www.chaplot.in,,,,False,,"[""Two Wheeler Loan""]",Two Wheeler Loan,"[""Two Wheeler Loan""]","Navi Mumbai, Maharashtra",Maharashtra,"[""Maharashtra""]",Single State,False,,N-13.02137,,,,1995,,,,,False,+912249730000,contactus@chaplot.in,False,csv+gemini+scraper,success,0.48,428c38ed6ff5e21c71a5,,unverified,,ND,False,True,True,False,False,gemini,scraper_verified,scraper_verified,csv_provided,provisional_lender
647,2026-04-03T01:40:49.563902,2026-04-03T01:40:49.555321,Chauhan Holdings (P) Ltd,NBFC,https://kapoorandchauhan.in/resources/Forms/NBFC_Forms/NBFC_Forms.aspx,,,,False,,"[""Home Loan"", ""Vehicle Loan""]",Home Loan,"[""Home Loan"", ""Vehicle Loan""]","Delhi, Delhi",Delhi,"[""Andhra Pradesh"", ""Bihar"", ""Delhi"", ""Gujarat"", ""Haryana"", ""Karnataka"", ""Maharashtra"", ""Punjab"", ""Rajasthan"", ""Tamil Nadu"", ""Telangana"", ""West Bengal""]",Regional,False,,,,,,1982,,,,,False,+919313209656,info@sameerkapoor.com,False,csv+gemini+scraper,success,0.39,1dd809a9049cbcf88cab,RBI registration number missing — needs manual review,unverified,,unknown,True,True,False,False,False,gemini,scraper_verified,scraper_verified,csv_provided,pending_review
648,2026-04-03T01:41:40.265119,2026-04-03T01:41:40.261060,Cheraman Financial Services Limited,NBFC,https://cheraman.com,50.03,Micro,10.03,False,,"[""MSME Loan"", ""Vehicle Loan""]",MSME Loan,"[""MSME Loan"", ""Vehicle Loan""]","Kochi, Kerala",Kerala,"[""Kerala""]",Single State,False,,,,,,2009,,,,,False,04844021401,mail@cheraman.com,False,csv+gemini+scraper,success,0.42,08979d4aa9a1cce97e56,RBI registration number missing — needs manual review,unverified,,ND-BL-Small,True,True,True,False,False,gemini,scraper_verified,scraper_verified,csv_provided,pending_review
649,2026-04-03T01:42:02.667348,2026-04-03T01:42:02.653599,Chhajer Credit & Investments Private Limited,NBFC,https://chhajerandcompany.com,,,1.01,False,,"[""Business Loan"", ""MSME Loan"", ""Personal Loan""]",Business Loan,"[""Business Loan"", ""MSME Loan"", ""Personal Loan""]","Anand, Gujarat",Gujarat,"[""Gujarat""]",Single State,False,,,,,,1996,,,,,False,09426668891,info@chhajerandcompany.com,False,csv+gemini+scraper,success,0.39,78f14c294daadb010de4,RBI registration number missing — needs manual review,unverified,,ND,True,True,True,False,False,gemini,gemini,scraper_verified,csv_provided,pending_review
650,2026-04-03T01:42:24.905515,2026-04-03T01:42:24.895680,Chhotaria Securities  Pvt.  Ltd.,NBFC,https://www.chhotariasecurities.com,,,,False,,"[""MSME Loan"", ""Personal Loan"", ""Working Capital""]",MSME Loan,"[""MSME Loan"", ""Personal Loan"", ""Working Capital""]","Kolkata, West Bengal",West Bengal,"[""West Bengal""]",Single State,False,,B-05.04798,,,,1995,,25,,,False,+913340001000,info@chhotariasecurities.com,False,csv+gemini,success,0.48,da9202f6aa26ba3309cd,,unverified,,ND,False,True,True,False,False,gemini,gemini,gemini_inferred,csv_provided,provisional_lender
651,2026-04-03T01:42:53.381702,2026-04-03T01:42:53.374842,Chinmay Finlease Ltd,NBFC,https://www.chinmayfinlease.com,,,,False,,"[""Consumer Durable Loan"", ""Personal Loan""]",Consumer Durable Loan,"[""Consumer Durable Loan"", ""Personal Loan""]","Ahmedabad, Gujarat",Gujarat,"[""Andhra Pradesh"", ""Assam"", ""Bihar"", ""Chandigarh"", ""Chhattisgarh"", ""Delhi"", ""Goa"", ""Gujarat"", ""Haryana"", ""Himachal Pradesh"", ""Jammu & Kashmir"", ""Jharkhand"", ""Karnataka"", ""Kerala"", ""Madhya Pradesh"", ""Maharashtra"", ""Odisha"", ""Puducherry"", ""Punjab"", ""Rajasthan"", ""Tamil Nadu"", ""Telangana"", ""Uttar Pradesh"", ""Uttarakhand"", ""West Bengal""]",Regional,False,,B.01.00558,,,,1995,,,,,False,+917984479612,support@chinmayfinlease.com,False,csv+gemini+scraper,success,0.56,45ab377b22a099e33d57,,unverified,,ND,True,True,True,False,False,gemini,scraper_verified,scraper_verified,csv_provided,provisional_lender
652,2026-04-03T01:43:15.519644,2026-04-03T01:43:15.512608,Chintamani Finlease Ltd.,NBFC,https://www.chintamanifinlease.com,,,,False,,"[""Business Loan"", ""Gold Loan"", ""Loan Against Property"", ""MSME Loan"", ""Personal Loan"", ""Rural Loan"", ""Vehicle Loan""]",Business Loan,"[""Business Loan"", ""Gold Loan"", ""Loan Against Property"", ""MSME Loan"", ""Personal Loan"", ""Rural Loan"", ""Vehicle Loan""]","New Delhi, Delhi",Delhi,"[""Delhi""]",Single State,False,,N-14.03200,,,,1996,,,,,False,+919212132955,info@chintamanifinlease.com,False,csv+gemini+scraper,success,0.51,555da8e2b46d81a684b5,,unverified,,ND,True,True,True,False,False,gemini,scraper_verified,scraper_verified,csv_provided,provisional_lender
653,2026-04-03T01:43:37.384173,2026-04-03T01:43:37.375194,Chintamani Holdings (P) Ltd,NBFC,https://www.chintamanifinlease.com,,,,False,,"[""Business Loan"", ""Gold Loan"", ""Loan Against Property"", ""Personal Loan"", ""Rural Loan"", ""Vehicle Loan""]",Business Loan,"[""Business Loan"", ""Gold Loan"", ""Loan Against Property"", ""Personal Loan"", ""Rural Loan"", ""Vehicle Loan""]","New Delhi, Delhi",Delhi,"[""Delhi""]",Single State,False,,N-14.03100,,,,2000,,,,,False,+919212132955,info@chintamanifinlease.com,False,csv+gemini+scraper,success,0.51,c420461cbe998dc5be9d,,unverified,,ND,True,True,True,False,False,gemini,scraper_verified,scraper_verified,csv_provided,provisional_lender
654,2026-04-03T01:44:06.724195,2026-04-03T01:44:06.712742,Cholamandalam Investment and Finance Company Limited,NBFC,https://www.cholamandalam.com,136397.0,Large,14460.0,True,CHOLAFIN,"[""Business Loan"", ""Gold Loan"", ""Home Loan"", ""Loan Against Property"", ""MSME Loan"", ""Vehicle Loan""]",Business Loan,"[""Business Loan"", ""Gold Loan"", ""Home Loan"", ""Loan Against Property"", ""MSME Loan"", ""Vehicle Loan""]","Chennai, Tamil Nadu",Tamil Nadu,"[""Andaman and Nicobar Islands"", ""Andhra Pradesh"", ""Arunachal Pradesh"", ""Assam"", ""Bihar"", ""Chandigarh"", ""Chhattisgarh"", ""Dadra and Nagar Haveli"", ""Delhi"", ""Goa"", ""Gujarat"", ""Haryana"", ""Himachal Pradesh"", ""Jammu & Kashmir"", ""Jharkhand"", ""Karnataka"", ""Kerala"", ""Ladakh"", ""Lakshadweep"", ""Madhya Pradesh"", ""Maharashtra"", ""Manipur"", ""Meghalaya"", ""Mizoram"", ""Nagaland"", ""Odisha"", ""Puducherry"", ""Punjab"", ""Rajasthan"", ""Sikkim"", ""Tamil Nadu"", ""Telangana"", ""Tripura"", ""Uttar Pradesh"", ""Uttarakhand"", ""West Bengal""]",Pan India,True,,,,,,1978,49000,1000,,,False,18001024565,customercare@chola.murugappa.com,True,csv+gemini+scraper,success,0.45,dc3de8ddfba3962538ac,RBI registration number missing — needs manual review,unverified,,D,False,True,False,False,True,gemini,gemini,scraper_verified,csv_provided,pending_review
655,2026-04-03T01:44:54.344289,2026-04-03T01:44:54.331982,Churchgate Investments & Trading Co Pvt Ltd,NBFC,https://www.churchgateinvestments.com,,,,False,,"[""Business Loan"", ""Loan Against Property"", ""Working Capital""]",Business Loan,"[""Business Loan"", ""Loan Against Property"", ""Working Capital""]","Mumbai, Maharashtra",Maharashtra,"[""Maharashtra""]",Single State,False,,,,,,1982,,,,,False,+912240024002,info@churchgateinvestments.com,False,csv+gemini+scraper,success,0.38,9db4d0c20a7d56b70684,RBI registration number missing — needs manual review,unverified,,ND,False,True,True,False,False,gemini,scraper_verified,scraper_verified,csv_provided,pending_review
656,2026-04-03T01:45:20.537181,2026-04-03T01:45:20.530259,CI Capital Private Limited,NBFC,https://cicapitalindia.com,,,,False,,"[""Business Loan"", ""Loan Against Property"", ""MSME Loan"", ""Personal Loan""]",Business Loan,"[""Business Loan"", ""Loan Against Property"", ""MSME Loan"", ""Personal Loan""]","Indore, Madhya Pradesh",Madhya Pradesh,"[""Madhya Pradesh""]",Single State,False,,,,,,2022,,,,,False,+917222910277,info@cicapitalindia.com,False,csv+gemini+scraper,success,0.38,3cf2730696685ad3af7a,RBI registration number missing — needs manual review,unverified,,ND,True,True,True,False,False,gemini,scraper_verified,scraper_verified,csv_provided,pending_review
657,2026-04-03T01:45:44.324032,2026-04-03T01:45:44.316812,Cicago Commodities Pvt Ltd,NBFC,https://cicago.co.in,,,1.01,False,,"[""MSME Loan"", ""Rural Loan"", ""Working Capital""]",MSME Loan,"[""MSME Loan"", ""Rural Loan"", ""Working Capital""]","Kolkata, West Bengal",West Bengal,"[""West Bengal""]",Single State,False,,B.05.03699,,,,1994,,,,,False,,,False,csv+gemini+scraper,success,0.33,f4104323585b1b0c98a1,,unverified,,ND,False,False,False,False,False,gemini,scraper_verified,gemini_inferred,csv_provided,pending_review
658,2026-04-03T01:46:02.477887,2026-04-03T01:46:02.465278,Circassia Pacific Finance Ltd.,NBFC,http://circassiapacific.com,,,,False,,"[""Business Loan"", ""Loan Against Property"", ""MSME Loan"", ""Working Capital""]",Business Loan,"[""Business Loan"", ""Loan Against Property"", ""MSME Loan"", ""Working Capital""]","Delhi, Delhi",Delhi,"[""Delhi""]",Single State,False,,,,,,1998,,,,,False,+911147000000,circassiapacific@gmail.com,False,csv+gemini,success,0.36,9ab971d8153bbceedd4a,RBI registration number missing — needs manual review,unverified,,ND,False,True,False,False,False,gemini,gemini,gemini_inferred,csv_provided,pending_review
659,2026-04-03T01:46:22.500001,2026-04-03T01:46:22.491802,Citizen Moneyline (India) Ltd.,NBFC,https://citizenmoneyline.com,,,,False,,"[""Gold Loan""]",Gold Loan,"[""Gold Loan""]","Perumbavoor, Kerala",Kerala,"[""Kerala""]",Single State,False,,,,,,1986,,,,,False,7994452015,info@citizenmoneyline.com,False,csv+gemini+scraper,success,0.38,2458f28239884b855de4,RBI registration number missing — needs manual review,unverified,,ND,True,True,True,False,False,gemini,scraper_verified,scraper_verified,csv_provided,pending_review
660,2026-04-03T01:46:58.516030,2026-04-03T01:46:58.510368,Citra Financials Private Limited,NBFC,https://www.citra.co.in,,,,False,,"[""Business Loan"", ""MSME Loan"", ""Personal Loan""]",Business Loan,"[""Business Loan"", ""MSME Loan"", ""Personal Loan""]","Mumbai, Maharashtra",Maharashtra,"[""Maharashtra""]",Single State,False,,N.13.02437,,,,2018,,,,,False,+912249700000,info@citra.co.in,False,csv+gemini,success,0.46,b0c4a963e092cd443357,,unverified,,ND,False,True,True,False,False,gemini,gemini,gemini_inferred,csv_provided,provisional_lender
661,2026-04-03T01:47:35.139363,2026-04-03T01:47:35.131802,Classic Growers  Ltd.,NBFC,https://www.classicgrowers.in,,,,False,,"[""Home Loan"", ""Vehicle Loan""]",Home Loan,"[""Home Loan"", ""Vehicle Loan""]","Kolkata, West Bengal",West Bengal,"[""Andhra Pradesh"", ""Bihar"", ""Delhi"", ""Gujarat"", ""Haryana"", ""Karnataka"", ""Maharashtra"", ""Punjab"", ""Rajasthan"", ""Tamil Nadu"", ""Telangana"", ""Uttar Pradesh"", ""West Bengal""]",Regional,False,,,,,,1983,,,,,False,+919830244821,classicg@rediffmail.com,False,csv+gemini+scraper,success,0.39,cac47c0d77a205ba84ea,RBI registration number missing — needs manual review,unverified,,ND,True,True,False,False,False,gemini,scraper_verified,scraper_verified,csv_provided,pending_review
662,2026-04-03T01:48:16.265028,2026-04-03T01:48:16.258222,Comero Leasing & Financials Pvt. Ltd.,NBFC,https://www.comero.in,,,,False,,"[""Credit Card"", ""MSME Loan"", ""Personal Loan""]",Credit Card,"[""Credit Card"", ""MSME Loan"", ""Personal Loan""]","New Delhi, Delhi",Delhi,"[""Delhi""]",Single State,False,,B-14.02206,,,,2007,,,,,False,+919810000000,info@comero.in,True,csv+gemini,success,0.46,65fd53c617529a8d6425,,unverified,,ND,False,True,True,False,False,gemini,gemini,gemini_inferred,csv_provided,provisional_lender
663,2026-04-03T01:48:51.321865,2026-04-03T01:48:51.306881,"Comfort Fincap Limited(Formerly, Parasnath Textiles Ltd)",NBFC,https://www.comfortfincap.com,,,1.09,True,COMFORT,"[""Consumer Durable Loan"", ""MSME Loan"", ""Personal Loan"", ""Rural Loan"", ""Supply Chain Finance"", ""Working Capital""]",Consumer Durable Loan,"[""Consumer Durable Loan"", ""MSME Loan"", ""Personal Loan"", ""Rural Loan"", ""Supply Chain Finance"", ""Working Capital""]","Kolkata, West Bengal",West Bengal,"[""Andaman and Nicobar Islands"", ""Andhra Pradesh"", ""Arunachal Pradesh"", ""Assam"", ""Bihar"", ""Chandigarh"", ""Chhattisgarh"", ""Dadra and Nagar Haveli"", ""Delhi"", ""Goa"", ""Gujarat"", ""Haryana"", ""Himachal Pradesh"", ""Jammu & Kashmir"", ""Jharkhand"", ""Karnataka"", ""Kerala"", ""Ladakh"", ""Lakshadweep"", ""Madhya Pradesh"", ""Maharashtra"", ""Manipur"", ""Meghalaya"", ""Mizoram"", ""Nagaland"", ""Odisha"", ""Puducherry"", ""Punjab"", ""Rajasthan"", ""Sikkim"", ""Tamil Nadu"", ""Telangana"", ""Tripura"", ""Uttar Pradesh"", ""Uttarakhand"", ""West Bengal""]",Pan India,True,,,,,,1985,,,,,False,02268948500,info@comfortfincap.com,False,csv+gemini+scraper,success,0.39,7c3066b6f4e038490dd5,RBI registration number missing — needs manual review,unverified,,ND,True,True,True,False,False,gemini,scraper_verified,scraper_verified,csv_provided,pending_review
664,2026-04-03T01:49:11.334296,2026-04-03T01:49:11.324720,Concord Marketing & Financiers Pvt. Ltd.,NBFC,https://concordfintech.com,,,,False,,"[""Business Loan"", ""Education Loan"", ""Home Loan"", ""Loan Against Property"", ""MSME Loan"", ""Working Capital""]",Business Loan,"[""Business Loan"", ""Education Loan"", ""Home Loan"", ""Loan Against Property"", ""MSME Loan"", ""Working Capital""]","Nagpur, Maharashtra",Maharashtra,"[""Maharashtra""]",Single State,False,,,,,,2002,,,,,False,+919545040000,concordfintech@gmail.com,False,csv+gemini+scraper,success,0.44,c3081da929984d06eea9,RBI registration number missing — needs manual review,unverified,,ND,True,True,False,False,False,gemini,scraper_verified,scraper_verified,csv_provided,pending_review
665,2026-04-03T01:49:31.779814,2026-04-03T01:49:31.768598,Consortium Vyapaar Ltd,NBFC,http://consortiumvyapaar.co.in,,,,True,,"[""Business Loan"", ""Working Capital""]",Business Loan,"[""Business Loan"", ""Working Capital""]","Kolkata, West Bengal",West Bengal,"[""West Bengal""]",Single State,False,,,,,,1983,,,,,False,+913322310000,info@consortiumvyapaar.co.in,False,csv+gemini,success,0.36,00806631902c94878929,RBI registration number missing — needs manual review,unverified,,ND,False,True,True,False,False,gemini,gemini,gemini_inferred,csv_provided,pending_review
666,2026-04-03T01:49:49.979205,2026-04-03T01:49:49.963498,Coracle Capital Consulting And Corporate Services Private Limited,NBFC,https://www.coraclefinance.com,,,1.01,False,,"[""Business Loan"", ""Loan Against Property""]",Business Loan,"[""Business Loan"", ""Loan Against Property""]","Delhi, Delhi",Delhi,"[""Delhi"", ""Uttar Pradesh""]",Regional,False,,,,,,2017,,,,,False,1234567890,info@coraclefinance.com,False,csv+gemini+scraper,success,0.39,784742e18a56ecb861c2,RBI registration number missing — needs manual review,unverified,,ND,True,True,True,False,False,gemini,scraper_verified,scraper_verified,csv_provided,pending_review
667,2026-04-03T01:50:32.268714,2026-04-03T01:50:32.255845,Credit Wise Capital Private Limited,NBFC,https://www.creditwisecapital.com,,,10.9,False,,"[""Home Loan""]",Home Loan,"[""Home Loan""]","Mumbai, Maharashtra",Maharashtra,"[""Maharashtra""]",Single State,False,,,,,,2017,,,,,False,,,False,csv+gemini,success,0.23,fa207ba5be30947e7c44,RBI registration number missing — needs manual review,unverified,,ND,False,False,False,False,False,gemini,gemini,gemini_inferred,csv_provided,pending_review
668,2026-04-03T01:51:02.341127,2026-04-03T01:51:02.337253,Creditaccess Grameen Limited,NBFC,https://www.creditaccessgrameen.in,21031.0,Mid,3932.0,True,CREDITACC,"[""Home Loan"", ""Microfinance"", ""Personal Loan"", ""Rural Loan""]",Home Loan,"[""Home Loan"", ""Microfinance"", ""Personal Loan"", ""Rural Loan""]","Bengaluru, Karnataka",Karnataka,"[""Andaman and Nicobar Islands"", ""Andhra Pradesh"", ""Arunachal Pradesh"", ""Assam"", ""Bihar"", ""Chandigarh"", ""Chhattisgarh"", ""Dadra and Nagar Haveli"", ""Delhi"", ""Goa"", ""Gujarat"", ""Haryana"", ""Himachal Pradesh"", ""Jammu & Kashmir"", ""Jharkhand"", ""Karnataka"", ""Kerala"", ""Ladakh"", ""Lakshadweep"", ""Madhya Pradesh"", ""Maharashtra"", ""Manipur"", ""Meghalaya"", ""Mizoram"", ""Nagaland"", ""Odisha"", ""Puducherry"", ""Punjab"", ""Rajasthan"", ""Sikkim"", ""Tamil Nadu"", ""Telangana"", ""Tripura"", ""Uttar Pradesh"", ""Uttarakhand"", ""West Bengal""]",Pan India,True,,,,,,1999,18000,2222,,,False,+918022074000,info@cagrameen.com,False,csv+gemini,success,0.43,0e1f97015f71b3a415e3,RBI registration number missing — needs manual review,unverified,,MFI,False,True,False,False,False,gemini,gemini,gemini_inferred,csv_provided,pending_review
669,2026-04-03T01:52:13.068142,2026-04-03T01:52:13.060529,Criss Financial Ltd (Formerly Criss Financial Holdings Ltd),NBFC,https://crissfin.com,,,1.02,False,,"[""Business Loan"", ""Loan Against Property"", ""MSME Loan"", ""Personal Loan"", ""Rural Loan""]",Business Loan,"[""Business Loan"", ""Loan Against Property"", ""MSME Loan"", ""Personal Loan"", ""Rural Loan""]","Bengaluru, Karnataka",Karnataka,"[""Karnataka"", ""Madhya Pradesh"", ""Rajasthan"", ""Tamil Nadu"", ""Telangana""]",Regional,False,,,,,,2018,,,,,False,18001025519,contact@crissfin.com,True,csv+gemini+scraper,success,0.41,951bedbcd8134d8c09f0,RBI registration number missing — needs manual review,unverified,,ND,False,True,True,False,False,gemini,scraper_verified,scraper_verified,csv_provided,pending_review
670,2026-04-03T01:53:13.388396,2026-04-03T01:53:13.380090,CRSP Capital Private Limited,NBFC,https://crspcapital.com,,,,False,,"[""Business Loan"", ""MSME Loan""]",Business Loan,"[""Business Loan"", ""MSME Loan""]","Udaipur, Rajasthan",Rajasthan,"[""Rajasthan""]",Single State,False,,U65990,,,,2021,,,,,False,02942580000,,True,csv+gemini+scraper,success,0.43,d479b13c84e6870b88d3,,unverified,,ND,True,False,False,False,False,gemini,scraper_verified,scraper_verified,csv_provided,pending_review
671,2026-04-03T01:53:36.110085,2026-04-03T01:53:36.105490,CSL Finance Limited,NBFC,https://www.cslfinance.in,1000.0,Small,100.0,True,CSLFINANCE,"[""Business Loan"", ""Loan Against Property"", ""MSME Loan""]",Business Loan,"[""Business Loan"", ""Loan Against Property"", ""MSME Loan""]","New Delhi, Delhi",Delhi,"[""Delhi"", ""Haryana"", ""Rajasthan"", ""Uttar Pradesh""]",Regional,False,,,,,,1991,,,,,False,18001029925,customercare@cslfinance.in,False,csv+gemini+scraper,success,0.42,ab6cb9cccd22ab336141,RBI registration number missing — needs manual review,unverified,,ND-ML,False,True,True,False,False,gemini,gemini,scraper_verified,csv_provided,pending_review
672,2026-04-03T01:54:38.828239,2026-04-03T01:54:38.819090,D S G Investments Private Limited,NBFC,https://www.dsginvest.com,,,,False,,"[""MSME Loan""]",MSME Loan,"[""MSME Loan""]","Kolkata, West Bengal",West Bengal,"[""West Bengal""]",Single State,False,,N-05.07000,,,,,,,,,False,+913340001000,info@dsginvest.com,False,csv+gemini,success,0.43,9d4c5eef7992d76a3574,,unverified,,ND,False,True,True,False,False,gemini,gemini,gemini_inferred,csv_provided,pending_review
673,2026-04-03T01:55:09.097217,2026-04-03T01:55:09.083408,Daga Business & Credit  Pvt. Ltd.,NBFC,https://www.dagabusiness.com,40.03,Micro,10.03,False,,"[""Business Loan"", ""Education Loan"", ""Loan Against Property"", ""MSME Loan"", ""Personal Loan"", ""Working Capital""]",Business Loan,"[""Business Loan"", ""Education Loan"", ""Loan Against Property"", ""MSME Loan"", ""Personal Loan"", ""Working Capital""]","Delhi, Delhi",Delhi,"[""Delhi"", ""Haryana"", ""Punjab""]",Regional,False,,,,,,1995,,,,,False,+911143500000,info@dagabusiness.com,False,csv+gemini+scraper,success,0.39,488954868a0031670675,RBI registration number missing — needs manual review,unverified,,ND-BL-Small,False,True,True,False,False,gemini,scraper_verified,gemini_inferred,csv_provided,pending_review
674,2026-04-03T01:55:30.194655,2026-04-03T01:55:30.186140,Daga Finvest (P) Ltd.,NBFC,https://dagafin.com,,,,False,,"[""Business Loan"", ""Personal Loan"", ""Working Capital""]",Business Loan,"[""Business Loan"", ""Personal Loan"", ""Working Capital""]","Kolkata, West Bengal",West Bengal,"[""West Bengal""]",Single State,False,,,,,,1995,,,,,False,+917318855204,info@dagafin.com,False,csv+gemini+scraper,success,0.38,d3718595ce35dc00dca5,RBI registration number missing — needs manual review,unverified,,ND,True,True,True,False,False,gemini,scraper_verified,scraper_verified,csv_provided,pending_review
675,2026-04-03T01:55:48.824369,2026-04-03T01:55:48.814748,Daga Mercantiles & Finance   Pvt. Ltd.,NBFC,https://dagafin.com,,,,False,,"[""Business Loan"", ""Personal Loan"", ""Working Capital""]",Business Loan,"[""Business Loan"", ""Personal Loan"", ""Working Capital""]","Kolkata, West Bengal",West Bengal,"[""West Bengal""]",Single State,False,,,,,,1995,,,,,False,+917318855204,info@dagafin.com,False,csv+gemini+scraper,success,0.38,de461922f1730a143aff,RBI registration number missing — needs manual review,unverified,,ND,True,True,True,False,False,gemini,scraper_verified,scraper_verified,csv_provided,pending_review
676,2026-04-03T01:56:19.731314,2026-04-03T01:56:19.723115,Dagger Garments  Pvt.  Ltd.,NBFC,https://www.daggergarments.in,,,,False,,"[""Business Loan"", ""Loan Against Property"", ""Personal Loan"", ""Working Capital""]",Business Loan,"[""Business Loan"", ""Loan Against Property"", ""Personal Loan"", ""Working Capital""]","Navi Mumbai, Maharashtra",Maharashtra,"[""Maharashtra""]",Single State,False,,,,,,1999,,,,,False,+912249730000,info@daggergarments.in,False,csv+gemini+scraper,success,0.36,d25e5bfd68d96eb0117a,RBI registration number missing — needs manual review,unverified,,unknown,False,True,True,False,False,gemini,scraper_verified,gemini_inferred,csv_provided,pending_review
677,2026-04-03T01:56:54.062142,2026-04-03T01:56:54.053771,Danta Vyapar Kendra Ltd,NBFC,https://dantavyapar.com,,,0.1,False,,"[""MSME Loan"", ""Rural Loan"", ""Working Capital""]",MSME Loan,"[""MSME Loan"", ""Rural Loan"", ""Working Capital""]","Kolkata, West Bengal",West Bengal,"[""Delhi"", ""West Bengal""]",Regional,False,,,,,,1982,,,,,False,+919073980831,info@dantavyapar.com,False,csv+gemini+scraper,success,0.39,05ae859899a370b9f82f,RBI registration number missing — needs manual review,unverified,,ND,True,True,True,False,False,gemini,scraper_verified,scraper_verified,csv_provided,pending_review
678,2026-04-03T01:57:18.550854,2026-04-03T01:57:18.537204,Dashami Finance Private Limited (Formerly Known As Bawa Deposits And Advances Private Limited),NBFC,https://dashami.in,,,,False,,"[""Business Loan"", ""Gold Loan"", ""Home Loan"", ""Loan Against Property"", ""MSME Loan"", ""Microfinance"", ""Personal Loan"", ""Vehicle Loan""]",Business Loan,"[""Business Loan"", ""Gold Loan"", ""Home Loan"", ""Loan Against Property"", ""MSME Loan"", ""Microfinance"", ""Personal Loan"", ""Vehicle Loan""]","Perumbavoor, Kerala",Kerala,"[""Kerala""]",Single State,False,,N-13.02437,,,,1996,,30,,,False,+919745468163,info@dashami.in,False,csv+gemini+scraper,success,0.51,7f0f5fbc161f732cc45b,,unverified,,ND,True,True,True,False,False,gemini,scraper_verified,scraper_verified,csv_provided,provisional_lender
679,2026-04-03T01:57:38.339641,2026-04-03T01:57:38.331751,Davinta Financial Services Private Limited,NBFC,https://www.davintafinserv.com,,,,False,,"[""Rural Loan"", ""Supply Chain Finance"", ""Working Capital""]",Rural Loan,"[""Rural Loan"", ""Supply Chain Finance"", ""Working Capital""]","Bengaluru, Karnataka",Karnataka,"[""Assam"", ""Karnataka""]",Regional,False,,N.02.00307,,,,2017,,,,,False,08047185381,info@davintafinserv.com,True,csv+gemini+scraper,success,0.48,e49383e98b6073cba58a,,unverified,,ND,True,True,True,False,False,gemini,scraper_verified,scraper_verified,csv_provided,provisional_lender
680,2026-04-03T01:58:07.225015,2026-04-03T01:58:07.216797,Decor Securities Pvt Ltd,NBFC,https://decentsecurities.com,,,,False,,"[""Business Loan"", ""Gold Loan"", ""Home Loan"", ""Loan Against Property"", ""MSME Loan"", ""Personal Loan"", ""Working Capital""]",Business Loan,"[""Business Loan"", ""Gold Loan"", ""Home Loan"", ""Loan Against Property"", ""MSME Loan"", ""Personal Loan"", ""Working Capital""]","Delhi, Delhi",Delhi,"[""Delhi""]",Single State,False,,N-14.02009,,,,1995,,,,,False,01145139003,info@decentsecurities.com,True,csv+gemini+scraper,success,0.49,e1ad14bb2b556c7a84df,,unverified,,ND,True,True,True,False,False,gemini,scraper_verified,scraper_verified,csv_provided,provisional_lender
681,2026-04-03T01:58:36.859274,2026-04-03T01:58:36.851705,Deep Fincap Private Limited,NBFC,https://deepfincap.com,,,,False,,"[""MSME Loan""]",MSME Loan,"[""MSME Loan""]","Lucknow, Uttar Pradesh",Uttar Pradesh,"[""Uttar Pradesh""]",Single State,False,,B-12.00479,,,,2017,,,,,False,919452113377,info@deepfincap.com,False,csv+gemini+scraper,success,0.5,14489aab9766aa9712f8,,unverified,,ND,False,True,True,False,False,gemini,scraper_verified,scraper_verified,csv_provided,provisional_lender
682,2026-04-03T01:59:00.746645,2026-04-03T01:59:00.738419,Deep Finvest Limited,NBFC,https://deepfinance.in,,,,False,,"[""Business Loan"", ""Gold Loan"", ""MSME Loan"", ""Microfinance"", ""Personal Loan"", ""Vehicle Loan""]",Business Loan,"[""Business Loan"", ""Gold Loan"", ""MSME Loan"", ""Microfinance"", ""Personal Loan"", ""Vehicle Loan""]","Kanpur, Uttar Pradesh",Uttar Pradesh,"[""Andaman and Nicobar Islands"", ""Andhra Pradesh"", ""Arunachal Pradesh"", ""Assam"", ""Bihar"", ""Chandigarh"", ""Chhattisgarh"", ""Dadra and Nagar Haveli"", ""Delhi"", ""Goa"", ""Gujarat"", ""Haryana"", ""Himachal Pradesh"", ""Jammu & Kashmir"", ""Jharkhand"", ""Karnataka"", ""Kerala"", ""Ladakh"", ""Lakshadweep"", ""Madhya Pradesh"", ""Maharashtra"", ""Manipur"", ""Meghalaya"", ""Mizoram"", ""Nagaland"", ""Odisha"", ""Puducherry"", ""Punjab"", ""Rajasthan"", ""Sikkim"", ""Tamil Nadu"", ""Telangana"", ""Tripura"", ""Uttar Pradesh"", ""Uttarakhand"", ""West Bengal""]",Pan India,True,,B-06.00186,,,,1995,,,,,False,07860071743,info@deepfinance.in,False,csv+gemini+scraper,success,0.48,4fe53677c5dcb02bfa22,,unverified,,unknown,True,True,True,False,False,gemini,scraper_verified,scraper_verified,csv_provided,provisional_lender
683,2026-04-03T01:59:22.024003,2026-04-03T01:59:22.015901,Delfin International Limited,NBFC,https://delfininternational.in,,,1.0,False,,"[""MSME Loan""]",MSME Loan,"[""MSME Loan""]","Bengaluru, Karnataka",Karnataka,"[""Karnataka""]",Single State,False,,N-02.00334,,,,1985,,,,,False,+918025580971,admin@delfininternational.in,False,csv+gemini+scraper,success,0.49,af5ac1c4c7ff797852ff,,unverified,,ND,True,True,True,False,False,gemini,scraper_verified,scraper_verified,csv_provided,provisional_lender
684,2026-04-03T01:59:43.361830,2026-04-03T01:59:43.351081,Dev-Aashish Capital (P) Ltd,NBFC,https://www.devaashish.com,,,,False,,"[""MSME Loan"", ""Rural Loan""]",MSME Loan,"[""MSME Loan"", ""Rural Loan""]","Ambala, Haryana",Haryana,"[""Haryana""]",Single State,False,,N-14.03400,,,,2019,,,,,False,+91347823784,info@devaashish.com,False,csv+gemini+scraper,success,0.49,ac9646cd03d198b83f9d,,unverified,,ND,True,True,True,False,False,gemini,scraper_verified,scraper_verified,csv_provided,provisional_lender
685,2026-04-03T02:00:24.619200,2026-04-03T02:00:24.611036,Dhamija Finance & Leasing Limited,NBFC,https://www.dhamijasukhija.com,,,,False,,"[""Consumer Durable Loan"", ""Credit Card"", ""Gold Loan"", ""Home Loan"", ""MSME Loan"", ""Vehicle Loan""]",Consumer Durable Loan,"[""Consumer Durable Loan"", ""Credit Card"", ""Gold Loan"", ""Home Loan"", ""MSME Loan"", ""Vehicle Loan""]","Delhi, Delhi",Delhi,"[""Andaman and Nicobar Islands"", ""Andhra Pradesh"", ""Arunachal Pradesh"", ""Assam"", ""Bihar"", ""Chandigarh"", ""Chhattisgarh"", ""Dadra and Nagar Haveli"", ""Delhi"", ""Goa"", ""Gujarat"", ""Haryana"", ""Himachal Pradesh"", ""Jharkhand"", ""Karnataka"", ""Kerala"", ""Ladakh"", ""Lakshadweep"", ""Madhya Pradesh"", ""Maharashtra"", ""Manipur"", ""Meghalaya"", ""Mizoram"", ""Nagaland"", ""Odisha"", ""Puducherry"", ""Punjab"", ""Rajasthan"", ""Sikkim"", ""Tamil Nadu"", ""Telangana"", ""Tripura"", ""Uttar Pradesh"", ""Uttarakhand"", ""West Bengal""]",Pan India,False,,,,,,1985,,,,,False,+919899711016,admin@dhamijasukhija.com,False,csv+gemini+scraper,success,0.39,e7bc16064a927bec4a44,RBI registration number missing — needs manual review,unverified,,unknown,True,True,True,False,False,gemini,scraper_verified,scraper_verified,csv_provided,pending_review
686,2026-04-03T02:00:49.070106,2026-04-03T02:00:49.059491,Dhani Loans and Services Limited,NBFC,https://www.dhani.com,,,,False,,"[""MSME Loan"", ""Rural Loan""]",MSME Loan,"[""MSME Loan"", ""Rural Loan""]","New Delhi, Delhi",Delhi,"[""Delhi"", ""Haryana""]",Regional,False,,,,,,2000,,,,,False,01246555555,grievance@dhani.com,False,csv+gemini+scraper,success,0.39,f763433f68d3adf77551,RBI registration number missing — needs manual review,unverified,,ND,True,True,True,False,False,gemini,scraper_verified,scraper_verified,csv_provided,pending_review
687,2026-04-03T02:01:21.713298,2026-04-03T02:01:21.694842,Dhansafal Finserve Limited (Earlier known as Luharuka Media & Infra Limited),NBFC,https://dhansafal.com,1.0,Micro,,True,DHANSAFAL,"[""Loan Against Property"", ""MSME Loan"", ""Rural Loan"", ""Working Capital""]",Loan Against Property,"[""Loan Against Property"", ""MSME Loan"", ""Rural Loan"", ""Working Capital""]","Mumbai, Maharashtra",Maharashtra,"[""Maharashtra""]",Single State,False,,,,,,1993,,,,,False,02268948500,care@dhansafal.com,True,csv+gemini+scraper,success,0.42,6fadc5913f1375b6382b,RBI registration number missing — needs manual review,unverified,,ND-BL-Small,True,True,True,False,False,gemini,scraper_verified,scraper_verified,csv_provided,pending_review
688,2026-04-03T02:01:45.676997,2026-04-03T02:01:45.667236,Dhanshree Motor Finance Pvt. Ltd.,NBFC,https://dhanshreecapital.in,,,,False,,"[""Business Loan"", ""Credit Card"", ""Personal Loan""]",Business Loan,"[""Business Loan"", ""Credit Card"", ""Personal Loan""]","Mumbai, Maharashtra",Maharashtra,"[""Andhra Pradesh"", ""Arunachal Pradesh"", ""Assam"", ""Bihar"", ""Chhattisgarh"", ""Goa"", ""Gujarat"", ""Haryana"", ""Himachal Pradesh"", ""Jharkhand"", ""Karnataka"", ""Kerala"", ""Madhya Pradesh"", ""Maharashtra"", ""Manipur"", ""Meghalaya"", ""Mizoram"", ""Nagaland"", ""Odisha"", ""Punjab"", ""Rajasthan"", ""Sikkim"", ""Tamil Nadu"", ""Telangana"", ""Tripura"", ""Uttar Pradesh"", ""Uttarakhand"", ""West Bengal""]",Pan India,False,,,,,,1983,,,,,False,+912240024002,info@dhanshreecapital.in,False,csv+gemini+scraper,success,0.38,97e4f8f522366a291665,RBI registration number missing — needs manual review,unverified,,ND,False,True,True,False,False,gemini,scraper_verified,gemini_inferred,csv_provided,pending_review
689,2026-04-03T02:02:18.177894,2026-04-03T02:02:18.168143,Dhara Motor Finance Ltd.,NBFC,https://www.dharamotor.com,,,1.6,False,,"[""Business Loan"", ""Supply Chain Finance"", ""Vehicle Loan""]",Business Loan,"[""Business Loan"", ""Supply Chain Finance"", ""Vehicle Loan""]","Rajpura, Punjab",Punjab,"[""Delhi"", ""Punjab""]",Regional,False,,,,,,1995,,24,,,False,01342262561,info@dharamotor.com,True,csv+gemini+scraper,success,0.39,3e8739028fb6332ec231,RBI registration number missing — needs manual review,unverified,,ND,True,True,True,False,False,gemini,scraper_verified,scraper_verified,csv_provided,pending_review
690,2026-04-03T02:02:48.283742,2026-04-03T02:02:48.274012,Dhruva Capital Services Ltd.,NBFC,https://dhruvacapital.com,,,,False,,"[""Business Loan"", ""Gold Loan"", ""Home Loan"", ""Loan Against Property"", ""MSME Loan"", ""Personal Loan"", ""Rural Loan"", ""Supply Chain Finance"", ""Working Capital""]",Business Loan,"[""Business Loan"", ""Gold Loan"", ""Home Loan"", ""Loan Against Property"", ""MSME Loan"", ""Personal Loan"", ""Rural Loan"", ""Supply Chain Finance"", ""Working Capital""]","Kolkata, West Bengal",West Bengal,"[""West Bengal""]",Single State,False,,,,,,2006,,,,,False,6289131033,info@dhruvacapital.com,False,csv+gemini+scraper,success,0.39,43841707436fbd379648,RBI registration number missing — needs manual review,unverified,,ND,True,True,True,False,False,gemini,gemini,scraper_verified,csv_provided,pending_review
691,2026-04-03T02:03:52.421063,2026-04-03T02:03:52.411591,Diamond Capfin Pvt. Ltd.,NBFC,https://diamondcapfin.com,,,,False,,"[""Loan Against Property"", ""Two Wheeler Loan"", ""Vehicle Loan""]",Loan Against Property,"[""Loan Against Property"", ""Two Wheeler Loan"", ""Vehicle Loan""]","Jaipur, Rajasthan",Rajasthan,"[""Rajasthan""]",Single State,False,,N-10.00001,,,,2009,,,,,False,+911414000000,care@diamondcapfin.com,False,csv+gemini+scraper,success,0.48,13b1c9d511f04bd883f9,,unverified,,ND,False,True,True,False,False,gemini,scraper_verified,scraper_verified,csv_provided,provisional_lender
692,2026-04-03T02:04:21.554273,2026-04-03T02:04:21.537445,Diganta Investment and Finance Company Private Limited,NBFC,http://digantafinance.com,,,1.02,False,,"[""MSME Loan"", ""Two Wheeler Loan"", ""Vehicle Loan""]",MSME Loan,"[""MSME Loan"", ""Two Wheeler Loan"", ""Vehicle Loan""]","Guntur, Andhra Pradesh",Andhra Pradesh,"[""Andaman and Nicobar Islands"", ""Andhra Pradesh"", ""Arunachal Pradesh"", ""Assam"", ""Bihar"", ""Chandigarh"", ""Chhattisgarh"", ""Dadra and Nagar Haveli"", ""Delhi"", ""Goa"", ""Gujarat"", ""Haryana"", ""Himachal Pradesh"", ""Jammu & Kashmir"", ""Jharkhand"", ""Karnataka"", ""Kerala"", ""Ladakh"", ""Lakshadweep"", ""Madhya Pradesh"", ""Maharashtra"", ""Manipur"", ""Meghalaya"", ""Mizoram"", ""Nagaland"", ""Odisha"", ""Puducherry"", ""Punjab"", ""Rajasthan"", ""Sikkim"", ""Tamil Nadu"", ""Telangana"", ""Tripura"", ""Uttar Pradesh"", ""Uttarakhand"", ""West Bengal""]",Pan India,True,,,,,,1995,,,,,False,+918632233333,digantafinance@gmail.com,False,csv+gemini+scraper,success,0.38,b97f7ebb290c0946b177,RBI registration number missing — needs manual review,unverified,,ND,False,True,False,False,False,gemini,scraper_verified,scraper_verified,csv_provided,pending_review
693,2026-04-03T02:06:08.667405,2026-04-03T02:06:08.661669,Diwakar Tracom Pvt.Ltd.,NBFC,https://www.diwakarfinance.com,,,,False,,"[""Home Loan"", ""MSME Loan"", ""Personal Loan"", ""Two Wheeler Loan""]",Home Loan,"[""Home Loan"", ""MSME Loan"", ""Personal Loan"", ""Two Wheeler Loan""]","Udaipur, Rajasthan",Rajasthan,"[""Rajasthan""]",Single State,False,,B-10-00200,,,,2017,,,,,False,+919214200165,info@diwakarfinance.com,True,csv+gemini+scraper,success,0.48,d4c024697087d6c4ebfc,,unverified,,ND,True,True,True,False,False,gemini,gemini,scraper_verified,csv_provided,provisional_lender
694,2026-04-03T02:06:55.300942,2026-04-03T02:06:55.294033,DKV Finlease Pvt.Ltd.,NBFC,https://www.heritagefinlease.in,12.01,Micro,1.6,False,,"[""Loan Against Property"", ""MSME Loan"", ""Micro Loan""]",Loan Against Property,"[""Loan Against Property"", ""MSME Loan"", ""Micro Loan""]","Hyderabad, Telangana",Telangana,"[""Telangana""]",Single State,False,,,,,,2012,,,,,False,914023301095,info@heritagefinlease.in,True,csv+gemini+scraper,success,0.42,1ff086f8ab52ac5c1cc4,RBI registration number missing — needs manual review,unverified,,ND-BL-Small,False,True,True,False,False,gemini,scraper_verified,scraper_verified,csv_provided,pending_review
695,2026-04-03T02:07:25.940594,2026-04-03T02:07:25.929182,Dravya Commercial Pvt Ltd,NBFC,https://dravyafinancial.com,,,,False,,"[""Business Loan"", ""MSME Loan"", ""Working Capital""]",Business Loan,"[""Business Loan"", ""MSME Loan"", ""Working Capital""]","Mumbai, Maharashtra",Maharashtra,"[""Maharashtra""]",Single State,False,,,,,,2010,,,,,False,+919820092392,info@dravyafinancial.com,False,csv+gemini+scraper,success,0.39,31edf1a9c50a4cba1fcf,RBI registration number missing — needs manual review,unverified,,unknown,True,True,True,False,False,gemini,gemini,scraper_verified,csv_provided,pending_review
696,2026-04-03T02:08:09.704634,2026-04-03T02:08:09.696105,Dugar Automobile Finance Pvt Ltd,NBFC,https://dugar.co.in,,,,False,,"[""EV Loan"", ""Home Loan"", ""Loan Against Property"", ""MSME Loan"", ""Vehicle Loan""]",EV Loan,"[""EV Loan"", ""Home Loan"", ""Loan Against Property"", ""MSME Loan"", ""Vehicle Loan""]","Chennai, Tamil Nadu",Tamil Nadu,"[""Gujarat"", ""Karnataka"", ""Madhya Pradesh"", ""Maharashtra"", ""Rajasthan"", ""Tamil Nadu""]",Regional,False,,,,,,1995,,40,,,False,+919383007676,dugar@dugar.co.in,True,csv+gemini+scraper,success,0.42,08e8a9f7b11bbc9bfc94,RBI registration number missing — needs manual review,unverified,,unknown,True,True,True,False,False,gemini,scraper_verified,scraper_verified,csv_provided,pending_review
697,2026-04-03T02:08:45.243333,2026-04-03T02:08:45.231673,Dugar Finance & Investments Ltd.,NBFC,https://dugar.co.in,1.0,Micro,,True,531642,"[""EV Loan"", ""Home Loan"", ""Loan Against Property"", ""MSME Loan"", ""Vehicle Loan""]",EV Loan,"[""EV Loan"", ""Home Loan"", ""Loan Against Property"", ""MSME Loan"", ""Vehicle Loan""]","Chennai, Tamil Nadu",Tamil Nadu,"[""Gujarat"", ""Karnataka"", ""Madhya Pradesh"", ""Maharashtra"", ""Rajasthan"", ""Tamil Nadu""]",Regional,False,,,,,,1995,,40,,,False,+919383007676,dugar@dugar.co.in,True,csv+gemini+scraper,success,0.45,f330d2bbad61ac28281f,RBI registration number missing — needs manual review,unverified,,ND-BL-Small,True,True,True,False,False,gemini,scraper_verified,scraper_verified,csv_provided,pending_review
698,2026-04-03T02:09:02.506699,2026-04-03T02:09:02.496603,Durgesh Holdings Pvt Ltd,NBFC,https://www.durgeshhold.com,,,,False,,"[""Business Loan"", ""Home Loan"", ""Personal Loan""]",Business Loan,"[""Business Loan"", ""Home Loan"", ""Personal Loan""]","Delhi, Delhi",Delhi,"[""Delhi"", ""Maharashtra"", ""Telangana""]",Regional,False,,,,,,1995,,,,,False,+911143000000,info@durgeshhold.com,False,csv+gemini+scraper,success,0.36,2c781969061f61a6a04b,RBI registration number missing — needs manual review,unverified,,ND,False,True,True,False,False,gemini,scraper_verified,gemini_inferred,csv_provided,pending_review
699,2026-04-03T02:09:28.583334,2026-04-03T02:09:28.573302,Durgesh Merchants Limited,NBFC,https://www.durgeshmerchantsltd.webresearchfoundation.com,,,,False,,"[""MSME Loan""]",MSME Loan,"[""MSME Loan""]","New Delhi, Delhi",Delhi,"[""Delhi""]",Single State,False,,B.06.00133,,,,1985,,,,,False,+911168888824,durgeshmerchants@gmail.com,False,csv+gemini+scraper,success,0.49,54ef2971d24f39d30f3b,,unverified,,ND,True,True,False,False,False,gemini,scraper_verified,scraper_verified,csv_provided,provisional_lender
700,2026-04-03T02:09:58.513519,2026-04-03T02:09:58.501247,Dynamic Finvest Services Pvt. Ltd.,NBFC,https://dynamicfinvest.com,,,,False,,"[""Business Loan"", ""Personal Loan""]",Business Loan,"[""Business Loan"", ""Personal Loan""]","New Delhi, Delhi",Delhi,"[""Delhi""]",Single State,False,,N-14.03100,,,,1995,,,,,False,+911145050000,info@dynamicfinvest.com,False,csv+gemini,success,0.39,3bac0174c856a72ea995,,unverified,,ND,False,True,True,False,False,gemini,gemini,gemini_inferred,csv_provided,pending_review
701,2026-04-03T02:10:20.110131,2026-04-03T02:10:20.095872,Dytron Finvest Pvt. Ltd. C,NBFC,https://www.dytronfinvest.com,,,,False,,"[""Business Loan"", ""Personal Loan""]",Business Loan,"[""Business Loan"", ""Personal Loan""]","Kolkata, West Bengal",West Bengal,"[""West Bengal""]",Single State,False,,B-05.03646,,,,2022,,,,,False,+919147427108,support@dytroninvest.com,False,csv+gemini+scraper,success,0.49,224649860581f4efdceb,,unverified,,ND,True,True,False,False,False,gemini,scraper_verified,scraper_verified,csv_provided,provisional_lender
702,2026-04-03T02:10:39.396558,2026-04-03T02:10:39.374686,Earlysalary Services Private Limited (Old Name Ashish Securities Pvt. Ltd.),NBFC,https://www.earlysalary.in,5000.0,Mid,360.0,False,,"[""Personal Loan""]",Personal Loan,"[""Personal Loan""]","Pune, Maharashtra",Maharashtra,"[""Andaman and Nicobar Islands"", ""Andhra Pradesh"", ""Arunachal Pradesh"", ""Assam"", ""Bihar"", ""Chandigarh"", ""Chhattisgarh"", ""Dadra and Nagar Haveli"", ""Delhi"", ""Goa"", ""Gujarat"", ""Haryana"", ""Himachal Pradesh"", ""Jammu & Kashmir"", ""Jharkhand"", ""Karnataka"", ""Kerala"", ""Ladakh"", ""Lakshadweep"", ""Madhya Pradesh"", ""Maharashtra"", ""Manipur"", ""Meghalaya"", ""Mizoram"", ""Nagaland"", ""Odisha"", ""Puducherry"", ""Punjab"", ""Rajasthan"", ""Sikkim"", ""Tamil Nadu"", ""Telangana"", ""Tripura"", ""Uttar Pradesh"", ""Uttarakhand"", ""West Bengal""]",Pan India,True,,U67120,,,,1994,,,,,False,02067639797,care@earlysalary.com,False,csv+gemini,success,0.49,26797db243d8339ee8d1,,unverified,,ND-ML,True,True,False,False,True,gemini,gemini,gemini_inferred,csv_provided,provisional_lender
703,2026-04-03T02:11:02.025327,2026-04-03T02:11:02.014539,Earth India Finlease Ltd.,NBFC,https://www.earthleasingfinance.com,,,,False,,"[""Education Loan"", ""MSME Loan""]",Education Loan,"[""Education Loan"", ""MSME Loan""]","New Delhi, Delhi",Delhi,"[""Delhi""]",Single State,False,,U65910,,,,1992,,,,,False,18005551234,info@earthleasingfinance.com,False,csv+gemini+scraper,success,0.49,873b31f25077007238f0,,unverified,,ND,False,True,True,False,False,gemini,scraper_verified,scraper_verified,csv_provided,provisional_lender
704,2026-04-03T02:14:40.744924,2026-04-03T02:14:40.734352,Earthstone Holding (Two) Private Limited,NBFC,https://www.earthstonein.com,,,,False,,"[""Home Loan"", ""Personal Loan""]",Home Loan,"[""Home Loan"", ""Personal Loan""]","Gurugram, Haryana",Haryana,"[""Haryana""]",Single State,False,,N-14.03400,,,,2019,,,,,False,+911244000000,info@earthstonein.com,False,csv+gemini,success,0.46,429087549515ef8f0015,,unverified,,ND,False,True,True,False,False,gemini,gemini,gemini_inferred,csv_provided,provisional_lender
705,2026-04-03T02:15:03.475227,2026-04-03T02:15:03.460469,Easun Capital Markets Ltd.,NBFC,https://www.easuncapitalmarkets.com,1.03,Micro,1.03,False,,"[""MSME Loan"", ""Working Capital""]",MSME Loan,"[""MSME Loan"", ""Working Capital""]","Kolkata, West Bengal",West Bengal,"[""West Bengal""]",Single State,False,,,,,,1982,,,,,False,+913322300000,swati@salarpuriagroup.com,False,csv+gemini+scraper,success,0.4,65e00afae3186c8e27a2,RBI registration number missing — needs manual review,unverified,,ND-BL-Small,False,True,False,False,False,gemini,gemini,scraper_verified,csv_provided,pending_review
706,2026-04-03T02:15:23.788190,2026-04-03T02:15:23.773004,Ecomark General Finance And Lealsing Limited,NBFC,https://www.ecomarkfinlet.com,,,1.0,False,,"[""Business Loan"", ""Gold Loan"", ""Microfinance"", ""Personal Loan"", ""Rural Loan"", ""Two Wheeler Loan"", ""Vehicle Loan""]",Business Loan,"[""Business Loan"", ""Gold Loan"", ""Microfinance"", ""Personal Loan"", ""Rural Loan"", ""Two Wheeler Loan"", ""Vehicle Loan""]","Thrissur, Kerala",Kerala,"[""Kerala""]",Single State,False,,,,,,1998,,,,,False,04872425535,info@ecomarkfinlet.com,True,csv+gemini+scraper,success,0.39,fe6f20491bdffaf729ea,RBI registration number missing — needs manual review,unverified,,ND,True,True,True,False,False,gemini,scraper_verified,scraper_verified,csv_provided,pending_review
707,2026-04-03T02:15:41.393031,2026-04-03T02:15:41.380356,Econ Super Sales Pvt Ltd,NBFC,https://bfsi.economictimes.indiatimes.com/blog/how-nbfcs-are-driving-financial-inclusion-and-growth-in-rural-india/111988627,,,,False,,"[""MSME Loan"", ""Rural Loan""]",MSME Loan,"[""MSME Loan"", ""Rural Loan""]","Nurpur, Himachal Pradesh",Himachal Pradesh,"[""Himachal Pradesh""]",Single State,False,,,,,,2007,,,,,False,,contactus@etbfsi.com,True,csv+gemini+scraper,success,0.35,209da3027e69d44eb600,RBI registration number missing — needs manual review,unverified,,unknown,False,True,False,False,False,gemini,scraper_verified,scraper_verified,csv_provided,pending_review
708,2026-04-03T02:16:38.975611,2026-04-03T02:16:38.951762,Emerald Finance Limited (Formerly known as Emerald Leasing Finance and Investment Company Limited),NBFC,https://emeraldfin.com,10.0,Micro,1.0,True,EMERALD,"[""MSME Loan"", ""Rural Loan"", ""Working Capital""]",MSME Loan,"[""MSME Loan"", ""Rural Loan"", ""Working Capital""]","Chandigarh, Chandigarh",Chandigarh,"[""Chandigarh""]",Single State,False,,B-06.00615,,,,1983,,,,,False,+911724601010,info@emeraldfin.com,False,csv+gemini+scraper,success,0.5,bf8f52571fffb9e7a95b,,unverified,,ND-BL-Small,False,True,True,False,False,gemini,scraper_verified,scraper_verified,csv_provided,provisional_lender
709,2026-04-03T02:17:03.144144,2026-04-03T02:17:03.133206,Emkay Corporate Services Pvt. Ltd.,NBFC,https://www.emkayglobal.com/company-info/shareholding/emkay-global-financial-services-ltd,,,,False,,"[""Rural Loan""]",Rural Loan,"[""Rural Loan""]","Mumbai, Maharashtra",Maharashtra,"[""Andaman and Nicobar Islands"", ""Andhra Pradesh"", ""Arunachal Pradesh"", ""Assam"", ""Bihar"", ""Chandigarh"", ""Chhattisgarh"", ""Dadra and Nagar Haveli"", ""Delhi"", ""Goa"", ""Gujarat"", ""Haryana"", ""Himachal Pradesh"", ""Jammu & Kashmir"", ""Jharkhand"", ""Karnataka"", ""Kerala"", ""Ladakh"", ""Lakshadweep"", ""Madhya Pradesh"", ""Maharashtra"", ""Manipur"", ""Meghalaya"", ""Mizoram"", ""Nagaland"", ""Odisha"", ""Puducherry"", ""Punjab"", ""Rajasthan"", ""Sikkim"", ""Tamil Nadu"", ""Telangana"", ""Tripura"", ""Uttar Pradesh"", ""Uttarakhand"", ""West Bengal""]",Pan India,True,,,,,,1995,,,,,False,,emkayassist@emkayglobal.com,False,csv+gemini+scraper,success,0.33,9a1566527a32ec05dc39,RBI registration number missing — needs manual review,unverified,,ND,False,True,True,False,False,gemini,gemini,scraper_verified,csv_provided,pending_review
710,2026-04-03T02:17:34.031113,2026-04-03T02:17:34.019452,Emkay Merchandise Pvt Ltd,NBFC,https://emkayconsultantslimited.in/about-us,,,1.02,False,,"[""Gold Loan"", ""MSME Loan""]",Gold Loan,"[""Gold Loan"", ""MSME Loan""]","Kolkata, West Bengal",West Bengal,"[""West Bengal""]",Single State,False,,,,,,1997,,,,,False,+917391099407,support@emkayconsultant.com,False,csv+gemini+scraper,success,0.39,51b4863b7cbe140c350c,RBI registration number missing — needs manual review,unverified,,ND,True,True,False,False,False,gemini,scraper_verified,scraper_verified,csv_provided,pending_review
711,2026-04-03T02:18:48.486997,2026-04-03T02:18:48.476611,Enbee Trade & Finance Ltd,NBFC,https://enbeetrade.com,,,0.0001,True,ENBEETRADE,"[""Business Loan"", ""MSME Loan"", ""Personal Loan"", ""Rural Loan"", ""Two Wheeler Loan"", ""Vehicle Loan""]",Business Loan,"[""Business Loan"", ""MSME Loan"", ""Personal Loan"", ""Rural Loan"", ""Two Wheeler Loan"", ""Vehicle Loan""]","Mumbai, Maharashtra",Maharashtra,"[""Andaman and Nicobar Islands"", ""Andhra Pradesh"", ""Arunachal Pradesh"", ""Assam"", ""Bihar"", ""Chandigarh"", ""Chhattisgarh"", ""Dadra and Nagar Haveli"", ""Delhi"", ""Goa"", ""Gujarat"", ""Haryana"", ""Himachal Pradesh"", ""Jammu & Kashmir"", ""Jharkhand"", ""Karnataka"", ""Kerala"", ""Ladakh"", ""Lakshadweep"", ""Madhya Pradesh"", ""Maharashtra"", ""Manipur"", ""Meghalaya"", ""Mizoram"", ""Nagaland"", ""Odisha"", ""Puducherry"", ""Punjab"", ""Rajasthan"", ""Sikkim"", ""Tamil Nadu"", ""Telangana"", ""Tripura"", ""Uttar Pradesh"", ""Uttarakhand"", ""West Bengal""]",Pan India,True,,N-13.01400,,,,1994,,,,,False,02279692512,enbeetrade@gmail.com,False,csv+gemini+scraper,success,0.49,2b6706b7efea8298dd66,,unverified,,ND-BL-Small,True,True,False,False,True,gemini,gemini,scraper_verified,csv_provided,provisional_lender
712,2026-04-03T02:19:35.782775,2026-04-03T02:19:35.774596,Epic Vyapaar Private Limited,NBFC,https://www.vaibhav-vyapaar.com,,,,False,,"[""MSME Loan"", ""Personal Loan""]",MSME Loan,"[""MSME Loan"", ""Personal Loan""]","Bengaluru, Karnataka",Karnataka,"[""Karnataka"", ""West Bengal""]",Regional,False,,,,,,2012,,,,,False,08048126351,support@loanfront.in,False,csv+gemini+scraper,success,0.41,e30897070edc816ca586,RBI registration number missing — needs manual review,unverified,,ND,True,True,False,False,False,gemini,scraper_verified,scraper_verified,csv_provided,pending_review
713,2026-04-03T02:19:53.059693,2026-04-03T02:19:53.053073,Epimoney Private Limited,NBFC,https://www.epimoney.in,1500.0,Small,200.0,False,,"[""MSME Loan""]",MSME Loan,"[""MSME Loan""]","Mumbai, Maharashtra",Maharashtra,"[""Karnataka"", ""Maharashtra"", ""Tamil Nadu""]",Regional,False,,,,,,2015,,,,,False,18001021122,grievance.finance@adityabirlacapital.com,False,csv+gemini+scraper,success,0.4,fb1c2d43d077fd1b0720,RBI registration number missing — needs manual review,unverified,,ND-ML,False,True,False,False,False,gemini,scraper_verified,scraper_verified,csv_provided,pending_review
714,2026-04-03T02:20:29.385102,2026-04-03T02:20:29.372902,Equator Corporate Finance Private Limited,NBFC,https://equator.co.in,,,,False,,"[""Home Loan"", ""Loan Against Property"", ""MSME Loan"", ""Rural Loan""]",Home Loan,"[""Home Loan"", ""Loan Against Property"", ""MSME Loan"", ""Rural Loan""]","Navi Mumbai, Maharashtra",Maharashtra,"[""Delhi"", ""Maharashtra""]",Regional,False,,,,,,1997,,,,,False,+919821433799,info@equator.co.in,False,csv+gemini+scraper,success,0.39,90c691dba8202fb79766,RBI registration number missing — needs manual review,unverified,,unknown,True,True,True,False,False,gemini,gemini,scraper_verified,csv_provided,pending_review
715,2026-04-03T02:20:43.645431,2026-04-03T02:20:43.635997,ESN Finance and Capital Services Limited,NBFC,https://www.esnfinance.com,,,,False,,"[""Business Loan"", ""Loan Against Property"", ""Personal Loan"", ""Working Capital""]",Business Loan,"[""Business Loan"", ""Loan Against Property"", ""Personal Loan"", ""Working Capital""]","New Delhi, Delhi",Delhi,"[""Delhi""]",Single State,False,,N-14.03260,,,,2000,,,,,False,+911141000057,info@esnfinance.com,False,csv+gemini+scraper,success,0.46,382023424732330a3e3e,,unverified,,ND,False,True,True,False,False,gemini,scraper_verified,gemini_inferred,csv_provided,provisional_lender
716,2026-04-03T02:21:25.228769,2026-04-03T02:21:25.217844,Excellent Fincap Private Ltd.,NBFC,https://www.comfortfincap.com,,,,False,,"[""Consumer Durable Loan"", ""MSME Loan"", ""Personal Loan"", ""Rural Loan"", ""Supply Chain Finance"", ""Working Capital""]",Consumer Durable Loan,"[""Consumer Durable Loan"", ""MSME Loan"", ""Personal Loan"", ""Rural Loan"", ""Supply Chain Finance"", ""Working Capital""]","Delhi, Delhi",Delhi,"[""Andaman and Nicobar Islands"", ""Andhra Pradesh"", ""Arunachal Pradesh"", ""Assam"", ""Bihar"", ""Chandigarh"", ""Chhattisgarh"", ""Dadra and Nagar Haveli"", ""Delhi"", ""Goa"", ""Gujarat"", ""Haryana"", ""Himachal Pradesh"", ""Jammu & Kashmir"", ""Jharkhand"", ""Karnataka"", ""Kerala"", ""Ladakh"", ""Lakshadweep"", ""Madhya Pradesh"", ""Maharashtra"", ""Manipur"", ""Meghalaya"", ""Mizoram"", ""Nagaland"", ""Odisha"", ""Puducherry"", ""Punjab"", ""Rajasthan"", ""Sikkim"", ""Tamil Nadu"", ""Telangana"", ""Tripura"", ""Uttar Pradesh"", ""Uttarakhand"", ""West Bengal""]",Pan India,True,,,,,,2019,,,,,False,02268948500,info@comfortfincap.com,False,csv+gemini+scraper,success,0.39,71fe95bee52769259c63,RBI registration number missing — needs manual review,unverified,,unknown,True,True,False,False,False,gemini,scraper_verified,scraper_verified,csv_provided,pending_review
717,2026-04-03T02:21:45.213508,2026-04-03T02:21:45.208009,Fair Connect Financial Services Private Limited,NBFC,https://www.fairconnect.in,,,0.01,False,,"[""Agriculture Loan"", ""Business Loan"", ""Gold Loan"", ""Loan Against Property""]",Agriculture Loan,"[""Agriculture Loan"", ""Business Loan"", ""Gold Loan"", ""Loan Against Property""]","Gurugram, Haryana",Haryana,"[""Delhi"", ""Haryana"", ""Punjab""]",Regional,False,,,,,,2022,,,,,False,+919811508708,ops@fairconnect.in,False,csv+gemini+scraper,success,0.39,78e427284df2571c77e9,RBI registration number missing — needs manual review,unverified,,ND,True,True,True,False,False,gemini,scraper_verified,scraper_verified,csv_provided,pending_review
718,2026-04-03T02:22:00.735647,2026-04-03T02:22:00.725395,Femina Merchants (P) Ltd,NBFC,https://feminafin.in,,,,False,,"[""Business Loan"", ""MSME Loan"", ""Microfinance"", ""Personal Loan""]",Business Loan,"[""Business Loan"", ""MSME Loan"", ""Microfinance"", ""Personal Loan""]","Udaipur, Rajasthan",Rajasthan,"[""Rajasthan""]",Single State,False,,N-10.00001,,,,2000,,,,,False,+917056213485,support@feminafin.co,True,csv+gemini+scraper,success,0.49,af76914eb1ba6cd58d70,,unverified,,ND,True,True,False,False,False,gemini,scraper_verified,scraper_verified,csv_provided,provisional_lender
719,2026-04-03T02:22:28.270274,2026-04-03T02:22:28.251561,Fexprime Finance Private Limited (formerly known as Bussan Auto Finance India Private Ltd),NBFC,https://www.fexprime.com,,,,False,,"[""EV Loan"", ""Personal Loan"", ""Vehicle Loan""]",EV Loan,"[""EV Loan"", ""Personal Loan"", ""Vehicle Loan""]","New Delhi, Delhi",Delhi,"[""Delhi""]",Single State,False,,N-14.03146,,,,2008,,,,,False,01143611111,info@fexprime.com,False,csv+gemini+scraper,success,0.51,51fc0541d2cba7272ffe,,unverified,,ND,True,True,True,False,False,gemini,scraper_verified,scraper_verified,csv_provided,provisional_lender
720,2026-04-03T02:22:44.572428,2026-04-03T02:22:44.566154,Finagle Financial Services Private Limited,NBFC,https://www.finagle.co.in,,,,False,,"[""Business Loan"", ""Education Loan"", ""Personal Loan""]",Business Loan,"[""Business Loan"", ""Education Loan"", ""Personal Loan""]","Mumbai, Maharashtra",Maharashtra,"[""Delhi"", ""Gujarat"", ""Madhya Pradesh"", ""Maharashtra"", ""Rajasthan""]",Regional,False,,N-13.02437,,,,2021,,,,,False,+912240050000,info@finagle.co.in,False,csv+gemini,success,0.46,01b3bb9cceb1ee626fd4,,unverified,,ND,False,True,True,False,False,gemini,gemini,gemini_inferred,csv_provided,provisional_lender
721,2026-04-03T02:23:09.699527,2026-04-03T02:23:09.680003,"Fincfriends Private Limited (Reissued On December 24, 2018)",NBFC,https://www.fincfriends.com,,,,False,,"[""Personal Loan"", ""Rural Loan""]",Personal Loan,"[""Personal Loan"", ""Rural Loan""]","Gurugram, Haryana",Haryana,"[""Gujarat"", ""Haryana"", ""Karnataka"", ""Maharashtra"", ""Tamil Nadu""]",Regional,False,,U65929,,,,2017,,,,,False,01246914100,care@fincfriends.com,False,csv+gemini+scraper,success,0.48,98b4ee89ba0c9971debd,,unverified,,ND,True,True,True,False,False,gemini,scraper_verified,scraper_verified,csv_provided,provisional_lender
722,2026-04-03T02:23:32.742765,2026-04-03T02:23:32.732771,Fincsquare Fintech Private Limited,NBFC,https://www.fincsquare.com,,,,False,,"[""Business Loan"", ""Personal Loan""]",Business Loan,"[""Business Loan"", ""Personal Loan""]","New Delhi, Delhi",Delhi,"[""Andaman and Nicobar Islands"", ""Andhra Pradesh"", ""Arunachal Pradesh"", ""Assam"", ""Bihar"", ""Chandigarh"", ""Chhattisgarh"", ""Dadra and Nagar Haveli"", ""Delhi"", ""Goa"", ""Gujarat"", ""Haryana"", ""Himachal Pradesh"", ""Jammu & Kashmir"", ""Jharkhand"", ""Karnataka"", ""Kerala"", ""Ladakh"", ""Lakshadweep"", ""Madhya Pradesh"", ""Maharashtra"", ""Manipur"", ""Meghalaya"", ""Mizoram"", ""Nagaland"", ""Odisha"", ""Puducherry"", ""Punjab"", ""Rajasthan"", ""Sikkim"", ""Tamil Nadu"", ""Telangana"", ""Tripura"", ""Uttar Pradesh"", ""Uttarakhand"", ""West Bengal""]",Pan India,True,,,,,,2021,,,,,False,,info@fincsquare.com,False,csv+gemini,success,0.32,75b5f66164ef70487d4f,RBI registration number missing — needs manual review,unverified,,P2P,False,True,True,False,True,gemini,gemini,gemini_inferred,csv_provided,pending_review
723,2026-04-03T02:24:00.043536,2026-04-03T02:24:00.016436,Findoc Finvest (P) Ltd (Formerly known as Aujla Finvest Pvt Ltd and Name Changed On 8.02.2016),NBFC,https://findocfinvest.com,,,,False,,"[""Business Loan"", ""EV Loan"", ""Loan Against Property"", ""MSME Loan""]",Business Loan,"[""Business Loan"", ""EV Loan"", ""Loan Against Property"", ""MSME Loan""]","Panchkula, Haryana",Haryana,"[""Haryana"", ""Punjab""]",Regional,False,,B-06.00267,,,,1995,,,,,False,+911725000000,nbfc@myfindoc.com,True,csv+gemini+scraper,success,0.48,c067195062ba9270d2c2,,unverified,,ND,False,True,False,False,False,gemini,scraper_verified,scraper_verified,csv_provided,provisional_lender
724,2026-04-03T02:24:38.505296,2026-04-03T02:24:38.490150,Fingrow Investment Ventures Private Limited,NBFC,https://fingrowcapital.com,,,,False,,"[""Business Loan"", ""MSME Loan"", ""Working Capital""]",Business Loan,"[""Business Loan"", ""MSME Loan"", ""Working Capital""]","New Delhi, Delhi",Delhi,"[""Delhi""]",Single State,False,,N.14.03400,,,,,,,,,False,+911145050000,info@fingrowcapital.com,False,csv+gemini,success,0.43,b0aa24b7d8670ae96c63,,unverified,,ND,False,True,True,False,False,gemini,gemini,gemini_inferred,csv_provided,pending_review
725,2026-04-03T02:25:21.882722,2026-04-03T02:25:21.854546,Finindia Credit And Finance Limited (Formerly Deepraj Investments Limited),NBFC,https://finindia.co.in,,,1.0,False,,"[""Business Loan"", ""Home Loan"", ""Loan Against Property"", ""MSME Loan"", ""Personal Loan""]",Business Loan,"[""Business Loan"", ""Home Loan"", ""Loan Against Property"", ""MSME Loan"", ""Personal Loan""]","New Delhi, Delhi",Delhi,"[""Delhi""]",Single State,False,,,,,,1985,,,,,False,+911141000000,info@finindia.co.in,False,csv+gemini+scraper,success,0.38,98fbcc265f89f77aaf95,RBI registration number missing — needs manual review,unverified,,ND,False,True,True,False,False,gemini,scraper_verified,gemini_inferred,csv_provided,pending_review
726,2026-04-03T02:25:40.220811,2026-04-03T02:25:40.203250,Finvent Finance And Investments Limited,NBFC,http://finventfinance.com,,,,False,,"[""Business Loan"", ""Gold Loan"", ""MSME Loan"", ""Micro Loan"", ""Microfinance"", ""Personal Loan"", ""Two Wheeler Loan"", ""Vehicle Loan""]",Business Loan,"[""Business Loan"", ""Gold Loan"", ""MSME Loan"", ""Micro Loan"", ""Microfinance"", ""Personal Loan"", ""Two Wheeler Loan"", ""Vehicle Loan""]","Perumbavoor, Kerala",Kerala,"[""Kerala""]",Single State,False,,N-13.01900,,,,1996,,10,,,False,+919544244222,finventfinance@gmail.com,False,csv+gemini+scraper,success,0.49,33b04267e1c95b3d61bb,,unverified,,ND,True,True,False,False,False,gemini,scraper_verified,scraper_verified,csv_provided,provisional_lender
727,2026-04-03T02:26:07.948702,2026-04-03T02:26:07.932766,Firstsource Credits Private Limited,NBFC,https://firstsourcecredits.com,,,1.01,False,,"[""Business Loan"", ""Personal Loan"", ""Vehicle Loan""]",Business Loan,"[""Business Loan"", ""Personal Loan"", ""Vehicle Loan""]","Hyderabad, Telangana",Telangana,"[""Karnataka"", ""Telangana""]",Regional,False,,,,,,1995,,,,,False,04023226372,info@firstsourcecredits.com,True,csv+gemini+scraper,success,0.38,77c31b10b4024264b1cd,RBI registration number missing — needs manual review,unverified,,ND,True,True,True,False,False,gemini,scraper_verified,scraper_verified,csv_provided,pending_review
728,2026-04-03T02:26:41.062762,2026-04-03T02:26:41.051854,Fleeting Vyapaar  Pvt. Ltd.,NBFC,https://www.vaibhav-vyapaar.com,,,10.92,False,,"[""Personal Loan""]",Personal Loan,"[""Personal Loan""]","Bengaluru, Karnataka",Karnataka,"[""Karnataka"", ""West Bengal""]",Regional,False,,,,,,1995,,,,,False,08048126351,,False,csv+gemini+scraper,success,0.35,5f9803bd68802c647956,RBI registration number missing — needs manual review,unverified,,ND,True,False,False,False,False,gemini,scraper_verified,scraper_verified,csv_provided,pending_review
729,2026-04-03T02:27:03.236194,2026-04-03T02:27:03.227338,Flipstar Finance Limited,NBFC,https://www.flipstar.in,,,,False,,"[""Business Loan"", ""Consumer Durable Loan"", ""Gold Loan"", ""Loan Against Property"", ""Personal Loan"", ""Two Wheeler Loan"", ""Vehicle Loan"", ""Working Capital""]",Business Loan,"[""Business Loan"", ""Consumer Durable Loan"", ""Gold Loan"", ""Loan Against Property"", ""Personal Loan"", ""Two Wheeler Loan"", ""Vehicle Loan"", ""Working Capital""]","Ahmedabad, Gujarat",Gujarat,"[""Gujarat""]",Single State,False,,,,,,1995,,,,,False,+919537140123,info@flipstar.in,True,csv+gemini+scraper,success,0.38,269245c29fcf1a0e0e58,RBI registration number missing — needs manual review,unverified,,ND,True,True,True,False,False,gemini,scraper_verified,scraper_verified,csv_provided,pending_review
730,2026-04-03T02:27:47.295252,2026-04-03T02:27:47.284528,Floral Vyapaar (P) Ltd,NBFC,https://www.floralvyapaar.com,,,,False,,"[""Loan Against Property"", ""MSME Loan""]",Loan Against Property,"[""Loan Against Property"", ""MSME Loan""]","Kolkata, West Bengal",West Bengal,"[""West Bengal""]",Single State,False,,,,,,1995,,,,,False,,,False,csv+gemini+scraper,success,0.23,97bb55104b72278c9ff6,RBI registration number missing — needs manual review,unverified,,ND,False,False,False,False,False,gemini,scraper_verified,gemini_inferred,csv_provided,pending_review
731,2026-04-03T02:28:26.350118,2026-04-03T02:28:26.335939,Fortune Portfolio Private Ltd,NBFC,https://www.fortuneindia.com/opinion/the-road-ahead-for-nbfcs/103720,,,,False,,"[""MSME Loan"", ""Rural Loan""]",MSME Loan,"[""MSME Loan"", ""Rural Loan""]","Gurugram, Delhi",Delhi,"[""Delhi""]",Single State,False,,,,,,1995,,,,,False,,,False,csv+gemini,success,0.23,93d74dc9e11bcc7b8020,RBI registration number missing — needs manual review,unverified,,ND,False,False,False,False,False,gemini,gemini,gemini_inferred,csv_provided,pending_review
732,2026-04-03T02:28:45.099298,2026-04-03T02:28:45.088558,Fox Capital Private Limited,NBFC,https://foxcapital.in/foxcapital,1.12,Micro,1.12,False,,"[""Business Loan"", ""Consumer Durable Loan"", ""Personal Loan"", ""Working Capital""]",Business Loan,"[""Business Loan"", ""Consumer Durable Loan"", ""Personal Loan"", ""Working Capital""]","Gurugram, Haryana",Haryana,"[""Andaman and Nicobar Islands"", ""Andhra Pradesh"", ""Arunachal Pradesh"", ""Assam"", ""Bihar"", ""Chandigarh"", ""Chhattisgarh"", ""Dadra and Nagar Haveli"", ""Delhi"", ""Goa"", ""Gujarat"", ""Haryana"", ""Himachal Pradesh"", ""Jammu & Kashmir"", ""Jharkhand"", ""Karnataka"", ""Kerala"", ""Ladakh"", ""Lakshadweep"", ""Madhya Pradesh"", ""Maharashtra"", ""Manipur"", ""Meghalaya"", ""Mizoram"", ""Nagaland"", ""Odisha"", ""Puducherry"", ""Punjab"", ""Rajasthan"", ""Sikkim"", ""Tamil Nadu"", ""Telangana"", ""Tripura"", ""Uttar Pradesh"", ""Uttarakhand"", ""West Bengal""]",Pan India,True,,N-14.03300,,,,2018,,,,,False,+911244000000,info@foxcapital.in,False,csv+gemini+scraper,success,0.5,e2716207749d212bde5a,,unverified,,ND-BL-Small,False,True,True,False,True,gemini,gemini,scraper_verified,csv_provided,provisional_lender
733,2026-04-03T02:29:51.783864,2026-04-03T02:29:51.770443,Freemen Investments Private Ltd.,NBFC,https://www.freemeninvestments.com,,,1.02,False,,"[""Business Loan"", ""Gold Loan"", ""Loan Against Property""]",Business Loan,"[""Business Loan"", ""Gold Loan"", ""Loan Against Property""]","Perumbavoor, Kerala",Kerala,"[""Kerala""]",Single State,False,,,,,,1995,,25,,,False,+914842522222,info@freemeninvestments.com,False,csv+gemini+scraper,success,0.38,88bb3b504cb98194eceb,RBI registration number missing — needs manual review,unverified,,ND,False,True,True,False,False,gemini,scraper_verified,gemini_inferred,csv_provided,pending_review
734,2026-04-03T02:30:37.236524,2026-04-03T02:30:37.215013,Fynx Capital Limited (Earlier known as Rajath Finance Limited),NBFC,https://fynxcapital.com,1.0,Micro,0.01,True,RAJATHFIN,"[""MSME Loan"", ""Rural Loan"", ""Supply Chain Finance"", ""Working Capital""]",MSME Loan,"[""MSME Loan"", ""Rural Loan"", ""Supply Chain Finance"", ""Working Capital""]","Mumbai, Maharashtra",Maharashtra,"[""Maharashtra""]",Single State,False,,,,,,1985,,,,,False,8655900276,support@fynxcapital.com,True,csv+gemini+scraper,success,0.42,32ddacd4648c5a6b3183,RBI registration number missing — needs manual review,unverified,,ND-BL-Small,True,True,True,False,False,gemini,scraper_verified,scraper_verified,csv_provided,pending_review
735,2026-04-03T02:31:34.669112,2026-04-03T02:31:34.658515,Ganesh Capfin Ltd.,NBFC,https://www.ganeshcapfin.in,,,0.09,True,531593,"[""Business Loan"", ""Home Loan"", ""MSME Loan"", ""Personal Loan"", ""Vehicle Loan""]",Business Loan,"[""Business Loan"", ""Home Loan"", ""MSME Loan"", ""Personal Loan"", ""Vehicle Loan""]","Jaipur, Rajasthan",Rajasthan,"[""Rajasthan""]",Single State,False,,N-10.00001,,,,1995,,,,,False,01412201908,info@ganeshcapfin.in,False,csv+gemini+scraper,success,0.48,56198aa62c1a36d3a382,,unverified,,ND,True,True,True,False,False,gemini,scraper_verified,scraper_verified,csv_provided,provisional_lender
736,2026-04-03T02:31:59.979351,2026-04-03T02:31:59.965547,Ganesh Finstock Limited,NBFC,https://ganeshleasfin.com,,,,False,,"[""Personal Loan"", ""Rural Loan""]",Personal Loan,"[""Personal Loan"", ""Rural Loan""]","New Delhi, Delhi",Delhi,"[""Delhi""]",Single State,False,,,,,,1985,,,,,False,+911145050000,info@ganeshleasfin.com,False,csv+gemini+scraper,success,0.38,6e3a845d7d7dcf7106b0,RBI registration number missing — needs manual review,unverified,,ND,False,True,True,False,False,gemini,scraper_verified,scraper_verified,csv_provided,pending_review
737,2026-04-03T02:32:24.748326,2026-04-03T02:32:24.729465,Ganesh Hire Purchase & Leasing Finance Private Limited,NBFC,https://ganeshleasfin.com,,,,False,,"[""Business Loan"", ""Loan Against Property"", ""Personal Loan"", ""Rural Loan""]",Business Loan,"[""Business Loan"", ""Loan Against Property"", ""Personal Loan"", ""Rural Loan""]","Delhi, Delhi",Delhi,"[""Delhi""]",Single State,False,,,,,,1985,,,,,False,+911142424242,info@ganeshleasfin.com,False,csv+gemini+scraper,success,0.38,1246581a4502a5943948,RBI registration number missing — needs manual review,unverified,,D,False,True,True,False,False,gemini,scraper_verified,scraper_verified,csv_provided,pending_review
738,2026-04-03T02:32:44.102830,2026-04-03T02:32:44.091695,Ganesh Leasfin Pvt. Ltd.,NBFC,https://ganeshleasfin.com,,,,False,,"[""MSME Loan"", ""Personal Loan"", ""Rural Loan""]",MSME Loan,"[""MSME Loan"", ""Personal Loan"", ""Rural Loan""]","Delhi, Delhi",Delhi,"[""Delhi""]",Single State,False,,,,,,2000,,,,,False,+911145050000,info@ganeshleasfin.com,False,csv+gemini+scraper,success,0.38,2c3c9f87cdc81f30a1e5,RBI registration number missing — needs manual review,unverified,,ND,False,True,True,False,False,gemini,scraper_verified,scraper_verified,csv_provided,pending_review
739,2026-04-03T02:33:56.686046,2026-04-03T02:33:56.671550,Ganpati Finlease Pvt. Ltd.,NBFC,https://www.ganpatifin.in,,,,False,,"[""Business Loan"", ""MSME Loan"", ""Personal Loan""]",Business Loan,"[""Business Loan"", ""MSME Loan"", ""Personal Loan""]","New Delhi, Delhi",Delhi,"[""Delhi""]",Single State,False,,,,,,2016,,,,,False,+911145050063,info@ganpatifin.in,False,csv+gemini+scraper,success,0.38,b595040b0e3b9c22a00b,RBI registration number missing — needs manual review,unverified,,unknown,False,True,True,False,False,gemini,scraper_verified,scraper_verified,csv_provided,pending_review
740,2026-04-03T02:34:22.978004,2026-04-03T02:34:22.968715,Ganpati Riverside  Pvt. Ltd.,NBFC,https://ganpatifinanceltd.com,,,,False,,"[""Business Loan"", ""Home Loan"", ""Personal Loan"", ""Vehicle Loan""]",Business Loan,"[""Business Loan"", ""Home Loan"", ""Personal Loan"", ""Vehicle Loan""]",,,"[""Andaman and Nicobar Islands"", ""Andhra Pradesh"", ""Arunachal Pradesh"", ""Assam"", ""Bihar"", ""Chandigarh"", ""Chhattisgarh"", ""Delhi"", ""Goa"", ""Gujarat"", ""Haryana"", ""Himachal Pradesh"", ""Jharkhand"", ""Karnataka"", ""Kerala"", ""Ladakh"", ""Lakshadweep"", ""Madhya Pradesh"", ""Maharashtra"", ""Manipur"", ""Meghalaya"", ""Mizoram"", ""Nagaland"", ""Odisha"", ""Puducherry"", ""Punjab"", ""Rajasthan"", ""Sikkim"", ""Tamil Nadu"", ""Telangana"", ""Tripura"", ""Uttar Pradesh"", ""Uttarakhand"", ""West Bengal""]",Pan India,False,,,,,,,,,,,False,+91123456789,info@ganpatifinanceltd.com,False,csv+gemini+scraper,success,0.3,012ef50a0d7251aa85e5,RBI registration number missing — needs manual review,unverified,,unknown,True,True,True,False,False,gemini,scraper_verified,scraper_verified,csv_provided,pending_review
741,2026-04-03T02:35:40.169655,2026-04-03T02:35:40.161612,Gavde Finance Pvt. Ltd,NBFC,https://gavdefinance.com,,,0.01,False,,"[""Rural Loan""]",Rural Loan,"[""Rural Loan""]","Navi Mumbai, Maharashtra",Maharashtra,"[""Maharashtra""]",Single State,False,,,,,,2017,,,,,False,919136119657,contact@gavdefinance.com,False,csv+gemini+scraper,success,0.39,3e54681c1dc515497c2b,RBI registration number missing — needs manual review,unverified,,unknown,False,True,True,False,False,gemini,scraper_verified,scraper_verified,csv_provided,pending_review
742,2026-04-03T02:36:20.232367,2026-04-03T02:36:20.215913,Geetanjali Credit And Capital Limited,NBFC,https://www.geetanjalicreditcapital.in,1.0,Micro,0.01,True,531501,"[""Business Loan""]",Business Loan,"[""Business Loan""]","Jaipur, Rajasthan",Rajasthan,"[""Delhi"", ""Karnataka"", ""Rajasthan""]",Regional,False,,,,,,1995,,,,,False,+919314711545,info@geetanjalicreditcapital.in,False,csv+gemini+scraper,success,0.4,bf2213fad43288d22476,RBI registration number missing — needs manual review,unverified,,ND-BL-Small,True,True,True,False,False,gemini,scraper_verified,scraper_verified,csv_provided,pending_review
743,2026-04-03T02:37:10.332091,2026-04-03T02:37:10.328132,Genesis Finance Company Limited,NBFC,https://www.genesisfinance.net,,,,False,,"[""Business Loan"", ""Home Loan"", ""Loan Against Property"", ""MSME Loan"", ""Personal Loan"", ""Vehicle Loan"", ""Working Capital""]",Business Loan,"[""Business Loan"", ""Home Loan"", ""Loan Against Property"", ""MSME Loan"", ""Personal Loan"", ""Vehicle Loan"", ""Working Capital""]","New Delhi, Delhi",Delhi,"[""Delhi""]",Single State,False,,N-14.03200,,,,1995,,,,,False,01142181244,info@genesisfinance.net,False,csv+gemini+scraper,success,0.48,7de2177c4d6ce09d50ef,,unverified,,ND,True,True,True,False,False,gemini,scraper_verified,scraper_verified,csv_provided,provisional_lender
744,2026-04-03T02:37:32.920319,2026-04-03T02:37:32.891392,Geojit Credits (P) Ltd (Formerly Known as A S R Financing & Leasing (P) Ltd),NBFC,https://www.geojitcredits.com,59.03,Micro,10.03,False,,"[""MSME Loan"", ""Rural Loan""]",MSME Loan,"[""MSME Loan"", ""Rural Loan""]","Kochi, Kerala",Kerala,"[""Kerala""]",Single State,False,,B-16.00123,,,,1995,,,,,False,+919995800541,credits@geojitcredits.com,False,csv+gemini+scraper,success,0.54,477daef4a5d6daa8ac66,,unverified,,ND-BL-Small,True,True,True,False,False,gemini,scraper_verified,scraper_verified,csv_provided,provisional_lender
745,2026-04-03T02:37:51.621158,2026-04-03T02:37:51.608413,Ggrace Leasing Co Pvt Ltd,NBFC,https://ggraceleasing.com,,,1.03,False,,"[""Business Loan"", ""Gold Loan"", ""Personal Loan"", ""Vehicle Loan""]",Business Loan,"[""Business Loan"", ""Gold Loan"", ""Personal Loan"", ""Vehicle Loan""]","Thrissur, Kerala",Kerala,"[""Kerala""]",Single State,False,,,,,,2008,,,,,False,+919072300300,info@ggraceleasing.com,False,csv+gemini+scraper,success,0.38,7ed4127c12458b46ea05,RBI registration number missing — needs manual review,unverified,,ND,False,True,True,False,False,gemini,scraper_verified,scraper_verified,csv_provided,pending_review
746,2026-04-03T02:38:14.217948,2026-04-03T02:38:14.209812,"Ghalla & Bhansali Securities Pvt. Ltd,",NBFC,https://www.ghallabhansali.com,,,,False,,"[""MSME Loan"", ""Rural Loan""]",MSME Loan,"[""MSME Loan"", ""Rural Loan""]","Mumbai, Maharashtra",Maharashtra,"[""Maharashtra""]",Single State,False,,U67120,,,,1996,,,,,False,912224147000,info@ghallabhansali.com,False,csv+gemini+scraper,success,0.49,7a14f4cae9a34b9fa468,,unverified,,ND,False,True,True,False,False,gemini,gemini,scraper_verified,csv_provided,provisional_lender
747,2026-04-03T02:39:07.944232,2026-04-03T02:39:07.931506,Ginni Fincap Pvt. Ltd.,NBFC,https://www.seedsfincap.com/mission.html,,,,False,,"[""Rural Loan""]",Rural Loan,"[""Rural Loan""]","New Delhi, Delhi",Delhi,"[""Delhi"", ""Haryana""]",Regional,False,,,,,,1995,,,,,False,18001038100,,False,csv+gemini+scraper,success,0.33,6a270f86f62e381e4126,RBI registration number missing — needs manual review,unverified,,ND,False,False,False,False,False,gemini,scraper_verified,scraper_verified,csv_provided,pending_review
748,2026-04-03T02:41:47.553908,2026-04-03T02:41:47.547235,Glaxo Finance Private Limited,NBFC,https://www.glaxoin.com,,,,False,,"[""Business Loan"", ""Loan Against Property"", ""MSME Loan"", ""Personal Loan"", ""Working Capital""]",Business Loan,"[""Business Loan"", ""Loan Against Property"", ""MSME Loan"", ""Personal Loan"", ""Working Capital""]","Ahmedabad, Gujarat",Gujarat,"[""Gujarat""]",Single State,False,,N-01.00500,,,,1995,,,,,False,+917940004000,info@glaxoin.com,False,csv+gemini,success,0.46,3ac17002f03c0b65a4e9,,unverified,,ND,False,True,True,False,False,gemini,gemini,gemini_inferred,csv_provided,provisional_lender
749,2026-04-03T02:42:38.196432,2026-04-03T02:42:38.178165,Globe Stock & Securities Ltd,NBFC,https://globecapital.com,,,,False,,"[""Rural Loan""]",Rural Loan,"[""Rural Loan""]","New Delhi, Delhi",Delhi,"[""Delhi""]",Single State,False,,INH10000118,,,,1995,,,,,False,18001237744,care@globecapital.com,True,csv+gemini+scraper,success,0.49,dc7808082921f4ee8927,,unverified,,unknown,False,True,True,False,False,gemini,scraper_verified,scraper_verified,csv_provided,provisional_lender
750,2026-04-03T02:43:02.870777,2026-04-03T02:43:02.855019,Goenka Business & Finance Ltd,NBFC,https://www.goenkabusinessfinancelimited.in,,,,True,GOENKABF,"[""MSME Loan"", ""Rural Loan""]",MSME Loan,"[""MSME Loan"", ""Rural Loan""]","Kolkata, West Bengal",West Bengal,"[""Gujarat"", ""West Bengal""]",Regional,False,,,,,,1983,,,,,False,9051466844,goenkabusinessfinancelimited@gmail.com,False,csv+gemini+scraper,success,0.38,23a68048af917bf28382,RBI registration number missing — needs manual review,unverified,,ND,True,True,False,False,False,gemini,scraper_verified,scraper_verified,csv_provided,pending_review
751,2026-04-03T02:43:29.224408,2026-04-03T02:43:29.211277,Goenka Holdings Pvt Ltd,NBFC,https://www.goenkabusinessfinancelimited.in,10.0,Micro,0.1,True,GOENKABUS,"[""MSME Loan"", ""Rural Loan""]",MSME Loan,"[""MSME Loan"", ""Rural Loan""]","Kolkata, West Bengal",West Bengal,"[""Gujarat"", ""West Bengal""]",Regional,False,,,,,,1983,,,,,False,9051466844,info@goenkabusinessfinancelimited.in,False,csv+gemini+scraper,success,0.4,6d7edf361ef8aec7f296,RBI registration number missing — needs manual review,unverified,,ND-BL-Small,True,True,True,False,False,gemini,scraper_verified,scraper_verified,csv_provided,pending_review
752,2026-04-03T02:44:24.432322,2026-04-03T02:44:24.410402,Goodluck Advances and Finlease Limited,NBFC,https://www.goodluckfinlease.com,,,,False,,"[""Business Loan"", ""MSME Loan"", ""Personal Loan""]",Business Loan,"[""Business Loan"", ""MSME Loan"", ""Personal Loan""]","Chandigarh, Punjab",Punjab,"[""Punjab""]",Single State,False,,,,,,1995,,,,,False,+911724600010,info@goodluckfinlease.com,False,csv+gemini+scraper,success,0.36,7ed0911a0337d2cc5149,RBI registration number missing — needs manual review,unverified,,ND,False,True,True,False,False,gemini,scraper_verified,gemini_inferred,csv_provided,pending_review
753,2026-04-03T02:44:52.423099,2026-04-03T02:44:52.408030,Goodluck Commercials Ltd.,NBFC,https://www.goodluckfin.com/about.php,,,,False,,"[""Business Loan"", ""Consumer Durable Loan"", ""Education Loan"", ""Personal Loan""]",Business Loan,"[""Business Loan"", ""Consumer Durable Loan"", ""Education Loan"", ""Personal Loan""]","Delhi, Delhi",Delhi,"[""Delhi"", ""Haryana""]",Regional,False,,,,,,1985,,,,,False,,,False,csv+gemini+scraper,success,0.23,660f05c02a0eab9c21be,RBI registration number missing — needs manual review,unverified,,unknown,False,False,False,False,False,gemini,scraper_verified,gemini_inferred,csv_provided,pending_review
754,2026-04-03T02:45:23.624552,2026-04-03T02:45:23.610658,Gopal Holdings Pvt. Ltd,NBFC,https://rgopal.in,,,,False,,"[""Credit Card"", ""Gold Loan"", ""Home Loan"", ""Vehicle Loan""]",Credit Card,"[""Credit Card"", ""Gold Loan"", ""Home Loan"", ""Vehicle Loan""]","Nagpur, Maharashtra",Maharashtra,"[""Andhra Pradesh"", ""Bihar"", ""Delhi"", ""Gujarat"", ""Haryana"", ""Karnataka"", ""Maharashtra"", ""Punjab"", ""Rajasthan"", ""Tamil Nadu"", ""Telangana"", ""Uttar Pradesh"", ""West Bengal""]",Regional,False,,,,,,1978,,,,,False,+917122522222,rgakol@rgopal.in,False,csv+gemini+scraper,success,0.38,effe4ce9230ca461eb03,RBI registration number missing — needs manual review,unverified,,ND,False,True,True,False,False,gemini,scraper_verified,scraper_verified,csv_provided,pending_review
755,2026-04-03T02:45:39.262646,2026-04-03T02:45:39.249302,Gopi Securities Pvt Ltd.,NBFC,https://www.gopisecurities.com,,,,False,,"[""Business Loan"", ""Personal Loan"", ""Working Capital""]",Business Loan,"[""Business Loan"", ""Personal Loan"", ""Working Capital""]","Gurugram, Haryana",Haryana,"[""Haryana""]",Single State,False,,N-14.03200,,,,2017,,,,,False,918800978013,info@gopisecurities.com,False,csv+gemini+scraper,success,0.51,1013d11e0aeca08d84c2,,unverified,,ND,False,True,True,False,False,gemini,scraper_verified,scraper_verified,csv_provided,provisional_lender
756,2026-04-03T02:46:16.757997,2026-04-03T02:46:16.751181,Gove Finance Limited,NBFC,https://govefinance.in,,,,False,,"[""Personal Loan"", ""Vehicle Loan"", ""Working Capital""]",Personal Loan,"[""Personal Loan"", ""Vehicle Loan"", ""Working Capital""]","Bangalore, Karnataka",Karnataka,"[""Karnataka"", ""Tamil Nadu""]",Regional,False,,,,,,2019,,,,,False,+919003033533,info@govefinance.in,False,csv+gemini+scraper,success,0.38,f7252c9a19a992f51aab,RBI registration number missing — needs manual review,unverified,,ND,True,True,True,False,False,gemini,scraper_verified,scraper_verified,csv_provided,pending_review
757,2026-04-03T02:46:48.287242,2026-04-03T02:46:48.274461,Gowra Leasing & Finance Ltd.,NBFC,https://www.gowraleasing.com,,,,True,GOWRALEAS,"[""MSME Loan""]",MSME Loan,"[""MSME Loan""]","Secunderabad, Telangana",Telangana,"[""Andhra Pradesh"", ""Telangana""]",Regional,False,,,,,,1982,,,,,False,+914027842000,einward.ris@kfintech.com,False,csv+gemini+scraper,success,0.38,76c52495253ac0168841,RBI registration number missing — needs manual review,unverified,,ND-BL-Small,False,True,False,False,False,gemini,scraper_verified,scraper_verified,csv_provided,pending_review
758,2026-04-03T02:47:34.679550,2026-04-03T02:47:34.651079,Goyal Achal Sampatti Vikas And Niyojan Nigam Ltd,NBFC,https://www.goyalassociateslimited.com,,,,False,,"[""Business Loan"", ""MSME Loan"", ""Personal Loan""]",Business Loan,"[""Business Loan"", ""MSME Loan"", ""Personal Loan""]","Vadodara, Gujarat",Gujarat,"[""Gujarat""]",Single State,False,,,,,,1994,,,,,False,+912652343455,support@goyalnbfc.in,False,csv+gemini+scraper,success,0.39,22e92ce2330d30678cae,RBI registration number missing — needs manual review,unverified,,ND,True,True,False,False,False,gemini,scraper_verified,scraper_verified,csv_provided,pending_review
759,2026-04-03T02:48:00.466609,2026-04-03T02:48:00.461653,Goyal Commercial Private Ltd,NBFC,https://www.goyalassociateslimited.com,10.0,Micro,,True,GOYALAL,"[""Business Loan"", ""MSME Loan"", ""Personal Loan""]",Business Loan,"[""Business Loan"", ""MSME Loan"", ""Personal Loan""]","Vadodara, Gujarat",Gujarat,"[""Gujarat""]",Single State,False,,,,,,1994,,,,,False,+912652343455,support@goyalnbfc.in,False,csv+gemini+scraper,success,0.42,a83e224f4e9e92a77a34,RBI registration number missing — needs manual review,unverified,,ND-BL-Small,True,True,False,False,False,gemini,scraper_verified,scraper_verified,csv_provided,pending_review
760,2026-04-03T02:48:22.196958,2026-04-03T02:48:22.178198,Great Meera Finlease Pvt.Ltd,NBFC,https://www.greatmeera.in,,,1.0,False,,"[""MSME Loan"", ""Supply Chain Finance"", ""Working Capital""]",MSME Loan,"[""MSME Loan"", ""Supply Chain Finance"", ""Working Capital""]","Delhi, Delhi",Delhi,"[""Delhi""]",Single State,False,,,,,,2016,,,,,False,+919810000000,support@greatmeera.in,False,csv+gemini+scraper,success,0.38,0373b82972f88e9526af,RBI registration number missing — needs manual review,unverified,,ND,True,True,True,False,False,gemini,scraper_verified,scraper_verified,csv_provided,pending_review
761,2026-04-03T02:49:04.501180,2026-04-03T02:49:04.482242,Growfast Securities & Credit Pvt Limited,NBFC,https://growfastsec.com,,,,False,,"[""MSME Loan""]",MSME Loan,"[""MSME Loan""]","Delhi, Delhi",Delhi,"[""Delhi""]",Single State,False,,,,,,1995,,,,,False,,,False,csv+gemini+scraper,success,0.23,fb0bbae70a9ca0bd491e,RBI registration number missing — needs manual review,unverified,,ND,False,False,False,False,False,gemini,scraper_verified,gemini_inferred,csv_provided,pending_review
762,2026-04-03T02:49:23.659408,2026-04-03T02:49:23.639725,Growth Well Finlease Pvt. Ltd.,NBFC,https://growth-well-finlease-private-limited.charteredone.com/U65921DL1996PTC075842,,,,False,,"[""MSME Loan""]",MSME Loan,"[""MSME Loan""]","New Delhi, Delhi",Delhi,"[""Delhi""]",Single State,False,,,,,,1996,,,,,False,,growthwellfinlease@gmail.com,False,csv+gemini,success,0.25,692001b4610297f9beea,RBI registration number missing — needs manual review,unverified,,unknown,False,True,False,False,False,gemini,gemini,gemini_inferred,csv_provided,pending_review
763,2026-04-03T02:49:49.215235,2026-04-03T02:49:49.207264,Growxcd Finance Private Limited,NBFC,https://growxcd.com,,,,False,,"[""Home Loan"", ""Loan Against Property"", ""MSME Loan""]",Home Loan,"[""Home Loan"", ""Loan Against Property"", ""MSME Loan""]","Chennai, Tamil Nadu",Tamil Nadu,"[""Andhra Pradesh"", ""Karnataka"", ""Puducherry"", ""Tamil Nadu""]",Regional,False,,,,,,2021,,,,,False,04448136918,hi@growxcd.com,False,csv+gemini+scraper,success,0.39,a8fd7af4c6c6205d5e89,RBI registration number missing — needs manual review,unverified,,ND,True,True,True,False,False,gemini,scraper_verified,scraper_verified,csv_provided,pending_review
764,2026-04-03T02:50:06.335194,2026-04-03T02:50:06.322437,Gtlaxmi Finace Private Limited,NBFC,https://www.gtlaxmifinance.com/about.php,,,,False,,"[""MSME Loan""]",MSME Loan,"[""MSME Loan""]","Raipur, Chhattisgarh",Chhattisgarh,"[""Chhattisgarh""]",Single State,False,,B-03.00214,,,,,,,,,False,07714025505,gtlaxmifinance74@gmail.com,False,csv+gemini+scraper,success,0.46,7085a0b81dbd03a35e7d,,unverified,,ND,True,True,False,False,False,gemini,gemini,scraper_verified,csv_provided,provisional_lender
765,2026-04-03T02:50:31.801084,2026-04-03T02:50:31.773424,Gujarat  Industrial Investment Corporation Ltd,NBFC,https://giic.gujarat.gov.in,,,,False,,"[""MSME Loan"", ""Microfinance"", ""Rural Loan""]",MSME Loan,"[""MSME Loan"", ""Microfinance"", ""Rural Loan""]","Gandhinagar, Gujarat",Gujarat,"[""Gujarat""]",Single State,False,,,,,,1968,,,,,False,07923252501,slbc.guj@bankofbaroda.com,True,csv+gemini+scraper,success,0.38,20f4cb78af3b5a884ace,RBI registration number missing — needs manual review,unverified,,unknown,True,True,False,False,False,gemini,scraper_verified,scraper_verified,csv_provided,pending_review
766,2026-04-03T02:52:02.023315,2026-04-03T02:52:02.006238,Helpage Finlease Limited,NBFC,https://www.helpagefinlease.com,,,,False,,"[""Supply Chain Finance""]",Supply Chain Finance,"[""Supply Chain Finance""]","Delhi, Delhi",Delhi,"[""Delhi""]",Single State,False,,,,,,1994,,,,,False,+918527444067,hello@finagg.in,False,csv+gemini+scraper,success,0.39,d8ba72f3f031485a299d,RBI registration number missing — needs manual review,unverified,,ND,True,True,False,False,False,gemini,scraper_verified,scraper_verified,csv_provided,pending_review
767,2026-04-03T02:52:29.542966,2026-04-03T02:52:29.527107,Herambha Leasing Limited,NBFC,https://herambhaleasing.com,1.0,Micro,0.01,False,,"[""Consumer Durable Loan"", ""MSME Loan"", ""Two Wheeler Loan"", ""Vehicle Loan""]",Consumer Durable Loan,"[""Consumer Durable Loan"", ""MSME Loan"", ""Two Wheeler Loan"", ""Vehicle Loan""]","Tumkur, Karnataka",Karnataka,"[""Karnataka""]",Single State,False,,,,,,1990,,,,,False,+919342659294,,False,csv+gemini+scraper,success,0.36,dc8af5ead0c4cb65d055,RBI registration number missing — needs manual review,unverified,,ND-BL-Small,True,False,False,False,False,gemini,scraper_verified,scraper_verified,csv_provided,pending_review
768,2026-04-03T02:53:02.343491,2026-04-03T02:53:02.328301,Heritage Finlease Limited,NBFC,https://www.heritagefinlease.in,10.03,Micro,1.03,False,,"[""Loan Against Property"", ""MSME Loan"", ""Micro Loan""]",Loan Against Property,"[""Loan Against Property"", ""MSME Loan"", ""Micro Loan""]","Hyderabad, Telangana",Telangana,"[""Telangana""]",Single State,False,,,,,,1995,,,,,False,914023301095,info@heritagefinlease.in,True,csv+gemini+scraper,success,0.42,b0ce4ba282f4708d940f,RBI registration number missing — needs manual review,unverified,,ND-BL-Small,False,True,True,False,False,gemini,scraper_verified,scraper_verified,csv_provided,pending_review
769,2026-04-03T02:53:25.713978,2026-04-03T02:53:25.694593,Highsky Finance & Investments (P) Ltd.,NBFC,https://highskyfinancial.com,1.01,Micro,1.01,False,,"[""Business Loan"", ""Consumer Durable Loan"", ""Home Loan"", ""Loan Against Property"", ""Personal Loan"", ""Working Capital""]",Business Loan,"[""Business Loan"", ""Consumer Durable Loan"", ""Home Loan"", ""Loan Against Property"", ""Personal Loan"", ""Working Capital""]","Mumbai, Maharashtra",Maharashtra,"[""Maharashtra""]",Single State,False,,,,,,2007,,,,,False,+912249722163,contact@highskyfinancial.com,False,csv+gemini+scraper,success,0.42,1152bfbf053682118e30,RBI registration number missing — needs manual review,unverified,,ND-BL-Small,True,True,True,False,False,gemini,gemini,scraper_verified,csv_provided,pending_review
770,2026-04-03T02:54:18.662384,2026-04-03T02:54:18.647329,Hinduja Leyland Finance Limited,NBFC,https://www.hindujaleylandfinance.com,34000.0,Mid,3290.71,False,,"[""EV Loan"", ""Loan Against Property"", ""MSME Loan"", ""Microfinance"", ""Supply Chain Finance"", ""Two Wheeler Loan"", ""Vehicle Loan""]",EV Loan,"[""EV Loan"", ""Loan Against Property"", ""MSME Loan"", ""Microfinance"", ""Supply Chain Finance"", ""Two Wheeler Loan"", ""Vehicle Loan""]","Chennai, Tamil Nadu",Tamil Nadu,"[""Andhra Pradesh"", ""Assam"", ""Bihar"", ""Gujarat"", ""Haryana"", ""Jharkhand"", ""Karnataka"", ""Kerala"", ""Madhya Pradesh"", ""Maharashtra"", ""Punjab"", ""Rajasthan"", ""Tamil Nadu"", ""Telangana"", ""Uttar Pradesh"", ""Uttarakhand"", ""West Bengal""]",Regional,False,,,,,,2008,,1750,,,False,18002022500,customercare@hindujaleylandfinance.com,False,csv+gemini+scraper,success,0.44,55fc1f3986e09475343b,RBI registration number missing — needs manual review,unverified,,ND-ML,False,True,True,False,False,gemini,scraper_verified,scraper_verified,csv_provided,pending_review
771,2026-04-03T02:54:50.340045,2026-04-03T02:54:50.325897,Hindvee Small Finance Limited,NBFC,https://hindvee.in,,,,False,,"[""Gold Loan"", ""Home Loan"", ""MSME Loan""]",Gold Loan,"[""Gold Loan"", ""Home Loan"", ""MSME Loan""]","New Delhi, Delhi",Delhi,"[""Delhi""]",Single State,False,,,,,,2022,,,,,False,+919810000000,info@hindvee.in,False,csv+gemini,success,0.36,b5196fb75d4c04d97202,RBI registration number missing — needs manual review,unverified,,ND,False,True,True,False,False,gemini,gemini,gemini_inferred,csv_provided,pending_review
772,2026-04-03T02:55:13.307227,2026-04-03T02:55:13.297853,Hiren Holdings Private Limited,NBFC,https://www.hirenjogi.com,,,,False,,"[""Home Loan"", ""Vehicle Loan""]",Home Loan,"[""Home Loan"", ""Vehicle Loan""]","Ahmedabad, Gujarat",Gujarat,"[""Andhra Pradesh"", ""Bihar"", ""Delhi"", ""Gujarat"", ""Haryana"", ""Karnataka"", ""Maharashtra"", ""Punjab"", ""Rajasthan"", ""Tamil Nadu"", ""Telangana"", ""Uttar Pradesh"", ""West Bengal""]",Regional,False,,,,,,1995,,,,,False,+917927490000,info@hirenjogi.com,False,csv+gemini+scraper,success,0.36,42672cf48c92070ea5c0,RBI registration number missing — needs manual review,unverified,,ND,False,True,True,False,False,gemini,scraper_verified,gemini_inferred,csv_provided,pending_review
773,2026-04-03T02:55:51.945558,2026-04-03T02:55:51.921460,HMT Finance Private Limited (Formerly Chandan Financiers Limited),NBFC,https://www.hmtfinance.com,,,,False,,"[""Business Loan"", ""Gold Loan"", ""Home Loan"", ""Loan Against Property"", ""MSME Loan"", ""Micro Loan"", ""Personal Loan"", ""Rural Loan"", ""Vehicle Loan""]",Business Loan,"[""Business Loan"", ""Gold Loan"", ""Home Loan"", ""Loan Against Property"", ""MSME Loan"", ""Micro Loan"", ""Personal Loan"", ""Rural Loan"", ""Vehicle Loan""]","Jaipur, Rajasthan",Rajasthan,"[""Rajasthan""]",Single State,False,,U65921,,,,1996,,30,,,False,+911414000000,info@hmtfinance.com,False,csv+gemini+scraper,success,0.48,7dbc40ff4b182a321fe1,,unverified,,ND,False,True,True,False,False,gemini,scraper_verified,gemini_inferred,csv_provided,provisional_lender
774,2026-04-03T02:56:12.755471,2026-04-03T02:56:12.727275,HSBC Investdirect Financial Services (India) Ltd. (Old Name Investsmart Financial Services Ltd.),NBFC,https://www.hsbc.co.in/hifsl,,,10.0,False,,"[""Rural Loan""]",Rural Loan,"[""Rural Loan""]","Mumbai, Maharashtra",Maharashtra,"[""Maharashtra""]",Single State,False,,,,,,1998,,,,,False,18002094477,nbfchelpdesk@hsbc.co.in,False,csv+gemini+scraper,success,0.39,7f0794b24579745bcdbd,RBI registration number missing — needs manual review,unverified,,ND,False,True,True,False,False,gemini,scraper_verified,scraper_verified,csv_provided,pending_review
775,2026-04-03T02:56:45.704279,2026-04-03T02:56:45.693439,ICL Fincorp Limited,NBFC,https://www.iclfincorp.com,1000.0,Small,140.0,False,,"[""Business Loan"", ""Gold Loan"", ""MSME Loan"", ""Vehicle Loan""]",Business Loan,"[""Business Loan"", ""Gold Loan"", ""MSME Loan"", ""Vehicle Loan""]","Palakkad, Kerala",Kerala,"[""Andhra Pradesh"", ""Bihar"", ""Delhi"", ""Goa"", ""Gujarat"", ""Karnataka"", ""Kerala"", ""Maharashtra"", ""Rajasthan"", ""Tamil Nadu"", ""Telangana"", ""West Bengal""]",Regional,False,,N.16.00193,,,,1991,1000,1500,,,False,18003133353,info@iclfincorp.com,False,csv+gemini+scraper,success,0.55,df3e81f25a71c42c620c,,unverified,,ND-ML,False,True,True,False,False,gemini,scraper_verified,scraper_verified,csv_provided,provisional_lender
776,2026-04-03T02:57:08.414862,2026-04-03T02:57:08.406741,IDF Financial Services Private Limited,NBFC,https://www.idf-finance.in,100.0,Micro,20.0,False,,"[""Microfinance""]",Microfinance,"[""Microfinance""]","Hyderabad, Telangana",Telangana,"[""Andhra Pradesh"", ""Goa"", ""Karnataka"", ""Maharashtra"", ""Telangana""]",Regional,False,,,,,,2012,,,,,False,+914048505050,info@idf-finance.in,True,csv+gemini+scraper,success,0.39,51ba38cc2bf2c0eeb579,RBI registration number missing — needs manual review,unverified,,MFI,False,True,True,False,False,gemini,scraper_verified,gemini_inferred,csv_provided,pending_review
777,2026-04-03T02:57:33.668367,2026-04-03T02:57:33.649798,IFCI Venture Capital Funds Ltd.,NBFC,https://www.ifciventure.com,,,,False,,"[""Rural Loan""]",Rural Loan,"[""Rural Loan""]","New Delhi, Delhi",Delhi,"[""Delhi"", ""Karnataka"", ""Madhya Pradesh""]",Regional,False,,,,,,1975,,,,,False,+911126473309,funds@ifciventure.com,False,csv+gemini+scraper,success,0.38,89528c7ee2ca78d761ec,RBI registration number missing — needs manual review,unverified,,unknown,False,True,True,False,False,gemini,scraper_verified,scraper_verified,csv_provided,pending_review
778,2026-04-03T02:58:03.774962,2026-04-03T02:58:03.763542,IFIN Securities Finance Limited,NBFC,https://www.ifinltd.in,1000.0,Small,100.09,False,,"[""Loan Against Property"", ""Working Capital""]",Loan Against Property,"[""Loan Against Property"", ""Working Capital""]","New Delhi, Delhi",Delhi,"[""Delhi""]",Single State,False,,,,,,1995,,,,,False,+911141732000,customercare@ifinltd.in,False,csv+gemini+scraper,success,0.4,20772fc60193cc0f864e,RBI registration number missing — needs manual review,unverified,,ND-ML,False,True,True,False,False,gemini,scraper_verified,scraper_verified,csv_provided,pending_review
779,2026-04-03T02:58:24.256024,2026-04-03T02:58:24.243015,IFL Promoters Ltd.,NBFC,https://iflpromotersltd.in,,,,False,,"[""Business Loan"", ""MSME Loan"", ""Working Capital""]",Business Loan,"[""Business Loan"", ""MSME Loan"", ""Working Capital""]","Delhi, Delhi",Delhi,"[""Delhi"", ""Maharashtra""]",Regional,False,,,,,,1992,,,,,False,+919711213133,support@iflpromotersltd.com,False,csv+gemini+scraper,success,0.39,dcd06e63926c29dbc736,RBI registration number missing — needs manual review,unverified,,ND,True,True,False,False,False,gemini,scraper_verified,scraper_verified,csv_provided,pending_review
780,2026-04-03T02:58:51.781869,2026-04-03T02:58:51.775528,IIFL Finance Limited,NBFC,https://www.iifl.com,92164.0,Large,10708.7,True,IIFLFINANCE,"[""Business Loan"", ""Gold Loan"", ""Home Loan"", ""MSME Loan"", ""Supply Chain Finance""]",Business Loan,"[""Business Loan"", ""Gold Loan"", ""Home Loan"", ""MSME Loan"", ""Supply Chain Finance""]","Mumbai, Maharashtra",Maharashtra,"[""Andaman and Nicobar Islands"", ""Andhra Pradesh"", ""Arunachal Pradesh"", ""Assam"", ""Bihar"", ""Chandigarh"", ""Chhattisgarh"", ""Dadra and Nagar Haveli"", ""Delhi"", ""Goa"", ""Gujarat"", ""Haryana"", ""Himachal Pradesh"", ""Jammu & Kashmir"", ""Jharkhand"", ""Karnataka"", ""Kerala"", ""Ladakh"", ""Lakshadweep"", ""Madhya Pradesh"", ""Maharashtra"", ""Manipur"", ""Meghalaya"", ""Mizoram"", ""Nagaland"", ""Odisha"", ""Puducherry"", ""Punjab"", ""Rajasthan"", ""Sikkim"", ""Tamil Nadu"", ""Telangana"", ""Tripura"", ""Uttar Pradesh"", ""Uttarakhand"", ""West Bengal""]",Pan India,True,,,,,,1995,36000,2800,,,False,18602673000,gold-helpline@iifl.com,True,csv+gemini+scraper,success,0.45,ad990a140439e733fd46,RBI registration number missing — needs manual review,unverified,,ND-SI,False,True,True,False,False,gemini,scraper_verified,scraper_verified,csv_provided,pending_review
781,2026-04-03T02:59:32.735091,2026-04-03T02:59:32.705663,IIFL Samasta Finance Limited (Formerly Samasta Microfinance Limited),NBFC,https://iiflsamasta.com,14200.0,Mid,3090.7,False,,"[""Microfinance"", ""Rural Loan""]",Microfinance,"[""Microfinance"", ""Rural Loan""]","Bengaluru, Karnataka",Karnataka,"[""Andhra Pradesh"", ""Arunachal Pradesh"", ""Assam"", ""Bihar"", ""Chhattisgarh"", ""Goa"", ""Gujarat"", ""Haryana"", ""Himachal Pradesh"", ""Jharkhand"", ""Karnataka"", ""Kerala"", ""Madhya Pradesh"", ""Maharashtra"", ""Manipur"", ""Meghalaya"", ""Mizoram"", ""Nagaland"", ""Odisha"", ""Rajasthan"", ""Sikkim"", ""Tamil Nadu"", ""Telangana"", ""Uttar Pradesh"", ""Uttarakhand"", ""West Bengal""]",Regional,False,,,,,,2008,17000,1660,,,False,18002679911,customer.care@iiflsamasta.com,True,csv+gemini+scraper,success,0.47,4b4e30b15c74b874ce84,RBI registration number missing — needs manual review,unverified,,MFI,False,True,True,False,False,gemini,scraper_verified,scraper_verified,csv_provided,pending_review
782,2026-04-03T03:00:28.913656,2026-04-03T03:00:28.880257,Impressive Heights Finstock Limited ( Formerly Known As Eden Finstock Limted),NBFC,https://www.impressiveheights.com,,,106.0,True,EDEN,"[""Business Loan"", ""Gold Loan"", ""Home Loan"", ""Loan Against Property"", ""MSME Loan"", ""Personal Loan"", ""Vehicle Loan""]",Business Loan,"[""Business Loan"", ""Gold Loan"", ""Home Loan"", ""Loan Against Property"", ""MSME Loan"", ""Personal Loan"", ""Vehicle Loan""]","Jaipur, Rajasthan",Rajasthan,"[""Rajasthan""]",Single State,False,,,,,,1998,,,,,False,01414109709,ihfljpr@impressiveheights.com,True,csv+gemini+scraper,success,0.39,9d98b51fb1cfd2e87900,RBI registration number missing — needs manual review,unverified,,ND-BL-Small,True,True,True,False,False,gemini,gemini,scraper_verified,csv_provided,pending_review
783,2026-04-03T03:00:55.140211,2026-04-03T03:00:55.119638,Inani Commodities & Finance Limited (Formerly Inani Cap-Fin Ltd.),NBFC,https://www.inanisec.in,,,,False,,"[""Working Capital""]",Working Capital,"[""Working Capital""]","Kolkata, West Bengal",West Bengal,"[""West Bengal""]",Single State,False,,B-09.00054,,,,1997,,,,,False,,support@inanisec.in,False,csv+gemini+scraper,success,0.43,7a9a2002f61437eb8cf0,,unverified,,ND,False,True,True,False,False,gemini,gemini,scraper_verified,csv_provided,pending_review
784,2026-04-03T03:01:18.784610,2026-04-03T03:01:18.768723,Indcredit Fincap Private Limited,NBFC,https://indcredit.com,,,1.01,False,,"[""Credit Card"", ""Personal Loan""]",Credit Card,"[""Credit Card"", ""Personal Loan""]","Navi Mumbai, Maharashtra",Maharashtra,"[""Andaman and Nicobar Islands"", ""Andhra Pradesh"", ""Arunachal Pradesh"", ""Assam"", ""Bihar"", ""Chandigarh"", ""Chhattisgarh"", ""Dadra and Nagar Haveli"", ""Delhi"", ""Goa"", ""Gujarat"", ""Haryana"", ""Himachal Pradesh"", ""Jammu & Kashmir"", ""Jharkhand"", ""Karnataka"", ""Kerala"", ""Ladakh"", ""Lakshadweep"", ""Madhya Pradesh"", ""Maharashtra"", ""Manipur"", ""Meghalaya"", ""Mizoram"", ""Nagaland"", ""Odisha"", ""Puducherry"", ""Punjab"", ""Rajasthan"", ""Sikkim"", ""Tamil Nadu"", ""Telangana"", ""Tripura"", ""Uttar Pradesh"", ""Uttarakhand"", ""West Bengal""]",Pan India,True,,N-13.02437,,,,2017,,,,,False,+919321000000,info@indcredit.com,False,csv+gemini,success,0.46,71e1c120033cbfb5d824,,unverified,,ND,False,True,True,False,True,gemini,gemini,gemini_inferred,csv_provided,provisional_lender
785,2026-04-03T03:01:50.026381,2026-04-03T03:01:50.012242,Indianivesh Capitals Limited,NBFC,https://www.indianivesh.in,,,10.01,False,,[],,[],"Lodha Supremus, 17Th Floor, Senapati Bapat Marg, Lower Parel, Mumbai, Maharashtra",Maharashtra,"[""Goa"", ""Maharashtra""]",Regional,False,,N-13.01877,,,,2011,,,,,False,+912262406240,customersupport@indianivesh.in,False,csv+gemini+scraper,success,0.31,e08a497ea33af2687be8,primary_loan_segments empty — needs manual review,unverified,,ND,True,True,True,False,False,gemini,scraper_verified,scraper_verified,csv_provided,pending_review
786,2026-04-03T03:02:20.355164,2026-04-03T03:02:20.343623,Indianivesh Ltd.,NBFC,https://www.indianivesh.in,,,100.0,False,,[],,[],"Lodha Supremus, 17Th Floor, Senapati Bapat Marg, Lower Parel, Mumbai, Maharashtra",Maharashtra,"[""Goa"", ""Maharashtra""]",Regional,False,,N-13.01877,,,,2011,,,,,False,+912262406240,customersupport@indianivesh.in,False,csv+gemini+scraper,success,0.31,a1b1e7009baf34a2c81b,primary_loan_segments empty — needs manual review,unverified,,ND,True,True,True,False,False,gemini,scraper_verified,scraper_verified,csv_provided,pending_review
787,2026-04-03T03:02:43.798415,2026-04-03T03:02:43.772415,Indifi Capital Private Limited (Formerly Riviera Investors Private Limited),NBFC,https://www.indifi.com,1000.0,Small,147.0,False,,"[""Business Loan"", ""MSME Loan"", ""Rural Loan"", ""Supply Chain Finance"", ""Working Capital""]",Business Loan,"[""Business Loan"", ""MSME Loan"", ""Rural Loan"", ""Supply Chain Finance"", ""Working Capital""]","Gurugram, Haryana",Haryana,"[""Delhi"", ""Haryana""]",Regional,False,,,,,,2015,,,,,False,+919696555444,topup_support@indifi.com,False,csv+gemini+scraper,success,0.47,f08497e0a2e6ef10a5b0,RBI registration number missing — needs manual review,unverified,,ND-ML,True,True,True,False,False,gemini,scraper_verified,scraper_verified,csv_provided,pending_review
788,2026-04-03T03:03:02.540744,2026-04-03T03:03:02.533425,Indus Finance Limited,NBFC,https://agroindus.co.in,100.0,Micro,14.0,False,,"[""Business Loan"", ""Gold Loan"", ""Home Loan"", ""Loan Against Property"", ""MSME Loan"", ""Vehicle Loan""]",Business Loan,"[""Business Loan"", ""Gold Loan"", ""Home Loan"", ""Loan Against Property"", ""MSME Loan"", ""Vehicle Loan""]","Kochi, Kerala",Kerala,"[""Kerala"", ""Tamil Nadu""]",Regional,False,,,,,,1997,,,,,False,04842341289,info@agroindus.co.in,True,csv+gemini+scraper,success,0.4,68faf87f61b48a50c9bb,RBI registration number missing — needs manual review,unverified,,ND-BL,True,True,True,False,False,gemini,scraper_verified,scraper_verified,csv_provided,pending_review
789,2026-04-03T03:03:29.376695,2026-04-03T03:03:29.363861,Infinity Fincorp Solutions Private Limited,NBFC,https://www.infinityfincorp.com,,,1.29,False,,"[""Loan Against Property"", ""MSME Loan""]",Loan Against Property,"[""Loan Against Property"", ""MSME Loan""]","Mumbai, Maharashtra",Maharashtra,"[""Maharashtra"", ""Telangana""]",Regional,False,,N-13.02197,,,,2012,,130,,,False,+912268324237,customercare@infinityfincorp.com,True,csv+gemini+scraper,success,0.51,9d334f14e09a4aea7719,,unverified,,unknown,True,True,True,False,False,gemini,scraper_verified,scraper_verified,csv_provided,provisional_lender
790,2026-04-03T03:10:07.319607,2026-04-03T03:10:07.303017,Intlow Leasing  And Finance Private Limited,NBFC,https://www.intlow.com,,,,False,,"[""Business Loan"", ""Loan Against Property"", ""Personal Loan"", ""Working Capital""]",Business Loan,"[""Business Loan"", ""Loan Against Property"", ""Personal Loan"", ""Working Capital""]","New Delhi, Delhi",Delhi,"[""Delhi""]",Single State,False,,N-14.03200,,,,1995,,,,,False,+911145050000,info@intlow.com,False,csv+gemini,success,0.46,ff950cdb78265291c7e1,,unverified,,ND,False,True,True,False,False,gemini,gemini,gemini_inferred,csv_provided,provisional_lender
791,2026-04-03T03:10:31.461707,2026-04-03T03:10:31.429425,Invest Gold And General Finance Private Ltd.( Formerly Known As Invest Chits & General Finance (P)Ltd),NBFC,https://investgoldfinance.com,,,,False,,"[""Consumer Durable Loan"", ""Gold Loan"", ""Personal Loan""]",Consumer Durable Loan,"[""Consumer Durable Loan"", ""Gold Loan"", ""Personal Loan""]","Ernakulam, Kerala",Kerala,"[""Kerala""]",Single State,False,,,,,,1995,,,,,False,+917034000444,info@investgoldfinance.com,False,csv+gemini+scraper,success,0.41,8ff5175df325560cf0df,RBI registration number missing — needs manual review,unverified,,ND,True,True,True,False,False,gemini,scraper_verified,scraper_verified,csv_provided,pending_review
792,2026-04-03T03:11:20.763064,2026-04-03T03:11:20.733584,ITI Gold Loans Limited [Formerly: United Petro Finance Limited],NBFC,https://itiorg.com,,,,False,,"[""Business Loan"", ""Gold Loan"", ""MSME Loan"", ""Personal Loan""]",Business Loan,"[""Business Loan"", ""Gold Loan"", ""MSME Loan"", ""Personal Loan""]","Mumbai, Maharashtra",Maharashtra,"[""Maharashtra""]",Single State,False,,,,,,1997,,,,,False,02269093666,info@itiorg.com,False,csv+gemini+scraper,success,0.39,911500c470a8373fc9a7,RBI registration number missing — needs manual review,unverified,,ND,True,True,True,False,False,gemini,gemini,scraper_verified,csv_provided,pending_review
793,2026-04-03T03:11:49.088776,2026-04-03T03:11:49.080897,J M J Finance Ltd,NBFC,https://www.jmjcompany.com,,,,False,,"[""Business Loan"", ""Gold Loan"", ""Loan Against Property"", ""MSME Loan"", ""Microfinance"", ""Personal Loan"", ""Rural Loan""]",Business Loan,"[""Business Loan"", ""Gold Loan"", ""Loan Against Property"", ""MSME Loan"", ""Microfinance"", ""Personal Loan"", ""Rural Loan""]","Kochi, Kerala",Kerala,"[""Karnataka"", ""Kerala""]",Regional,False,,,,,,1995,,60,,,False,+917395922292,jmj@jmjfinance.com,False,csv+gemini+scraper,success,0.41,e91b15090caba56177b3,RBI registration number missing — needs manual review,unverified,,ND,True,True,False,False,False,gemini,scraper_verified,scraper_verified,csv_provided,pending_review
794,2026-04-03T03:12:15.526678,2026-04-03T03:12:15.506699,Jagtarni Finance & Investment Pvt.Ltd,NBFC,https://www.jagtarnifinanceandinvestment.com,,,,False,,[],,[],"Ambala, Haryana",Haryana,"[""Delhi"", ""Haryana""]",Regional,False,,U82099,,,,2023,,,,,False,8979348461,jagtarnifinance@gmail.com,False,csv+gemini+scraper,success,0.22,a3a97742138e3ea77367,primary_loan_segments empty — needs manual review,unverified,,unknown,True,True,False,False,False,gemini,scraper_verified,scraper_verified,csv_provided,pending_review
795,2026-04-03T03:13:03.468195,2026-04-03T03:13:03.451088,Jainco Projects (I) Ltd,NBFC,https://jainco.in,,,,False,,"[""MSME Loan""]",MSME Loan,"[""MSME Loan""]","Kolkata, West Bengal",West Bengal,"[""West Bengal""]",Single State,False,,,,,,1991,,,,,False,+913340080000,info@jainco.in,False,csv+gemini,success,0.36,11b117b6eddf9c600894,RBI registration number missing — needs manual review,unverified,,ND,False,True,True,False,False,gemini,gemini,gemini_inferred,csv_provided,pending_review
796,2026-04-03T03:13:30.019589,2026-04-03T03:13:30.003748,Jainvest & Lease Finance Pvt Ltd,NBFC,https://www.abhinavleasefinltd.in,,,,False,,"[""Business Loan"", ""MSME Loan""]",Business Loan,"[""Business Loan"", ""MSME Loan""]","New Delhi, Delhi",Delhi,"[""Delhi""]",Single State,False,,,,,,1985,,,,,False,+911140196641,abhinavleasefinltd@gmail.com,False,csv+gemini+scraper,success,0.39,aa26f481d6c3388194b7,RBI registration number missing — needs manual review,unverified,,ND-SI,True,True,False,False,False,gemini,scraper_verified,scraper_verified,csv_provided,pending_review
797,2026-04-03T03:13:48.415799,2026-04-03T03:13:48.402218,Jairaj Finvest Pvt. Ltd.,NBFC,https://jairajfinvest.com,,,,False,,"[""MSME Loan""]",MSME Loan,"[""MSME Loan""]","Jaipur, Rajasthan",Rajasthan,"[""Andaman and Nicobar Islands"", ""Andhra Pradesh"", ""Arunachal Pradesh"", ""Assam"", ""Bihar"", ""Chandigarh"", ""Chhattisgarh"", ""Dadra and Nagar Haveli"", ""Delhi"", ""Goa"", ""Gujarat"", ""Haryana"", ""Himachal Pradesh"", ""Jammu & Kashmir"", ""Jharkhand"", ""Karnataka"", ""Kerala"", ""Ladakh"", ""Lakshadweep"", ""Madhya Pradesh"", ""Maharashtra"", ""Manipur"", ""Meghalaya"", ""Mizoram"", ""Nagaland"", ""Odisha"", ""Puducherry"", ""Punjab"", ""Rajasthan"", ""Sikkim"", ""Tamil Nadu"", ""Telangana"", ""Tripura"", ""Uttar Pradesh"", ""Uttarakhand"", ""West Bengal""]",Pan India,True,,N-10.00001,,,,2023,,,,,False,+919214221221,info@jairajfinvest.com,False,csv+gemini+scraper,success,0.49,a3bcafd3754a85d2d18c,,unverified,,ND,True,True,True,False,True,gemini,gemini,scraper_verified,csv_provided,provisional_lender
798,2026-04-03T03:14:12.281434,2026-04-03T03:14:12.264642,Jalan Holding Pvt. Ltd.,NBFC,https://jalangroupofindustries.com,,,,False,,"[""Home Loan""]",Home Loan,"[""Home Loan""]","Kolkata, West Bengal",West Bengal,"[""Odisha"", ""West Bengal""]",Regional,False,,,,,,1995,,,,,False,03335442364,,False,csv+gemini+scraper,success,0.33,e4b04ef145b92ae0ef9e,RBI registration number missing — needs manual review,unverified,,ND,True,False,False,False,False,gemini,scraper_verified,scraper_verified,csv_provided,pending_review
799,2026-04-03T03:14:44.262075,2026-04-03T03:14:44.244932,Jalan Industries Pvt Ltd,NBFC,https://jalangroupofindustries.com,,,,False,,"[""Home Loan""]",Home Loan,"[""Home Loan""]","Kolkata, West Bengal",West Bengal,"[""Odisha"", ""West Bengal""]",Regional,False,,,,,,1989,,,,,False,03335442364,,False,csv+gemini+scraper,success,0.33,ea3e9eb63bc9cf4ab25e,RBI registration number missing — needs manual review,unverified,,ND,True,False,False,False,False,gemini,scraper_verified,scraper_verified,csv_provided,pending_review
800,2026-04-03T03:15:16.302822,2026-04-03T03:15:16.286254,Janashree Microfin Limited,NBFC,https://janashreemicrofinltd.com,100.0,Micro,20.0,False,,"[""Microfinance"", ""Rural Loan""]",Microfinance,"[""Microfinance"", ""Rural Loan""]","Thiruvananthapuram, Kerala",Kerala,"[""Karnataka"", ""Kerala"", ""Puducherry"", ""Tamil Nadu""]",Regional,False,,N-16.00100,,,,2012,,,,,False,04712332899,info@janashreemicrofinltd.com,False,csv+gemini+scraper,success,0.5,debb1928de88c56f905a,,unverified,,ND-BL,True,True,True,False,False,gemini,gemini,scraper_verified,csv_provided,provisional_lender
801,2026-04-03T03:15:53.789007,2026-04-03T03:15:53.768420,Jassi Finance Private Ltd. (Old Name Kotkapura Finance Pvt. Ltd.),NBFC,https://jassihpl.in,,,,False,,"[""Business Loan"", ""Home Loan"", ""MSME Loan"", ""Personal Loan"", ""Two Wheeler Loan"", ""Vehicle Loan""]",Business Loan,"[""Business Loan"", ""Home Loan"", ""MSME Loan"", ""Personal Loan"", ""Two Wheeler Loan"", ""Vehicle Loan""]","Patiala, Punjab",Punjab,"[""Chandigarh"", ""Punjab"", ""Rajasthan""]",Regional,False,,,,,,1996,,,,,False,8000180256,customer@jassihpl.in,True,csv+gemini+scraper,success,0.41,86a8dea3595fa36c6b86,RBI registration number missing — needs manual review,unverified,,ND,True,True,True,False,False,gemini,scraper_verified,scraper_verified,csv_provided,pending_review
802,2026-04-03T03:16:23.010890,2026-04-03T03:16:22.973955,"Jassi Hire Purchase Ltd, Jalandhar (Converted To Cat-B Dt Oct 16, 2018)",NBFC,https://jassihpl.in,,,,False,,"[""Business Loan"", ""Home Loan"", ""MSME Loan"", ""Personal Loan"", ""Two Wheeler Loan"", ""Vehicle Loan""]",Business Loan,"[""Business Loan"", ""Home Loan"", ""MSME Loan"", ""Personal Loan"", ""Two Wheeler Loan"", ""Vehicle Loan""]","Jalandhar, Punjab",Punjab,"[""Chandigarh"", ""Punjab"", ""Rajasthan""]",Regional,False,,,,,,,,,,,False,8000180256,customer@jassihpl.in,True,csv+gemini+scraper,success,0.38,cd5fd744331dc5e7da53,RBI registration number missing — needs manual review,unverified,,unknown,True,True,True,False,False,gemini,scraper_verified,scraper_verified,csv_provided,pending_review
803,2026-04-03T03:16:42.940241,2026-04-03T03:16:42.909876,Jayapriya Capital Private Limted (formerly known as Pushup Consultants Pvt.Ltd),NBFC,https://jayapriya.com,,,1.02,False,,"[""MSME Loan"", ""Rural Loan""]",MSME Loan,"[""MSME Loan"", ""Rural Loan""]","Chennai, Tamil Nadu",Tamil Nadu,"[""Karnataka"", ""Tamil Nadu""]",Regional,False,,,,,,2019,,50,,,False,+914448585858,info@jayapriya.com,True,csv+gemini+scraper,success,0.39,3acf4b89d532de9c9fd9,RBI registration number missing — needs manual review,unverified,,ND,False,True,True,False,False,gemini,scraper_verified,scraper_verified,csv_provided,pending_review
804,2026-04-03T03:17:27.135996,2026-04-03T03:17:27.121261,Jewel Rock Hire Purchase & Leasing (P)Ltd,NBFC,https://jewelrockfinance.com,,,,False,,"[""Gold Loan"", ""Personal Loan"", ""Rural Loan""]",Gold Loan,"[""Gold Loan"", ""Personal Loan"", ""Rural Loan""]","Thrissur, Kerala",Kerala,"[""Kerala""]",Single State,False,,,,,,1995,,25,,,False,04872998988,ho@jewelrockfinance.com,True,csv+gemini+scraper,success,0.41,52f9eddb3076d756de22,RBI registration number missing — needs manual review,unverified,,ND,True,True,True,False,False,gemini,scraper_verified,scraper_verified,csv_provided,pending_review
805,2026-04-03T03:18:03.932867,2026-04-03T03:18:03.921416,Jindal Leasfin Ltd.,NBFC,https://www.jindalleasefin.com,,,,False,,"[""MSME Loan"", ""Rural Loan""]",MSME Loan,"[""MSME Loan"", ""Rural Loan""]","New Delhi, Delhi",Delhi,"[""Delhi""]",Single State,False,,,,,,1994,,,,,False,01123412636,finance@jindal.bz,False,csv+gemini+scraper,success,0.39,94debe1fc551b852516f,RBI registration number missing — needs manual review,unverified,,ND,True,True,False,False,False,gemini,scraper_verified,scraper_verified,csv_provided,pending_review
806,2026-04-03T03:18:58.972136,2026-04-03T03:18:58.963396,Juhie India Pvt. Ltd.,NBFC,https://www.juhieindia.com,,,,False,,"[""EV Loan"", ""MSME Loan"", ""Rural Loan"", ""Vehicle Loan""]",EV Loan,"[""EV Loan"", ""MSME Loan"", ""Rural Loan"", ""Vehicle Loan""]","New Delhi, Delhi",Delhi,"[""Delhi""]",Single State,False,,,,,,1995,,,,,False,+919212001345,info@juhieindia.com,False,csv+gemini+scraper,success,0.39,40996a6412af05c26bfc,RBI registration number missing — needs manual review,unverified,,ND,True,True,True,False,False,gemini,scraper_verified,scraper_verified,csv_provided,pending_review
807,2026-04-03T03:19:18.383295,2026-04-03T03:19:18.369708,Julania Finance Pvt. Ltd.,NBFC,https://julania.in,,,,False,,"[""Business Loan"", ""MSME Loan"", ""Personal Loan"", ""Working Capital""]",Business Loan,"[""Business Loan"", ""MSME Loan"", ""Personal Loan"", ""Working Capital""]","Hyderabad, Telangana",Telangana,"[""Delhi"", ""Telangana""]",Regional,False,,,,,,2016,,,,,False,+919908112572,contact@julania.in,False,csv+gemini+scraper,success,0.39,ec4ee348c72924df789d,RBI registration number missing — needs manual review,unverified,,ND,True,True,True,False,False,gemini,scraper_verified,scraper_verified,csv_provided,pending_review
808,2026-04-03T03:19:52.936942,2026-04-03T03:19:52.921304,Jumbo Finvest (India) Ltd.,NBFC,https://jumbofin.com,767.93,Small,100.0,True,JUMBOFIN,"[""Business Loan"", ""Gold Loan"", ""Home Loan"", ""MSME Loan"", ""Micro Loan"", ""Rural Loan"", ""Two Wheeler Loan""]",Business Loan,"[""Business Loan"", ""Gold Loan"", ""Home Loan"", ""MSME Loan"", ""Micro Loan"", ""Rural Loan"", ""Two Wheeler Loan""]","Udaipur, Rajasthan",Rajasthan,"[""Delhi"", ""Madhya Pradesh"", ""Maharashtra"", ""Rajasthan"", ""Uttar Pradesh""]",Regional,False,,,,,,1994,,195,,,False,+912942421000,siddharth@jumbofin.com,True,csv+gemini+scraper,success,0.42,e68b1a31ceeff290c135,RBI registration number missing — needs manual review,unverified,,ND-BL,False,True,True,False,False,gemini,scraper_verified,scraper_verified,csv_provided,pending_review
809,2026-04-03T03:20:13.718028,2026-04-03T03:20:13.698380,Jupiter Credits (P) Ltd,NBFC,https://jupiter.money,,,1.01,False,,"[""Credit Card"", ""Home Loan"", ""Personal Loan""]",Credit Card,"[""Credit Card"", ""Home Loan"", ""Personal Loan""]","Bengaluru, Karnataka",Karnataka,"[""Karnataka"", ""Maharashtra""]",Regional,False,,N-13.02457,,,,2019,,,,,False,,,False,csv+gemini+scraper,success,0.33,1551fb13a0200c97d99d,,unverified,,ND,False,False,False,False,False,gemini,scraper_verified,gemini_inferred,csv_provided,pending_review
810,2026-04-03T03:20:36.252255,2026-04-03T03:20:36.236508,K S R Capital Services Ltd,NBFC,https://www.ksrcsl.com,8.03,Micro,1.7,False,,"[""MSME Loan"", ""Micro Loan""]",MSME Loan,"[""MSME Loan"", ""Micro Loan""]","Chandigarh, Chandigarh",Chandigarh,"[""Chandigarh"", ""Haryana"", ""Punjab""]",Regional,False,,,,,,2007,,,,,False,+911724600010,info@ksrcsl.com,True,csv+gemini+scraper,success,0.39,bbe5de3889375f8680c9,RBI registration number missing — needs manual review,unverified,,ND-BL-Small,False,True,True,False,False,gemini,scraper_verified,gemini_inferred,csv_provided,pending_review
811,2026-04-03T03:21:00.891490,2026-04-03T03:21:00.876207,K.M.S. Finlease Ltd.,NBFC,http://www.mrfinlease.in,,,1.01,False,,"[""Credit Card"", ""Gold Loan"", ""Personal Loan"", ""Vehicle Loan""]",Credit Card,"[""Credit Card"", ""Gold Loan"", ""Personal Loan"", ""Vehicle Loan""]","Chandigarh, Chandigarh",Chandigarh,"[""Chandigarh""]",Single State,False,,,,,,1995,,,,,False,,info@mrfinlease.in,False,csv+gemini+scraper,success,0.33,7f0ff79580975aaf0b1c,RBI registration number missing — needs manual review,unverified,,ND,False,True,True,False,False,gemini,scraper_verified,scraper_verified,csv_provided,pending_review
812,2026-04-03T03:21:26.915905,2026-04-03T03:21:26.893442,Kairali Finance & Investments Private Limited,NBFC,https://kairalifinance.com,,,,False,,"[""Business Loan"", ""Gold Loan"", ""Personal Loan"", ""Rural Loan"", ""Vehicle Loan""]",Business Loan,"[""Business Loan"", ""Gold Loan"", ""Personal Loan"", ""Rural Loan"", ""Vehicle Loan""]","Kottayam, Kerala",Kerala,"[""Kerala""]",Single State,False,,U65993,,,,1980,,,,,False,+917593844116,operationsmanager@kairalifinance.com,False,csv+gemini+scraper,success,0.51,89b903023c02cb5bae07,,unverified,,ND,True,True,True,False,False,gemini,scraper_verified,scraper_verified,csv_provided,provisional_lender
813,2026-04-03T03:21:51.565526,2026-04-03T03:21:51.537820,"Kajal Synthetics & Silk Mills Ltd,",NBFC,https://www.kajalsynthetics.co.in,1.0,Micro,,True,KAJALSYN,"[""Business Loan""]",Business Loan,"[""Business Loan""]","Navi Mumbai, Maharashtra",Maharashtra,"[""Maharashtra""]",Single State,False,,,,,,1980,,,,,False,02227890001,kajalsynthetics@gmail.com,False,csv+gemini,success,0.39,6bf44aa9127140637062,RBI registration number missing — needs manual review,unverified,,ND-BL-Small,True,True,False,False,False,gemini,gemini,gemini_inferred,csv_provided,pending_review
814,2026-04-03T03:22:09.298846,2026-04-03T03:22:09.283301,Kalkut Vinimay Pvt Ltd,NBFC,https://www.kalkutvinimay.com,,,,False,,"[""MSME Loan""]",MSME Loan,"[""MSME Loan""]","Kolkata, West Bengal",West Bengal,"[""West Bengal""]",Single State,False,,U51909,,,,2008,,,,,False,+919328738293,info@kalkutvinimay.com,False,csv+gemini+scraper,success,0.48,a4d12f275f751ce6c172,,unverified,,ND,True,True,True,False,False,gemini,scraper_verified,scraper_verified,csv_provided,provisional_lender
815,2026-04-03T03:22:29.055628,2026-04-03T03:22:29.041347,Kalpavitta Finance Private Limited,NBFC,https://www.kalpavittafin.in,,,,False,,"[""Education Loan"", ""Personal Loan""]",Education Loan,"[""Education Loan"", ""Personal Loan""]","Bengaluru, Karnataka",Karnataka,"[""Karnataka""]",Single State,False,,,,,,2021,,,,,False,08047185193,support@kalpavittafin.in,False,csv+gemini+scraper,success,0.39,71c154ea903a3a46f3ee,RBI registration number missing — needs manual review,unverified,,ND,True,True,True,False,False,gemini,gemini,scraper_verified,csv_provided,pending_review
816,2026-04-03T03:23:26.501293,2026-04-03T03:23:26.484515,Kamal Finserve Private Limited,NBFC,https://www.kamalfinserve.in,,,,False,,"[""MSME Loan"", ""Vehicle Loan""]",MSME Loan,"[""MSME Loan"", ""Vehicle Loan""]","Jaipur, Rajasthan",Rajasthan,"[""Chandigarh"", ""Rajasthan""]",Regional,False,,,,,,2017,,25,,,False,18008898744,customerhelp@kamalfinserve.in,True,csv+gemini+scraper,success,0.41,89f9b0fe9eba07f3d5a0,RBI registration number missing — needs manual review,unverified,,unknown,False,True,True,False,False,gemini,scraper_verified,scraper_verified,csv_provided,pending_review
817,2026-04-03T03:23:41.667895,2026-04-03T03:23:41.646876,Kanak Securities Pvt.Ltd.,NBFC,https://kanakgroup.in/investor.php,,,,False,,"[""Business Loan"", ""MSME Loan"", ""Personal Loan"", ""Working Capital""]",Business Loan,"[""Business Loan"", ""MSME Loan"", ""Personal Loan"", ""Working Capital""]","Lucknow, Uttar Pradesh",Uttar Pradesh,"[""Uttar Pradesh""]",Single State,False,,N.13.02437,,,,1995,,,,,False,0522367873,info@kanakaashra.com,False,csv+gemini+scraper,success,0.49,f0f1f7c8c46fac244864,,unverified,,ND,True,True,False,False,False,gemini,gemini,scraper_verified,csv_provided,provisional_lender
818,2026-04-03T03:24:09.561927,2026-04-03T03:24:09.541354,Kangan Consultancy Pvt.Ltd.,NBFC,https://www.kangancons.com,,,,False,,"[""Business Loan"", ""Personal Loan""]",Business Loan,"[""Business Loan"", ""Personal Loan""]","Delhi, Delhi",Delhi,"[""Delhi""]",Single State,False,,,,,,2012,,,,,False,9217112002,info@kangancons.com,False,csv+gemini+scraper,success,0.39,85fb07cb4945e8cec05c,RBI registration number missing — needs manual review,unverified,,ND,True,True,True,False,False,gemini,scraper_verified,scraper_verified,csv_provided,pending_review
819,2026-04-03T03:30:47.444098,2026-04-03T03:30:47.436549,Kapilesh Stock Holding Pvt Ltd,NBFC,https://kapilesh.com,,,,False,,"[""Personal Loan""]",Personal Loan,"[""Personal Loan""]","New Delhi, Delhi",Delhi,"[""Delhi""]",Single State,False,,N-14.03100,,,,1995,,,,,False,+911145050000,info@kapilesh.com,False,csv+gemini,success,0.46,debaca6288175f88bcda,,unverified,,ND,False,True,True,False,False,gemini,gemini,gemini_inferred,csv_provided,provisional_lender
820,2026-04-03T03:31:55.535169,2026-04-03T03:31:55.511535,Karamjyoti Sales (P) Ltd,NBFC,https://www.karamjyoti.in,,,,False,,"[""Business Loan"", ""Loan Against Property""]",Business Loan,"[""Business Loan"", ""Loan Against Property""]","Kolkata, West Bengal",West Bengal,"[""West Bengal""]",Single State,False,,,,,,2003,,,,,False,+919123000972,info@karamjyoti.in,False,csv+gemini+scraper,success,0.38,9847ce870bd5ef53a875,RBI registration number missing — needs manual review,unverified,,ND,True,True,True,False,False,gemini,scraper_verified,scraper_verified,csv_provided,pending_review
821,2026-04-03T03:32:22.334488,2026-04-03T03:32:22.319577,Karan Fincap Pvt. Ltd.,NBFC,http://karinafincap.com,,,,False,,"[""Business Loan"", ""Gold Loan"", ""Home Loan"", ""Personal Loan"", ""Vehicle Loan""]",Business Loan,"[""Business Loan"", ""Gold Loan"", ""Home Loan"", ""Personal Loan"", ""Vehicle Loan""]","Delhi, Delhi",Delhi,"[""Delhi"", ""Punjab""]",Regional,False,,N-14.03250,,,,1995,,,,,False,01124375625,info@karinafincap.com,True,csv+gemini+scraper,success,0.49,c5e20135060505c267b6,,unverified,,ND,True,True,True,False,False,gemini,scraper_verified,scraper_verified,csv_provided,provisional_lender
822,2026-04-03T03:32:35.060728,2026-04-03T03:32:35.044908,Karina Fincap Limited,NBFC,http://karinafincap.com,,,,False,,"[""Business Loan"", ""Gold Loan"", ""Home Loan"", ""Personal Loan"", ""Vehicle Loan""]",Business Loan,"[""Business Loan"", ""Gold Loan"", ""Home Loan"", ""Personal Loan"", ""Vehicle Loan""]","New Delhi, Delhi",Delhi,"[""Delhi"", ""Punjab""]",Regional,False,,N-14.03250,,,,1995,,,,,False,01124375625,info@karinafincap.com,True,csv+gemini+scraper,success,0.49,487d4a2ab1246ccaaf1c,,unverified,,ND,True,True,True,False,False,gemini,scraper_verified,scraper_verified,csv_provided,provisional_lender
823,2026-04-03T03:32:49.853371,2026-04-03T03:32:49.837546,Kaushal Vincom (P) Ltd,NBFC,https://kaushalcorp.com/company,,,,False,,"[""Business Loan"", ""Personal Loan""]",Business Loan,"[""Business Loan"", ""Personal Loan""]","Ahmedabad, Gujarat",Gujarat,"[""Gujarat""]",Single State,False,,N-07.00400,,,,1995,,,,,False,+916359081860,info@kaushalcorp.com,False,csv+gemini+scraper,success,0.49,ec1b1b8e65e411898156,,unverified,,ND,True,True,True,False,False,gemini,scraper_verified,scraper_verified,csv_provided,provisional_lender
824,2026-04-03T03:33:07.022731,2026-04-03T03:33:07.002527,Kedia Trade & Agencies (P) Ltd,NBFC,http://www.kediaca.in/resource/Services/services.aspx,,,,False,,"[""Home Loan"", ""Vehicle Loan""]",Home Loan,"[""Home Loan"", ""Vehicle Loan""]","Kolkata, West Bengal",West Bengal,"[""Andhra Pradesh"", ""Bihar"", ""Delhi"", ""Gujarat"", ""Haryana"", ""Karnataka"", ""Maharashtra"", ""Punjab"", ""Rajasthan"", ""Tamil Nadu"", ""Telangana"", ""Uttar Pradesh"", ""West Bengal""]",Regional,False,,,,,,1985,,,,,False,,,False,csv+gemini+scraper,success,0.23,9ca3769c3985eec342a9,RBI registration number missing — needs manual review,unverified,,ND,False,False,False,False,False,gemini,scraper_verified,gemini_inferred,csv_provided,pending_review
825,2026-04-03T03:33:53.221540,2026-04-03T03:33:53.199801,Kemex Engineering (P) Ltd,NBFC,https://kemexfinance.com,,,,False,,"[""Business Loan"", ""Education Loan"", ""Personal Loan""]",Business Loan,"[""Business Loan"", ""Education Loan"", ""Personal Loan""]","Ranchi, Jharkhand",Jharkhand,"[""Jharkhand"", ""Uttar Pradesh""]",Regional,False,,,,,,1989,,,,,False,7903051954,info@kemexfinance.com,False,csv+gemini+scraper,success,0.38,71df33866d2008afebbe,RBI registration number missing — needs manual review,unverified,,ND,True,True,True,False,False,gemini,scraper_verified,scraper_verified,csv_provided,pending_review
826,2026-04-03T03:34:45.866278,2026-04-03T03:34:45.851404,Khandelwal Finance Private Limited,NBFC,https://www.nbkhandelwal.com,,,,False,,"[""Credit Card"", ""Gold Loan"", ""Home Loan"", ""Vehicle Loan""]",Credit Card,"[""Credit Card"", ""Gold Loan"", ""Home Loan"", ""Vehicle Loan""]","Jaipur, Rajasthan",Rajasthan,"[""Andhra Pradesh"", ""Bihar"", ""Delhi"", ""Gujarat"", ""Haryana"", ""Karnataka"", ""Maharashtra"", ""Punjab"", ""Rajasthan"", ""Tamil Nadu"", ""Telangana"", ""Uttar Pradesh"", ""West Bengal""]",Regional,False,,,,,,1995,,,,,False,,admin@nbkhandelwal.com,False,csv+gemini+scraper,success,0.33,29ae1dee6efe090de3fe,RBI registration number missing — needs manual review,unverified,,ND,False,True,True,False,False,gemini,scraper_verified,scraper_verified,csv_provided,pending_review
827,2026-04-03T03:35:08.315104,2026-04-03T03:35:08.292551,Khetawat Financial Resources Private Limited,NBFC,https://www.khetawatfin.com,,,,False,,"[""Business Loan"", ""Home Loan"", ""Personal Loan""]",Business Loan,"[""Business Loan"", ""Home Loan"", ""Personal Loan""]","Bikaner, Rajasthan",Rajasthan,"[""Rajasthan""]",Single State,False,,N-10.00090,,,,2010,,,,,False,+919680341128,khetawatfinancialresources@gmail.com,False,csv+gemini+scraper,success,0.49,8710a0c450b1aebbbb3a,,unverified,,ND,True,True,False,False,False,gemini,gemini,scraper_verified,csv_provided,provisional_lender
828,2026-04-03T03:35:41.863400,2026-04-03T03:35:41.839992,Khosya Finlease (P) Ltd.,NBFC,https://khosyafinlease.com,,,,False,,"[""MSME Loan"", ""Personal Loan""]",MSME Loan,"[""MSME Loan"", ""Personal Loan""]","Gurugram, Haryana",Haryana,"[""Delhi"", ""Haryana""]",Regional,False,,,,,,2018,,,,,False,+911244000000,info@khosyafinlease.com,False,csv+gemini+scraper,success,0.38,fb89485bbee64c76fcbe,RBI registration number missing — needs manual review,unverified,,ND,False,True,True,False,False,gemini,scraper_verified,scraper_verified,csv_provided,pending_review
829,2026-04-03T03:39:40.728342,2026-04-03T03:39:40.719384,Kifs Financial Services Limited,NBFC,https://kifshousing.com,,,,False,,"[""Home Loan"", ""Loan Against Property""]",Home Loan,"[""Home Loan"", ""Loan Against Property""]","Ahmedabad, Gujarat",Gujarat,"[""Andaman and Nicobar Islands"", ""Andhra Pradesh"", ""Arunachal Pradesh"", ""Assam"", ""Bihar"", ""Chandigarh"", ""Chhattisgarh"", ""Dadra and Nagar Haveli"", ""Delhi"", ""Goa"", ""Gujarat"", ""Haryana"", ""Himachal Pradesh"", ""Jammu & Kashmir"", ""Jharkhand"", ""Karnataka"", ""Kerala"", ""Ladakh"", ""Lakshadweep"", ""Madhya Pradesh"", ""Maharashtra"", ""Manipur"", ""Meghalaya"", ""Mizoram"", ""Nagaland"", ""Odisha"", ""Puducherry"", ""Punjab"", ""Rajasthan"", ""Sikkim"", ""Tamil Nadu"", ""Telangana"", ""Tripura"", ""Uttar Pradesh"", ""Uttarakhand"", ""West Bengal""]",Pan India,True,,,,,,2017,,,,,False,07930000320,info@kifshousing.com,False,csv+gemini+scraper,success,0.39,17897865fdd2c92b971e,RBI registration number missing — needs manual review,unverified,,unknown,True,True,True,False,True,gemini,gemini,scraper_verified,csv_provided,pending_review
830,2026-04-03T03:40:11.941438,2026-04-03T03:40:11.924736,Kiran Resources Private Limited,NBFC,https://www.kiranmehtaca.com/resources/Forms/NBFC_Forms/NBFC_Forms.aspx,,,,False,,"[""Home Loan"", ""Vehicle Loan""]",Home Loan,"[""Home Loan"", ""Vehicle Loan""]","Ahmedabad, Gujarat",Gujarat,"[""Andhra Pradesh"", ""Bihar"", ""Delhi"", ""Gujarat"", ""Haryana"", ""Karnataka"", ""Maharashtra"", ""Punjab"", ""Rajasthan"", ""Tamil Nadu"", ""Telangana"", ""Uttar Pradesh"", ""West Bengal""]",Regional,False,,,,,,1995,,,,,False,,,False,csv+gemini+scraper,success,0.23,8d9aa83d6908b2934ecb,RBI registration number missing — needs manual review,unverified,,ND,False,False,False,False,False,gemini,scraper_verified,gemini_inferred,csv_provided,pending_review
831,2026-04-03T03:40:37.535961,2026-04-03T03:40:37.516164,Kisetsu Saison Finance (India) Private Limited,NBFC,https://creditsaison.in,10000.0,Mid,1000.0,False,,"[""Business Loan"", ""Home Loan"", ""Loan Against Property"", ""MSME Loan"", ""Working Capital""]",Business Loan,"[""Business Loan"", ""Home Loan"", ""Loan Against Property"", ""MSME Loan"", ""Working Capital""]","Bengaluru, Karnataka",Karnataka,"[""Karnataka""]",Single State,False,,U65999,,,,2018,1000,,,,False,18001038961,support@creditsaison-in.com,False,csv+gemini+scraper,success,0.54,68c96b31fd3a4b3d90e3,,unverified,,ND-SI,False,True,False,False,False,gemini,scraper_verified,scraper_verified,csv_provided,provisional_lender
832,2026-04-03T03:40:59.925887,2026-04-03T03:40:59.919289,Kjmc Financial Services Ltd,NBFC,https://www.kjmcfinserv.com,,,,False,,"[""Consumer Durable Loan"", ""MSME Loan"", ""Personal Loan"", ""Two Wheeler Loan""]",Consumer Durable Loan,"[""Consumer Durable Loan"", ""MSME Loan"", ""Personal Loan"", ""Two Wheeler Loan""]","Mumbai, Maharashtra",Maharashtra,"[""Maharashtra""]",Single State,False,,B-13.01633,,,,1994,,,,,False,02240945500,career@kjmc.com,False,csv+gemini+scraper,success,0.49,cbb43fccdf5eaf029313,,unverified,,ND,True,True,False,False,False,gemini,gemini,scraper_verified,csv_provided,provisional_lender
833,2026-04-03T03:41:24.613307,2026-04-03T03:41:24.596107,KNAB Finance Advisors Private Limited,NBFC,https://knabfinance.com,,,,False,,"[""Business Loan"", ""MSME Loan"", ""Working Capital""]",Business Loan,"[""Business Loan"", ""MSME Loan"", ""Working Capital""]","Gurugram, Haryana",Haryana,"[""Andhra Pradesh"", ""Assam"", ""Bihar"", ""Chhattisgarh"", ""Delhi"", ""Gujarat"", ""Haryana"", ""Jharkhand"", ""Karnataka"", ""Madhya Pradesh"", ""Maharashtra"", ""Odisha"", ""Punjab"", ""Rajasthan"", ""Tamil Nadu"", ""Telangana"", ""Uttar Pradesh"", ""West Bengal""]",Regional,False,,U65100,,,,2015,,,,,False,+911244009999,info@knabfinance.com,False,csv+gemini,success,0.46,12e61c5462de1aa3d037,,unverified,,ND,False,True,True,False,False,gemini,gemini,gemini_inferred,csv_provided,provisional_lender
834,2026-04-03T03:41:46.651994,2026-04-03T03:41:46.637409,Kogta Financial (India) Ltd.,NBFC,https://www.kogta.in,2200.0,Small,370.0,False,,"[""Loan Against Property"", ""MSME Loan"", ""Vehicle Loan"", ""Working Capital""]",Loan Against Property,"[""Loan Against Property"", ""MSME Loan"", ""Vehicle Loan"", ""Working Capital""]","Jaipur, Rajasthan",Rajasthan,"[""Andaman and Nicobar Islands"", ""Andhra Pradesh"", ""Arunachal Pradesh"", ""Assam"", ""Bihar"", ""Chandigarh"", ""Chhattisgarh"", ""Dadra and Nagar Haveli"", ""Delhi"", ""Goa"", ""Gujarat"", ""Haryana"", ""Himachal Pradesh"", ""Jammu & Kashmir"", ""Jharkhand"", ""Karnataka"", ""Kerala"", ""Ladakh"", ""Lakshadweep"", ""Madhya Pradesh"", ""Maharashtra"", ""Manipur"", ""Meghalaya"", ""Mizoram"", ""Nagaland"", ""Odisha"", ""Puducherry"", ""Punjab"", ""Rajasthan"", ""Sikkim"", ""Tamil Nadu"", ""Telangana"", ""Tripura"", ""Uttar Pradesh"", ""Uttarakhand"", ""West Bengal""]",Pan India,True,,U67120,,,,1996,1200,270,,,False,+911416767067,info@kogta.in,True,csv+gemini+scraper,success,0.55,3d830de954842fe59877,,unverified,,ND-ML,True,True,True,False,False,gemini,scraper_verified,scraper_verified,csv_provided,provisional_lender
835,2026-04-03T03:42:12.755813,2026-04-03T03:42:12.728496,Konark Commerce & Industries Ltd,NBFC,https://konarkfinserv.com,,,1.03,True,KONARK,"[""Business Loan"", ""Credit Card"", ""Home Loan"", ""Loan Against Property"", ""Personal Loan"", ""Working Capital""]",Business Loan,"[""Business Loan"", ""Credit Card"", ""Home Loan"", ""Loan Against Property"", ""Personal Loan"", ""Working Capital""]","Delhi, Delhi",Delhi,"[""Assam"", ""Delhi""]",Regional,False,,,,,,1985,,,,,False,+918929291910,info@konarkfinserv.com,False,csv+gemini+scraper,success,0.39,74b1a2bbfd374566332d,RBI registration number missing — needs manual review,unverified,,ND-BL-Small,True,True,True,False,False,gemini,scraper_verified,scraper_verified,csv_provided,pending_review
836,2026-04-03T03:42:43.612803,2026-04-03T03:42:43.596420,Kosamattam Finance Limited,NBFC,https://www.kosamattam.com,4000.0,Small,390.0,True,KOSAMATTAM,"[""Business Loan"", ""Gold Loan"", ""MSME Loan"", ""Personal Loan"", ""Rural Loan""]",Business Loan,"[""Business Loan"", ""Gold Loan"", ""MSME Loan"", ""Personal Loan"", ""Rural Loan""]","Kottayam, Kerala",Kerala,"[""Andaman and Nicobar Islands"", ""Andhra Pradesh"", ""Arunachal Pradesh"", ""Assam"", ""Bihar"", ""Chandigarh"", ""Chhattisgarh"", ""Dadra and Nagar Haveli"", ""Delhi"", ""Goa"", ""Gujarat"", ""Haryana"", ""Himachal Pradesh"", ""Jammu & Kashmir"", ""Jharkhand"", ""Karnataka"", ""Kerala"", ""Ladakh"", ""Lakshadweep"", ""Madhya Pradesh"", ""Maharashtra"", ""Manipur"", ""Meghalaya"", ""Mizoram"", ""Nagaland"", ""Odisha"", ""Puducherry"", ""Punjab"", ""Rajasthan"", ""Sikkim"", ""Tamil Nadu"", ""Telangana"", ""Tripura"", ""Uttar Pradesh"", ""Uttarakhand"", ""West Bengal""]",Pan India,True,,,,,,1998,4000,1000,,,False,914812586400,info@kosamattam.com,True,csv+gemini+scraper,success,0.45,5927844dbd95e1c29f3f,RBI registration number missing — needs manual review,unverified,,ND-ML,False,True,True,False,False,gemini,scraper_verified,scraper_verified,csv_provided,pending_review
837,2026-04-03T03:43:21.865350,2026-04-03T03:43:21.839487,Kotak Mahindra Investments Ltd.,NBFC,https://www.kotak.bank.in/en/corporate/sector-expertise/non-bank-finance-company-nbfc-division.html,,,1700.0,False,,"[""Business Loan"", ""Credit Card"", ""Education Loan"", ""Gold Loan"", ""Home Loan"", ""Loan Against Property"", ""MSME Loan"", ""Personal Loan"", ""Supply Chain Finance"", ""Vehicle Loan"", ""Working Capital""]",Business Loan,"[""Business Loan"", ""Credit Card"", ""Education Loan"", ""Gold Loan"", ""Home Loan"", ""Loan Against Property"", ""MSME Loan"", ""Personal Loan"", ""Supply Chain Finance"", ""Vehicle Loan"", ""Working Capital""]","Mumbai, Maharashtra",Maharashtra,"[""Andaman and Nicobar Islands"", ""Andhra Pradesh"", ""Arunachal Pradesh"", ""Assam"", ""Bihar"", ""Chandigarh"", ""Chhattisgarh"", ""Dadra and Nagar Haveli"", ""Delhi"", ""Goa"", ""Gujarat"", ""Haryana"", ""Himachal Pradesh"", ""Jammu & Kashmir"", ""Jharkhand"", ""Karnataka"", ""Kerala"", ""Ladakh"", ""Lakshadweep"", ""Madhya Pradesh"", ""Maharashtra"", ""Manipur"", ""Meghalaya"", ""Mizoram"", ""Nagaland"", ""Odisha"", ""Puducherry"", ""Punjab"", ""Rajasthan"", ""Sikkim"", ""Tamil Nadu"", ""Telangana"", ""Tripura"", ""Uttar Pradesh"", ""Uttarakhand"", ""West Bengal""]",Pan India,True,,,,,,1985,,,,,False,18002092011,,False,csv+gemini+scraper,success,0.33,5c88be14ba59f8cf48db,RBI registration number missing — needs manual review,unverified,,ND-SI,False,False,False,False,True,gemini,gemini,scraper_verified,csv_provided,pending_review
838,2026-04-03T03:43:46.575605,2026-04-03T03:43:46.552178,Kotak Mahindra Prime Ltd.,NBFC,https://www.primeloans.kotak.com,30000.0,Mid,3600.0,False,,"[""Loan Against Property"", ""Two Wheeler Loan"", ""Vehicle Loan""]",Loan Against Property,"[""Loan Against Property"", ""Two Wheeler Loan"", ""Vehicle Loan""]","Mumbai, Maharashtra",Maharashtra,"[""Andaman and Nicobar Islands"", ""Andhra Pradesh"", ""Arunachal Pradesh"", ""Assam"", ""Bihar"", ""Chandigarh"", ""Chhattisgarh"", ""Dadra and Nagar Haveli"", ""Delhi"", ""Goa"", ""Gujarat"", ""Haryana"", ""Himachal Pradesh"", ""Jammu & Kashmir"", ""Jharkhand"", ""Karnataka"", ""Kerala"", ""Ladakh"", ""Lakshadweep"", ""Madhya Pradesh"", ""Maharashtra"", ""Manipur"", ""Meghalaya"", ""Mizoram"", ""Nagaland"", ""Odisha"", ""Puducherry"", ""Punjab"", ""Rajasthan"", ""Sikkim"", ""Tamil Nadu"", ""Telangana"", ""Tripura"", ""Uttar Pradesh"", ""Uttarakhand"", ""West Bengal""]",Pan India,True,,N.13.01403,,,,1996,,,,,False,18002095732,,False,csv+gemini+scraper,success,0.46,3839f8fe02d15806b661,,unverified,,ND-SI,False,False,False,False,True,gemini,gemini,scraper_verified,csv_provided,provisional_lender
839,2026-04-03T03:44:24.506321,2026-04-03T03:44:24.492487,Kuhoo Finance Private Limited,NBFC,https://www.kuhoo.com,,,,False,,"[""Education Loan""]",Education Loan,"[""Education Loan""]","Mumbai, Maharashtra",Maharashtra,"[""Maharashtra""]",Single State,False,,,,,,2021,,,,,False,+919405202222,care@kuhoo.com,False,csv+gemini+scraper,success,0.39,5d1a9e2106cd72b77890,RBI registration number missing — needs manual review,unverified,,ND,True,True,True,False,False,gemini,scraper_verified,scraper_verified,csv_provided,pending_review
840,2026-04-03T03:44:41.377047,2026-04-03T03:44:41.356693,Lahoti Holdings Limited,NBFC,https://lahoti-holdings-limited.charteredone.com/U65921WB1992PLC205936,,,,False,,"[""MSME Loan""]",MSME Loan,"[""MSME Loan""]","Kolkata, West Bengal",West Bengal,"[""West Bengal""]",Single State,False,,N-05.04000,,,,1992,,,,,False,,lahotiholdings@gmail.com,False,csv+gemini,success,0.35,41be21140eed79b8a29a,,unverified,,ND,False,True,False,False,False,gemini,gemini,gemini_inferred,csv_provided,pending_review
841,2026-04-03T03:45:02.867851,2026-04-03T03:45:02.831759,LAKSHMI FINCARE PRIVATE LIMITED ( formerly Lakshmi Tie-Up  Pvt. Ltd),NBFC,https://www.lakshmifinance.org.in,,,,False,,"[""Business Loan"", ""MSME Loan"", ""Personal Loan""]",Business Loan,"[""Business Loan"", ""MSME Loan"", ""Personal Loan""]","Secunderabad, Telangana",Telangana,"[""Telangana""]",Single State,False,,,,,,1998,,,,,False,,info@lakshmifinance.org.in,False,csv+gemini+scraper,success,0.32,53f1b3763dadc8acd885,RBI registration number missing — needs manual review,unverified,,ND,False,True,True,False,False,gemini,scraper_verified,gemini_inferred,csv_provided,pending_review
842,2026-04-03T03:45:30.051521,2026-04-03T03:45:30.038620,Lakshmithra Finance Private Limited,NBFC,https://www.lakshmithra.com,,,,False,,"[""Business Loan"", ""MSME Loan"", ""Vehicle Loan""]",Business Loan,"[""Business Loan"", ""MSME Loan"", ""Vehicle Loan""]","Chennai, Tamil Nadu",Tamil Nadu,"[""Tamil Nadu""]",Single State,False,,U64990,,,,2024,,,,,False,+914448587777,info@lakshmithra.com,False,csv+gemini,success,0.46,153e847b74e165020948,,unverified,,ND,False,True,True,False,False,gemini,gemini,gemini_inferred,csv_provided,provisional_lender
843,2026-04-03T03:45:52.056434,2026-04-03T03:45:52.021902,Lambodar Investments and Trading Company Limited,NBFC,https://company.vakilsearch.com/lambodar-investments-trading-company-limited/U07120MH1980PLC022211,,,,False,,"[""Home Loan""]",Home Loan,"[""Home Loan""]","Mumbai, Maharashtra",Maharashtra,"[""Maharashtra"", ""Tamil Nadu""]",Regional,False,,,,,,1980,,,,,False,,vakilgroup@gmail.com,False,csv+gemini+scraper,success,0.33,69271ae149771af6c8f2,RBI registration number missing — needs manual review,unverified,,ND,False,True,False,False,False,gemini,scraper_verified,scraper_verified,csv_provided,pending_review
844,2026-04-03T03:46:13.096372,2026-04-03T03:46:13.077013,Laneseda Vanijya Pvt Ltd,NBFC,https://www.lanesedavanijya.com,,,1.0,False,,"[""Business Loan"", ""Gold Loan"", ""MSME Loan"", ""Micro Loan"", ""Microfinance"", ""Personal Loan"", ""Vehicle Loan""]",Business Loan,"[""Business Loan"", ""Gold Loan"", ""MSME Loan"", ""Micro Loan"", ""Microfinance"", ""Personal Loan"", ""Vehicle Loan""]","Kolkata, West Bengal",West Bengal,"[""Kerala"", ""West Bengal""]",Regional,False,,,,,,1995,,,,,False,+913340001000,info@lanesedavanijya.com,False,csv+gemini+scraper,success,0.36,6539e534c8e8cbb43a5f,RBI registration number missing — needs manual review,unverified,,ND,False,True,True,False,False,gemini,scraper_verified,gemini_inferred,csv_provided,pending_review
845,2026-04-03T03:46:45.278641,2026-04-03T03:46:45.256196,Lark Trading And Finance Ltd.,NBFC,https://larktrading.in,,,,False,,"[""Business Loan"", ""MSME Loan"", ""Personal Loan"", ""Supply Chain Finance"", ""Vehicle Loan"", ""Working Capital""]",Business Loan,"[""Business Loan"", ""MSME Loan"", ""Personal Loan"", ""Supply Chain Finance"", ""Vehicle Loan"", ""Working Capital""]","Kolkata, West Bengal",West Bengal,"[""Uttar Pradesh"", ""West Bengal""]",Regional,False,,,,,,2003,,,,,False,+913340001000,compliance@larktrading.in,False,csv+gemini+scraper,success,0.38,77eb923df4342a0771a3,RBI registration number missing — needs manual review,unverified,,ND,False,True,True,False,False,gemini,scraper_verified,scraper_verified,csv_provided,pending_review
846,2026-04-03T03:47:26.192829,2026-04-03T03:47:26.157540,Lendingkart Finance Limited (Formerly Known As Aadri Infin Limited),NBFC,https://www.lendingkart.com,3000.0,Small,800.0,False,,"[""Business Loan"", ""Home Loan"", ""MSME Loan"", ""Personal Loan"", ""Vehicle Loan"", ""Working Capital""]",Business Loan,"[""Business Loan"", ""Home Loan"", ""MSME Loan"", ""Personal Loan"", ""Vehicle Loan"", ""Working Capital""]","Ahmedabad, Gujarat",Gujarat,"[""Delhi"", ""Gujarat"", ""Maharashtra""]",Regional,False,,,,,,1990,,,,,False,18005720202,care@lendingkart.com,False,csv+gemini+scraper,success,0.42,85f007ce0d3bf49833de,RBI registration number missing — needs manual review,unverified,,ND-ML,False,True,True,False,False,gemini,scraper_verified,scraper_verified,csv_provided,pending_review
847,2026-04-03T03:47:43.682548,2026-04-03T03:47:43.663763,Leo Portfolios Pvt Ltd,NBFC,https://www.leo1.in,,,,False,,"[""Education Loan""]",Education Loan,"[""Education Loan""]","Mumbai, Maharashtra",Maharashtra,"[""Delhi"", ""Haryana"", ""Madhya Pradesh"", ""Maharashtra""]",Regional,False,,,,,,2014,,,,,False,+919554123123,sales@leo1.in,False,csv+gemini+scraper,success,0.39,54cd7c410fe33ca519e5,RBI registration number missing — needs manual review,unverified,,ND,True,True,True,False,False,gemini,scraper_verified,scraper_verified,csv_provided,pending_review
848,2026-04-03T03:48:34.464473,2026-04-03T03:48:34.454274,Libord Finance Limited,NBFC,https://libord.com,1.0,Micro,0.1,True,LIBORDFIN,"[""Business Loan"", ""Rural Loan"", ""Supply Chain Finance"", ""Working Capital""]",Business Loan,"[""Business Loan"", ""Rural Loan"", ""Supply Chain Finance"", ""Working Capital""]","Mumbai, Maharashtra",Maharashtra,"[""Maharashtra""]",Single State,False,,,,,,1994,,,,,False,+912242111000,info@libord.com,True,csv+gemini,success,0.39,5e623719cb054a6c6a22,RBI registration number missing — needs manual review,unverified,,ND-BL-Small,False,True,True,False,False,gemini,gemini,gemini_inferred,csv_provided,pending_review
849,2026-04-03T03:49:07.144608,2026-04-03T03:49:07.130497,Lionlender Finance Private Limited,NBFC,https://lionlender.in,,,,False,,"[""Business Loan"", ""Gold Loan"", ""Loan Against Property"", ""MSME Loan"", ""Microfinance"", ""Personal Loan"", ""Rural Loan"", ""Working Capital""]",Business Loan,"[""Business Loan"", ""Gold Loan"", ""Loan Against Property"", ""MSME Loan"", ""Microfinance"", ""Personal Loan"", ""Rural Loan"", ""Working Capital""]","Noida, Uttar Pradesh",Uttar Pradesh,"[""Uttar Pradesh""]",Single State,False,,N-30.02453,,,,2022,,,,,False,,info@lionlender.in,False,csv+gemini,success,0.42,245b57d07faa78cf8cfe,,unverified,,ND,False,True,True,False,False,gemini,gemini,gemini_inferred,csv_provided,pending_review
850,2026-04-03T03:49:37.203962,2026-04-03T03:49:37.196341,Livfin India Pvt. Ltd.,NBFC,https://livfin.com,,,,False,,"[""Business Loan"", ""Rural Loan"", ""Supply Chain Finance"", ""Working Capital""]",Business Loan,"[""Business Loan"", ""Rural Loan"", ""Supply Chain Finance"", ""Working Capital""]","New Delhi, Delhi",Delhi,"[""Delhi""]",Single State,False,,U67120,,,,1996,,,,,False,18001207018,investor.ndmlrta@ndml.in,False,csv+gemini+scraper,success,0.49,f2fdf5e0d9da50e850d5,,unverified,,ND,False,True,False,False,False,gemini,scraper_verified,scraper_verified,csv_provided,provisional_lender
851,2026-04-03T03:49:55.911934,2026-04-03T03:49:55.897912,LoanKhata Finance Private Limited,NBFC,https://loankhata.com,,,,False,,"[""Loan Against Property"", ""MSME Loan"", ""Personal Loan""]",Loan Against Property,"[""Loan Against Property"", ""MSME Loan"", ""Personal Loan""]","Navi Mumbai, Maharashtra",Maharashtra,"[""Maharashtra""]",Single State,False,,N-13.02437,,,,2022,,,,,False,9987859331,info@loankhata.com,False,csv+gemini+scraper,success,0.48,596e6ba104d98966fca0,,unverified,,ND,True,True,True,False,False,gemini,gemini,scraper_verified,csv_provided,provisional_lender
852,2026-04-03T03:50:13.230749,2026-04-03T03:50:13.206467,Loantap Credit Products Private Limited,NBFC,https://loantap.in,400.7,Micro,69.7,False,,"[""Business Loan"", ""MSME Loan"", ""Personal Loan"", ""Two Wheeler Loan""]",Business Loan,"[""Business Loan"", ""MSME Loan"", ""Personal Loan"", ""Two Wheeler Loan""]","Pune, Maharashtra",Maharashtra,"[""Delhi"", ""Haryana"", ""Maharashtra""]",Regional,False,,,,,,2016,,,,,False,+917888040000,cs.fintech@loantap.in,False,csv+gemini+scraper,success,0.42,70a8ebd4f22ff93c592c,RBI registration number missing — needs manual review,unverified,,ND-BL,True,True,True,False,False,gemini,scraper_verified,scraper_verified,csv_provided,pending_review
853,2026-04-03T03:50:39.767358,2026-04-03T03:50:39.755530,Loanzen Finance Private Limited,NBFC,http://loanzen.in,,,,False,,"[""MSME Loan"", ""Vehicle Loan"", ""Working Capital""]",MSME Loan,"[""MSME Loan"", ""Vehicle Loan"", ""Working Capital""]","Bengaluru, Karnataka",Karnataka,"[""Karnataka"", ""Punjab""]",Regional,False,,N.14.03400,,,,2016,,,,,False,+918026770141,hello@loanzen.in,False,csv+gemini+scraper,success,0.49,7e6aa0eaaf2258b2bb98,,unverified,,ND,True,True,True,False,False,gemini,scraper_verified,scraper_verified,csv_provided,provisional_lender
854,2026-04-03T03:51:13.689604,2026-04-03T03:51:13.674895,Lok Suvidha Finance Ltd,NBFC,https://loksuvidha.com,38.0,Micro,10.9,False,,"[""EV Loan"", ""MSME Loan"", ""Personal Loan"", ""Two Wheeler Loan""]",EV Loan,"[""EV Loan"", ""MSME Loan"", ""Personal Loan"", ""Two Wheeler Loan""]","Navi Mumbai, Maharashtra",Maharashtra,"[""Maharashtra""]",Single State,False,,U74999,,,,2008,,,,,False,+912249730000,customer.care@loksuvidha.com,False,csv+gemini+scraper,success,0.5,6ca6617441fb64b6cd52,,unverified,,ND-BL-Small,False,True,True,False,False,gemini,scraper_verified,scraper_verified,csv_provided,provisional_lender
855,2026-04-03T03:51:46.973160,2026-04-03T03:51:46.949610,LRSD Securities Private Limited,NBFC,https://www.lrsdindia.com,,,,False,,"[""Business Loan"", ""Loan Against Property"", ""MSME Loan""]",Business Loan,"[""Business Loan"", ""Loan Against Property"", ""MSME Loan""]","New Delhi, Delhi",Delhi,"[""Delhi""]",Single State,False,,,,,,2010,,,,,False,+919810278244,admin@lrsdindia.com,False,csv+gemini+scraper,success,0.39,2daa070de5ed1f671300,RBI registration number missing — needs manual review,unverified,,ND,True,True,True,False,False,gemini,gemini,scraper_verified,csv_provided,pending_review
856,2026-04-03T03:52:09.221763,2026-04-03T03:52:09.204454,Lunawat Auto Finance Ltd,NBFC,https://www.lunawat.com/Pages.aspx?PageID=MzA=,,,,False,,"[""Vehicle Loan""]",Vehicle Loan,"[""Vehicle Loan""]",,,[],Single State,False,,,,,,,,,,,False,,ca@lunawat.com,False,csv+gemini+scraper,success,0.2,25c3ed87e962543f4905,RBI registration number missing — needs manual review,unverified,,unknown,False,True,False,False,False,gemini,gemini,scraper_verified,csv_provided,pending_review
857,2026-04-03T03:52:35.946547,2026-04-03T03:52:35.917439,Lyon Investment And Industries Private Limited,NBFC,http://www.lyoninvestment.com,,,,False,,"[""Education Loan"", ""MSME Loan"", ""Personal Loan""]",Education Loan,"[""Education Loan"", ""MSME Loan"", ""Personal Loan""]","New Delhi, Delhi",Delhi,"[""Delhi"", ""Maharashtra""]",Regional,False,,,,,,1995,,,,,False,+919818498962,info@lyoninvestment.com,False,csv+gemini+scraper,success,0.38,093484dd93e9f9f49f61,RBI registration number missing — needs manual review,unverified,,ND,True,True,True,False,False,gemini,scraper_verified,scraper_verified,csv_provided,pending_review
858,2026-04-03T03:53:19.800664,2026-04-03T03:53:19.754746,Maanaveeya Development & Finance Private Limited (Formerly Maanaveeya Holdings & Investments Private Limited),NBFC,https://www.maanaveeya.org,200.0,Micro,20.0,False,,"[""MSME Loan"", ""Microfinance""]",MSME Loan,"[""MSME Loan"", ""Microfinance""]","Hyderabad, Telangana",Telangana,"[""Telangana""]",Single State,False,,N-13.01500,,,,1998,,,,,False,+914023550000,office.in@oikocredit.org,True,csv+gemini+scraper,success,0.5,03a8b6ecb61adb4e9803,,unverified,,ND-BL,False,True,False,False,False,gemini,scraper_verified,scraper_verified,csv_provided,provisional_lender
859,2026-04-03T03:54:01.863689,2026-04-03T03:54:01.842524,Madhuvan Dealers  Pvt.  Ltd.,NBFC,https://madhuvan.com,,,,False,,"[""Business Loan"", ""Home Loan"", ""Loan Against Property"", ""Personal Loan"", ""Working Capital""]",Business Loan,"[""Business Loan"", ""Home Loan"", ""Loan Against Property"", ""Personal Loan"", ""Working Capital""]","Ahmedabad, Gujarat",Gujarat,"[""Gujarat""]",Single State,False,,,,,,1998,,,,,False,07926420166,info@madhuvan.com,False,csv+gemini+scraper,success,0.39,583c085ac3271a3e93ff,RBI registration number missing — needs manual review,unverified,,ND,True,True,True,False,False,gemini,scraper_verified,scraper_verified,csv_provided,pending_review
860,2026-04-03T03:54:26.333565,2026-04-03T03:54:26.311571,Madhuvan Securities & Finance Pvt Ltd,NBFC,https://madhuvan.com,,,,False,,"[""Business Loan"", ""Home Loan"", ""Loan Against Property"", ""Personal Loan"", ""Working Capital""]",Business Loan,"[""Business Loan"", ""Home Loan"", ""Loan Against Property"", ""Personal Loan"", ""Working Capital""]","Ahmedabad, Gujarat",Gujarat,"[""Gujarat""]",Single State,False,,,,,,1995,,,,,False,07926420166,info@madhuvan.com,False,csv+gemini+scraper,success,0.39,6ad36728503c4601215c,RBI registration number missing — needs manual review,unverified,,ND,True,True,True,False,False,gemini,scraper_verified,scraper_verified,csv_provided,pending_review
861,2026-04-03T03:54:41.731349,2026-04-03T03:54:41.710790,Madhuvan Tieup Private Limited,NBFC,https://madhuvan.com,,,,False,,"[""Business Loan"", ""Home Loan"", ""Loan Against Property"", ""Personal Loan"", ""Working Capital""]",Business Loan,"[""Business Loan"", ""Home Loan"", ""Loan Against Property"", ""Personal Loan"", ""Working Capital""]","Ahmedabad, Gujarat",Gujarat,"[""Gujarat""]",Single State,False,,,,,,1998,,,,,False,07926420166,info@madhuvan.com,False,csv+gemini+scraper,success,0.39,070b7f832c4489fba6c1,RBI registration number missing — needs manual review,unverified,,ND,True,True,True,False,False,gemini,scraper_verified,scraper_verified,csv_provided,pending_review
862,2026-04-03T03:55:05.606902,2026-04-03T03:55:05.583838,Magalir Micro Capital Private Limited,NBFC,https://magalir.net,400.0,Micro,100.03,False,,"[""MSME Loan"", ""Personal Loan""]",MSME Loan,"[""MSME Loan"", ""Personal Loan""]","Thiruvananthapuram, Kerala",Kerala,"[""Karnataka"", ""Kerala"", ""Puducherry"", ""Tamil Nadu""]",Regional,False,,,,,,2013,1000,,,,False,04624954954,info@magalir.net,False,csv+gemini+scraper,success,0.44,5fe072f3e6840c08d31e,RBI registration number missing — needs manual review,unverified,,MFI,True,True,True,False,False,gemini,scraper_verified,scraper_verified,csv_provided,pending_review
863,2026-04-03T03:55:29.215406,2026-04-03T03:55:29.191841,Mahavira Finlease Limited,NBFC,https://www.mahavirafinlease.com,,,1.0,False,,"[""Business Loan"", ""Education Loan"", ""Home Loan"", ""Personal Loan"", ""Vehicle Loan"", ""Working Capital""]",Business Loan,"[""Business Loan"", ""Education Loan"", ""Home Loan"", ""Personal Loan"", ""Vehicle Loan"", ""Working Capital""]","New Delhi, Delhi",Delhi,"[""Delhi""]",Single State,False,,,,,,1995,,,,,False,01142427474,info@mahavirafinlease.com,False,csv+gemini+scraper,success,0.39,d16bb88ec6f2cdac8239,RBI registration number missing — needs manual review,unverified,,ND,True,True,True,False,False,gemini,scraper_verified,scraper_verified,csv_provided,pending_review
864,2026-04-03T03:55:47.142503,2026-04-03T03:55:47.113005,Mahodari Finvest Company Pvt. Ltd.,NBFC,https://company.vakilsearch.com/mahodari-finvest-company-private-limited/U65921DL1996PTC080075,,,,False,,"[""Home Loan""]",Home Loan,"[""Home Loan""]","Delhi, Delhi",Delhi,"[""Delhi"", ""Tamil Nadu""]",Regional,False,,,,,,1996,,,,,False,,,False,csv+gemini+scraper,success,0.23,fa13c17e0f025ff2946d,RBI registration number missing — needs manual review,unverified,,ND,False,False,False,False,False,gemini,scraper_verified,scraper_verified,csv_provided,pending_review
865,2026-04-03T03:56:25.533562,2026-04-03T03:56:25.514424,Mani Capitals Ltd.,NBFC,https://capitalmani.com,,,,False,,"[""Personal Loan""]",Personal Loan,"[""Personal Loan""]","Ahmedabad, Gujarat",Gujarat,"[""Gujarat""]",Single State,False,,EMP-17716699,,,,2022,,,,,False,+917573055659,info@capitalmani.com,False,csv+gemini+scraper,success,0.49,73a58201af52529555de,,unverified,,unknown,True,True,True,False,False,gemini,scraper_verified,scraper_verified,csv_provided,provisional_lender
866,2026-04-03T03:56:39.472507,2026-04-03T03:56:39.439721,Manikaran Credit & Leasing Co.Pvt.Ltd,NBFC,https://manikarancredit.com,,,,False,,"[""MSME Loan"", ""Personal Loan""]",MSME Loan,"[""MSME Loan"", ""Personal Loan""]","New Delhi, Delhi",Delhi,"[""Delhi"", ""Punjab""]",Regional,False,,,,,,1995,,,,,False,8448440442,info@manikarancredit.com,False,csv+gemini+scraper,success,0.39,7a4c415a6e9cd03cd2bd,RBI registration number missing — needs manual review,unverified,,ND,True,True,True,False,False,gemini,scraper_verified,scraper_verified,csv_provided,pending_review
867,2026-04-03T03:57:16.578320,2026-04-03T03:57:16.559207,Manoranjan Grah Ltd.,NBFC,https://www.manoranjangrah.com,1.01,Micro,1.01,False,,"[""Business Loan"", ""Consumer Durable Loan"", ""Loan Against Property"", ""MSME Loan"", ""Personal Loan""]",Business Loan,"[""Business Loan"", ""Consumer Durable Loan"", ""Loan Against Property"", ""MSME Loan"", ""Personal Loan""]","Lucknow, Uttar Pradesh",Uttar Pradesh,"[""Uttar Pradesh""]",Single State,False,,,,,,1995,,,,,False,+919012999007,info@manoranjangrah.com,True,csv+gemini+scraper,success,0.4,624ba1804a8067b92852,RBI registration number missing — needs manual review,unverified,,ND-BL-Small,True,True,True,False,False,gemini,scraper_verified,scraper_verified,csv_provided,pending_review
868,2026-04-03T03:58:53.701466,2026-04-03T03:58:53.678751,Mantri Enterprises Pvt. Ltd.,NBFC,https://www.creditmantri.com/nbfc-personal-loans,1.05,Micro,,False,,"[""Agriculture Loan"", ""Business Loan"", ""Credit Card"", ""Education Loan"", ""Gold Loan"", ""Home Loan"", ""Loan Against Property"", ""MSME Loan"", ""Microfinance"", ""Personal Loan"", ""Two Wheeler Loan"", ""Vehicle Loan"", ""Working Capital""]",Agriculture Loan,"[""Agriculture Loan"", ""Business Loan"", ""Credit Card"", ""Education Loan"", ""Gold Loan"", ""Home Loan"", ""Loan Against Property"", ""MSME Loan"", ""Microfinance"", ""Personal Loan"", ""Two Wheeler Loan"", ""Vehicle Loan"", ""Working Capital""]","Chennai, Tamil Nadu",Tamil Nadu,"[""Tamil Nadu""]",Single State,False,,,,,,1995,,,,,False,,,False,csv+gemini+scraper,success,0.3,fa9f2731430b65e45054,RBI registration number missing — needs manual review,unverified,,ND-BL-Small,False,False,False,False,False,gemini,scraper_verified,gemini_inferred,csv_provided,pending_review
869,2026-04-03T03:59:20.895609,2026-04-03T03:59:20.879031,Maple Vyapaar Pvt Ltd,NBFC,https://www.vaibhav-vyapaar.com,,,,False,,"[""Personal Loan""]",Personal Loan,"[""Personal Loan""]","Kolkata, West Bengal",West Bengal,"[""Karnataka"", ""West Bengal""]",Regional,False,,,,,,2010,,,,,False,08048126351,,False,csv+gemini+scraper,success,0.35,a29cc77e049e375dcb89,RBI registration number missing — needs manual review,unverified,,unknown,True,False,False,False,False,gemini,scraper_verified,scraper_verified,csv_provided,pending_review
870,2026-04-03T03:59:45.850773,2026-04-03T03:59:45.827579,Marg  Techno  Projects  Ltd,NBFC,https://margtechno.com,,,0.0001,True,MARGTECH,"[""Gold Loan"", ""Personal Loan""]",Gold Loan,"[""Gold Loan"", ""Personal Loan""]","Surat, Gujarat",Gujarat,"[""Dadra and Nagar Haveli"", ""Gujarat""]",Regional,False,,,,,,1994,,,,,False,02612782501,info@margtechno.com,False,csv+gemini+scraper,success,0.38,65a5e5f99fde93d67999,RBI registration number missing — needs manual review,unverified,,ND-BL-Small,True,True,True,False,False,gemini,scraper_verified,scraper_verified,csv_provided,pending_review
871,2026-04-03T04:00:09.848396,2026-04-03T04:00:09.834617,Marivil Finance Limited,NBFC,https://www.marivilfin.com,,,1.29,False,,"[""Gold Loan"", ""Personal Loan""]",Gold Loan,"[""Gold Loan"", ""Personal Loan""]","Perumbavoor, Kerala",Kerala,"[""Andaman and Nicobar Islands"", ""Andhra Pradesh"", ""Arunachal Pradesh"", ""Assam"", ""Bihar"", ""Chandigarh"", ""Chhattisgarh"", ""Dadra and Nagar Haveli"", ""Delhi"", ""Goa"", ""Gujarat"", ""Haryana"", ""Himachal Pradesh"", ""Jammu & Kashmir"", ""Jharkhand"", ""Karnataka"", ""Kerala"", ""Ladakh"", ""Lakshadweep"", ""Madhya Pradesh"", ""Maharashtra"", ""Manipur"", ""Meghalaya"", ""Mizoram"", ""Nagaland"", ""Odisha"", ""Puducherry"", ""Punjab"", ""Rajasthan"", ""Sikkim"", ""Tamil Nadu"", ""Telangana"", ""Tripura"", ""Uttar Pradesh"", ""Uttarakhand"", ""West Bengal""]",Pan India,True,,,,,,1999,,4391,,,False,+914842522222,info@marivilfin.com,False,csv+gemini+scraper,success,0.38,58cd62ac86fa28b49751,RBI registration number missing — needs manual review,unverified,,ND,False,True,True,False,False,gemini,scraper_verified,gemini_inferred,csv_provided,pending_review
872,2026-04-03T04:00:45.591569,2026-04-03T04:00:45.553507,Mathruka Leasing And Hire Purchase Company Private Ltd,NBFC,https://mathrukanbfc.com,,,,False,,"[""Business Loan"", ""Gold Loan"", ""Home Loan"", ""Personal Loan"", ""Vehicle Loan""]",Business Loan,"[""Business Loan"", ""Gold Loan"", ""Home Loan"", ""Personal Loan"", ""Vehicle Loan""]","Perumbavoor, Kerala",Kerala,"[""Kerala""]",Single State,False,,N-16.00001,,,,1998,,,,,False,+914842522222,info@mathrukanbfc.com,False,csv+gemini+scraper,success,0.46,220c600502404b543d73,,unverified,,ND,False,True,True,False,False,gemini,scraper_verified,gemini_inferred,csv_provided,provisional_lender
873,2026-04-03T04:01:10.979026,2026-04-03T04:01:10.948435,Matrix Finbiz Private Limited (Formerly Known As Nellad Auto Finance Private Ltd),NBFC,https://matrixfinbiz.com,,,1.22,False,,"[""MSME Loan"", ""Personal Loan"", ""Working Capital""]",MSME Loan,"[""MSME Loan"", ""Personal Loan"", ""Working Capital""]","Kottarakkara, Kerala",Kerala,"[""Kerala""]",Single State,False,,N-16.00190,,,,2000,,,,,False,+918606996020,info@matrixfinbiz.com,True,csv+gemini+scraper,success,0.49,42605f24b3054dd93ed0,,unverified,,ND,True,True,True,False,False,gemini,scraper_verified,scraper_verified,csv_provided,provisional_lender
874,2026-04-03T04:01:39.454823,2026-04-03T04:01:39.434124,Maxemo Capital Services Private Limited,NBFC,https://www.maxemocapital.com,,,,False,,"[""Business Loan"", ""Loan Against Property"", ""MSME Loan"", ""Working Capital""]",Business Loan,"[""Business Loan"", ""Loan Against Property"", ""MSME Loan"", ""Working Capital""]","Delhi, Delhi",Delhi,"[""Delhi""]",Single State,False,,,,,,2020,,,,,False,+919899115552,contact@maxemocapital.com,False,csv+gemini+scraper,success,0.39,526a722a74759fb117ea,RBI registration number missing — needs manual review,unverified,,ND,True,True,True,False,False,gemini,scraper_verified,scraper_verified,csv_provided,pending_review
875,2026-04-03T04:02:09.570804,2026-04-03T04:02:09.523405,Maxvalue Credits & Investments (P) Ltd (Formerly Trisiva Leasing And Hire Purchase (P) Ltd),NBFC,https://maxvaluecredits.com,,,,False,,"[""Business Loan"", ""Gold Loan"", ""Microfinance"", ""Rural Loan"", ""Vehicle Loan""]",Business Loan,"[""Business Loan"", ""Gold Loan"", ""Microfinance"", ""Rural Loan"", ""Vehicle Loan""]","Thrissur, Kerala",Kerala,"[""Karnataka"", ""Kerala""]",Regional,False,,,,,,1994,,150,,,False,04876690274,grievances@maxvaluecredits.com,False,csv+gemini+scraper,success,0.41,e1dce85dc728b9600695,RBI registration number missing — needs manual review,unverified,,ND,True,True,True,False,False,gemini,scraper_verified,scraper_verified,csv_provided,pending_review
876,2026-04-03T04:02:42.331833,2026-04-03T04:02:42.312965,Maya Finlease Private Limited,NBFC,https://www.chinmayfinlease.com,,,,False,,"[""Consumer Durable Loan"", ""Personal Loan""]",Consumer Durable Loan,"[""Consumer Durable Loan"", ""Personal Loan""]","Ahmedabad, Gujarat",Gujarat,"[""Gujarat""]",Single State,False,,B.01.00558,,,,1995,,,,,False,+917984479612,support@chinmayfinlease.com,False,csv+gemini+scraper,success,0.56,9ca20452875aa3024db3,,unverified,,unknown,True,True,False,False,False,gemini,scraper_verified,scraper_verified,csv_provided,provisional_lender
877,2026-04-03T04:03:01.218329,2026-04-03T04:03:01.198974,Mayur Resources Pvt Ltd,NBFC,https://www.chetanmayur.in/resources/Forms/NBFC_Forms/NBFC_Forms.aspx,,,,False,,"[""Home Loan"", ""Vehicle Loan""]",Home Loan,"[""Home Loan"", ""Vehicle Loan""]","Ahmedabad, Gujarat",Gujarat,"[""Andhra Pradesh"", ""Bihar"", ""Delhi"", ""Gujarat"", ""Haryana"", ""Karnataka"", ""Maharashtra"", ""Punjab"", ""Rajasthan"", ""Tamil Nadu"", ""Telangana"", ""Uttar Pradesh"", ""West Bengal""]",Regional,False,,,,,,2007,,,,,False,+917925620000,info@chetanmayur.in,False,csv+gemini+scraper,success,0.36,c0b5127c9276478cc14f,RBI registration number missing — needs manual review,unverified,,ND,False,True,True,False,False,gemini,scraper_verified,gemini_inferred,csv_provided,pending_review
878,2026-04-03T04:03:20.409365,2026-04-03T04:03:20.393707,Mayurpankh Traders (P) Ltd,NBFC,https://www.mayurpankhtraders.com,,,,False,,"[""Business Loan"", ""Loan Against Property"", ""MSME Loan"", ""Working Capital""]",Business Loan,"[""Business Loan"", ""Loan Against Property"", ""MSME Loan"", ""Working Capital""]","Kolkata, West Bengal",West Bengal,"[""West Bengal""]",Single State,False,,U51909,,,,1995,,,,,False,+913340010000,info@mayurpankhtraders.com,False,csv+gemini+scraper,success,0.48,32b604242abccc3b2df6,,unverified,,ND,False,True,True,False,False,gemini,scraper_verified,gemini_inferred,csv_provided,provisional_lender
879,2026-04-03T04:04:05.692097,2026-04-03T04:04:05.672422,Megha Finloan Pvt. Ltd.,NBFC,https://www.meghafinloan.com,,,,False,,"[""Gold Loan"", ""Home Loan"", ""Personal Loan"", ""Two Wheeler Loan"", ""Vehicle Loan""]",Gold Loan,"[""Gold Loan"", ""Home Loan"", ""Personal Loan"", ""Two Wheeler Loan"", ""Vehicle Loan""]","Udaipur, Rajasthan",Rajasthan,"[""Rajasthan""]",Single State,False,,,,,,1997,,,,,False,+919256177716,meghafinloan@gmail.com,False,csv+gemini+scraper,success,0.38,1e6305daa10cedc6f80a,RBI registration number missing — needs manual review,unverified,,ND,True,True,False,False,False,gemini,scraper_verified,scraper_verified,csv_provided,pending_review
880,2026-04-03T04:04:25.532236,2026-04-03T04:04:25.506669,Meghdoot Mercantile  Pvt.  Ltd.,NBFC,https://www.meghdootmercantile.com,,,,False,,"[""Personal Loan""]",Personal Loan,"[""Personal Loan""]","Indore, Madhya Pradesh",Madhya Pradesh,"[""Chhattisgarh"", ""Madhya Pradesh"", ""Punjab""]",Regional,False,,B-05.03357,,,,1995,,,,,False,+918349133499,grievance@meghdootmercantile.com,False,csv+gemini+scraper,success,0.49,bffb411f4a2e6185c9de,,unverified,,ND,True,True,True,False,False,gemini,scraper_verified,scraper_verified,csv_provided,provisional_lender
881,2026-04-03T04:04:44.889444,2026-04-03T04:04:44.868013,Meghdoot Vyapaar  Pvt.  Ltd.,NBFC,https://www.meghdootmercantile.com,,,1.01,False,,"[""MSME Loan"", ""Personal Loan""]",MSME Loan,"[""MSME Loan"", ""Personal Loan""]","Kolkata, West Bengal",West Bengal,"[""Chhattisgarh"", ""Punjab"", ""West Bengal""]",Regional,False,,B-05.03357,,,,1995,,,,,False,+918349133499,grievance@meghdootmercantile.com,False,csv+gemini+scraper,success,0.49,ede1ac306703199a97ee,,unverified,,ND,True,True,True,False,False,gemini,scraper_verified,scraper_verified,csv_provided,provisional_lender
882,2026-04-03T04:05:02.660947,2026-04-03T04:05:02.639946,Metafin Cleantech Finance Private Limited,NBFC,https://www.metafin.in,100.5,Micro,10.5,False,,"[""MSME Loan"", ""Micro Loan"", ""Rural Loan""]",MSME Loan,"[""MSME Loan"", ""Micro Loan"", ""Rural Loan""]","Lucknow, Uttar Pradesh",Uttar Pradesh,"[""Bihar"", ""Jharkhand"", ""Madhya Pradesh"", ""Uttar Pradesh""]",Regional,False,,N-14.03400,,,,2018,,,,,False,+918795005777,solarfinance@metafin.in,True,csv+gemini+scraper,success,0.52,394cd2b726b54a3bb6af,,unverified,,ND-BL,True,True,True,False,False,gemini,scraper_verified,scraper_verified,csv_provided,provisional_lender
883,2026-04-03T04:05:31.943572,2026-04-03T04:05:31.914710,Mikhael Capitalize Private Limited,NBFC,https://www.mikhaelcapitalize.com,,,1.02,False,,"[""Business Loan"", ""Gold Loan"", ""MSME Loan"", ""Personal Loan"", ""Vehicle Loan""]",Business Loan,"[""Business Loan"", ""Gold Loan"", ""MSME Loan"", ""Personal Loan"", ""Vehicle Loan""]","Thrissur, Kerala",Kerala,"[""Kerala""]",Single State,False,,N-16.00190,,,,2020,,23,,,False,04872939700,info@mikhaelcapitalize.com,True,csv+gemini+scraper,success,0.53,92838addb4b6ba044172,,unverified,,ND,True,True,True,False,False,gemini,scraper_verified,scraper_verified,csv_provided,provisional_lender
884,2026-04-03T04:06:15.341561,2026-04-03T04:06:15.323818,Minolta Securities Ltd,NBFC,http://www.minoltafinance.co.in,,,,False,,"[""Business Loan"", ""Education Loan"", ""Gold Loan"", ""Home Loan"", ""Loan Against Property"", ""Microfinance"", ""Personal Loan"", ""Two Wheeler Loan"", ""Working Capital""]",Business Loan,"[""Business Loan"", ""Education Loan"", ""Gold Loan"", ""Home Loan"", ""Loan Against Property"", ""Microfinance"", ""Personal Loan"", ""Two Wheeler Loan"", ""Working Capital""]","Navi Mumbai, Maharashtra",Maharashtra,"[""Maharashtra"", ""West Bengal""]",Regional,False,,,,,,1995,,,,,False,7977490705,minoltafinance@gmail.com,False,csv+gemini+scraper,success,0.39,760a80161fdde87c28a9,RBI registration number missing — needs manual review,unverified,,unknown,True,True,False,False,False,gemini,scraper_verified,scraper_verified,csv_provided,pending_review
885,2026-04-03T04:06:43.881775,2026-04-03T04:06:43.855896,Mirae Asset Financial Services (India) Private Limited,NBFC,https://www.miraeassetfin.com,,,,False,,"[""Personal Loan""]",Personal Loan,"[""Personal Loan""]","Mumbai, Maharashtra",Maharashtra,"[""Delhi"", ""Goa"", ""Maharashtra""]",Regional,False,,,,,,2017,,,,,False,18002099180,mcare@miraeassetfin.com,False,csv+gemini+scraper,success,0.39,79c5cfc46e90ed58bff6,RBI registration number missing — needs manual review,unverified,,ND,False,True,True,False,False,gemini,scraper_verified,scraper_verified,csv_provided,pending_review
886,2026-04-03T04:07:05.559163,2026-04-03T04:07:05.536651,Mitrata Inclusive Financial Services Limited,NBFC,https://mitrata.in,100.0,Micro,20.0,False,,"[""Microfinance"", ""Rural Loan""]",Microfinance,"[""Microfinance"", ""Rural Loan""]","Gurugram, Haryana",Haryana,"[""Delhi"", ""Haryana"", ""Rajasthan"", ""Uttar Pradesh""]",Regional,False,,,,,,2014,,,,,False,+911244000000,mail@mitrata.in,True,csv+gemini+scraper,success,0.4,35a64b99c10be1028456,RBI registration number missing — needs manual review,unverified,,MFI,False,True,True,False,False,gemini,scraper_verified,scraper_verified,csv_provided,pending_review
887,2026-04-03T04:07:26.667479,2026-04-03T04:07:26.638736,Mittal Capitals (India) Pvt.Ltd.,NBFC,https://www.mittal-associates.com/resources/Forms/NBFC_Forms/NBFC_Forms.aspx,,,,False,,"[""Home Loan"", ""Vehicle Loan""]",Home Loan,"[""Home Loan"", ""Vehicle Loan""]","Navi Mumbai, Maharashtra",Maharashtra,"[""Andhra Pradesh"", ""Bihar"", ""Delhi"", ""Gujarat"", ""Haryana"", ""Karnataka"", ""Maharashtra"", ""Punjab"", ""Rajasthan"", ""Tamil Nadu"", ""Telangana"", ""Uttar Pradesh"", ""West Bengal""]",Regional,False,,,,,,1995,,,,,False,+919892076888,hemant@mittal-associates.com,False,csv+gemini+scraper,success,0.39,c0e51b25fce3ecde5b26,RBI registration number missing — needs manual review,unverified,,unknown,True,True,True,False,False,gemini,scraper_verified,scraper_verified,csv_provided,pending_review
888,2026-04-03T04:07:40.563769,2026-04-03T04:07:40.546976,Mittal Global Finance Pvt Ltd.,NBFC,https://www.mittalglobalfin.com,,,,False,,"[""Personal Loan"", ""Rural Loan""]",Personal Loan,"[""Personal Loan"", ""Rural Loan""]","Kolkata, West Bengal",West Bengal,"[""West Bengal""]",Single State,False,,N-05.06000,,,,2002,,,,,False,+913340060000,info@mittalglobalfin.com,False,csv+gemini+scraper,success,0.46,06fcdc63204302412018,,unverified,,ND,False,True,True,False,False,gemini,scraper_verified,gemini_inferred,csv_provided,provisional_lender
889,2026-04-03T04:08:08.675708,2026-04-03T04:08:08.631656,Mizuho Capsave Finance Private Limited (Earlier known as Capsave Finance Private Limited)*,NBFC,https://www.mizuho-cf.co.in,,,,False,,"[""Supply Chain Finance"", ""Working Capital""]",Supply Chain Finance,"[""Supply Chain Finance"", ""Working Capital""]","Mumbai, Maharashtra",Maharashtra,"[""Delhi"", ""Maharashtra""]",Regional,False,,,,,,2011,,,,,False,02261737714,contact@mizuho-cf.co.in,False,csv+gemini+scraper,success,0.39,bb489910afe2fba389fe,RBI registration number missing — needs manual review,unverified,,ND,True,True,True,False,False,gemini,scraper_verified,scraper_verified,csv_provided,pending_review
890,2026-04-03T04:08:33.390873,2026-04-03T04:08:33.352652,MLB Securities Private Limited (earlier known as MLB Securities Limited),NBFC,https://www.mlbsecurities.com,,,,False,,"[""Business Loan"", ""EV Loan"", ""Loan Against Property"", ""MSME Loan"", ""Personal Loan""]",Business Loan,"[""Business Loan"", ""EV Loan"", ""Loan Against Property"", ""MSME Loan"", ""Personal Loan""]","Delhi, Delhi",Delhi,"[""Delhi"", ""Haryana"", ""Punjab"", ""Rajasthan"", ""Uttar Pradesh""]",Regional,False,,N-14.03200,,,,1995,,,,,False,+911143500000,info@mlbsecurities.com,False,csv+gemini,success,0.46,4bc7f31acb5e26001b9c,,unverified,,ND,False,True,True,False,False,gemini,gemini,gemini_inferred,csv_provided,provisional_lender
891,2026-04-03T04:08:51.206173,2026-04-03T04:08:51.184939,Mohindra Finvest Private Limited,NBFC,https://mohindra-finvest-private-limited.charteredone.com/U67120TN1995PTC141489,,,,False,,"[""MSME Loan""]",MSME Loan,"[""MSME Loan""]","Chennai, Tamil Nadu",Tamil Nadu,"[""Tamil Nadu""]",Single State,False,,N-07.00470,,,,1995,,,,,False,04424340035,mohindrafinvest@gmail.com,False,csv+gemini,success,0.39,afb79372ca0cbc1733d1,,unverified,,ND,True,True,False,False,False,gemini,gemini,gemini_inferred,csv_provided,pending_review
892,2026-04-03T04:09:12.576336,2026-04-03T04:09:12.548305,Monedo Financial Services Private Limited (Formerly Kreditech Financial Services P Ltd),NBFC,https://www.monedo.in,0.1,Micro,,False,,"[""Education Loan"", ""MSME Loan"", ""Supply Chain Finance""]",Education Loan,"[""Education Loan"", ""MSME Loan"", ""Supply Chain Finance""]","Mumbai, Maharashtra",Maharashtra,"[""Maharashtra""]",Single State,False,,N-13.02277,,,,2016,,,,,False,02268173341,care@monedo.in,False,csv+gemini+scraper,success,0.52,11a6ac8ca9863721ea56,,unverified,,ND-BL-Small,True,True,True,False,False,gemini,scraper_verified,scraper_verified,csv_provided,provisional_lender
893,2026-04-03T04:09:59.281901,2026-04-03T04:09:59.270755,Moneyboxx Finance Limited,NBFC,https://moneyboxxfinance.com,600.5,Small,49.31,True,MONEYBOX,"[""Business Loan"", ""Home Loan"", ""MSME Loan""]",Business Loan,"[""Business Loan"", ""Home Loan"", ""MSME Loan""]","Gurugram, Haryana",Haryana,"[""Andhra Pradesh"", ""Bihar"", ""Chhattisgarh"", ""Delhi"", ""Gujarat"", ""Haryana"", ""Karnataka"", ""Madhya Pradesh"", ""Punjab"", ""Rajasthan"", ""Tamil Nadu"", ""Telangana"", ""Uttar Pradesh""]",Regional,False,,,,,,1994,,,,,False,+911244488245,info@moneyboxxfinance.com,True,csv+gemini+scraper,success,0.43,a1d9a4e7cc476d9dd113,RBI registration number missing — needs manual review,unverified,,ND-BL,True,True,True,False,False,gemini,scraper_verified,scraper_verified,csv_provided,pending_review
894,2026-04-03T04:10:18.811510,2026-04-03T04:10:18.790959,Moneygear Fintech Private Limited,NBFC,https://www.moneygear.in,,,,False,,"[""Gold Loan"", ""MSME Loan"", ""Personal Loan"", ""Vehicle Loan""]",Gold Loan,"[""Gold Loan"", ""MSME Loan"", ""Personal Loan"", ""Vehicle Loan""]","Bengaluru, Karnataka",Karnataka,"[""Karnataka""]",Single State,False,,N-02-00330,,,,2020,,,,,False,+917483014142,info@moneygear.in,False,csv+gemini+scraper,success,0.51,2218cb39e2f8bc0639a8,,unverified,,ND,True,True,True,False,False,gemini,scraper_verified,scraper_verified,csv_provided,provisional_lender
895,2026-04-03T04:10:40.581359,2026-04-03T04:10:40.553735,Moneymart Securities Pvt Ltd,NBFC,https://www.moneymartspl.com,,,,False,,"[""MSME Loan""]",MSME Loan,"[""MSME Loan""]","Mumbai, Maharashtra",Maharashtra,"[""Maharashtra""]",Single State,False,,,,,,1995,,,,,False,+912233043500,mmspl@privi.co.in,False,csv+gemini+scraper,success,0.39,5c0be8e433a4a25a0686,RBI registration number missing — needs manual review,unverified,,ND,True,True,False,False,False,gemini,gemini,scraper_verified,csv_provided,pending_review
896,2026-04-03T04:11:17.389281,2026-04-03T04:11:17.351090,Moneyplus Financial Services Limited (Earlier known as Moneyplus Financial Services Private Limited),NBFC,https://moneyplus.co.in,,,1.02,False,,"[""Home Loan"", ""Loan Against Property"", ""Personal Loan"", ""Vehicle Loan"", ""Working Capital""]",Home Loan,"[""Home Loan"", ""Loan Against Property"", ""Personal Loan"", ""Vehicle Loan"", ""Working Capital""]","Mumbai, Maharashtra",Maharashtra,"[""Maharashtra""]",Single State,False,,N.13.02437,,,,2009,,,,,False,917045667799,info@moneyplus.co.in,True,csv+gemini+scraper,success,0.49,5473a31f39ce11c29329,,unverified,,ND,False,True,True,False,False,gemini,scraper_verified,scraper_verified,csv_provided,provisional_lender
897,2026-04-03T04:11:31.620647,2026-04-03T04:11:31.603461,Moneyx Finserve Private Limited,NBFC,https://moneyxfinserve.com,,,,False,,"[""Business Loan"", ""Loan Against Property"", ""MSME Loan""]",Business Loan,"[""Business Loan"", ""Loan Against Property"", ""MSME Loan""]","Bengaluru, Karnataka",Karnataka,"[""Karnataka""]",Single State,False,,N-14.03500,,,,2021,,,,,False,+918041234567,info@moneyxfinserve.com,False,csv+gemini+scraper,success,0.46,4fb50deb7235984bcc95,,unverified,,ND,False,True,True,False,False,gemini,scraper_verified,gemini_inferred,csv_provided,provisional_lender
898,2026-04-03T04:11:56.255601,2026-04-03T04:11:56.227836,Moonbeam Finvest -Lease Ltd.,NBFC,https://www.moonbeamfinvest.com,,,,False,,"[""Business Loan"", ""MSME Loan"", ""Personal Loan""]",Business Loan,"[""Business Loan"", ""MSME Loan"", ""Personal Loan""]","Delhi, Delhi",Delhi,"[""Delhi""]",Single State,False,,,,,,1995,,,,,False,+8801682648101,info@moonbeamfinvest.com,False,csv+gemini+scraper,success,0.39,3a63376d7512c79752e8,RBI registration number missing — needs manual review,unverified,,ND,False,True,True,False,False,gemini,scraper_verified,scraper_verified,csv_provided,pending_review
899,2026-04-03T04:12:21.204827,2026-04-03T04:12:21.185520,Mosurachi India Finance Pvt. Ltd.,NBFC,https://www.mosurachi.com,,,,False,,"[""Business Loan"", ""Gold Loan"", ""Home Loan"", ""Personal Loan"", ""Vehicle Loan"", ""Working Capital""]",Business Loan,"[""Business Loan"", ""Gold Loan"", ""Home Loan"", ""Personal Loan"", ""Vehicle Loan"", ""Working Capital""]","Bangalore, Karnataka",Karnataka,"[""Karnataka""]",Single State,False,,,,,,2019,,,,,False,+918041200000,mosurachi@gmail.com,False,csv+gemini+scraper,success,0.38,af4ea4043c9468a0a7a4,RBI registration number missing — needs manual review,unverified,,ND,False,True,False,False,False,gemini,gemini,scraper_verified,csv_provided,pending_review
900,2026-04-03T04:12:40.899508,2026-04-03T04:12:40.875805,Moulin Commercial Ltd.,NBFC,https://www.moulin.co.in,,,,False,,"[""Business Loan"", ""MSME Loan"", ""Rural Loan""]",Business Loan,"[""Business Loan"", ""MSME Loan"", ""Rural Loan""]","New Delhi, Delhi",Delhi,"[""Delhi""]",Single State,False,,,,,,1985,,,,,False,+911145050000,info@moulin.co.in,False,csv+gemini+scraper,success,0.36,231ef2396a31f14dbdf1,RBI registration number missing — needs manual review,unverified,,ND,False,True,True,False,False,gemini,scraper_verified,gemini_inferred,csv_provided,pending_review
901,2026-04-03T04:13:05.247894,2026-04-03T04:13:05.226926,Mount Shikhar Financial Services Limited,NBFC,https://www.mountshikhar.com,,,1.03,True,MOUNTSHIK,"[""Personal Loan""]",Personal Loan,"[""Personal Loan""]","New Delhi, Delhi",Delhi,"[""Delhi""]",Single State,False,,B-14.02259,,,,1993,,,,,False,+911143500000,grievance@mountshikhar.com,False,csv+gemini+scraper,success,0.48,71ae97fcaa9127ccef52,,unverified,,D,False,True,True,False,False,gemini,scraper_verified,scraper_verified,csv_provided,provisional_lender
902,2026-04-03T04:13:40.083025,2026-04-03T04:13:40.071261,Mpokket  Financial  Services Private Limited,NBFC,https://www.mpokket.in,300.0,Micro,144.0,False,,"[""Personal Loan""]",Personal Loan,"[""Personal Loan""]","Bidhannagar, West Bengal",West Bengal,"[""Delhi"", ""West Bengal""]",Regional,False,,U65999,,,,2019,,,,,False,03366074666,support@mpokket.com,False,csv+gemini+scraper,success,0.56,d5cfdf69aafc3b534f81,,unverified,,ND-BL,False,True,False,False,False,gemini,scraper_verified,scraper_verified,csv_provided,provisional_lender
903,2026-04-03T04:13:54.174298,2026-04-03T04:13:54.152509,Mrunal Agency & Financials Private Limited,NBFC,https://www.instafinancials.com/company/mrunal-agency-and-financials-private-limited-U65910GJ1996PTC029846,,,,False,,"[""MSME Loan""]",MSME Loan,"[""MSME Loan""]",Gujarat,Gujarat,"[""Gujarat""]",Single State,False,,,,,,2016,,,,,False,,raji@instafinancials.com,False,csv+gemini+scraper,success,0.37,5bea934e1c72ba6a082e,RBI registration number missing — needs manual review,unverified,,unknown,False,True,True,False,False,gemini,scraper_verified,scraper_verified,csv_provided,pending_review
904,2026-04-03T04:15:46.135075,2026-04-03T04:15:46.116060,Msfin Credits Pvt. Ltd.,NBFC,https://msfin.in,,,,False,,"[""Business Loan"", ""Micro Loan"", ""Personal Loan"", ""Two Wheeler Loan"", ""Vehicle Loan""]",Business Loan,"[""Business Loan"", ""Micro Loan"", ""Personal Loan"", ""Two Wheeler Loan"", ""Vehicle Loan""]",Rajasthan,Rajasthan,"[""Rajasthan""]",Single State,False,,,,,,1990,,,,,False,+919610100808,support@msfin.in,True,csv+gemini+scraper,success,0.39,61ff05faf2d6e7ff62f2,RBI registration number missing — needs manual review,unverified,,unknown,True,True,True,False,False,gemini,scraper_verified,scraper_verified,csv_provided,pending_review
905,2026-04-03T04:16:07.473285,2026-04-03T04:16:07.432083,Multiline Share Mercantile Pvt.Ltd,NBFC,https://multilinefinance.com,,,,False,,"[""Business Loan"", ""Consumer Durable Loan"", ""Personal Loan"", ""Rural Loan"", ""Two Wheeler Loan""]",Business Loan,"[""Business Loan"", ""Consumer Durable Loan"", ""Personal Loan"", ""Rural Loan"", ""Two Wheeler Loan""]","New Delhi, Delhi",Delhi,"[""Delhi""]",Single State,False,,,,,,1995,,,,,False,9582317725,multiline_share@yahoo.com,False,csv+gemini+scraper,success,0.39,0c1b964f68e63e49578e,RBI registration number missing — needs manual review,unverified,,ND,True,True,False,False,False,gemini,scraper_verified,scraper_verified,csv_provided,pending_review
906,2026-04-03T04:16:30.007486,2026-04-03T04:16:29.992093,Muthalagu Finance Private Limited,NBFC,https://muthalagufinance.in,,,,False,,"[""Gold Loan""]",Gold Loan,"[""Gold Loan""]","Dindigul, Tamil Nadu",Tamil Nadu,"[""Tamil Nadu""]",Single State,False,,,,,,2019,,12,,,False,9698118181,contact@muthalagufinance.in,True,csv+gemini+scraper,success,0.41,7f305eed6514344f74d4,RBI registration number missing — needs manual review,unverified,,unknown,True,True,True,False,False,gemini,scraper_verified,scraper_verified,csv_provided,pending_review
907,2026-04-03T04:17:00.178518,2026-04-03T04:17:00.160276,Muthoot Capital Services Ltd.,NBFC,https://www.muthootcap.com,2990.0,Small,800.0,True,MUTHOOTCAP,"[""Business Loan"", ""Microfinance"", ""Vehicle Loan""]",Business Loan,"[""Business Loan"", ""Microfinance"", ""Vehicle Loan""]","Thiruvananthapuram, Kerala",Kerala,"[""Andaman and Nicobar Islands"", ""Andhra Pradesh"", ""Arunachal Pradesh"", ""Assam"", ""Bihar"", ""Chandigarh"", ""Chhattisgarh"", ""Dadra and Nagar Haveli"", ""Delhi"", ""Goa"", ""Gujarat"", ""Haryana"", ""Himachal Pradesh"", ""Jammu & Kashmir"", ""Jharkhand"", ""Karnataka"", ""Kerala"", ""Ladakh"", ""Lakshadweep"", ""Madhya Pradesh"", ""Maharashtra"", ""Manipur"", ""Meghalaya"", ""Mizoram"", ""Nagaland"", ""Odisha"", ""Puducherry"", ""Punjab"", ""Rajasthan"", ""Sikkim"", ""Tamil Nadu"", ""Telangana"", ""Tripura"", ""Uttar Pradesh"", ""Uttarakhand"", ""West Bengal""]",Pan India,True,,,,,,1994,1900,3500,,,False,04714911560,customercare@muthoot.com,True,csv+gemini+scraper,success,0.47,6640b09d2d8d1da9517f,RBI registration number missing — needs manual review,unverified,,ND-SI,True,True,False,False,False,gemini,scraper_verified,scraper_verified,csv_provided,pending_review
908,2026-04-03T04:17:30.485646,2026-04-03T04:17:30.472786,Muthoot Finance  Limited,NBFC,https://www.muthootfinance.com,71840.0,Large,14676.61,True,MUTHOOTFIN,"[""Business Loan"", ""Microfinance"", ""Vehicle Loan""]",Business Loan,"[""Business Loan"", ""Microfinance"", ""Vehicle Loan""]","Kochi, Kerala",Kerala,"[""Andaman and Nicobar Islands"", ""Andhra Pradesh"", ""Arunachal Pradesh"", ""Assam"", ""Bihar"", ""Chandigarh"", ""Chhattisgarh"", ""Dadra and Nagar Haveli"", ""Delhi"", ""Goa"", ""Gujarat"", ""Haryana"", ""Himachal Pradesh"", ""Jammu & Kashmir"", ""Jharkhand"", ""Karnataka"", ""Kerala"", ""Ladakh"", ""Lakshadweep"", ""Madhya Pradesh"", ""Maharashtra"", ""Manipur"", ""Meghalaya"", ""Mizoram"", ""Nagaland"", ""Odisha"", ""Puducherry"", ""Punjab"", ""Rajasthan"", ""Sikkim"", ""Tamil Nadu"", ""Telangana"", ""Tripura"", ""Uttar Pradesh"", ""Uttarakhand"", ""West Bengal""]",Pan India,True,,,,,,1997,27000,3500,,,False,04714911560,customercare@muthoot.com,True,csv+gemini+scraper,success,0.47,fa4b143b970c706d0b24,RBI registration number missing — needs manual review,unverified,,ND-SI,True,True,False,False,False,gemini,scraper_verified,scraper_verified,csv_provided,pending_review
909,2026-04-03T04:17:54.750707,2026-04-03T04:17:54.725860,Muthoot Mercantile Limited,NBFC,https://muthootenterprises.com,1100.0,Small,170.0,False,,"[""Gold Loan"", ""MSME Loan"", ""Rural Loan""]",Gold Loan,"[""Gold Loan"", ""MSME Loan"", ""Rural Loan""]","Thiruvananthapuram, Kerala",Kerala,"[""Kerala""]",Single State,False,,,,,,1998,,,,,False,04712774800,info@muthootenterprises.com,False,csv+gemini+scraper,success,0.42,464db3dcce11174eb234,RBI registration number missing — needs manual review,unverified,,ND-ML,True,True,True,False,False,gemini,scraper_verified,scraper_verified,csv_provided,pending_review
910,2026-04-03T04:18:22.724857,2026-04-03T04:18:22.700153,Muthoot Money Pvt. Ltd. (Formerly Known as Moneylyne Financing and Trading (Pvt) Ltd),NBFC,https://muthootmoney.in/muthoot-money/muthoot-money,100.01,Micro,14.01,False,,"[""Gold Loan"", ""Two Wheeler Loan"", ""Vehicle Loan""]",Gold Loan,"[""Gold Loan"", ""Two Wheeler Loan"", ""Vehicle Loan""]","Thiruvananthapuram, Kerala",Kerala,"[""Andaman and Nicobar Islands"", ""Andhra Pradesh"", ""Arunachal Pradesh"", ""Assam"", ""Bihar"", ""Chandigarh"", ""Chhattisgarh"", ""Dadra and Nagar Haveli"", ""Delhi"", ""Goa"", ""Gujarat"", ""Haryana"", ""Himachal Pradesh"", ""Jammu & Kashmir"", ""Jharkhand"", ""Karnataka"", ""Kerala"", ""Ladakh"", ""Lakshadweep"", ""Madhya Pradesh"", ""Maharashtra"", ""Manipur"", ""Meghalaya"", ""Mizoram"", ""Nagaland"", ""Odisha"", ""Puducherry"", ""Punjab"", ""Rajasthan"", ""Sikkim"", ""Tamil Nadu"", ""Telangana"", ""Tripura"", ""Uttar Pradesh"", ""Uttarakhand"", ""West Bengal""]",Pan India,True,,,,,,1997,1000,937,,,False,7382133076,mcare@muthootmoney.in,False,csv+gemini+scraper,success,0.45,15a945ce67c56478ff00,RBI registration number missing — needs manual review,unverified,,ND-BL,True,True,True,False,False,gemini,scraper_verified,scraper_verified,csv_provided,pending_review
911,2026-04-03T04:19:05.717348,2026-04-03T04:19:05.687742,Muthoottu Mini Financiers Limited,NBFC,https://www.muthoottumini.com,2990.0,Small,570.0,False,,"[""Gold Loan"", ""Microfinance"", ""Rural Loan""]",Gold Loan,"[""Gold Loan"", ""Microfinance"", ""Rural Loan""]","Kothamangalam, Kerala",Kerala,"[""Andaman and Nicobar Islands"", ""Andhra Pradesh"", ""Arunachal Pradesh"", ""Assam"", ""Bihar"", ""Chandigarh"", ""Chhattisgarh"", ""Dadra and Nagar Haveli"", ""Delhi"", ""Goa"", ""Gujarat"", ""Haryana"", ""Himachal Pradesh"", ""Jammu & Kashmir"", ""Jharkhand"", ""Karnataka"", ""Kerala"", ""Ladakh"", ""Lakshadweep"", ""Madhya Pradesh"", ""Maharashtra"", ""Manipur"", ""Meghalaya"", ""Mizoram"", ""Nagaland"", ""Odisha"", ""Puducherry"", ""Punjab"", ""Rajasthan"", ""Sikkim"", ""Tamil Nadu"", ""Telangana"", ""Tripura"", ""Uttar Pradesh"", ""Uttarakhand"", ""West Bengal""]",Pan India,True,,,,,,1921,,990,,,False,+914842912100,info@muthoottumini.com,False,csv+gemini+scraper,success,0.44,0c2ce20313a0cbf895eb,RBI registration number missing — needs manual review,unverified,,ND-SI,True,True,True,False,False,gemini,scraper_verified,scraper_verified,csv_provided,pending_review
912,2026-04-03T04:19:33.384512,2026-04-03T04:19:33.356889,Mynakam General Finance (P)Ltd,NBFC,https://mynakam.com,,,,False,,"[""Business Loan"", ""Gold Loan"", ""Personal Loan"", ""Rural Loan"", ""Vehicle Loan""]",Business Loan,"[""Business Loan"", ""Gold Loan"", ""Personal Loan"", ""Rural Loan"", ""Vehicle Loan""]","Perumbavoor, Kerala",Kerala,"[""Kerala""]",Single State,False,,,,,,2021,,,,,False,+917558931155,info@mynakam.com,False,csv+gemini+scraper,success,0.39,58be6549689ce25d2a63,RBI registration number missing — needs manual review,unverified,,ND,True,True,True,False,False,gemini,scraper_verified,scraper_verified,csv_provided,pending_review
913,2026-04-03T04:19:58.995672,2026-04-03T04:19:58.981111,Nabkisan Finance Limited,NBFC,https://www.nabkisan.org,100.0,Micro,10.0,False,,"[""Agriculture Loan"", ""MSME Loan"", ""Microfinance""]",Agriculture Loan,"[""Agriculture Loan"", ""MSME Loan"", ""Microfinance""]","Chennai, Tamil Nadu",Tamil Nadu,"[""Andhra Pradesh"", ""Tamil Nadu"", ""Telangana""]",Regional,False,,,,,,1997,,,,,False,04428270138,corporate@nabkisan.org,True,csv+gemini+scraper,success,0.42,a1c50e0ad6b3e2f3fd9d,RBI registration number missing — needs manual review,unverified,,ND-BL,True,True,True,False,False,gemini,scraper_verified,scraper_verified,csv_provided,pending_review
914,2026-04-03T04:20:21.255262,2026-04-03T04:20:21.230560,Nahar Capital And Financial Services Ltd.,NBFC,https://www.owmnahar.com/nahar_cf/about1.php,1.0,Micro,,True,NAHARCAP,[],,[],"Ludhiana, Punjab",Punjab,"[""Punjab""]",Single State,False,,B-03.00009,,,,1986,,,,,False,+911612811100,ncfsl@owmnahar.com,False,csv+gemini,success,0.23,666e8d2b803599957500,primary_loan_segments empty — needs manual review,unverified,,ND-BL-Small,False,True,True,False,False,gemini,gemini,gemini_inferred,csv_provided,pending_review
915,2026-04-03T04:20:43.772934,2026-04-03T04:20:43.749485,Nahar Credits Private Limited,NBFC,https://www.naharcredits.in,,,,False,,"[""Consumer Durable Loan"", ""Personal Loan""]",Consumer Durable Loan,"[""Consumer Durable Loan"", ""Personal Loan""]","Bengaluru, Karnataka",Karnataka,"[""Karnataka""]",Single State,False,,B.07.00742,,,,1995,,,,,False,+918023340000,contact@naharcredits.in,False,csv+gemini+scraper,success,0.48,2116ff0dad5d04833f48,,unverified,,ND,False,True,True,False,False,gemini,scraper_verified,scraper_verified,csv_provided,provisional_lender
916,2026-04-03T04:21:02.184933,2026-04-03T04:21:02.159527,"Nahar Finance & Leasing Ltd.,",NBFC,https://www.owmnahar.com/nahar_cf/about1.php,1.0,Micro,,True,NAHARCAP,[],,[],"Ludhiana, Punjab",Punjab,"[""Punjab""]",Single State,False,,N-14.00001,,,,1994,,,,,False,+911612811100,ncfsl@owmnahar.com,False,csv+gemini,success,0.23,3cb634ed6549f29238f2,primary_loan_segments empty — needs manual review,unverified,,ND-BL-Small,False,True,True,False,False,gemini,gemini,gemini_inferred,csv_provided,pending_review
917,2026-04-03T04:21:24.562343,2026-04-03T04:21:24.544213,Naini Credit Services Limited,NBFC,https://nainifincap.com,,,,False,,"[""Business Loan"", ""Rural Loan"", ""Two Wheeler Loan""]",Business Loan,"[""Business Loan"", ""Rural Loan"", ""Two Wheeler Loan""]","Delhi, Delhi",Delhi,"[""Delhi"", ""Rajasthan""]",Regional,False,,U65993,,,,1996,,,,,False,01142321044,nainifincap@yahoo.com,False,csv+gemini+scraper,success,0.49,75c170c3ff67cce596a3,,unverified,,unknown,True,True,False,False,False,gemini,scraper_verified,scraper_verified,csv_provided,provisional_lender
918,2026-04-03T04:21:52.105983,2026-04-03T04:21:52.070518,Narainsons Investments Finance & Consultancy Pvt. Ltd.,NBFC,https://narainsons.com,,,,False,,"[""Business Loan"", ""MSME Loan"", ""Personal Loan""]",Business Loan,"[""Business Loan"", ""MSME Loan"", ""Personal Loan""]","Delhi, Delhi",Delhi,"[""Delhi""]",Single State,False,,N-14.03400,,,,2009,,,,,False,+918700748100,info.narainsons@gmail.com,False,csv+gemini+scraper,success,0.49,8064c3e798354090d170,,unverified,,ND,True,True,False,False,False,gemini,scraper_verified,scraper_verified,csv_provided,provisional_lender
919,2026-04-03T04:22:11.135313,2026-04-03T04:22:11.110055,Narendra Finance Company Private Limited,NBFC,https://narendra-finance-co-pvt-ltd.charteredone.com/U65921KA1969PTC060005,,,,False,,"[""MSME Loan""]",MSME Loan,"[""MSME Loan""]","Bangalore, Karnataka",Karnataka,"[""Karnataka""]",Single State,False,,N-14.00009,,,,1969,,,,,False,08022260009,narendrafinance@gmail.com,False,csv+gemini,success,0.39,5d02a89d7e3e22227fcb,,unverified,,ND,True,True,False,False,False,gemini,gemini,gemini_inferred,csv_provided,pending_review
920,2026-04-03T04:22:54.054110,2026-04-03T04:22:53.984710,Navaka Social Business Fund Private Limited (Earlier known as Yunus Social Business Fund Bengaluru Private Limited),NBFC,https://socialbusiness.fund,,,,False,,"[""Agriculture Loan"", ""Education Loan"", ""Home Loan"", ""MSME Loan"", ""Rural Loan""]",Agriculture Loan,"[""Agriculture Loan"", ""Education Loan"", ""Home Loan"", ""MSME Loan"", ""Rural Loan""]","Bengaluru, Karnataka",Karnataka,"[""Chandigarh"", ""Karnataka""]",Regional,False,,,,,,2014,,,,,False,,info@socialbusiness.fund,False,csv+gemini+scraper,success,0.32,bc7fb971f4fbd2d57f6d,RBI registration number missing — needs manual review,unverified,,ND,False,True,True,False,False,gemini,scraper_verified,gemini_inferred,csv_provided,pending_review
921,2026-04-03T04:23:16.892148,2026-04-03T04:23:16.868612,Navin Brothers (P) Ltd,NBFC,https://navinbros.in,,,,False,,"[""MSME Loan"", ""Personal Loan""]",MSME Loan,"[""MSME Loan"", ""Personal Loan""]","Bengaluru, Karnataka",Karnataka,"[""Delhi"", ""Karnataka"", ""West Bengal""]",Regional,False,,B.05.06181,,,,1984,,,,,False,08035291291,info@navinbros.in,False,csv+gemini+scraper,success,0.48,6c0d2c65c13be4347b1c,,unverified,,ND,True,True,True,False,False,gemini,scraper_verified,scraper_verified,csv_provided,provisional_lender
922,2026-04-03T04:23:56.550634,2026-04-03T04:23:56.540157,Navkar Infin Pvt Ltd.,NBFC,https://navkarfinances.com,,,,False,,"[""Business Loan"", ""Credit Card"", ""Education Loan"", ""Gold Loan"", ""Home Loan"", ""Loan Against Property"", ""Personal Loan"", ""Vehicle Loan""]",Business Loan,"[""Business Loan"", ""Credit Card"", ""Education Loan"", ""Gold Loan"", ""Home Loan"", ""Loan Against Property"", ""Personal Loan"", ""Vehicle Loan""]","Mumbai, Maharashtra",Maharashtra,"[""Andaman and Nicobar Islands"", ""Andhra Pradesh"", ""Arunachal Pradesh"", ""Assam"", ""Bihar"", ""Chandigarh"", ""Chhattisgarh"", ""Dadra and Nagar Haveli"", ""Delhi"", ""Goa"", ""Gujarat"", ""Haryana"", ""Himachal Pradesh"", ""Jammu & Kashmir"", ""Jharkhand"", ""Karnataka"", ""Kerala"", ""Ladakh"", ""Lakshadweep"", ""Madhya Pradesh"", ""Maharashtra"", ""Manipur"", ""Meghalaya"", ""Mizoram"", ""Nagaland"", ""Odisha"", ""Puducherry"", ""Punjab"", ""Rajasthan"", ""Sikkim"", ""Tamil Nadu"", ""Telangana"", ""Tripura"", ""Uttar Pradesh"", ""Uttarakhand"", ""West Bengal""]",Pan India,True,,,,,,2009,,,,,False,+919820098200,info@navkarfinances.com,False,csv+gemini,success,0.36,32172ff769cb8d762c3c,RBI registration number missing — needs manual review,unverified,,unknown,False,True,True,False,True,gemini,gemini,gemini_inferred,csv_provided,pending_review
923,2026-04-03T04:24:15.833430,2026-04-03T04:24:15.814399,Navkar Nivesh Private Limited,NBFC,https://navkarnivesh.com,,,,False,,"[""MSME Loan""]",MSME Loan,"[""MSME Loan""]","Mumbai, Maharashtra",Maharashtra,"[""Andaman and Nicobar Islands"", ""Andhra Pradesh"", ""Arunachal Pradesh"", ""Assam"", ""Bihar"", ""Chandigarh"", ""Chhattisgarh"", ""Dadra and Nagar Haveli"", ""Delhi"", ""Goa"", ""Gujarat"", ""Haryana"", ""Himachal Pradesh"", ""Jammu & Kashmir"", ""Jharkhand"", ""Karnataka"", ""Kerala"", ""Ladakh"", ""Lakshadweep"", ""Madhya Pradesh"", ""Maharashtra"", ""Manipur"", ""Meghalaya"", ""Mizoram"", ""Nagaland"", ""Odisha"", ""Puducherry"", ""Punjab"", ""Rajasthan"", ""Sikkim"", ""Tamil Nadu"", ""Telangana"", ""Tripura"", ""Uttar Pradesh"", ""Uttarakhand"", ""West Bengal""]",Pan India,True,,N-13.02200,,,,2002,,450,,,False,+919769981931,contactus@navkarnivesh.com,False,csv+gemini+scraper,success,0.51,0d01c870b30646df1610,,unverified,,ND,True,True,True,False,False,gemini,scraper_verified,scraper_verified,csv_provided,provisional_lender
924,2026-04-03T04:24:34.638926,2026-04-03T04:24:34.628857,NCML Finance Private Limited,NBFC,https://www.ncml.com,1090.0,Small,120.0,False,,"[""MSME Loan"", ""Rural Loan"", ""Supply Chain Finance""]",MSME Loan,"[""MSME Loan"", ""Rural Loan"", ""Supply Chain Finance""]","Gurugram, Haryana",Haryana,"[""Delhi"", ""Haryana"", ""Maharashtra""]",Regional,False,,,,,,2007,,,,,False,+18001031599,info.agcon@ncml.com,True,csv+gemini+scraper,success,0.42,283ba3d1fa9870764f67,RBI registration number missing — needs manual review,unverified,,ND-SI,False,True,True,False,False,gemini,scraper_verified,scraper_verified,csv_provided,pending_review
925,2026-04-03T04:25:00.259184,2026-04-03T04:25:00.228600,Neelachal Marketing (P) Ltd,NBFC,https://neelachalfinance.com,,,,False,,"[""Business Loan"", ""Home Loan"", ""Loan Against Property"", ""Personal Loan"", ""Vehicle Loan""]",Business Loan,"[""Business Loan"", ""Home Loan"", ""Loan Against Property"", ""Personal Loan"", ""Vehicle Loan""]","Bhubaneswar, Odisha",Odisha,"[""Odisha""]",Single State,False,,,,,,1999,,,,,False,06742542670,enquiry@neelachalfinance.com,False,csv+gemini+scraper,success,0.39,5f932b25259084dffae3,RBI registration number missing — needs manual review,unverified,,ND,True,True,True,False,False,gemini,scraper_verified,scraper_verified,csv_provided,pending_review
926,2026-04-03T04:25:24.258018,2026-04-03T04:25:24.229656,Neelanchal Holdings Pvt. Ltd.,NBFC,https://neelanchal.in,,,,False,,"[""Business Loan"", ""Microfinance"", ""Vehicle Loan""]",Business Loan,"[""Business Loan"", ""Microfinance"", ""Vehicle Loan""]","Bhubaneswar, Odisha",Odisha,"[""Andaman and Nicobar Islands"", ""Andhra Pradesh"", ""Arunachal Pradesh"", ""Assam"", ""Bihar"", ""Chandigarh"", ""Chhattisgarh"", ""Dadra and Nagar Haveli"", ""Delhi"", ""Goa"", ""Gujarat"", ""Haryana"", ""Himachal Pradesh"", ""Jammu & Kashmir"", ""Jharkhand"", ""Karnataka"", ""Kerala"", ""Ladakh"", ""Lakshadweep"", ""Madhya Pradesh"", ""Maharashtra"", ""Manipur"", ""Meghalaya"", ""Mizoram"", ""Nagaland"", ""Odisha"", ""Puducherry"", ""Punjab"", ""Rajasthan"", ""Sikkim"", ""Tamil Nadu"", ""Telangana"", ""Tripura"", ""Uttar Pradesh"", ""Uttarakhand"", ""West Bengal""]",Pan India,True,,B.05.02405,,,,2004,,,,,False,+916742300000,info@neelanchal.in,False,csv+gemini,success,0.46,09d9a3a7bef542661f06,,unverified,,ND,False,True,True,False,True,gemini,gemini,gemini_inferred,csv_provided,provisional_lender
927,2026-04-03T04:25:50.214907,2026-04-03T04:25:50.193444,Neelanchal Udyog Ltd.,NBFC,https://neelanchal.in,,,,False,,"[""Business Loan"", ""MSME Loan"", ""Microfinance"", ""Vehicle Loan""]",Business Loan,"[""Business Loan"", ""MSME Loan"", ""Microfinance"", ""Vehicle Loan""]","Kolkata, West Bengal",West Bengal,"[""Andaman and Nicobar Islands"", ""Andhra Pradesh"", ""Arunachal Pradesh"", ""Assam"", ""Bihar"", ""Chandigarh"", ""Chhattisgarh"", ""Dadra and Nagar Haveli"", ""Delhi"", ""Goa"", ""Gujarat"", ""Haryana"", ""Himachal Pradesh"", ""Jammu & Kashmir"", ""Jharkhand"", ""Karnataka"", ""Kerala"", ""Ladakh"", ""Lakshadweep"", ""Madhya Pradesh"", ""Maharashtra"", ""Manipur"", ""Meghalaya"", ""Mizoram"", ""Nagaland"", ""Odisha"", ""Puducherry"", ""Punjab"", ""Rajasthan"", ""Sikkim"", ""Tamil Nadu"", ""Telangana"", ""Tripura"", ""Uttar Pradesh"", ""Uttarakhand"", ""West Bengal""]",Pan India,True,,B.05.02405,,,,1983,,,,,False,+913340001000,info@neelanchal.in,False,csv+gemini,success,0.46,874e3208e9e6e5f54f30,,unverified,,ND,False,True,True,False,True,gemini,gemini,gemini_inferred,csv_provided,provisional_lender
928,2026-04-03T04:26:06.846574,2026-04-03T04:26:06.808903,Neuzen Finance Private Limited (Formerly known as Umang Trading Private Limited),NBFC,https://neuzen.in,,,,False,,"[""Business Loan"", ""Home Loan"", ""Personal Loan"", ""Vehicle Loan"", ""Working Capital""]",Business Loan,"[""Business Loan"", ""Home Loan"", ""Personal Loan"", ""Vehicle Loan"", ""Working Capital""]","Mumbai, Maharashtra",Maharashtra,"[""Maharashtra""]",Single State,False,,B-13.02288,,,,1994,,,,,False,+912267777777,info@neuzen.in,False,csv+gemini+scraper,success,0.48,e3b9f4fead8da43bb0f9,,unverified,,ND,True,True,True,False,False,gemini,scraper_verified,scraper_verified,csv_provided,provisional_lender
929,2026-04-03T04:26:31.766253,2026-04-03T04:26:31.741656,Nidhi Lakshmi Finance Private Limited,NBFC,https://www.nidhilakshmi.com,,,,False,,"[""Home Loan"", ""Loan Against Property"", ""MSME Loan"", ""Micro Loan"", ""Rural Loan""]",Home Loan,"[""Home Loan"", ""Loan Against Property"", ""MSME Loan"", ""Micro Loan"", ""Rural Loan""]","Jaipur, Rajasthan",Rajasthan,"[""Rajasthan""]",Single State,False,,N-10.00001,,,,2019,,,,,False,+918690540101,info@nidhilakshmi.com,False,csv+gemini+scraper,success,0.48,f2ca53d8cac131a59167,,unverified,,ND,True,True,True,False,False,gemini,scraper_verified,scraper_verified,csv_provided,provisional_lender
930,2026-04-03T04:27:15.144745,2026-04-03T04:27:15.115614,Nightingale Finvest Pvt. Ltd.,NBFC,https://nightingalefinvest.in,15.03,Micro,3.01,False,,"[""MSME Loan"", ""Micro Loan"", ""Microfinance"", ""Rural Loan"", ""Working Capital""]",MSME Loan,"[""MSME Loan"", ""Micro Loan"", ""Microfinance"", ""Rural Loan"", ""Working Capital""]","Guwahati, Assam",Assam,"[""Assam""]",Single State,False,,B.08.00184,,,,2017,,,,,False,+917086020332,nightingalefinvest17@gmail.com,True,csv+gemini+scraper,success,0.52,456bdeaa9270e16ddd22,,unverified,,MFI,True,True,False,False,False,gemini,scraper_verified,scraper_verified,csv_provided,provisional_lender
931,2026-04-03T04:27:30.488558,2026-04-03T04:27:30.475271,Nipha Finance Private Limited,NBFC,https://www.niphaindia.com/group-company,,,,False,,"[""Micro Loan"", ""Microfinance"", ""Supply Chain Finance""]",Micro Loan,"[""Micro Loan"", ""Microfinance"", ""Supply Chain Finance""]","Kolkata, West Bengal",West Bengal,"[""Gujarat"", ""Jharkhand"", ""Maharashtra"", ""Tamil Nadu"", ""West Bengal""]",Regional,False,,N-05.06000,,,,1995,,,,,False,+913340214300,nipha@niphaindia.com,False,csv+gemini+scraper,success,0.49,fab9bf59aa1ea07fc3cf,,unverified,,ND,True,True,True,False,False,gemini,scraper_verified,scraper_verified,csv_provided,provisional_lender
932,2026-04-03T04:27:54.491219,2026-04-03T04:27:54.466672,Nippon Services & Holdings (P) Ltd,NBFC,https://mf.nipponindiaim.com/FundsAndPerformance/Pages/NipponIndia-Banking-and-Financial-Services-Fund.aspx,,,,False,,"[""Rural Loan""]",Rural Loan,"[""Rural Loan""]","Mumbai, Maharashtra",Maharashtra,"[""Maharashtra""]",Single State,False,,,,,,1995,,,,,False,18602660111,,False,csv+gemini+scraper,success,0.33,dd19b6397174b8dc929c,RBI registration number missing — needs manual review,unverified,,unknown,False,False,False,False,False,gemini,gemini,scraper_verified,csv_provided,pending_review
933,2026-04-03T04:28:11.723031,2026-04-03T04:28:11.703421,Nipun Securities Ltd.,NBFC,https://www.nipunfinserv.com/TermsConditions,,,,False,,"[""Rural Loan""]",Rural Loan,"[""Rural Loan""]","Ahmedabad, Gujarat",Gujarat,"[""Gujarat""]",Single State,False,,,,,,1995,,,,,False,+919878886798,aggarwalnipun@yahoo.com,False,csv+gemini+scraper,success,0.41,f2dc362ed511a2233c2b,RBI registration number missing — needs manual review,unverified,,unknown,True,True,False,False,False,gemini,scraper_verified,scraper_verified,csv_provided,pending_review
934,2026-04-03T04:28:34.176348,2026-04-03T04:28:34.146297,Nirala Leasing & Finance Company Private Limited,NBFC,https://company.vakilsearch.com/nirala-leasing-and-finance-company-private-limited/U99999MH1996PTC102636,,,,False,,"[""Home Loan""]",Home Loan,"[""Home Loan""]","Navi Mumbai, Maharashtra",Maharashtra,"[""Maharashtra"", ""Tamil Nadu""]",Regional,False,,,,,,1996,,,,,False,,,False,csv+gemini+scraper,success,0.23,743a4cd23f9ac3df5d41,RBI registration number missing — needs manual review,unverified,,ND,False,False,False,False,False,gemini,scraper_verified,scraper_verified,csv_provided,pending_review
935,2026-04-03T04:29:33.908142,2026-04-03T04:29:33.883957,Nitstone Finserv Private Limited,NBFC,https://www.nitstone.com,,,,False,,"[""Business Loan"", ""Consumer Durable Loan"", ""Education Loan"", ""Gold Loan"", ""Loan Against Property"", ""MSME Loan"", ""Personal Loan"", ""Rural Loan"", ""Working Capital""]",Business Loan,"[""Business Loan"", ""Consumer Durable Loan"", ""Education Loan"", ""Gold Loan"", ""Loan Against Property"", ""MSME Loan"", ""Personal Loan"", ""Rural Loan"", ""Working Capital""]","Bangalore, Karnataka",Karnataka,"[""Andhra Pradesh"", ""Assam"", ""Bihar"", ""Chhattisgarh"", ""Delhi"", ""Gujarat"", ""Haryana"", ""Jharkhand"", ""Karnataka"", ""Kerala"", ""Madhya Pradesh"", ""Maharashtra"", ""Odisha"", ""Punjab"", ""Rajasthan"", ""Tamil Nadu"", ""Telangana"", ""Uttar Pradesh"", ""West Bengal""]",Regional,False,,,,,,2018,,,,,False,+918046800000,info@nitstone.com,False,csv+gemini,success,0.36,269fd6d39aa94b921add,RBI registration number missing — needs manual review,unverified,,ND,False,True,True,False,False,gemini,gemini,gemini_inferred,csv_provided,pending_review
936,2026-04-03T04:29:57.247538,2026-04-03T04:29:57.204311,Nixa Fincap Private Limited (Earlier known as Xander Finance Private Limited),NBFC,https://nixafincap.com,,,,False,,"[""MSME Loan""]",MSME Loan,"[""MSME Loan""]","Mumbai, Maharashtra",Maharashtra,"[""Delhi"", ""Maharashtra""]",Regional,False,,,,,,2010,,,,,False,+912261196000,info@nixafincap.com,False,csv+gemini+scraper,success,0.38,d31a1b299dc7954ae907,RBI registration number missing — needs manual review,unverified,,ND-SI,True,True,True,False,False,gemini,scraper_verified,scraper_verified,csv_provided,pending_review
937,2026-04-03T04:30:22.855035,2026-04-03T04:30:22.828564,Niyogin Fintech Limited,NBFC,https://www.niyogin.com,1000.0,Small,190.0,True,NIYOGIN,"[""MSME Loan""]",MSME Loan,"[""MSME Loan""]","Mumbai, Maharashtra",Maharashtra,"[""Maharashtra"", ""Tamil Nadu""]",Regional,False,,,,,,2004,,,,,False,18002660266,info@niyogin.in,False,csv+gemini+scraper,success,0.43,172864c2d4ceac2ae51d,RBI registration number missing — needs manual review,unverified,,ND-ML,False,True,False,False,False,gemini,scraper_verified,scraper_verified,csv_provided,pending_review
938,2026-04-03T04:30:41.836412,2026-04-03T04:30:41.826732,NKC Finance Private Limited,NBFC,https://www.nkcfinance.com,,,1.02,False,,"[""Business Loan"", ""Loan Against Property"", ""MSME Loan"", ""Personal Loan"", ""Two Wheeler Loan"", ""Vehicle Loan""]",Business Loan,"[""Business Loan"", ""Loan Against Property"", ""MSME Loan"", ""Personal Loan"", ""Two Wheeler Loan"", ""Vehicle Loan""]","New Delhi, Delhi",Delhi,"[""Delhi""]",Single State,False,,N-14.02009,,,,1994,,,,,False,+911145050000,info@nkcfinance.com,False,csv+gemini,success,0.46,1d12798857307964ab71,,unverified,,ND,False,True,True,False,False,gemini,gemini,gemini_inferred,csv_provided,provisional_lender
939,2026-04-03T04:31:25.575963,2026-04-03T04:31:25.534290,North East Hire Purchase Company (India) Pvt Ltd.,NBFC,https://www.north-east.in,,,,False,,"[""Business Loan"", ""Loan Against Property"", ""MSME Loan"", ""Personal Loan"", ""Vehicle Loan""]",Business Loan,"[""Business Loan"", ""Loan Against Property"", ""MSME Loan"", ""Personal Loan"", ""Vehicle Loan""]","Guwahati, Assam",Assam,"[""Assam""]",Single State,False,,U65921,,,,1995,,,,,False,+919599841901,grievance@north-east.in,False,csv+gemini+scraper,success,0.51,0f827dcaf135e5bf2551,,unverified,,unknown,True,True,True,False,False,gemini,scraper_verified,scraper_verified,csv_provided,provisional_lender
940,2026-04-03T04:31:51.768510,2026-04-03T04:31:51.740786,Northern Projects Ltd,NBFC,https://www.northernproj.co.in,,,,False,,"[""Business Loan"", ""EV Loan"", ""Home Loan"", ""MSME Loan"", ""Two Wheeler Loan"", ""Vehicle Loan""]",Business Loan,"[""Business Loan"", ""EV Loan"", ""Home Loan"", ""MSME Loan"", ""Two Wheeler Loan"", ""Vehicle Loan""]","Kolkata, West Bengal",West Bengal,"[""Rajasthan"", ""West Bengal""]",Regional,False,,L45400,,,,1983,,,,,False,+913322370000,info@northernproj.co.in,True,csv+gemini+scraper,success,0.46,e1c73b65ebb138a496d4,,unverified,,ND,False,True,True,False,False,gemini,scraper_verified,gemini_inferred,csv_provided,provisional_lender
941,2026-04-03T04:32:17.695547,2026-04-03T04:32:17.663990,Northlink Fiscal & Capital Services Ltd.,NBFC,https://www.northlink.co.in,1.1,Micro,1.09,True,NORTHLINK,"[""MSME Loan""]",MSME Loan,"[""MSME Loan""]","Chandigarh, Punjab",Punjab,"[""Punjab""]",Single State,False,,,,,,1994,,,,,False,+911724601010,info@northlink.co.in,False,csv+gemini+scraper,success,0.41,c6cef8d05bc44c798d8d,RBI registration number missing — needs manual review,unverified,,ND-BL-Small,False,True,True,False,False,gemini,scraper_verified,gemini_inferred,csv_provided,pending_review
942,2026-04-03T04:32:38.968730,2026-04-03T04:32:38.946681,Nsmk Investments Pvt. Ltd.,NBFC,https://www.nsmkinvestments.in,,,,False,,"[""Business Loan"", ""Gold Loan"", ""MSME Loan"", ""Personal Loan"", ""Supply Chain Finance""]",Business Loan,"[""Business Loan"", ""Gold Loan"", ""MSME Loan"", ""Personal Loan"", ""Supply Chain Finance""]","New Delhi, Delhi",Delhi,"[""Delhi""]",Single State,False,,N-14.03400,,,,2016,,,,,False,+919910992875,info@nsmkinvestments.in,False,csv+gemini+scraper,success,0.48,7f6fc2528e6704cef116,,unverified,,ND,True,True,True,False,False,gemini,gemini,scraper_verified,csv_provided,provisional_lender
943,2026-04-03T04:33:44.836769,2026-04-03T04:33:44.794901,Oleevia Grameen Credits Private Limited (Earlier known as Shree Ganesh Stock Private Limited),NBFC,https://oleeviagrameencredits.com,,,,False,,"[""Business Loan"", ""Gold Loan"", ""MSME Loan"", ""Personal Loan"", ""Rural Loan"", ""Vehicle Loan""]",Business Loan,"[""Business Loan"", ""Gold Loan"", ""MSME Loan"", ""Personal Loan"", ""Rural Loan"", ""Vehicle Loan""]","Ernakulam, Kerala",Kerala,"[""Kerala""]",Single State,False,,,,,,1995,,,,,False,+914842522222,info@oleeviagrameencredits.com,False,csv+gemini+scraper,success,0.36,2a148b13e2d9291cded6,RBI registration number missing — needs manual review,unverified,,ND,False,True,True,False,False,gemini,scraper_verified,gemini_inferred,csv_provided,pending_review
944,2026-04-03T04:34:12.211459,2026-04-03T04:34:12.181250,Olympiaa Financiers Karur Private Limited,NBFC,http://www.olympiaafinanciers.com,,,,False,,"[""Business Loan"", ""Gold Loan"", ""Home Loan"", ""Vehicle Loan""]",Business Loan,"[""Business Loan"", ""Gold Loan"", ""Home Loan"", ""Vehicle Loan""]","Karur, Tamil Nadu",Tamil Nadu,"[""Tamil Nadu""]",Single State,False,,,,,,2017,,,,,False,+919994396332,admin@olympiaafinanciers.com,False,csv+gemini+scraper,success,0.39,0526d7634f8ba7b46463,RBI registration number missing — needs manual review,unverified,,ND,True,True,True,False,False,gemini,scraper_verified,scraper_verified,csv_provided,pending_review
945,2026-04-03T04:34:32.578947,2026-04-03T04:34:32.545717,Omega Trade Enterprises Ltd,NBFC,https://www.indiratrade.com/company-profile/board-members/omegatradeenter,,,,False,,"[""MSME Loan""]",MSME Loan,"[""MSME Loan""]","Kolkata, West Bengal",West Bengal,"[""West Bengal""]",Single State,False,,,,,,1985,,,,,False,07314797275,rajib.chowdhury@rkbk.in,False,csv+gemini+scraper,success,0.39,5cdb9d16b443c41dba70,RBI registration number missing — needs manual review,unverified,,ND,True,True,False,False,False,gemini,scraper_verified,scraper_verified,csv_provided,pending_review
946,2026-04-03T04:35:06.681122,2026-04-03T04:35:06.660648,Omkaar Finmax Private Limited,NBFC,https://omkaar.in,1.0,Micro,1.0,False,,"[""Business Loan"", ""Personal Loan"", ""Supply Chain Finance"", ""Working Capital""]",Business Loan,"[""Business Loan"", ""Personal Loan"", ""Supply Chain Finance"", ""Working Capital""]","Noida, Uttar Pradesh",Uttar Pradesh,"[""Uttar Pradesh""]",Single State,False,,,,,,2018,,,,,False,01204265790,info@omkaar.in,False,csv+gemini+scraper,success,0.4,8e442dcd6d303872f3ff,RBI registration number missing — needs manual review,unverified,,ND-BL-Small,True,True,True,False,False,gemini,scraper_verified,scraper_verified,csv_provided,pending_review
947,2026-04-03T04:35:29.853439,2026-04-03T04:35:29.822139,Optimix Securities (P) Ltd,NBFC,http://optimixadvisors.com,,,,False,,"[""Working Capital""]",Working Capital,"[""Working Capital""]","Mumbai, Maharashtra",Maharashtra,"[""Maharashtra""]",Single State,False,,,,,,1994,,,,,False,+912240020000,ankit@optimixadvisors.com,False,csv+gemini+scraper,success,0.38,bb5362a8178e874d0802,RBI registration number missing — needs manual review,unverified,,ND,False,True,True,False,False,gemini,gemini,scraper_verified,csv_provided,pending_review
948,2026-04-03T04:35:50.484154,2026-04-03T04:35:50.459586,Orchid Credits Private Limited,NBFC,https://www.orchidcredits.com,,,,False,,"[""Loan Against Property"", ""MSME Loan"", ""Personal Loan""]",Loan Against Property,"[""Loan Against Property"", ""MSME Loan"", ""Personal Loan""]","Chennai, Tamil Nadu",Tamil Nadu,"[""Tamil Nadu""]",Single State,False,,N-07.00700,,,,1994,,,,,False,04428344191,info@orchidcredits.com,False,csv+gemini+scraper,success,0.49,4f4fdf7fbc1e06a12347,,unverified,,ND,True,True,True,False,False,gemini,gemini,scraper_verified,csv_provided,provisional_lender
949,2026-04-03T04:36:22.182186,2026-04-03T04:36:22.149854,Orchid Securities (P) Ltd.,NBFC,https://www.orchidsecuritiesltd.com,,,,True,ICCSL,"[""MSME Loan"", ""Rural Loan""]",MSME Loan,"[""MSME Loan"", ""Rural Loan""]","Ahmedabad, Gujarat",Gujarat,"[""Gujarat"", ""Kerala"", ""West Bengal""]",Regional,False,,,,,,1994,,,,,False,+917574895589,compliance@iccslimited.in,False,csv+gemini+scraper,success,0.39,b2c9579c295cf612bfdc,RBI registration number missing — needs manual review,unverified,,ND,True,True,False,False,False,gemini,scraper_verified,scraper_verified,csv_provided,pending_review
950,2026-04-03T04:36:38.811832,2026-04-03T04:36:38.782297,Oriental Finstock Services  Pvt.Ltd,NBFC,https://www.orientalfinstock.com,,,1.02,False,,"[""Business Loan"", ""Loan Against Property"", ""MSME Loan"", ""Microfinance"", ""Personal Loan""]",Business Loan,"[""Business Loan"", ""Loan Against Property"", ""MSME Loan"", ""Microfinance"", ""Personal Loan""]","Ahmedabad, Gujarat",Gujarat,"[""Gujarat""]",Single State,False,,,,,,2010,,,,,False,+919998151779,mukeshdesai2361@gmail.com,False,csv+gemini+scraper,success,0.39,9f217b64eef635619983,RBI registration number missing — needs manual review,unverified,,ND,True,True,False,False,False,gemini,scraper_verified,scraper_verified,csv_provided,pending_review
951,2026-04-03T04:37:08.888637,2026-04-03T04:37:08.865255,Osprey Finvest  Pvt Ltd,NBFC,http://www.osprey-finvest-pl.cc,,,,False,,"[""Home Loan""]",Home Loan,"[""Home Loan""]","Kolkata, West Bengal",West Bengal,"[""West Bengal""]",Single State,False,,B-08.16532,,,,2016,,,,,False,,ospreyfinvest@gmail.com,False,csv+gemini+scraper,success,0.42,49a319b3ab9555ee6b3d,,unverified,,ND,False,True,False,False,False,gemini,scraper_verified,gemini_inferred,csv_provided,pending_review
952,2026-04-03T04:37:32.133623,2026-04-03T04:37:32.113168,Oxyzo Financial Services Limited,NBFC,https://www.oxyzo.in,8200.0,Mid,1300.0,False,,"[""Business Loan"", ""Loan Against Property"", ""MSME Loan"", ""Supply Chain Finance"", ""Working Capital""]",Business Loan,"[""Business Loan"", ""Loan Against Property"", ""MSME Loan"", ""Supply Chain Finance"", ""Working Capital""]","Gurugram, Haryana",Haryana,"[""Haryana""]",Single State,False,,,,,,2016,1000,145,,,False,+917353013499,getsupport@oxyzo.in,False,csv+gemini+scraper,success,0.45,beeac7ca9a576cf572f9,RBI registration number missing — needs manual review,unverified,,ND-ML,True,True,True,False,False,gemini,scraper_verified,scraper_verified,csv_provided,pending_review
953,2026-04-03T04:38:06.559652,2026-04-03T04:38:06.533419,P G Commercials Pvt. Ltd.,NBFC,https://vanicommercials.com,,,0.01,True,539182,"[""MSME Loan"", ""Personal Loan"", ""Rural Loan""]",MSME Loan,"[""MSME Loan"", ""Personal Loan"", ""Rural Loan""]","Delhi, Delhi",Delhi,"[""Delhi""]",Single State,False,,L74899,,,,1988,,,,,False,+919999999999,info@vanicommercials.com,False,csv+gemini+scraper,success,0.51,089afcc06614e4ee9df2,,unverified,,ND,True,True,True,False,False,gemini,scraper_verified,scraper_verified,csv_provided,provisional_lender
954,2026-04-03T04:39:35.077624,2026-04-03T04:39:35.057708,P G Nahar Finance Limited,NBFC,https://www.naharcredits.in,1.01,Micro,1.01,False,,"[""Consumer Durable Loan"", ""Personal Loan""]",Consumer Durable Loan,"[""Consumer Durable Loan"", ""Personal Loan""]","Bengaluru, Karnataka",Karnataka,"[""Karnataka""]",Single State,False,,B.07.00742,,,,1986,,,,,False,+919900099000,contact@naharcredits.in,False,csv+gemini+scraper,success,0.5,849fdd1ee8068b937c06,,unverified,,ND-BL-Small,False,True,True,False,False,gemini,scraper_verified,scraper_verified,csv_provided,provisional_lender
955,2026-04-03T04:40:29.527118,2026-04-03T04:40:29.505512,P J Credit Capital Ltd.,NBFC,https://pjcreditcapital.in,,,,False,,"[""MSME Loan"", ""Personal Loan"", ""Rural Loan""]",MSME Loan,"[""MSME Loan"", ""Personal Loan"", ""Rural Loan""]","Ahmedabad, Gujarat",Gujarat,"[""Gujarat"", ""Madhya Pradesh""]",Regional,False,,,,,,2017,,,,,False,07949232064,info@pjcreditcapital.in,False,csv+gemini+scraper,success,0.39,6ed54d17e48981631d99,RBI registration number missing — needs manual review,unverified,,ND,True,True,True,False,False,gemini,scraper_verified,scraper_verified,csv_provided,pending_review
956,2026-04-03T04:41:10.487068,2026-04-03T04:41:10.459831,Paisalo Digital Limited,NBFC,https://www.paisalo.in,3858.71,Small,460.1,True,PAISALO,"[""MSME Loan"", ""Two Wheeler Loan""]",MSME Loan,"[""MSME Loan"", ""Two Wheeler Loan""]","Delhi, Delhi",Delhi,"[""Delhi""]",Single State,False,,,,,,1992,1800,,,,False,+911143518888,delhi@paisalo.in,False,csv+gemini+scraper,success,0.44,d384b215995ccf122789,RBI registration number missing — needs manual review,unverified,,ND-ML,True,True,True,False,False,gemini,scraper_verified,scraper_verified,csv_provided,pending_review
957,2026-04-03T04:41:48.409620,2026-04-03T04:41:48.385089,Pallonji Leasing Private Limited,NBFC,https://www.mpallonjigroup.com/pallonji-leasing.html,,,,False,,"[""MSME Loan"", ""Vehicle Loan""]",MSME Loan,"[""MSME Loan"", ""Vehicle Loan""]","Kolkata, West Bengal",West Bengal,"[""West Bengal""]",Single State,False,,N-05.06001,,,,1994,,,,,False,+913322484941,info@mpallonjigroup.com,False,csv+gemini,success,0.46,8861da2e525846c91f2a,,unverified,,ND,False,True,True,False,False,gemini,gemini,gemini_inferred,csv_provided,provisional_lender
958,2026-04-03T04:42:10.643560,2026-04-03T04:42:10.625796,Pam Fincap Pvt. Ltd.,NBFC,https://www.pamfincap.com,,,,False,,"[""Business Loan"", ""Consumer Durable Loan"", ""Education Loan"", ""Home Loan"", ""MSME Loan"", ""Personal Loan"", ""Rural Loan"", ""Vehicle Loan""]",Business Loan,"[""Business Loan"", ""Consumer Durable Loan"", ""Education Loan"", ""Home Loan"", ""MSME Loan"", ""Personal Loan"", ""Rural Loan"", ""Vehicle Loan""]","Jaipur, Rajasthan",Rajasthan,"[""Delhi"", ""Rajasthan""]",Regional,False,,,,,,2017,,,,,False,+917737252224,pamfincap641@gmail.com,True,csv+gemini+scraper,success,0.41,8a02ffad58f28aa6d9fc,RBI registration number missing — needs manual review,unverified,,ND,True,True,False,False,False,gemini,scraper_verified,scraper_verified,csv_provided,pending_review
959,2026-04-03T04:42:28.910925,2026-04-03T04:42:28.886695,Pandarakalam Finance Private Limited,NBFC,https://www.pandarakalamfinance.com,48.6,Micro,10.2,False,,"[""Gold Loan""]",Gold Loan,"[""Gold Loan""]","Kottayam, Kerala",Kerala,"[""Kerala""]",Single State,False,,N-16.00145,,,,2010,,,,,False,04812730466,info@pandarakalamfinance.com,False,csv+gemini+scraper,success,0.5,b49bd8b3c5a91c7a2f50,,unverified,,ND-BL-Small,True,True,True,False,False,gemini,scraper_verified,scraper_verified,csv_provided,provisional_lender
960,2026-04-03T04:42:50.644911,2026-04-03T04:42:50.626089,Pandinadu Finance Company Private Limited,NBFC,https://pandinadufinance.com,,,,False,,"[""Gold Loan"", ""Home Loan"", ""MSME Loan"", ""Personal Loan"", ""Vehicle Loan""]",Gold Loan,"[""Gold Loan"", ""Home Loan"", ""MSME Loan"", ""Personal Loan"", ""Vehicle Loan""]","Chennai, Tamil Nadu",Tamil Nadu,"[""Tamil Nadu""]",Single State,False,,,,,,1995,,,,,False,+919345604530,info@pandinadufinance.com,False,csv+gemini+scraper,success,0.38,059e3bd1ddea33e50a1e,RBI registration number missing — needs manual review,unverified,,ND,True,True,True,False,False,gemini,gemini,scraper_verified,csv_provided,pending_review
961,2026-04-03T04:43:25.847382,2026-04-03T04:43:25.820116,Parichiti Software  Pvt.  Ltd.,NBFC,https://nbfcsoftware.co.in,,,,False,,"[""Gold Loan""]",Gold Loan,"[""Gold Loan""]","Noida, Uttar Pradesh",Uttar Pradesh,"[""Assam"", ""Chandigarh"", ""Delhi"", ""Haryana"", ""Karnataka"", ""Kerala"", ""Madhya Pradesh"", ""Maharashtra"", ""Punjab"", ""Uttar Pradesh"", ""West Bengal""]",Regional,False,,,,,,2010,,,,,False,+919711101954,gtechwebinfosolutions@gmail.com,True,csv+gemini+scraper,success,0.39,8b597e2ffc7d313a7406,RBI registration number missing — needs manual review,unverified,,unknown,True,True,False,False,False,gemini,scraper_verified,scraper_verified,csv_provided,pending_review
962,2026-04-03T04:43:41.679188,2026-04-03T04:43:41.664835,Parishek Finance Private Limited,NBFC,https://parishekfinance.com,,,,False,,"[""Business Loan"", ""MSME Loan"", ""Personal Loan"", ""Vehicle Loan""]",Business Loan,"[""Business Loan"", ""MSME Loan"", ""Personal Loan"", ""Vehicle Loan""]","New Delhi, Delhi",Delhi,"[""Delhi""]",Single State,False,,,,,,2017,,,,,False,+919319599820,info@parishekfinance.com,False,csv+gemini+scraper,success,0.38,951594383ded4dbed7a7,RBI registration number missing — needs manual review,unverified,,ND,True,True,True,False,False,gemini,scraper_verified,scraper_verified,csv_provided,pending_review
963,2026-04-03T04:44:10.481102,2026-04-03T04:44:10.465428,Parker Financial Services Private Limited,NBFC,https://parkerfinancial.com.au,,,,False,,"[""Rural Loan""]",Rural Loan,"[""Rural Loan""]","Delhi, Delhi",Delhi,"[""Delhi""]",Single State,False,,,,,,2022,,,,,False,,,False,csv+gemini,success,0.23,6c8f5584b629af2dd877,RBI registration number missing — needs manual review,unverified,,unknown,False,False,False,False,False,gemini,gemini,gemini_inferred,csv_provided,pending_review
964,2026-04-03T04:44:27.329600,2026-04-03T04:44:27.313478,Parrami Finance Pvt Ltd,NBFC,https://www.parrami.com,,,,False,,"[""Business Loan"", ""MSME Loan""]",Business Loan,"[""Business Loan"", ""MSME Loan""]","Mumbai, Maharashtra",Maharashtra,"[""Maharashtra""]",Single State,False,,,,,,2000,,,,,False,8655305300,info@parrami.com,False,csv+gemini+scraper,success,0.39,4047031749f3a5bc1ecb,RBI registration number missing — needs manual review,unverified,,ND,True,True,True,False,False,gemini,scraper_verified,scraper_verified,csv_provided,pending_review
965,2026-04-03T04:44:48.428414,2026-04-03T04:44:48.393491,Parshwa Credit And Finance Private Limited,NBFC,https://eipo.parshwaconsultancy.in/IPO/IPODetail/752,,,,False,,"[""Business Loan"", ""Gold Loan"", ""Home Loan"", ""Loan Against Property"", ""MSME Loan""]",Business Loan,"[""Business Loan"", ""Gold Loan"", ""Home Loan"", ""Loan Against Property"", ""MSME Loan""]","Vadodara, Gujarat",Gujarat,"[""Andaman and Nicobar Islands"", ""Andhra Pradesh"", ""Arunachal Pradesh"", ""Assam"", ""Bihar"", ""Chandigarh"", ""Chhattisgarh"", ""Dadra and Nagar Haveli"", ""Delhi"", ""Goa"", ""Gujarat"", ""Haryana"", ""Himachal Pradesh"", ""Jammu & Kashmir"", ""Jharkhand"", ""Karnataka"", ""Kerala"", ""Ladakh"", ""Lakshadweep"", ""Madhya Pradesh"", ""Maharashtra"", ""Manipur"", ""Meghalaya"", ""Mizoram"", ""Nagaland"", ""Odisha"", ""Puducherry"", ""Punjab"", ""Rajasthan"", ""Sikkim"", ""Tamil Nadu"", ""Telangana"", ""Tripura"", ""Uttar Pradesh"", ""Uttarakhand"", ""West Bengal""]",Pan India,True,,,,,,1998,,584,,,False,9427232353,shahvj_07@rediff.com,False,csv+gemini+scraper,success,0.41,9f3875c6a9040d15bc66,RBI registration number missing — needs manual review,unverified,,ND,True,True,False,False,False,gemini,scraper_verified,scraper_verified,csv_provided,pending_review
966,2026-04-03T04:45:21.224860,2026-04-03T04:45:21.184289,Paul Merchants Finance Private Limited  (Formerly known as Paul Fincap Pvt. Ltd.),NBFC,https://www.paulmerchants.net/paulmerchants/services,,,,False,,"[""Gold Loan""]",Gold Loan,"[""Gold Loan""]","Chandigarh, Chandigarh",Chandigarh,"[""Chandigarh""]",Single State,False,,,,,,1998,,,,,False,18001371444,info@paulmerchants.net,False,csv+gemini+scraper,success,0.39,4cf225bd3b7ebf56fb72,RBI registration number missing — needs manual review,unverified,,ND,False,True,True,False,False,gemini,scraper_verified,scraper_verified,csv_provided,pending_review
967,2026-04-03T04:48:59.206645,2026-04-03T04:48:59.165167,Pavandham Investments & Finance Company Private Limited,NBFC,https://www.pavandhamin.com,,,,False,,"[""Business Loan"", ""Personal Loan"", ""Vehicle Loan""]",Business Loan,"[""Business Loan"", ""Personal Loan"", ""Vehicle Loan""]","Navi Mumbai, Maharashtra",Maharashtra,"[""Maharashtra""]",Single State,False,,B-05.06000,,,,,,,,,False,+919321234567,info@pavandhamin.com,False,csv+gemini,success,0.43,5c6404d74a9e8160696c,,unverified,,ND,False,True,True,False,False,gemini,gemini,gemini_inferred,csv_provided,pending_review
968,2026-04-03T04:49:15.112342,2026-04-03T04:49:15.099332,Payme India Financial Services Private Limited,NBFC,https://www.paymeindia.in,,,,False,,"[""MSME Loan"", ""Micro Loan"", ""Personal Loan"", ""Rural Loan"", ""Working Capital""]",MSME Loan,"[""MSME Loan"", ""Micro Loan"", ""Personal Loan"", ""Rural Loan"", ""Working Capital""]","Sector-62, Noida, Uttar Pradesh",Uttar Pradesh,"[""Delhi"", ""Karnataka"", ""Uttar Pradesh""]",Regional,False,,,,,,2018,,,,,False,01206971400,social@paymeindia.in,False,csv+gemini+scraper,success,0.46,e22f656689fd8f7cc6ee,RBI registration number missing — needs manual review,unverified,,ND,True,True,True,False,False,gemini,scraper_verified,scraper_verified,csv_provided,pending_review
969,2026-04-03T04:49:53.853223,2026-04-03T04:49:53.823443,Peak Mercantiles Pvt. Ltd,NBFC,https://peak-mercantiles-pvt-ltd.charteredone.com/U65993WB1982PTC035174,,,,False,,"[""MSME Loan""]",MSME Loan,"[""MSME Loan""]","Kolkata, West Bengal",West Bengal,"[""West Bengal""]",Single State,False,,EMP-17716909,,,,1982,,,,,False,03322350000,peakmercantiles@gmail.com,False,csv+gemini,success,0.39,24caecbcf8baba6037ed,,unverified,,unknown,False,True,False,False,False,gemini,gemini,gemini_inferred,csv_provided,pending_review
970,2026-04-03T04:50:16.919954,2026-04-03T04:50:16.896481,Perfect Capital Services Limited,NBFC,https://perfectgroup.org,,,,False,,"[""Loan Against Property"", ""Personal Loan"", ""Two Wheeler Loan"", ""Vehicle Loan""]",Loan Against Property,"[""Loan Against Property"", ""Personal Loan"", ""Two Wheeler Loan"", ""Vehicle Loan""]","Delhi, Delhi",Delhi,"[""Delhi""]",Single State,False,,U74899,,,,1994,,,,,False,01147722222,info@perfectgroup.org,False,csv+gemini+scraper,success,0.48,d0c2aba06dca82fc7126,,unverified,,ND,True,True,True,False,False,gemini,scraper_verified,scraper_verified,csv_provided,provisional_lender
971,2026-04-03T04:50:32.315043,2026-04-03T04:50:32.289926,Perfect Homfin Private Limited,NBFC,https://perfecthomfin.in,,,,False,,"[""MSME Loan"", ""Personal Loan"", ""Rural Loan""]",MSME Loan,"[""MSME Loan"", ""Personal Loan"", ""Rural Loan""]","Delhi, Delhi",Delhi,"[""Delhi""]",Single State,False,,N-14.03400,,,,2016,,,,,False,+919810000000,sajalgupta@perfecthomfin.in,False,csv+gemini+scraper,success,0.48,b430002182fba703e9ee,,unverified,,ND,True,True,True,False,False,gemini,scraper_verified,scraper_verified,csv_provided,provisional_lender
972,2026-04-03T04:50:49.052126,2026-04-03T04:50:49.026469,Phillip Finance & Investment Services India Private Limited,NBFC,https://www.phillip.com.sg/global-network,,,1.02,False,,"[""Home Loan"", ""Rural Loan""]",Home Loan,"[""Home Loan"", ""Rural Loan""]","Mumbai, Maharashtra",Maharashtra,"[""Maharashtra""]",Single State,False,,,,,,1995,,,,,False,6565311555,talktophillip@phillip.com.sg,False,csv+gemini+scraper,success,0.39,61e0b2ec54a7b745ce25,RBI registration number missing — needs manual review,unverified,,ND,True,True,True,False,False,gemini,scraper_verified,scraper_verified,csv_provided,pending_review
973,2026-04-03T04:51:22.009448,2026-04-03T04:51:21.982304,Pilani Investment and Industries Corporation Ltd.,NBFC,https://www.pilaniinvestment.com/investor.html,,,100.0,True,PILANIINVT,"[""Rural Loan""]",Rural Loan,"[""Rural Loan""]","Kolkata, West Bengal",West Bengal,"[""West Bengal""]",Single State,False,,,,,,1966,,,,,False,+913322437400,pilani@pilaniinvestment.com,False,csv+gemini+scraper,success,0.38,eb39bc3bb2701fc4dcdf,RBI registration number missing — needs manual review,unverified,,ND,False,True,True,False,False,gemini,gemini,scraper_verified,csv_provided,pending_review
974,2026-04-03T04:52:00.251743,2026-04-03T04:52:00.225796,Piyush Fiscal Ltd,NBFC,https://piyushlimited.in,,,,True,531512,[],,[],"Navi Mumbai, Maharashtra",Maharashtra,"[""Maharashtra""]",Single State,False,,N-14.00001,,,,1983,,,,,False,+912249730000,info@piyushlimited.in,False,csv+gemini,success,0.2,67960417424a3ec62529,primary_loan_segments empty — needs manual review,unverified,,ND,False,True,True,False,False,gemini,gemini,gemini_inferred,csv_provided,pending_review
975,2026-04-03T04:52:30.967150,2026-04-03T04:52:30.943130,Piyush Mercantile Private Limited,NBFC,https://piyushlimited.in,,,,False,,"[""Business Loan"", ""MSME Loan"", ""Personal Loan"", ""Working Capital""]",Business Loan,"[""Business Loan"", ""MSME Loan"", ""Personal Loan"", ""Working Capital""]","Navi Mumbai, Maharashtra",Maharashtra,"[""Maharashtra""]",Single State,False,,N-13.01400,,,,1983,,,,,False,+912227570000,info@piyushlimited.in,False,csv+gemini,success,0.46,544e854b2b736e14b896,,unverified,,ND,False,True,True,False,False,gemini,gemini,gemini_inferred,csv_provided,provisional_lender
976,2026-04-03T04:53:04.974607,2026-04-03T04:53:04.953401,Piyush Securities P Ltd,NBFC,https://piyushlimited.in,,,,True,PIYUSH,"[""Business Loan"", ""MSME Loan"", ""Personal Loan""]",Business Loan,"[""Business Loan"", ""MSME Loan"", ""Personal Loan""]","Navi Mumbai, Maharashtra",Maharashtra,"[""Maharashtra""]",Single State,False,,N-13.01400,,,,1986,,,,,False,+912249730000,info@piyushlimited.in,False,csv+gemini,success,0.46,652f72de7e25c4347175,,unverified,,ND-BL-Small,False,True,True,False,False,gemini,gemini,gemini_inferred,csv_provided,provisional_lender
977,2026-04-03T04:53:34.150624,2026-04-03T04:53:34.139521,Piyush Suppliers Pvt Ltd,NBFC,https://piyushlimited.in,,,,True,531503,"[""Business Loan"", ""MSME Loan"", ""Personal Loan""]",Business Loan,"[""Business Loan"", ""MSME Loan"", ""Personal Loan""]","Navi Mumbai, Maharashtra",Maharashtra,"[""Maharashtra""]",Single State,False,,N-13.01400,,,,1986,,,,,False,+912227570000,info@piyushlimited.in,False,csv+gemini,success,0.46,552d24202301647d2345,,unverified,,ND,False,True,True,False,False,gemini,gemini,gemini_inferred,csv_provided,provisional_lender
978,2026-04-03T04:53:59.278943,2026-04-03T04:53:59.261973,PRABHAT FINANCE PRIVATE LIMITED,NBFC,https://www.prabhatsecuritiesltd.co.in,,,,True,531642,"[""MSME Loan"", ""Rural Loan"", ""Working Capital""]",MSME Loan,"[""MSME Loan"", ""Rural Loan"", ""Working Capital""]","Kanpur, Uttar Pradesh",Uttar Pradesh,"[""Uttar Pradesh""]",Single State,False,,,,,,1994,,,,,False,+915122526347,info@prabhatsecuritiesltd.co.in,False,csv+gemini+scraper,success,0.39,7618dcaeb4176a4a9ede,RBI registration number missing — needs manual review,unverified,,ND,True,True,True,False,False,gemini,scraper_verified,scraper_verified,csv_provided,pending_review
979,2026-04-03T04:54:22.971159,2026-04-03T04:54:22.943933,Prabhat Securities Ltd.,NBFC,https://www.prabhatsecuritiesltd.co.in,,,,False,,"[""MSME Loan"", ""Rural Loan"", ""Working Capital""]",MSME Loan,"[""MSME Loan"", ""Rural Loan"", ""Working Capital""]","Kanpur, Uttar Pradesh",Uttar Pradesh,"[""Uttar Pradesh""]",Single State,False,,,,,,1995,,,,,False,+915122526347,info@prabhatsecuritiesltd.co.in,False,csv+gemini+scraper,success,0.39,9a016c858095e4399292,RBI registration number missing — needs manual review,unverified,,ND,True,True,True,False,False,gemini,scraper_verified,scraper_verified,csv_provided,pending_review
980,2026-04-03T04:54:38.495531,2026-04-03T04:54:38.468031,Prabhu Finsec Pvt. Ltd.,NBFC,https://www.prabhufinsec.com,,,1.01,False,,"[""MSME Loan"", ""Personal Loan""]",MSME Loan,"[""MSME Loan"", ""Personal Loan""]","New Delhi, Delhi",Delhi,"[""Delhi""]",Single State,False,,N-14.03400,,,,2016,,,,,False,+911145050000,info@prabhufinsec.com,False,csv+gemini+scraper,success,0.46,5e79270f790b7b70e968,,unverified,,ND,False,True,True,False,False,gemini,scraper_verified,gemini_inferred,csv_provided,provisional_lender
981,2026-04-03T04:55:18.991878,2026-04-03T04:55:18.937588,Pradakshana Fintech P Limited,NBFC,https://pradakshana.com,,,,False,,"[""Business Loan"", ""MSME Loan"", ""Personal Loan""]",Business Loan,"[""Business Loan"", ""MSME Loan"", ""Personal Loan""]","Hyderabad, Telangana",Telangana,"[""Chhattisgarh"", ""Karnataka"", ""Madhya Pradesh"", ""Maharashtra"", ""Odisha"", ""Tamil Nadu"", ""Telangana""]",Regional,False,,,,,,2021,,30,,,False,+919908664665,info@finbrotech.com,True,csv+gemini+scraper,success,0.41,d381c5316974d6f5f5ef,RBI registration number missing — needs manual review,unverified,,ND,True,True,False,False,False,gemini,scraper_verified,scraper_verified,csv_provided,pending_review
982,2026-04-03T04:56:01.736390,2026-04-03T04:56:01.710388,Prateek Securities Private Ltd.,NBFC,https://prateeksecurities.in,,,,False,,"[""Business Loan"", ""Personal Loan"", ""Supply Chain Finance""]",Business Loan,"[""Business Loan"", ""Personal Loan"", ""Supply Chain Finance""]","New Delhi, Delhi",Delhi,"[""Delhi""]",Single State,False,,U74899,,,,1995,,,,,False,+918447827447,info@prateeksecurities.in,False,csv+gemini+scraper,success,0.48,228acfa8bf6ae1d3ea05,,unverified,,ND,True,True,True,False,False,gemini,scraper_verified,scraper_verified,csv_provided,provisional_lender
983,2026-04-03T04:56:16.883144,2026-04-03T04:56:16.856958,Pratush Commercial (P) Ltd,NBFC,https://pratush-commercial-pvt-ltd.charteredone.com/U67120WB1991PTC051195,,,,False,,"[""MSME Loan""]",MSME Loan,"[""MSME Loan""]","Kolkata, West Bengal",West Bengal,"[""West Bengal""]",Single State,False,,EMP-17716910,,,,1991,,,,,False,,,False,csv+gemini,success,0.27,242c588399d8d7ccc94d,,unverified,,unknown,False,False,False,False,False,gemini,gemini,gemini_inferred,csv_provided,pending_review
984,2026-04-03T04:56:36.738997,2026-04-03T04:56:36.702783,Pravik Finance And Investment Company Private Ltd.,NBFC,https://www.pravikfinance.com,,,,False,,"[""Personal Loan""]",Personal Loan,"[""Personal Loan""]","Mumbai, Maharashtra",Maharashtra,"[""Maharashtra""]",Single State,False,,N-13.02437,,,,2000,,,,,False,+917602495918,info@pravikfinance.com,False,csv+gemini+scraper,success,0.48,88ee4499c37c0b080a97,,unverified,,ND,True,True,True,False,False,gemini,scraper_verified,scraper_verified,csv_provided,provisional_lender
985,2026-04-03T04:57:02.175492,2026-04-03T04:57:02.141969,Premier Credit Capital Ltd,NBFC,https://www.premiercapitalservices.in,,,1.02,False,,"[""Business Loan"", ""Loan Against Property"", ""MSME Loan"", ""Personal Loan"", ""Working Capital""]",Business Loan,"[""Business Loan"", ""Loan Against Property"", ""MSME Loan"", ""Personal Loan"", ""Working Capital""]","Indore, Madhya Pradesh",Madhya Pradesh,"[""Madhya Pradesh""]",Single State,False,,,,,,1983,,,,,False,07314241914,info@premiercapitalservices.in,False,csv+gemini+scraper,success,0.38,cf45c0cb0255f9c8fa4d,RBI registration number missing — needs manual review,unverified,,ND,True,True,True,False,False,gemini,gemini,scraper_verified,csv_provided,pending_review
986,2026-04-03T04:57:46.805618,2026-04-03T04:57:46.781271,Priha Finlease Private Limited,NBFC,https://www.prihafinlease.com,,,,False,,"[""Business Loan"", ""Home Loan"", ""Personal Loan""]",Business Loan,"[""Business Loan"", ""Home Loan"", ""Personal Loan""]","Jaipur, Rajasthan",Rajasthan,"[""Rajasthan""]",Single State,False,,,,,,2000,,,,,False,01414914433,prihafinlease@gmail.com,False,csv+gemini+scraper,success,0.39,0d6264d1ce70fc14de7a,RBI registration number missing — needs manual review,unverified,,ND,True,True,False,False,False,gemini,scraper_verified,scraper_verified,csv_provided,pending_review
987,2026-04-03T04:58:33.478276,2026-04-03T04:58:33.446252,Prime Finvest & Leasing Ltd,NBFC,https://primefinvest.com,,,,False,,"[""MSME Loan"", ""Supply Chain Finance""]",MSME Loan,"[""MSME Loan"", ""Supply Chain Finance""]","Mumbai, Maharashtra",Maharashtra,"[""Maharashtra""]",Single State,False,,,,,,1985,,,,,False,02266994547,info@primefinvest.com,False,csv+gemini+scraper,success,0.38,72872637b15e709f2f98,RBI registration number missing — needs manual review,unverified,,ND,True,True,True,False,False,gemini,gemini,scraper_verified,csv_provided,pending_review
988,2026-04-03T04:59:14.270796,2026-04-03T04:59:14.223903,Progfin Private Limited (Formerly Hytone Holdings Pvt Ltd),NBFC,https://www.progfin.com,,,,False,,"[""MSME Loan"", ""Working Capital""]",MSME Loan,"[""MSME Loan"", ""Working Capital""]","New Delhi, Delhi",Delhi,"[""Delhi""]",Single State,False,,,,,,1995,,,,,False,+911141057911,info@progfin.in,False,csv+gemini+scraper,success,0.39,6955dd994bbc382b7d57,RBI registration number missing — needs manual review,unverified,,ND,True,True,False,False,False,gemini,scraper_verified,scraper_verified,csv_provided,pending_review
989,2026-04-03T04:59:30.644831,2026-04-03T04:59:30.615574,Progressive Finlease Limited,NBFC,https://www.progressivefinlease.in,,,,False,,"[""MSME Loan""]",MSME Loan,"[""MSME Loan""]","Delhi, Delhi",Delhi,"[""Delhi""]",Single State,False,,N-14.02009,,,,1995,,,,,False,+911143010000,info@progressivefinlease.in,False,csv+gemini+scraper,success,0.46,b1bc1e078b1e20849a94,,unverified,,ND,False,True,True,False,False,gemini,scraper_verified,gemini_inferred,csv_provided,provisional_lender
990,2026-04-03T05:01:39.498173,2026-04-03T05:01:39.475551,Prolend Finserve Private Limited,NBFC,http://prolendfinserv.com,,,,False,,"[""Gold Loan"", ""Personal Loan""]",Gold Loan,"[""Gold Loan"", ""Personal Loan""]","New Delhi, Delhi",Delhi,"[""Delhi""]",Single State,False,,,,,,2019,,,,,False,+911141000075,info@prolendfinserv.com,False,csv+gemini,success,0.36,ee8b3728405ca81cbfb3,RBI registration number missing — needs manual review,unverified,,ND,False,True,True,False,False,gemini,gemini,gemini_inferred,csv_provided,pending_review
991,2026-04-03T05:01:59.846427,2026-04-03T05:01:59.816634,Puja Corporation Limited,NBFC,https://www.pujatrades.com,,,1.01,False,,"[""MSME Loan"", ""Personal Loan"", ""Working Capital""]",MSME Loan,"[""MSME Loan"", ""Personal Loan"", ""Working Capital""]","Mumbai, Maharashtra",Maharashtra,"[""Maharashtra""]",Single State,False,,N-13-02142,,,,1997,,,,,False,02240945500,compliance@pujatrades.com,False,csv+gemini+scraper,success,0.49,8fa2885864cabad45a44,,unverified,,ND,True,True,True,False,False,gemini,gemini,scraper_verified,csv_provided,provisional_lender
992,2026-04-03T05:02:15.947227,2026-04-03T05:02:15.917887,Puja Trades & Investments Private Limited,NBFC,https://www.pujatrades.com,,,,False,,"[""Business Loan"", ""MSME Loan"", ""Personal Loan"", ""Working Capital""]",Business Loan,"[""Business Loan"", ""MSME Loan"", ""Personal Loan"", ""Working Capital""]","Mumbai, Maharashtra",Maharashtra,"[""Maharashtra""]",Single State,False,,N-13-02142,,,,1995,,,,,False,02240945500,compliance@pujatrades.com,False,csv+gemini+scraper,success,0.49,e665a6c63f3a0574efda,,unverified,,ND,True,True,True,False,False,gemini,gemini,scraper_verified,csv_provided,provisional_lender
993,2026-04-03T05:02:34.052023,2026-04-03T05:02:34.020812,Pulyanthope Benefit Fund Limited,NBFC,https://www.pulyanthope.com,,,,False,,"[""Gold Loan""]",Gold Loan,"[""Gold Loan""]","Chalakudy, Kerala",Kerala,"[""Kerala"", ""Tamil Nadu""]",Regional,False,,B-07-00747,,,,1997,,,,,False,04802751881,pulyanthope@gmail.com,False,csv+gemini+scraper,success,0.49,fe6b1da899d5e76cbdc5,,unverified,,ND,True,True,False,False,False,gemini,scraper_verified,scraper_verified,csv_provided,provisional_lender
994,2026-04-03T05:03:39.483848,2026-04-03T05:03:39.428073,Purvaja Fincap Private Limited (Formerly Purvaja Investments Private Limited),NBFC,https://www.purvajafin.com,,,1.01,False,,"[""Business Loan"", ""Gold Loan"", ""Micro Loan"", ""Personal Loan"", ""Rural Loan"", ""Vehicle Loan""]",Business Loan,"[""Business Loan"", ""Gold Loan"", ""Micro Loan"", ""Personal Loan"", ""Rural Loan"", ""Vehicle Loan""]","Chennai, Tamil Nadu",Tamil Nadu,"[""Delhi"", ""Tamil Nadu""]",Regional,False,,B-07.00648,,,,1992,,,,,False,+914424460064,info@purvajafin.com,False,csv+gemini+scraper,success,0.48,9a233a3cccaa277878e4,,unverified,,ND,False,True,True,False,False,gemini,scraper_verified,scraper_verified,csv_provided,provisional_lender
995,2026-04-03T05:04:12.473971,2026-04-03T05:04:12.436595,Pyramid Distributors & Sales Pvt Ltd,NBFC,https://www.pyramidfinance.com,,,,False,,"[""Working Capital""]",Working Capital,"[""Working Capital""]","Verna, Goa",Goa,"[""Goa""]",Single State,False,,,,,,1993,,,,,False,+918322783000,info@pyramidfinance.com,False,csv+gemini+scraper,success,0.36,a34ccfe9b77831c9655e,RBI registration number missing — needs manual review,unverified,,ND,False,True,True,False,False,gemini,scraper_verified,gemini_inferred,csv_provided,pending_review
996,2026-04-03T05:06:06.940853,2026-04-03T05:06:06.905443,Pyramid Finserve Private Limited,NBFC,https://www.pyramidfinserve.com,,,,False,,"[""Business Loan"", ""Home Loan"", ""Loan Against Property"", ""Personal Loan"", ""Two Wheeler Loan"", ""Vehicle Loan"", ""Working Capital""]",Business Loan,"[""Business Loan"", ""Home Loan"", ""Loan Against Property"", ""Personal Loan"", ""Two Wheeler Loan"", ""Vehicle Loan"", ""Working Capital""]","Jaipur, Rajasthan",Rajasthan,"[""Rajasthan""]",Single State,False,,EMP-17716910,,,,,,,,,False,919549654110,support@pyramidfinserve.com,False,csv+gemini+scraper,success,0.46,e9aa7779f545722378dd,,unverified,,unknown,False,True,True,False,False,gemini,scraper_verified,scraper_verified,csv_provided,provisional_lender
997,2026-04-03T05:07:05.364894,2026-04-03T05:07:05.343010,"Quick Infin Limited,",NBFC,https://www.quickfinindia.in,,,,False,,"[""Business Loan"", ""Education Loan"", ""Gold Loan"", ""Home Loan"", ""Loan Against Property"", ""MSME Loan"", ""Personal Loan"", ""Vehicle Loan"", ""Working Capital""]",Business Loan,"[""Business Loan"", ""Education Loan"", ""Gold Loan"", ""Home Loan"", ""Loan Against Property"", ""MSME Loan"", ""Personal Loan"", ""Vehicle Loan"", ""Working Capital""]","New Delhi, Delhi",Delhi,"[""Delhi""]",Single State,False,,N-14.03300,,,,1995,,,,,False,+911145050000,info@quickfinindia.in,False,csv+gemini,success,0.46,dd164be2a5e70afd7dbc,,unverified,,ND,False,True,True,False,False,gemini,gemini,gemini_inferred,csv_provided,provisional_lender
998,2026-04-03T05:07:20.737013,2026-04-03T05:07:20.701047,Quick Investment (India)Ltd.,NBFC,https://www.quickcompany.in/articles/non-banking-financial-company-nbfc,,,1.01,False,,"[""Microfinance""]",Microfinance,"[""Microfinance""]","Kolkata, West Bengal",West Bengal,"[""West Bengal""]",Single State,False,,,,,,1982,,,,,False,,,True,csv+gemini,success,0.23,7f17eec5ec323456cb45,RBI registration number missing — needs manual review,unverified,,ND,False,False,False,False,False,gemini,gemini,gemini_inferred,csv_provided,pending_review
999,2026-04-03T05:07:45.042274,2026-04-03T05:07:45.017016,Rachit Capital Services Pvt.Ltd,NBFC,https://rachitfinancialservices.com,,,1.01,False,,"[""Business Loan""]",Business Loan,"[""Business Loan""]","Delhi, Delhi",Delhi,"[""Delhi""]",Single State,False,,U74899,,,,1994,,,,,False,+911145050505,info@rachitfinancialservices.com,False,csv+gemini+scraper,success,0.46,5b1f7a762b991b3a9db4,,unverified,,ND-SI,False,True,True,False,False,gemini,scraper_verified,gemini_inferred,csv_provided,provisional_lender
1000,2026-04-03T05:08:06.390610,2026-04-03T05:08:06.367744,Radhya Micro Finance Private Limited,NBFC,https://radhyafinance.com,1.0,Micro,1.0,False,,"[""MSME Loan"", ""Microfinance"", ""Rural Loan""]",MSME Loan,"[""MSME Loan"", ""Microfinance"", ""Rural Loan""]","Lucknow, Uttar Pradesh",Uttar Pradesh,"[""Uttar Pradesh""]",Single State,False,,N-14.03400,,,,2017,,,,,False,18008905626,info@radhyafinance.com,False,csv+gemini+scraper,success,0.5,643a433a9eac61e83d15,,unverified,,MFI,False,True,True,False,False,gemini,scraper_verified,scraper_verified,csv_provided,provisional_lender
1001,2026-04-03T05:08:50.310154,2026-04-03T05:08:50.276072,Ragini Merchants Pvt Ltd,NBFC,https://raginifin.com,,,,False,,"[""MSME Loan""]",MSME Loan,"[""MSME Loan""]","Kolkata, West Bengal",West Bengal,"[""West Bengal""]",Single State,False,,,,,,1995,,,,,False,+913340010000,raginifinancelimited@gmail.com,False,csv+gemini+scraper,success,0.38,04100f002048b09ffb82,RBI registration number missing — needs manual review,unverified,,ND,False,True,False,False,False,gemini,gemini,scraper_verified,csv_provided,pending_review
1002,2026-04-03T05:09:13.068621,2026-04-03T05:09:13.034092,Rajeev Trading & Holdings (P) Ltd,NBFC,https://carajeev.com/resources/Forms/NBFC_Forms/NBFC_Forms.aspx,,,,False,,"[""Home Loan"", ""Vehicle Loan""]",Home Loan,"[""Home Loan"", ""Vehicle Loan""]","Delhi, Delhi",Delhi,"[""Andhra Pradesh"", ""Bihar"", ""Delhi"", ""Gujarat"", ""Haryana"", ""Karnataka"", ""Maharashtra"", ""Punjab"", ""Rajasthan"", ""Tamil Nadu"", ""Telangana"", ""Uttar Pradesh"", ""West Bengal""]",Regional,False,,,,,,1995,,,,,False,,rajeevtrading@gmail.com,False,csv+gemini+scraper,success,0.32,c6a11f01691cf8322301,RBI registration number missing — needs manual review,unverified,,ND,False,True,False,False,False,gemini,scraper_verified,gemini_inferred,csv_provided,pending_review
1003,2026-04-03T05:09:41.691464,2026-04-03T05:09:41.659557,Rajgarhia Auto Finance (P) Ltd,NBFC,https://ravisagarautofinance.com,,,,False,,"[""Two Wheeler Loan"", ""Vehicle Loan""]",Two Wheeler Loan,"[""Two Wheeler Loan"", ""Vehicle Loan""]","Kolkata, West Bengal",West Bengal,"[""Bihar"", ""Jharkhand"", ""Odisha"", ""West Bengal""]",Regional,False,,,,,,1995,,,,,False,+913340080000,info@ravisagarautofinance.com,False,csv+gemini,success,0.36,9f07627b9fc734b58670,RBI registration number missing — needs manual review,unverified,,ND,False,True,True,False,False,gemini,gemini,gemini_inferred,csv_provided,pending_review
1004,2026-04-03T05:10:15.965944,2026-04-03T05:10:15.934798,Rajput Leasing And Finance Limited,NBFC,https://www.rajputfintsech.com,,,1.02,False,,"[""Business Loan"", ""MSME Loan"", ""Personal Loan"", ""Working Capital""]",Business Loan,"[""Business Loan"", ""MSME Loan"", ""Personal Loan"", ""Working Capital""]","Malout, Punjab",Punjab,"[""Punjab""]",Single State,False,,U65921,,,,2012,,,,,False,+911637260000,info@rajputfintsech.com,False,csv+gemini,success,0.46,2d437b2d3740fc14c758,,unverified,,ND,False,True,True,False,False,gemini,gemini,gemini_inferred,csv_provided,provisional_lender
1005,2026-04-03T05:10:31.404199,2026-04-03T05:10:31.369429,Rajsi Infin Consultants Pvt. Ltd.,NBFC,https://www.rajsiinfin.com,,,1.02,False,,"[""Business Loan"", ""Loan Against Property"", ""Personal Loan"", ""Working Capital""]",Business Loan,"[""Business Loan"", ""Loan Against Property"", ""Personal Loan"", ""Working Capital""]","Delhi, Delhi",Delhi,"[""Delhi""]",Single State,False,,,,,,2017,,,,,False,+918808358808,,False,csv+gemini+scraper,success,0.33,cf979fbdeb60b1e5677c,RBI registration number missing — needs manual review,unverified,,ND,True,False,False,False,False,gemini,scraper_verified,scraper_verified,csv_provided,pending_review
1006,2026-04-03T05:10:51.605063,2026-04-03T05:10:51.579292,Raju Investments Pvt. Ltd.,NBFC,https://venkatarajuinvestments.com/blogs,,,,False,,"[""Education Loan"", ""MSME Loan"", ""Rural Loan""]",Education Loan,"[""Education Loan"", ""MSME Loan"", ""Rural Loan""]","Kothagudem, Telangana",Telangana,"[""Telangana""]",Single State,False,,EMP-17716911,,,,2023,,,,,False,9703590975,licvenkatarajupusaa@gmail.com,False,csv+gemini+scraper,success,0.49,e75396eba8fb203e1061,,unverified,,unknown,True,True,False,False,False,gemini,scraper_verified,scraper_verified,csv_provided,provisional_lender
1007,2026-04-03T05:11:32.356711,2026-04-03T05:11:32.314951,Ramesham Securities & Credit ( India) Limited,NBFC,https://rameshamsecurities.com,,,0.1,True,RAMESHAM,[],,[],"Delhi, Delhi",Delhi,"[""Delhi""]",Single State,False,,U65100,,,,1984,,,,,False,+911143010092,info@rameshamsecurities.com,False,csv+gemini+scraper,success,0.2,bc86b1646c7d90a2567d,primary_loan_segments empty — needs manual review,unverified,,ND-BL-Small,False,True,True,False,False,gemini,scraper_verified,gemini_inferred,csv_provided,pending_review
1008,2026-04-03T05:12:16.894256,2026-04-03T05:12:16.860498,Randar Business (P) Ltd,NBFC,https://randarca.com,,,,False,,"[""Home Loan"", ""Vehicle Loan""]",Home Loan,"[""Home Loan"", ""Vehicle Loan""]","Delhi, Delhi",Delhi,"[""Andhra Pradesh"", ""Bihar"", ""Delhi"", ""Gujarat"", ""Haryana"", ""Karnataka"", ""Maharashtra"", ""Punjab"", ""Rajasthan"", ""Tamil Nadu"", ""Telangana"", ""Uttar Pradesh"", ""West Bengal""]",Regional,False,,,,,,2017,,,,,False,+919145770000,admin@javiinfratech.com,False,csv+gemini+scraper,success,0.39,0c6f55dbfee998adf6a2,RBI registration number missing — needs manual review,unverified,,unknown,True,True,False,False,False,gemini,scraper_verified,scraper_verified,csv_provided,pending_review
1009,2026-04-03T05:12:55.137955,2026-04-03T05:12:55.106200,Rander Corporation Limited,NBFC,https://randergroup.com,,,,False,,"[""Business Loan""]",Business Loan,"[""Business Loan""]","Navi Mumbai, Maharashtra",Maharashtra,"[""Maharashtra""]",Single State,False,,,,,,1995,,,,,False,+912227880000,info@randergroup.com,False,csv+gemini+scraper,success,0.38,1a8a803166b19e0855a5,RBI registration number missing — needs manual review,unverified,,ND,False,True,True,False,False,gemini,scraper_verified,scraper_verified,csv_provided,pending_review
1010,2026-04-03T05:13:30.819090,2026-04-03T05:13:30.808798,Rang De P2P Financial Services Limited,NBFC,https://rangde.in,,,,False,,"[""Agriculture Loan"", ""Business Loan"", ""Credit Card"", ""Education Loan"", ""MSME Loan"", ""Micro Loan""]",Agriculture Loan,"[""Agriculture Loan"", ""Business Loan"", ""Credit Card"", ""Education Loan"", ""MSME Loan"", ""Micro Loan""]","Bengaluru, Karnataka",Karnataka,"[""Karnataka""]",Single State,False,,,,,,2008,,,,,False,+918042756643,,True,csv+gemini+scraper,success,0.33,5d78cf3df05bbd36d070,RBI registration number missing — needs manual review,unverified,,P2P,True,False,False,False,False,gemini,scraper_verified,scraper_verified,csv_provided,pending_review
1011,2026-04-03T05:13:46.649584,2026-04-03T05:13:46.625653,Rani Leasings & Finance Private Limited,NBFC,https://rani-leasings-and-finance-private-limited.charteredone.com/U65921WB1990PTC049236,,,,False,,"[""MSME Loan""]",MSME Loan,"[""MSME Loan""]","Kolkata, West Bengal",West Bengal,"[""West Bengal""]",Single State,False,,EMP-17716911,,,,1990,,,,,False,,,False,csv+gemini,success,0.27,22c4e0576928d3e5e589,,unverified,,ND,False,False,False,False,False,gemini,gemini,gemini_inferred,csv_provided,pending_review
1012,2026-04-03T05:14:11.636329,2026-04-03T05:14:11.604738,Ranisati Constructions Co Pvt Ltd,NBFC,https://shreeranisati.com,,,,False,,"[""Rural Loan""]",Rural Loan,"[""Rural Loan""]","Navi Mumbai, Maharashtra",Maharashtra,"[""Maharashtra""]",Single State,False,,,,,,1992,,,,,False,02267444200,info@shreeranisati.com,False,csv+gemini+scraper,success,0.38,aed1c431eb248e51be66,RBI registration number missing — needs manual review,unverified,,ND,True,True,True,False,False,gemini,gemini,scraper_verified,csv_provided,pending_review
1013,2026-04-03T05:14:35.138713,2026-04-03T05:14:35.099587,Ranisati Mercantiles Pvt. Ltd,NBFC,https://shreeranisati.com,,,,False,,"[""Rural Loan""]",Rural Loan,"[""Rural Loan""]","Navi Mumbai, Maharashtra",Maharashtra,"[""Maharashtra""]",Single State,False,,,,,,1998,,,,,False,02267444200,info@shreeranisati.com,False,csv+gemini+scraper,success,0.38,24e4b9dbc583194164b2,RBI registration number missing — needs manual review,unverified,,ND,True,True,True,False,False,gemini,gemini,scraper_verified,csv_provided,pending_review
1014,2026-04-03T05:14:58.580755,2026-04-03T05:14:58.552909,Ranisati Niryat (P) Ltd,NBFC,https://shreeranisati.com,,,,False,,"[""Rural Loan""]",Rural Loan,"[""Rural Loan""]","Mumbai, Maharashtra",Maharashtra,"[""Maharashtra""]",Single State,False,,,,,,1995,,,,,False,02267444200,info@shreeranisati.com,False,csv+gemini+scraper,success,0.38,d46c77bf0b34de544aca,RBI registration number missing — needs manual review,unverified,,unknown,True,True,True,False,False,gemini,gemini,scraper_verified,csv_provided,pending_review
1015,2026-04-03T05:15:21.546526,2026-04-03T05:15:21.499395,Ranisati Properties Private Limited (Earlier known as Ranisati Properties Limited),NBFC,https://shreeranisati.com,,,,False,,"[""Rural Loan""]",Rural Loan,"[""Rural Loan""]","New Delhi, Delhi",Delhi,"[""Delhi""]",Single State,False,,,,,,,,,,,False,02267444200,info@shreeranisati.com,False,csv+gemini+scraper,success,0.35,ac953628bcdf321481f8,RBI registration number missing — needs manual review,unverified,,ND,True,True,True,False,False,gemini,gemini,scraper_verified,csv_provided,pending_review
1016,2026-04-03T05:16:18.853957,2026-04-03T05:16:18.828005,Ranks Fiscals (P) Ltd.,NBFC,https://ranks-fiscals-pvt-ltd.charteredone.com/U65921WB1995PTC067607,,,,False,,"[""MSME Loan""]",MSME Loan,"[""MSME Loan""]",West Bengal,West Bengal,"[""West Bengal""]",Single State,False,,EMP-17716911,,,,1995,,,,,False,,,False,csv+gemini,success,0.27,2c42499b5752f573f624,,unverified,,unknown,False,False,False,False,False,gemini,gemini,gemini_inferred,csv_provided,pending_review
1017,2026-04-03T05:16:35.460305,2026-04-03T05:16:35.419226,Ranni General Finance & Hire Purchase Ltd.,NBFC,https://rannigeneralfinance.com,,,,False,,"[""Vehicle Loan""]",Vehicle Loan,"[""Vehicle Loan""]","Ranni, Kerala",Kerala,"[""Kerala""]",Single State,False,,B-16.00120,,,,1984,,,,,False,9447270396,dnbsthiro@rbi.org.in,True,csv+gemini+scraper,success,0.49,e8201e9dd930425c0aa4,,unverified,,ND,True,True,False,False,False,gemini,scraper_verified,scraper_verified,csv_provided,provisional_lender
1018,2026-04-03T05:17:01.214677,2026-04-03T05:17:01.178241,Rasalika Trading & Investment Company Pvt.Ltd.,NBFC,https://company.vakilsearch.com/rasalika-trading-and-investment-company-private-limited/U74899DL1987PTC028059,,,,False,,"[""Home Loan""]",Home Loan,"[""Home Loan""]","Delhi, Delhi",Delhi,"[""Delhi"", ""Tamil Nadu""]",Regional,False,,,,,,1987,,,,,False,,ratanlakhotia@hotmail.com,False,csv+gemini+scraper,success,0.33,bf8c5784dd41d9997e69,RBI registration number missing — needs manual review,unverified,,unknown,False,True,False,False,False,gemini,scraper_verified,scraper_verified,csv_provided,pending_review
1019,2026-04-03T05:17:24.892126,2026-04-03T05:17:24.858167,Rashmi Commercial Co Ltd,NBFC,https://www.rashmigroup.com/instant-loan-online-177,,,,False,,"[""Personal Loan"", ""Rural Loan"", ""Vehicle Loan""]",Personal Loan,"[""Personal Loan"", ""Rural Loan"", ""Vehicle Loan""]","Kolkata, West Bengal",West Bengal,"[""West Bengal""]",Single State,False,,,,,,1982,,,,,False,+913340000000,info@rashmigroup.com,False,csv+gemini+scraper,success,0.38,4bc25507bfae69f0b564,RBI registration number missing — needs manual review,unverified,,ND,False,True,True,False,False,gemini,scraper_verified,scraper_verified,csv_provided,pending_review
1020,2026-04-03T05:17:46.108387,2026-04-03T05:17:46.066933,Rashmi Properties & Investments Ltd,NBFC,https://www.rashmigroup.com,,,1.02,False,,"[""Personal Loan"", ""Rural Loan"", ""Vehicle Loan""]",Personal Loan,"[""Personal Loan"", ""Rural Loan"", ""Vehicle Loan""]","Kolkata, West Bengal",West Bengal,"[""West Bengal""]",Single State,False,,,,,,1994,,,,,False,+913340000000,info@rashmigroup.com,False,csv+gemini+scraper,success,0.38,986d8839a2b33ce071bd,RBI registration number missing — needs manual review,unverified,,ND,False,True,True,False,False,gemini,scraper_verified,scraper_verified,csv_provided,pending_review
1021,2026-04-03T05:18:05.349995,2026-04-03T05:18:05.332479,Rathi Financial Services Ltd,NBFC,https://www.rathi.com/grp/index.php,,,,False,,"[""Business Loan"", ""Loan Against Property"", ""Working Capital""]",Business Loan,"[""Business Loan"", ""Loan Against Property"", ""Working Capital""]","Mumbai, Maharashtra",Maharashtra,"[""Andhra Pradesh"", ""Assam"", ""Bihar"", ""Chandigarh"", ""Chhattisgarh"", ""Delhi"", ""Goa"", ""Gujarat"", ""Haryana"", ""Himachal Pradesh"", ""Jammu & Kashmir"", ""Jharkhand"", ""Karnataka"", ""Kerala"", ""Madhya Pradesh"", ""Maharashtra"", ""Odisha"", ""Punjab"", ""Rajasthan"", ""Tamil Nadu"", ""Telangana"", ""Uttar Pradesh"", ""Uttarakhand"", ""West Bengal""]",Regional,False,,,,,,1998,,,,,False,+912262817000,customercare@anandrathi.com,False,csv+gemini,success,0.36,fe4446bf0c8d35d59981,RBI registration number missing — needs manual review,unverified,,ND,False,True,False,False,False,gemini,gemini,gemini_inferred,csv_provided,pending_review
1022,2026-04-03T05:18:50.034819,2026-04-03T05:18:50.011427,Ravisagar Auto Finance Private Limited,NBFC,https://ravisagarautofinance.com,,,,False,,"[""Two Wheeler Loan"", ""Vehicle Loan""]",Two Wheeler Loan,"[""Two Wheeler Loan"", ""Vehicle Loan""]","Solapur, Maharashtra",Maharashtra,"[""Maharashtra""]",Single State,False,,,,,,1995,,,,,False,+912172329840,info@ravisagarautofinance.com,False,csv+gemini+scraper,success,0.39,5d2656ff05ccd75dfe46,RBI registration number missing — needs manual review,unverified,,ND,True,True,True,False,False,gemini,gemini,scraper_verified,csv_provided,pending_review
1023,2026-04-03T05:19:28.570307,2026-04-03T05:19:28.536897,Apollo Trading and Finance Private Limited,NBFC,https://www.apollofinvest.com,,,,False,,"[""Personal Loan""]",Personal Loan,"[""Personal Loan""]","Navi Mumbai, Maharashtra",Maharashtra,"[""Maharashtra""]",Single State,False,,,,,,1985,,,,,False,,,False,csv+gemini+scraper,success,0.23,8be47e33db0bb4860b2a,RBI registration number missing — needs manual review,unverified,,ND,False,False,False,False,False,gemini,scraper_verified,gemini_inferred,csv_provided,pending_review
1024,2026-04-03T05:19:41.048720,2026-04-03T05:19:41.023215,Redux Credit Finance Private Limited,NBFC,https://www.reduxfinance.org/grievance,,,,False,,"[""MSME Loan"", ""Personal Loan""]",MSME Loan,"[""MSME Loan"", ""Personal Loan""]","Delhi, Delhi",Delhi,"[""Delhi""]",Single State,False,,N-14.03400,,,,2019,,,,,False,01171156232,dnbsmro@rbi.org.in,False,csv+gemini+scraper,success,0.49,c26adf05d8ba06d3fc06,,unverified,,ND,True,True,False,False,False,gemini,scraper_verified,scraper_verified,csv_provided,provisional_lender
1025,2026-04-03T05:20:07.794703,2026-04-03T05:20:07.764891,Regent Finlease Private Limited,NBFC,https://rgfinlease.com,,,,False,,"[""Business Loan"", ""MSME Loan"", ""Personal Loan"", ""Working Capital""]",Business Loan,"[""Business Loan"", ""MSME Loan"", ""Personal Loan"", ""Working Capital""]","Noida, Uttar Pradesh",Uttar Pradesh,"[""Delhi"", ""Madhya Pradesh"", ""Punjab"", ""Rajasthan"", ""Uttar Pradesh""]",Regional,False,,,,,,2017,,,,,False,+919719804888,info@rgfinlease.com,False,csv+gemini+scraper,success,0.38,73238ccf8df092bdc8cc,RBI registration number missing — needs manual review,unverified,,ND,True,True,True,False,False,gemini,scraper_verified,scraper_verified,csv_provided,pending_review
1026,2026-04-03T05:20:38.479602,2026-04-03T05:20:38.456983,Religare Enterprises Limited,NBFC,https://www.religare.com/business,,,1200.0,True,RELIGARE,"[""Rural Loan""]",Rural Loan,"[""Rural Loan""]","New Delhi, Delhi",Delhi,"[""Delhi""]",Single State,False,,,,,,1984,,,,,False,+911144725676,info@religare.com,False,csv+gemini+scraper,success,0.41,158965b99da000a9fe17,RBI registration number missing — needs manual review,unverified,,unknown,True,True,True,False,False,gemini,scraper_verified,scraper_verified,csv_provided,pending_review
1027,2026-04-03T05:21:05.248799,2026-04-03T05:21:05.237213,Repco Micro Finance Limited,NBFC,https://www.repcomicrofin.co.in,1900.0,Small,300.0,False,,"[""MSME Loan"", ""Microfinance""]",MSME Loan,"[""MSME Loan"", ""Microfinance""]","Chennai, Tamil Nadu",Tamil Nadu,"[""Andhra Pradesh"", ""Tamil Nadu""]",Regional,False,,,,,,2007,1000,,,,False,18004195177,helpdesk@repcomicrofin.co.in,True,csv+gemini+scraper,success,0.44,1021a65a8006582b7c46,RBI registration number missing — needs manual review,unverified,,MFI,False,True,True,False,False,gemini,scraper_verified,scraper_verified,csv_provided,pending_review
1028,2026-04-03T05:21:17.194613,2026-04-03T05:21:17.177090,Rexcin Finance Pvt. Ltd.,NBFC,https://rexcinfin.com,,,,False,,"[""MSME Loan""]",MSME Loan,"[""MSME Loan""]",,,"[""Delhi""]",Single State,False,,,,,,,,,,,False,+918105539591,,False,csv+gemini+scraper,success,0.24,138dc4983edd48067c5a,RBI registration number missing — needs manual review,unverified,,ND,True,False,False,False,False,gemini,scraper_verified,scraper_verified,csv_provided,pending_review
1029,2026-04-03T05:21:39.505145,2026-04-03T05:21:39.481414,Rgg Vyapaar Pvt Ltd,NBFC,https://storrosevyapaar.com,,,,False,,"[""Personal Loan"", ""Rural Loan""]",Personal Loan,"[""Personal Loan"", ""Rural Loan""]","Kolkata, West Bengal",West Bengal,"[""Andaman and Nicobar Islands"", ""Andhra Pradesh"", ""Arunachal Pradesh"", ""Assam"", ""Bihar"", ""Chandigarh"", ""Chhattisgarh"", ""Goa"", ""Gujarat"", ""Haryana"", ""Himachal Pradesh"", ""Jharkhand"", ""Karnataka"", ""Kerala"", ""Ladakh"", ""Lakshadweep"", ""Madhya Pradesh"", ""Maharashtra"", ""Manipur"", ""Meghalaya"", ""Mizoram"", ""Nagaland"", ""Odisha"", ""Puducherry"", ""Punjab"", ""Rajasthan"", ""Sikkim"", ""Tamil Nadu"", ""Telangana"", ""Tripura"", ""Uttar Pradesh"", ""Uttarakhand"", ""West Bengal""]",Pan India,False,,B-05.04197,,,,2010,,,,,False,18001023108,support@storrosevyapar.com,False,csv+gemini+scraper,success,0.51,547795eb0ffcd88e6abd,,unverified,,ND,False,True,False,False,False,gemini,scraper_verified,scraper_verified,csv_provided,provisional_lender
1030,2026-04-03T05:22:04.354370,2026-04-03T05:22:04.326035,Richa Holdings Limited,NBFC,https://richaholdings.com,,,,True,,"[""Microfinance"", ""Working Capital""]",Microfinance,"[""Microfinance"", ""Working Capital""]","Kolkata, West Bengal",West Bengal,"[""West Bengal""]",Single State,False,,,,,,1995,,,,,False,+913322370000,help.rhl@gmail.com,False,csv+gemini+scraper,success,0.38,4b7f8559bfa38334f76a,RBI registration number missing — needs manual review,unverified,,ND,False,True,False,False,False,gemini,gemini,scraper_verified,csv_provided,pending_review
1031,2026-04-03T05:22:30.156237,2026-04-03T05:22:30.135851,Richcredit Finance Private Limited,NBFC,https://www.richcredit.in,,,,False,,"[""Business Loan"", ""MSME Loan"", ""Personal Loan"", ""Rural Loan"", ""Working Capital""]",Business Loan,"[""Business Loan"", ""MSME Loan"", ""Personal Loan"", ""Rural Loan"", ""Working Capital""]","New Delhi, Delhi",Delhi,"[""Delhi""]",Single State,False,,,,,,2019,,,,,False,7303923702,info@richcredit.in,True,csv+gemini+scraper,success,0.39,20b367856d4f191aed68,RBI registration number missing — needs manual review,unverified,,ND,True,True,True,False,False,gemini,scraper_verified,scraper_verified,csv_provided,pending_review
1032,2026-04-03T05:23:06.535762,2026-04-03T05:23:06.506193,Riddhi Securities Limited,NBFC,https://riddhifinserv.com,,,,False,,"[""Business Loan"", ""Home Loan"", ""Personal Loan"", ""Rural Loan"", ""Vehicle Loan""]",Business Loan,"[""Business Loan"", ""Home Loan"", ""Personal Loan"", ""Rural Loan"", ""Vehicle Loan""]","Mumbai, Maharashtra",Maharashtra,"[""Maharashtra""]",Single State,False,,N-13.02437,,,,2004,,,,,False,+180045647823,info@riddhifinserv.com,False,csv+gemini+scraper,success,0.48,7330ff95d6adc9165998,,unverified,,ND,False,True,True,False,False,gemini,gemini,scraper_verified,csv_provided,provisional_lender
1033,2026-04-03T05:23:25.064033,2026-04-03T05:23:25.022725,Rishikesh Hire Purchase And Leasing Company Private Limited,NBFC,https://company.vakilsearch.com/rishike-hire-purchase-leasing-company-private-limited/U65921WB1995PTC137280,,,,False,,"[""Home Loan""]",Home Loan,"[""Home Loan""]","Kolkata, West Bengal",West Bengal,"[""Delhi"", ""Tamil Nadu"", ""West Bengal""]",Regional,False,,,,,,1995,,,,,False,,rishikeshhire10001@gmail.com,False,csv+gemini+scraper,success,0.33,33fb20ebe8a9a2c9e9d6,RBI registration number missing — needs manual review,unverified,,unknown,False,True,False,False,False,gemini,scraper_verified,scraper_verified,csv_provided,pending_review
1034,2026-04-03T05:23:51.287268,2026-04-03T05:23:51.257002,Rita Finance And Leasing Limited,NBFC,https://www.ritafinance.in,,,,True,RITAFIN,"[""MSME Loan"", ""Rural Loan""]",MSME Loan,"[""MSME Loan"", ""Rural Loan""]","Delhi, Delhi",Delhi,"[""Delhi""]",Single State,False,,,,,,1986,,,,,False,+919810260127,ritaholdingsltd@gmail.com,False,csv+gemini+scraper,success,0.39,fe48e150148a1f45e3f8,RBI registration number missing — needs manual review,unverified,,ND-BL-Small,True,True,False,False,False,gemini,scraper_verified,scraper_verified,csv_provided,pending_review
1035,2026-04-03T05:24:05.510633,2026-04-03T05:24:05.486889,Ritwik Finance Enterprises (P) Ltd,NBFC,https://www.ritwikfinance.com/index.htm,,,,False,,"[""Business Loan"", ""Home Loan"", ""MSME Loan"", ""Personal Loan"", ""Vehicle Loan""]",Business Loan,"[""Business Loan"", ""Home Loan"", ""MSME Loan"", ""Personal Loan"", ""Vehicle Loan""]","Jaipur, Rajasthan",Rajasthan,"[""Rajasthan""]",Single State,False,,N-10.00001,,,,1985,,14,,,False,18008891512,info@ritwikfinance.com,False,csv+gemini+scraper,success,0.51,20c6dda44535912816e8,,unverified,,ND,False,True,True,False,False,gemini,scraper_verified,scraper_verified,csv_provided,provisional_lender
1036,2026-04-03T05:24:40.083291,2026-04-03T05:24:40.058406,RKG Finvest Ltd.,NBFC,https://rkgfinvest.com,,,,False,,"[""Education Loan"", ""Personal Loan""]",Education Loan,"[""Education Loan"", ""Personal Loan""]","Delhi, Delhi",Delhi,"[""Delhi""]",Single State,False,,,,,,1995,,,,,False,+911147000000,info@rkgfinvest.com,False,csv+gemini+scraper,success,0.38,c8da13215620fc0a1d62,RBI registration number missing — needs manual review,unverified,,ND,False,True,True,False,False,gemini,scraper_verified,scraper_verified,csv_provided,pending_review
1037,2026-04-03T05:25:10.536532,2026-04-03T05:25:10.508620,Rockland Finstock Limited,NBFC,https://www.rocklandfinstock.com,,,,False,,"[""MSME Loan"", ""Personal Loan"", ""Vehicle Loan""]",MSME Loan,"[""MSME Loan"", ""Personal Loan"", ""Vehicle Loan""]","Gurugram, Haryana",Haryana,"[""Delhi"", ""Haryana""]",Regional,False,,,,,,2018,,,,,False,+917011600038,info@rocklandfinstock.com,False,csv+gemini+scraper,success,0.38,ed830c24d6ea2869abac,RBI registration number missing — needs manual review,unverified,,ND,True,True,True,False,False,gemini,scraper_verified,scraper_verified,csv_provided,pending_review
1038,2026-04-03T05:25:44.566370,2026-04-03T05:25:44.531337,Rohan Techno Commercial Pvt Ltd,NBFC,https://www.arohan.in,5700.0,Mid,1390.0,False,,"[""Business Loan"", ""MSME Loan"", ""Micro Loan"", ""Microfinance"", ""Rural Loan""]",Business Loan,"[""Business Loan"", ""MSME Loan"", ""Micro Loan"", ""Microfinance"", ""Rural Loan""]","Mumbai, Maharashtra",Maharashtra,"[""Andaman and Nicobar Islands"", ""Andhra Pradesh"", ""Arunachal Pradesh"", ""Assam"", ""Bihar"", ""Chandigarh"", ""Chhattisgarh"", ""Dadra and Nagar Haveli"", ""Delhi"", ""Goa"", ""Gujarat"", ""Haryana"", ""Himachal Pradesh"", ""Jammu & Kashmir"", ""Jharkhand"", ""Karnataka"", ""Kerala"", ""Ladakh"", ""Lakshadweep"", ""Madhya Pradesh"", ""Maharashtra"", ""Manipur"", ""Meghalaya"", ""Mizoram"", ""Nagaland"", ""Odisha"", ""Puducherry"", ""Punjab"", ""Rajasthan"", ""Sikkim"", ""Tamil Nadu"", ""Telangana"", ""Tripura"", ""Uttar Pradesh"", ""Uttarakhand"", ""West Bengal""]",Pan India,True,,,,,,2006,17000,1102,,,False,+913340150000,customercare@arohan.in,False,csv+gemini,success,0.43,2d66fee51553baaa4fc9,RBI registration number missing — needs manual review,unverified,,MFI,False,True,True,False,False,gemini,gemini,gemini_inferred,csv_provided,pending_review
1039,2026-04-03T05:26:25.359556,2026-04-03T05:26:25.330341,Rosy Commercial (P) Ltd,NBFC,https://rosyjaiswal.com,,,,False,,"[""Credit Card"", ""Gold Loan"", ""Home Loan"", ""MSME Loan"", ""Vehicle Loan""]",Credit Card,"[""Credit Card"", ""Gold Loan"", ""Home Loan"", ""MSME Loan"", ""Vehicle Loan""]","Kolkata, West Bengal",West Bengal,"[""Andaman and Nicobar Islands"", ""Andhra Pradesh"", ""Arunachal Pradesh"", ""Assam"", ""Bihar"", ""Chandigarh"", ""Chhattisgarh"", ""Dadra and Nagar Haveli"", ""Delhi"", ""Goa"", ""Gujarat"", ""Haryana"", ""Himachal Pradesh"", ""Jharkhand"", ""Karnataka"", ""Kerala"", ""Ladakh"", ""Lakshadweep"", ""Madhya Pradesh"", ""Maharashtra"", ""Manipur"", ""Meghalaya"", ""Mizoram"", ""Nagaland"", ""Odisha"", ""Puducherry"", ""Punjab"", ""Rajasthan"", ""Sikkim"", ""Tamil Nadu"", ""Telangana"", ""Tripura"", ""Uttar Pradesh"", ""Uttarakhand"", ""West Bengal""]",Pan India,False,,,,,,2003,,,,,False,+919830033333,info@rosyjaiswal.com,False,csv+gemini+scraper,success,0.36,2162a947351893aaa3ea,RBI registration number missing — needs manual review,unverified,,ND,False,True,True,False,False,gemini,scraper_verified,gemini_inferred,csv_provided,pending_review
1040,2026-04-03T05:26:40.392201,2026-04-03T05:26:40.376205,Rover Finance Limited,NBFC,https://roverfinance.in,,,,False,,"[""Business Loan"", ""MSME Loan"", ""Personal Loan""]",Business Loan,"[""Business Loan"", ""MSME Loan"", ""Personal Loan""]","New Delhi, Delhi",Delhi,"[""Delhi""]",Single State,False,,,,,,1995,,,,,False,+911145050000,info@roverfinance.in,True,csv+gemini,success,0.36,a2785d61f648cb5addaf,RBI registration number missing — needs manual review,unverified,,ND,False,True,True,False,False,gemini,gemini,gemini_inferred,csv_provided,pending_review
1041,2026-04-03T05:27:04.122694,2026-04-03T05:27:04.094430,Royal Instalments Limited,NBFC,https://royalsec.in/interest_rate_policy.php,,,,False,,"[""MSME Loan""]",MSME Loan,"[""MSME Loan""]","Kolkata, West Bengal",West Bengal,"[""West Bengal""]",Single State,False,,,,,,1982,,,,,False,,,False,csv+gemini+scraper,success,0.23,b90876917dc4e26071ce,RBI registration number missing — needs manual review,unverified,,ND,False,False,False,False,False,gemini,scraper_verified,gemini_inferred,csv_provided,pending_review
1042,2026-04-03T05:27:32.209835,2026-04-03T05:27:32.195010,Royal Securities  Ltd.,NBFC,https://royalsec.in,,,,False,,"[""Credit Card"", ""Personal Loan""]",Credit Card,"[""Credit Card"", ""Personal Loan""]","Kolkata, West Bengal",West Bengal,"[""West Bengal""]",Single State,False,,,,,,1994,,,,,False,,info@royalsec.in,False,csv+gemini+scraper,success,0.32,c548bab797c3e9ddc06d,RBI registration number missing — needs manual review,unverified,,ND,False,True,True,False,False,gemini,scraper_verified,gemini_inferred,csv_provided,pending_review
1043,2026-04-03T05:27:51.925652,2026-04-03T05:27:51.896849,RRB Securities Ltd.,NBFC,https://rrb.iitk.ac.in/sathee-railway-exams/student-corner/general-knowledge/indian-economy/non-banking-financial-companies,,,,False,,"[""MSME Loan"", ""Microfinance"", ""Rural Loan""]",MSME Loan,"[""MSME Loan"", ""Microfinance"", ""Rural Loan""]",,,[],Single State,False,,,,,,,,,,,False,,sathee@iitk.ac.in,False,csv+gemini+scraper,success,0.2,ae97d208ed30e64dc6e6,RBI registration number missing — needs manual review,unverified,,unknown,False,True,False,False,False,gemini,gemini,scraper_verified,csv_provided,pending_review
1044,2026-04-03T05:28:16.811145,2026-04-03T05:28:16.796885,RSD Finance Ltd,NBFC,https://www.rsdfinancelimited.com,,,,False,,"[""Rural Loan""]",Rural Loan,"[""Rural Loan""]","Kolkata, West Bengal",West Bengal,"[""West Bengal""]",Single State,False,,,,,,1963,,,,,False,+913322378000,rsdfinance@gmail.com,False,csv+gemini,success,0.36,ed9b8da471ee8ac85dd5,RBI registration number missing — needs manual review,unverified,,IC,False,True,False,False,False,gemini,gemini,gemini_inferred,csv_provided,pending_review
1045,2026-04-03T05:28:46.264650,2026-04-03T05:28:46.244672,Ruloans Financial Services Pvt Ltd,NBFC,https://www.ruloans.com,,,,False,,"[""Business Loan"", ""Credit Card"", ""Education Loan"", ""Gold Loan"", ""Home Loan"", ""Loan Against Property"", ""Personal Loan""]",Business Loan,"[""Business Loan"", ""Credit Card"", ""Education Loan"", ""Gold Loan"", ""Home Loan"", ""Loan Against Property"", ""Personal Loan""]","Andheri East, Maharashtra",Maharashtra,"[""Andaman and Nicobar Islands"", ""Andhra Pradesh"", ""Arunachal Pradesh"", ""Assam"", ""Bihar"", ""Chandigarh"", ""Chhattisgarh"", ""Dadra and Nagar Haveli"", ""Delhi"", ""Goa"", ""Gujarat"", ""Haryana"", ""Himachal Pradesh"", ""Jammu & Kashmir"", ""Jharkhand"", ""Karnataka"", ""Kerala"", ""Ladakh"", ""Lakshadweep"", ""Madhya Pradesh"", ""Maharashtra"", ""Manipur"", ""Meghalaya"", ""Mizoram"", ""Nagaland"", ""Odisha"", ""Puducherry"", ""Punjab"", ""Rajasthan"", ""Sikkim"", ""Tamil Nadu"", ""Telangana"", ""Tripura"", ""Uttar Pradesh"", ""Uttarakhand"", ""West Bengal""]",Pan India,True,,,,,,2011,,,,,False,+919029059005,info@ruloans.com,False,csv+gemini+scraper,success,0.39,bf45da3aab891e659647,RBI registration number missing — needs manual review,unverified,,unknown,True,True,True,False,True,gemini,gemini,scraper_verified,csv_provided,pending_review
1046,2026-04-03T05:29:02.351445,2026-04-03T05:29:02.314046,Rupantar Investments Pvt Ltd,NBFC,https://rupantar-investments-private-limited.charteredone.com/U65192WB2007PTC112450,,,,False,,"[""Home Loan"", ""MSME Loan""]",Home Loan,"[""Home Loan"", ""MSME Loan""]","Kolkata, West Bengal",West Bengal,"[""West Bengal""]",Single State,False,,EMP-17716993,,,,2007,,,,,False,,,False,csv+gemini,success,0.27,52895c042caa164b097b,,unverified,,unknown,False,False,False,False,False,gemini,gemini,gemini_inferred,csv_provided,pending_review
1047,2026-04-03T05:29:23.148148,2026-04-03T05:29:23.132536,Rupitol Finance Pvt. Ltd.,NBFC,https://www.rupitol.com,,,,False,,"[""Business Loan"", ""Home Loan"", ""Loan Against Property"", ""MSME Loan""]",Business Loan,"[""Business Loan"", ""Home Loan"", ""Loan Against Property"", ""MSME Loan""]","Ahmedabad, Gujarat",Gujarat,"[""Gujarat"", ""Madhya Pradesh"", ""Rajasthan""]",Regional,False,,B-10.00309,,,,2021,,35,,,False,8955972055,contact@rupitol.com,True,csv+gemini+scraper,success,0.52,c0545ba887889a403095,,unverified,,ND,True,True,True,False,False,gemini,scraper_verified,scraper_verified,csv_provided,provisional_lender
1048,2026-04-03T05:30:05.038390,2026-04-03T05:30:05.013241,Rushika Capital Private Limited,NBFC,https://rushikacapital.com,,,,False,,"[""Business Loan"", ""Loan Against Property"", ""MSME Loan"", ""Personal Loan"", ""Two Wheeler Loan""]",Business Loan,"[""Business Loan"", ""Loan Against Property"", ""MSME Loan"", ""Personal Loan"", ""Two Wheeler Loan""]","Mumbai, Maharashtra",Maharashtra,"[""Maharashtra""]",Single State,False,,,,,,2019,,,,,False,+912249730000,info@rushikacapital.com,False,csv+gemini,success,0.36,454a8419c894bd0ab0d0,RBI registration number missing — needs manual review,unverified,,ND,False,True,True,False,False,gemini,gemini,gemini_inferred,csv_provided,pending_review
1049,2026-04-03T05:32:03.921980,2026-04-03T05:32:03.885487,S K Dudhoria  Holdings  Pvt.  Ltd.,NBFC,https://dudhoria.in,1.12,Micro,1.12,False,,"[""Home Loan"", ""Vehicle Loan""]",Home Loan,"[""Home Loan"", ""Vehicle Loan""]","Kolkata, West Bengal",West Bengal,"[""Andhra Pradesh"", ""Bihar"", ""Delhi"", ""Gujarat"", ""Haryana"", ""Karnataka"", ""Maharashtra"", ""Punjab"", ""Rajasthan"", ""Tamil Nadu"", ""Telangana"", ""Uttar Pradesh"", ""West Bengal""]",Regional,False,,,,,,1994,,,,,False,+913322340000,info@dudhoria.in,False,csv+gemini+scraper,success,0.39,3cdca8ca19f743fa6451,RBI registration number missing — needs manual review,unverified,,ND-BL-Small,False,True,True,False,False,gemini,scraper_verified,gemini_inferred,csv_provided,pending_review
1050,2026-04-03T05:32:24.082071,2026-04-03T05:32:24.054798,S.U.Securities Pvt. Ltd.,NBFC,https://www.susecurities.com,,,,False,,"[""Business Loan"", ""MSME Loan"", ""Personal Loan"", ""Working Capital""]",Business Loan,"[""Business Loan"", ""MSME Loan"", ""Personal Loan"", ""Working Capital""]","Delhi, Delhi",Delhi,"[""Delhi""]",Single State,False,,,,,,2000,,,,,False,+911142488888,info@susecurities.com,False,csv+gemini+scraper,success,0.36,89f2ae22a05444ea1d62,RBI registration number missing — needs manual review,unverified,,ND,False,True,True,False,False,gemini,scraper_verified,gemini_inferred,csv_provided,pending_review
1051,2026-04-03T05:32:50.982523,2026-04-03T05:32:50.950581,Saarathi Finance and Credit Private Limited,NBFC,https://www.saarathifinance.com,,,,False,,"[""MSME Loan"", ""Rural Loan""]",MSME Loan,"[""MSME Loan"", ""Rural Loan""]","Navi Mumbai, Maharashtra",Maharashtra,"[""Andhra Pradesh"", ""Karnataka"", ""Maharashtra"", ""Rajasthan"", ""Tamil Nadu"", ""Telangana"", ""Uttar Pradesh""]",Regional,False,,U64199,,,,2024,,,,,False,+919833880000,info@saarathifinance.com,False,csv+gemini+scraper,success,0.49,22a7461fd92cc2121747,,unverified,,unknown,True,True,True,False,False,gemini,scraper_verified,scraper_verified,csv_provided,provisional_lender
1052,2026-04-03T05:33:15.249072,2026-04-03T05:33:15.210518,Sabharwal Finance And Estates Private Limited,NBFC,https://www.sabharwalfinance.in,,,,False,,"[""Business Loan"", ""MSME Loan""]",Business Loan,"[""Business Loan"", ""MSME Loan""]","Kanpur, Uttar Pradesh",Uttar Pradesh,"[""Uttar Pradesh""]",Single State,False,,N-05.00900,,,,1995,,,,,False,+916307260695,your.info@gmail.com,False,csv+gemini+scraper,success,0.49,8d1a6c2f4bb3206de9f3,,unverified,,ND,True,True,False,False,False,gemini,gemini,scraper_verified,csv_provided,provisional_lender
1053,2026-04-03T05:34:26.178464,2026-04-03T05:34:26.142196,Sabrimala Fintech Private Limited,NBFC,https://sabrimalafintech.com,,,,False,,"[""Business Loan"", ""MSME Loan"", ""Working Capital""]",Business Loan,"[""Business Loan"", ""MSME Loan"", ""Working Capital""]","Bhubaneswar, Odisha",Odisha,"[""Haryana"", ""Odisha""]",Regional,False,,U65929,,,,2017,,,,,False,06742303999,sabrimalafpl@gmail.com,True,csv+gemini+scraper,success,0.49,f61016838a78f7e1d423,,unverified,,ND,True,True,False,False,False,gemini,scraper_verified,scraper_verified,csv_provided,provisional_lender
1054,2026-04-03T05:34:54.173405,2026-04-03T05:34:54.143906,Sachdeva Land & Finance Private Limited,NBFC,https://guptasachdeva.com,,,,False,,"[""Home Loan"", ""Vehicle Loan""]",Home Loan,"[""Home Loan"", ""Vehicle Loan""]","Delhi, Delhi",Delhi,"[""Andhra Pradesh"", ""Bihar"", ""Delhi"", ""Gujarat"", ""Haryana"", ""Karnataka"", ""Maharashtra"", ""Punjab"", ""Rajasthan"", ""Tamil Nadu"", ""Telangana"", ""Uttar Pradesh"", ""West Bengal""]",Regional,False,,,,,,1995,,,,,False,+911147000000,info@guptasachdeva.com,False,csv+gemini+scraper,success,0.38,ba6f6d966937a5b25b3f,RBI registration number missing — needs manual review,unverified,,ND,False,True,True,False,False,gemini,scraper_verified,scraper_verified,csv_provided,pending_review
1055,2026-04-03T05:35:10.645664,2026-04-03T05:35:10.614646,Sahib Finlease Ltd.,NBFC,https://www.sahibfinlease.com,,,,False,,"[""Business Loan"", ""Loan Against Property"", ""MSME Loan"", ""Personal Loan""]",Business Loan,"[""Business Loan"", ""Loan Against Property"", ""MSME Loan"", ""Personal Loan""]","New Delhi, Delhi",Delhi,"[""Delhi""]",Single State,False,,,,,,1994,,,,,False,+911141552525,cs.sahibfinlease@gmail.com,False,csv+gemini+scraper,success,0.38,b8fb02421b02950c35bc,RBI registration number missing — needs manual review,unverified,,ND,False,True,False,False,False,gemini,scraper_verified,scraper_verified,csv_provided,pending_review
1056,2026-04-03T05:35:41.995020,2026-04-03T05:35:41.970207,Sahyog Fincap Private Limited,NBFC,https://sahyogfincap.com,,,,False,,"[""Business Loan"", ""Home Loan"", ""MSME Loan"", ""Personal Loan"", ""Two Wheeler Loan"", ""Vehicle Loan""]",Business Loan,"[""Business Loan"", ""Home Loan"", ""MSME Loan"", ""Personal Loan"", ""Two Wheeler Loan"", ""Vehicle Loan""]","Jaipur, Rajasthan",Rajasthan,"[""Rajasthan""]",Single State,False,,,,,,2018,,,,,False,9509090811,info@sahyogfincap.com,True,csv+gemini+scraper,success,0.39,a57f81dbefcf6196143f,RBI registration number missing — needs manual review,unverified,,ND,True,True,True,False,False,gemini,gemini,scraper_verified,csv_provided,pending_review
1057,2026-04-03T05:36:07.991622,2026-04-03T05:36:07.949321,Sajilee Credit And Investment Private Limited (Old Name Sri Bhagavathi Finance Private Limited),NBFC,https://sajileegroup.com/credit.php,,,,False,,"[""Business Loan"", ""Credit Card"", ""Education Loan"", ""Gold Loan"", ""Home Loan"", ""Loan Against Property"", ""MSME Loan"", ""Personal Loan"", ""Rural Loan"", ""Vehicle Loan""]",Business Loan,"[""Business Loan"", ""Credit Card"", ""Education Loan"", ""Gold Loan"", ""Home Loan"", ""Loan Against Property"", ""MSME Loan"", ""Personal Loan"", ""Rural Loan"", ""Vehicle Loan""]","Chennai, Tamil Nadu",Tamil Nadu,"[""Kerala"", ""Tamil Nadu""]",Regional,False,,,,,,2000,,,,,False,04924224040,info@sajileegroup.com,False,csv+gemini+scraper,success,0.41,cdfadc7890333d32c737,RBI registration number missing — needs manual review,unverified,,unknown,True,True,True,False,False,gemini,scraper_verified,scraper_verified,csv_provided,pending_review
1058,2026-04-03T05:36:44.088516,2026-04-03T05:36:44.069409,Sakthi Finance Limited,NBFC,https://sakthifinance.com,1000.0,Small,130.09,True,SAKTHIFIN,"[""Business Loan"", ""Personal Loan"", ""Vehicle Loan""]",Business Loan,"[""Business Loan"", ""Personal Loan"", ""Vehicle Loan""]","Coimbatore, Tamil Nadu",Tamil Nadu,"[""Andhra Pradesh"", ""Karnataka"", ""Kerala"", ""Tamil Nadu"", ""Telangana""]",Regional,False,,L65910,,,,1955,,50,,,False,8870933099,info@sakthifinance.com,False,csv+gemini+scraper,success,0.52,951952a98a025f14540a,,unverified,,D,True,True,True,False,False,gemini,scraper_verified,scraper_verified,csv_provided,provisional_lender
1059,2026-04-03T05:37:08.881474,2026-04-03T05:37:08.853326,Samaaru Finance Private Limited,NBFC,https://www.samaaru.com,10.5,Micro,1.2,False,,"[""Agriculture Loan"", ""MSME Loan""]",Agriculture Loan,"[""Agriculture Loan"", ""MSME Loan""]","Pune, Maharashtra",Maharashtra,"[""Madhya Pradesh"", ""Maharashtra""]",Regional,False,,U65999,,,,2019,,,,,False,8484038582,contact-us@samaaru.com,True,csv+gemini+scraper,success,0.52,5db70e4910932e7dd573,,unverified,,ND-BL-Small,True,True,True,False,False,gemini,gemini,scraper_verified,csv_provided,provisional_lender
1060,2026-04-03T05:37:32.886664,2026-04-03T05:37:32.853968,Samay Commercial Pvt Ltd,NBFC,http://www.samayfinserv.com,,,1.01,False,,"[""Business Loan"", ""Home Loan"", ""Loan Against Property"", ""MSME Loan"", ""Personal Loan"", ""Vehicle Loan"", ""Working Capital""]",Business Loan,"[""Business Loan"", ""Home Loan"", ""Loan Against Property"", ""MSME Loan"", ""Personal Loan"", ""Vehicle Loan"", ""Working Capital""]","Kolkata, West Bengal",West Bengal,"[""West Bengal""]",Single State,False,,,,,,1995,,,,,False,+913322370000,info@samayfinserv.com,False,csv+gemini+scraper,success,0.38,20a485118d25c490c816,RBI registration number missing — needs manual review,unverified,,ND,False,True,True,False,False,gemini,gemini,scraper_verified,csv_provided,pending_review
1061,2026-04-03T05:39:25.182972,2026-04-03T05:39:25.167010,Sampark Consultants Ltd,NBFC,http://samparkfin.in,,,,False,,"[""MSME Loan""]",MSME Loan,"[""MSME Loan""]","Bhubaneswar, Odisha",Odisha,"[""Bihar"", ""Delhi"", ""Odisha""]",Regional,False,,,,,,1995,,21,,,False,06742351156,esampark@samparkfin.in,True,csv+gemini+scraper,success,0.41,e2d8cf0cc2eab839d90d,RBI registration number missing — needs manual review,unverified,,unknown,True,True,True,False,False,gemini,scraper_verified,scraper_verified,csv_provided,pending_review
1062,2026-04-03T05:40:01.843110,2026-04-03T05:40:01.812110,Sampat Marketing Co.(P) Ltd,NBFC,https://sampati.co.in,,,,False,,"[""Business Loan""]",Business Loan,"[""Business Loan""]","Ahmedabad, Gujarat",Gujarat,"[""Gujarat""]",Single State,False,,,,,,1983,,,,,False,07926578110,finance@sampati.co.in,False,csv+gemini+scraper,success,0.41,2f95478ab8f78f42a120,RBI registration number missing — needs manual review,unverified,,ND,True,True,True,False,False,gemini,scraper_verified,scraper_verified,csv_provided,pending_review
1063,2026-04-03T05:40:41.048158,2026-04-03T05:40:41.024049,Sampati Securities Limited,NBFC,https://sampati.co.in,,,,False,,"[""Business Loan""]",Business Loan,"[""Business Loan""]","Ahmedabad, Gujarat",Gujarat,"[""Gujarat""]",Single State,False,,,,,,1995,,,,,False,07926578110,finance@sampati.co.in,False,csv+gemini+scraper,success,0.41,bb0c6573995c9c3d1888,RBI registration number missing — needs manual review,unverified,,unknown,True,True,True,False,False,gemini,scraper_verified,scraper_verified,csv_provided,pending_review
1064,2026-04-03T05:40:57.842734,2026-04-03T05:40:57.818368,Samrat Fincap Private Limited,NBFC,https://www.samratfincap.com,,,,False,,"[""Gold Loan"", ""Home Loan"", ""Loan Against Property"", ""Two Wheeler Loan""]",Gold Loan,"[""Gold Loan"", ""Home Loan"", ""Loan Against Property"", ""Two Wheeler Loan""]","Bangalore, Karnataka",Karnataka,"[""Karnataka""]",Single State,False,,B-14.01607,,,,2014,,,,,False,+919886907073,samratfincappvtltd@gmail.com,False,csv+gemini+scraper,success,0.49,cd72ed25e9bdaca970bc,,unverified,,ND,True,True,False,False,False,gemini,scraper_verified,scraper_verified,csv_provided,provisional_lender
1065,2026-04-03T05:41:15.034044,2026-04-03T05:41:15.001932,Samrat Finvestors Pvt Ltd,NBFC,https://www.samratfincap.com,,,,False,,"[""Gold Loan"", ""Home Loan"", ""Loan Against Property"", ""Two Wheeler Loan""]",Gold Loan,"[""Gold Loan"", ""Home Loan"", ""Loan Against Property"", ""Two Wheeler Loan""]","Bengaluru, Karnataka",Karnataka,"[""Karnataka""]",Single State,False,,B-14.01607,,,,2001,,,,,False,+919886907073,samratfincappvtltd@gmail.com,False,csv+gemini+scraper,success,0.49,b472da91ef9ecbcfc73a,,unverified,,ND,True,True,False,False,False,gemini,scraper_verified,scraper_verified,csv_provided,provisional_lender
1066,2026-04-03T05:41:35.643237,2026-04-03T05:41:35.603367,Samruthi Fincredit Private Limited,NBFC,https://samruthi.com,,,,False,,"[""Business Loan"", ""Loan Against Property"", ""MSME Loan"", ""Micro Loan"", ""Working Capital""]",Business Loan,"[""Business Loan"", ""Loan Against Property"", ""MSME Loan"", ""Micro Loan"", ""Working Capital""]","Chennai, Tamil Nadu",Tamil Nadu,"[""Tamil Nadu""]",Single State,False,,,,,,2017,,,,,False,+914448585858,info@samruthi.com,False,csv+gemini+scraper,success,0.36,7ccf9a9e9f1afd4bbe2f,RBI registration number missing — needs manual review,unverified,,ND,False,True,True,False,False,gemini,scraper_verified,gemini_inferred,csv_provided,pending_review
1067,2026-04-03T05:42:12.205372,2026-04-03T05:42:12.181129,Sanghamithra Rural Financial services,NBFC,https://sanghamithra.org,179.9,Micro,,False,,"[""MSME Loan"", ""Microfinance""]",MSME Loan,"[""MSME Loan"", ""Microfinance""]","Bengaluru, Karnataka",Karnataka,"[""Karnataka""]",Single State,False,,,,,,2006,,135,,,False,+918026680000,info@sanghamithra.org,True,csv+gemini+scraper,success,0.41,292a5e3817b4e3f87855,RBI registration number missing — needs manual review,unverified,,MFI,False,True,True,False,False,gemini,scraper_verified,gemini_inferred,csv_provided,pending_review
1068,2026-04-03T05:43:01.200168,2026-04-03T05:43:01.172825,Sanvin Fincap Pvt. Ltd.,NBFC,https://www.sanvinfincap.com,,,,False,,"[""Gold Loan""]",Gold Loan,"[""Gold Loan""]","Delhi, Delhi",Delhi,"[""Delhi""]",Single State,False,,,,,,1995,,,,,False,+919354900511,sanvinfincap@gmail.com,False,csv+gemini+scraper,success,0.39,dd68789ae6c628be2668,RBI registration number missing — needs manual review,unverified,,ND,True,True,False,False,False,gemini,scraper_verified,scraper_verified,csv_provided,pending_review
1069,2026-04-03T05:43:39.598550,2026-04-03T05:43:39.572548,Sarala Development & Microfinance Private Limited,NBFC,https://sarala.co.in,400.0,Micro,80.0,False,,"[""Microfinance"", ""Rural Loan""]",Microfinance,"[""Microfinance"", ""Rural Loan""]","Kolkata, West Bengal",West Bengal,"[""Assam"", ""Bihar"", ""Jharkhand"", ""Sikkim"", ""West Bengal""]",Regional,False,,,,,,2006,,,,,False,7278787878,info@sarala.co.in,True,csv+gemini+scraper,success,0.42,817122c4348805820619,RBI registration number missing — needs manual review,unverified,,MFI,True,True,True,False,False,gemini,scraper_verified,scraper_verified,csv_provided,pending_review
1070,2026-04-03T05:44:02.493364,2026-04-03T05:44:02.458973,Saraogi Commercial (P) Ltd,NBFC,https://saraogiuduog.com,,,,False,,"[""MSME Loan"", ""Micro Loan""]",MSME Loan,"[""MSME Loan"", ""Micro Loan""]","Kolkata, West Bengal",West Bengal,"[""West Bengal""]",Single State,False,,,,,,1982,,,,,False,+913340010000,info@saraogiuduog.com,False,csv+gemini+scraper,success,0.36,73fb44da99c631484f35,RBI registration number missing — needs manual review,unverified,,ND,False,True,True,False,False,gemini,scraper_verified,gemini_inferred,csv_provided,pending_review
1071,2026-04-03T05:44:21.368789,2026-04-03T05:44:21.332151,Saraogi Viniyog (P) Ltd,NBFC,https://saraogiuduog.com,,,1.0,False,,"[""MSME Loan"", ""Micro Loan""]",MSME Loan,"[""MSME Loan"", ""Micro Loan""]","Kolkata, West Bengal",West Bengal,"[""West Bengal""]",Single State,False,,,,,,1995,,,,,False,+913340080000,info@saraogiuduog.com,False,csv+gemini+scraper,success,0.36,f078c4ce0c35f93219eb,RBI registration number missing — needs manual review,unverified,,ND,False,True,True,False,False,gemini,scraper_verified,gemini_inferred,csv_provided,pending_review
1072,2026-04-03T05:44:43.610512,2026-04-03T05:44:43.572774,Saraswati Securities (P) Ltd.,NBFC,https://www.saraswaticommercial.com,10.98,Micro,1.09,True,SARASCOM,"[""MSME Loan""]",MSME Loan,"[""MSME Loan""]","Mumbai, Maharashtra",Maharashtra,"[""Maharashtra""]",Single State,False,,,,,,1983,,,,,False,,info@saraswaticommercial.com,False,csv+gemini,success,0.35,8c9f6671555d7ff420c6,RBI registration number missing — needs manual review,unverified,,ND-BL-Small,False,True,True,False,False,gemini,gemini,gemini_inferred,csv_provided,pending_review
1073,2026-04-03T05:45:07.493630,2026-04-03T05:45:07.457991,Sark Commercial Co (P) Ltd,NBFC,https://sarkandco.in,,,,False,,"[""Home Loan"", ""MSME Loan"", ""Vehicle Loan""]",Home Loan,"[""Home Loan"", ""MSME Loan"", ""Vehicle Loan""]","Delhi, Delhi",Delhi,"[""Andaman and Nicobar Islands"", ""Andhra Pradesh"", ""Arunachal Pradesh"", ""Assam"", ""Bihar"", ""Chandigarh"", ""Chhattisgarh"", ""Dadra and Nagar Haveli"", ""Delhi"", ""Goa"", ""Gujarat"", ""Haryana"", ""Himachal Pradesh"", ""Jharkhand"", ""Karnataka"", ""Kerala"", ""Ladakh"", ""Lakshadweep"", ""Madhya Pradesh"", ""Maharashtra"", ""Manipur"", ""Meghalaya"", ""Mizoram"", ""Nagaland"", ""Odisha"", ""Puducherry"", ""Punjab"", ""Rajasthan"", ""Sikkim"", ""Tamil Nadu"", ""Telangana"", ""Tripura"", ""Uttar Pradesh"", ""Uttarakhand"", ""West Bengal""]",Pan India,False,,,,,,1982,,,,,False,9899199400,info@sarkandco.in,False,csv+gemini+scraper,success,0.38,7568f4884567a12b7b7f,RBI registration number missing — needs manual review,unverified,,ND,True,True,True,False,False,gemini,scraper_verified,scraper_verified,csv_provided,pending_review
1074,2026-04-03T05:45:27.759413,2026-04-03T05:45:27.725608,Sarva Commercial Pvt. Ltd.,NBFC,https://sarvasvacapital.com/home,,,,False,,"[""Gold Loan"", ""Rural Loan""]",Gold Loan,"[""Gold Loan"", ""Rural Loan""]","New Delhi, Delhi",Delhi,"[""Delhi""]",Single State,False,,N-14.03458,,,,2017,,,,,False,,info@sarvasvacapital.com,False,csv+gemini+scraper,success,0.42,67f28f17c733cf55c973,,unverified,,ND,False,True,True,False,False,gemini,scraper_verified,gemini_inferred,csv_provided,pending_review
1075,2026-04-03T05:45:54.861700,2026-04-03T05:45:54.833406,Sarvodaya Nano Finance Limited,NBFC,http://sarvodayanano.in,100.0,Micro,26.03,False,,"[""Microfinance""]",Microfinance,"[""Microfinance""]","Chennai, Tamil Nadu",Tamil Nadu,"[""Puducherry"", ""Tamil Nadu""]",Regional,False,,,,,,2014,,88,,,False,+914442120000,info@smartedu.com,True,csv+gemini+scraper,success,0.42,4b86c37ee0ba91add46e,RBI registration number missing — needs manual review,unverified,,MFI,False,True,False,False,False,gemini,scraper_verified,scraper_verified,csv_provided,pending_review
1076,2026-04-03T05:46:31.832671,2026-04-03T05:46:31.799415,Satin Creditcare Network Limited,NBFC,https://satincreditcare.com,9000.7,Mid,1663.99,True,SATIN,"[""Microfinance"", ""Rural Loan""]",Microfinance,"[""Microfinance"", ""Rural Loan""]","Gurugram, Haryana",Haryana,"[""Andaman and Nicobar Islands"", ""Andhra Pradesh"", ""Arunachal Pradesh"", ""Assam"", ""Bihar"", ""Chandigarh"", ""Chhattisgarh"", ""Dadra and Nagar Haveli"", ""Delhi"", ""Goa"", ""Gujarat"", ""Haryana"", ""Himachal Pradesh"", ""Jammu & Kashmir"", ""Jharkhand"", ""Karnataka"", ""Kerala"", ""Ladakh"", ""Lakshadweep"", ""Madhya Pradesh"", ""Maharashtra"", ""Manipur"", ""Meghalaya"", ""Mizoram"", ""Nagaland"", ""Odisha"", ""Puducherry"", ""Punjab"", ""Rajasthan"", ""Sikkim"", ""Tamil Nadu"", ""Telangana"", ""Tripura"", ""Uttar Pradesh"", ""Uttarakhand"", ""West Bengal""]",Pan India,True,,,,,,1990,13000,1599,,,False,01244715400,delhi@linkintime.co.in,True,csv+gemini+scraper,success,0.47,fc2b7f6eaec556d019f6,RBI registration number missing — needs manual review,unverified,,MFI,True,True,False,False,False,gemini,scraper_verified,scraper_verified,csv_provided,pending_review
1077,2026-04-03T05:46:54.163067,2026-04-03T05:46:54.141960,Satsai Finlease Pvt. Ltd.,NBFC,https://www.satsaifinlease.com,,,,False,,"[""Business Loan"", ""MSME Loan""]",Business Loan,"[""Business Loan"", ""MSME Loan""]","New Delhi, Delhi",Delhi,"[""Delhi""]",Single State,False,,N-14.03200,,,,1996,,,,,False,+911145050000,info@satsaifinlease.com,False,csv+gemini+scraper,success,0.46,9ca87fb8804f0f6ac7f0,,unverified,,ND,False,True,True,False,False,gemini,scraper_verified,gemini_inferred,csv_provided,provisional_lender
1078,2026-04-03T05:47:36.563793,2026-04-03T05:47:36.529243,Satya Microcapital Limited,NBFC,https://satyamicrocapital.com,4000.0,Small,1000.0,False,,"[""Business Loan"", ""MSME Loan"", ""Microfinance"", ""Rural Loan"", ""Working Capital""]",Business Loan,"[""Business Loan"", ""MSME Loan"", ""Microfinance"", ""Rural Loan"", ""Working Capital""]","New Delhi, Delhi",Delhi,"[""Bihar"", ""Delhi"", ""Himachal Pradesh"", ""Punjab""]",Regional,False,,,,,,2016,,,,,False,18001025644,info@satyamicrocapital.com,True,csv+gemini+scraper,success,0.42,b02125c6ad62e6b668b5,RBI registration number missing — needs manual review,unverified,,MFI,False,True,True,False,False,gemini,scraper_verified,scraper_verified,csv_provided,pending_review
1079,2026-04-03T05:48:03.919791,2026-04-03T05:48:03.891836,Satyatej Vyapaar Pvt Ltd,NBFC,https://vaibhav-vyapaar.com,,,1.01,False,,"[""MSME Loan""]",MSME Loan,"[""MSME Loan""]","Bangalore, Karnataka",Karnataka,"[""Karnataka"", ""West Bengal""]",Regional,False,,N-14.03100,,,,2007,,,,,False,9880046949,satya@vaibhav-vyapaar.com,False,csv+gemini+scraper,success,0.51,8dbbcd1726b73e386ab4,,unverified,,ND,True,True,True,False,False,gemini,scraper_verified,scraper_verified,csv_provided,provisional_lender
1080,2026-04-03T05:48:40.172597,2026-04-03T05:48:40.139474,Saumya Consultants Ltd,NBFC,https://saumyaconsultants.com,,,,True,SAUMYA,"[""Business Loan"", ""Loan Against Property"", ""MSME Loan"", ""Personal Loan"", ""Rural Loan""]",Business Loan,"[""Business Loan"", ""Loan Against Property"", ""MSME Loan"", ""Personal Loan"", ""Rural Loan""]","Kolkata, West Bengal",West Bengal,"[""West Bengal""]",Single State,False,,,,,,1992,,,,,False,0332243624243,saumyaconsultantsltd@gmail.com,True,csv+gemini+scraper,success,0.38,2fed19be98f8e524aab8,RBI registration number missing — needs manual review,unverified,,unknown,False,True,False,False,False,gemini,gemini,scraper_verified,csv_provided,pending_review
1081,2026-04-03T05:49:02.161851,2026-04-03T05:49:02.131006,Savantika Vanijya Pvt. Ltd.,NBFC,https://www.savantika.com,,,,False,,"[""MSME Loan"", ""Personal Loan"", ""Rural Loan""]",MSME Loan,"[""MSME Loan"", ""Personal Loan"", ""Rural Loan""]","Ahmedabad, Gujarat",Gujarat,"[""Delhi"", ""Gujarat""]",Regional,False,,,,,,2009,,,,,False,9737092475,accounts@savantika.com,False,csv+gemini+scraper,success,0.39,a14a72660d8bc02cfed0,RBI registration number missing — needs manual review,unverified,,D,True,True,True,False,False,gemini,scraper_verified,scraper_verified,csv_provided,pending_review
1082,2026-04-03T05:49:20.289733,2026-04-03T05:49:20.255713,Savery Transport Finance Limited,NBFC,https://savery.co.in,,,,False,,"[""MSME Loan"", ""Two Wheeler Loan""]",MSME Loan,"[""MSME Loan"", ""Two Wheeler Loan""]","Chennai, Tamil Nadu",Tamil Nadu,"[""Andaman and Nicobar Islands"", ""Andhra Pradesh"", ""Arunachal Pradesh"", ""Assam"", ""Bihar"", ""Chandigarh"", ""Chhattisgarh"", ""Dadra and Nagar Haveli"", ""Delhi"", ""Goa"", ""Gujarat"", ""Haryana"", ""Himachal Pradesh"", ""Jammu & Kashmir"", ""Jharkhand"", ""Karnataka"", ""Kerala"", ""Ladakh"", ""Lakshadweep"", ""Madhya Pradesh"", ""Maharashtra"", ""Manipur"", ""Meghalaya"", ""Mizoram"", ""Nagaland"", ""Odisha"", ""Puducherry"", ""Punjab"", ""Rajasthan"", ""Sikkim"", ""Tamil Nadu"", ""Telangana"", ""Tripura"", ""Uttar Pradesh"", ""Uttarakhand"", ""West Bengal""]",Pan India,True,,B-07.00349,,,,1984,,,,,False,04424610104,info@savery.co.in,True,csv+gemini+scraper,success,0.48,798ecc67a7fcd7bbc022,,unverified,,ND,True,True,True,False,False,gemini,scraper_verified,scraper_verified,csv_provided,provisional_lender
1083,2026-04-03T05:49:58.252269,2026-04-03T05:49:58.223797,Sayyam Investments Pvt. Ltd.,NBFC,https://www.sayyaminvestments.in,,,,False,,"[""Business Loan"", ""MSME Loan"", ""Personal Loan""]",Business Loan,"[""Business Loan"", ""MSME Loan"", ""Personal Loan""]","Mumbai, Maharashtra",Maharashtra,"[""Assam"", ""Karnataka"", ""Maharashtra""]",Regional,False,,,,,,1995,,,,,False,02248930118,info@sayyaminvestments.in,False,csv+gemini+scraper,success,0.38,ece4fa455512d344aad1,RBI registration number missing — needs manual review,unverified,,ND,True,True,True,False,False,gemini,scraper_verified,scraper_verified,csv_provided,pending_review
1084,2026-04-03T05:50:24.700069,2026-04-03T05:50:24.685948,SBFC Finance Limited,NBFC,https://www.sbfc.com,4943.78,Small,739.09,True,SBFC,"[""Gold Loan"", ""MSME Loan""]",Gold Loan,"[""Gold Loan"", ""MSME Loan""]","Mumbai, Maharashtra",Maharashtra,"[""Andhra Pradesh"", ""Assam"", ""Bihar"", ""Delhi"", ""Gujarat"", ""Haryana"", ""Himachal Pradesh"", ""Karnataka"", ""Madhya Pradesh"", ""Maharashtra"", ""Punjab"", ""Rajasthan"", ""Tamil Nadu"", ""Telangana"", ""Uttar Pradesh"", ""Uttarakhand"", ""West Bengal""]",Regional,False,,L67190,,,,2008,2700,230,,,False,+912268313333,customercare@sbfc.com,True,csv+gemini+scraper,success,0.54,1e59ea9b1600ad09a2c1,,unverified,,ND-SI,False,True,True,False,False,gemini,scraper_verified,scraper_verified,csv_provided,provisional_lender
1085,2026-04-03T05:51:18.807934,2026-04-03T05:51:18.761736,Scintilla Commercial & Credit Ltd,NBFC,https://www.scintilla.co.in,,,0.01,True,SCINTILLA,"[""Rural Loan""]",Rural Loan,"[""Rural Loan""]","Delhi, Delhi",Delhi,"[""Delhi""]",Single State,False,,,,,,1986,,,,,False,+911143010092,scintillaccl@gmail.com,False,csv+gemini,success,0.36,43bcca0fbffa8eae64a0,RBI registration number missing — needs manual review,unverified,,ND,False,True,False,False,False,gemini,gemini,gemini_inferred,csv_provided,pending_review
1086,2026-04-03T05:51:35.467129,2026-04-03T05:51:35.411682,Scoreme Account Aggregation Solutions Private Limited,NBFC,https://www.scoremeaa.com,,,,False,,[],,[],"Gurugram, Haryana",Haryana,"[""Haryana""]",Single State,False,,N-14.03400,,,,2021,,,,,False,+911244000000,info@scoremeaa.com,False,csv+gemini+scraper,success,0.2,99fa2938edd5764cc16b,primary_loan_segments empty — needs manual review,unverified,,AA,False,True,True,False,False,gemini,scraper_verified,gemini_inferred,csv_provided,pending_review
1087,2026-04-03T05:52:04.717715,2026-04-03T05:52:04.699494,Scud Finlease Ltd.,NBFC,https://www.superiorfinlease.com,,,,False,,"[""Business Loan"", ""Education Loan"", ""MSME Loan""]",Business Loan,"[""Business Loan"", ""Education Loan"", ""MSME Loan""]","Delhi, Delhi",Delhi,"[""Delhi""]",Single State,False,,,,,,1995,,,,,False,09953798335,superiorfinlease@gmail.com,False,csv+gemini+scraper,success,0.39,611f565b886718e9dfa1,RBI registration number missing — needs manual review,unverified,,ND,True,True,False,False,False,gemini,scraper_verified,scraper_verified,csv_provided,pending_review
1088,2026-04-03T05:52:48.886691,2026-04-03T05:52:48.860288,Servitium Micro Finance Private Limited,NBFC,https://servitium.in,,,1.01,False,,"[""MSME Loan"", ""Rural Loan""]",MSME Loan,"[""MSME Loan"", ""Rural Loan""]","Kolkata, West Bengal",West Bengal,"[""Chhattisgarh"", ""Odisha"", ""West Bengal""]",Regional,False,,,,,,1996,,,,,False,6291616972,servitium.mfi@servitium.in,True,csv+gemini+scraper,success,0.41,a38e6dac71e7d76453a1,RBI registration number missing — needs manual review,unverified,,MFI,True,True,True,False,False,gemini,scraper_verified,scraper_verified,csv_provided,pending_review
1089,2026-04-03T05:53:15.916471,2026-04-03T05:53:15.889469,Setia Auto Finance Private Ltd.,NBFC,https://www.setiafinance.com,,,,False,,"[""Loan Against Property"", ""MSME Loan"", ""Vehicle Loan""]",Loan Against Property,"[""Loan Against Property"", ""MSME Loan"", ""Vehicle Loan""]","Jaipur, Rajasthan",Rajasthan,"[""Madhya Pradesh"", ""Rajasthan""]",Regional,False,,,,,,1996,,,,,False,+917727091111,care@setiafinance.com,False,csv+gemini+scraper,success,0.39,ac4a17b10af4ac2b9228,RBI registration number missing — needs manual review,unverified,,ND,True,True,True,False,False,gemini,scraper_verified,scraper_verified,csv_provided,pending_review
1090,2026-04-03T05:53:43.988130,2026-04-03T05:53:43.958720,Seyad Shariat Finance Limited,NBFC,https://shariatfinance.com,,,,False,,"[""Loan Against Property"", ""Vehicle Loan""]",Loan Against Property,"[""Loan Against Property"", ""Vehicle Loan""]","Tirunelveli, Tamil Nadu",Tamil Nadu,"[""Tamil Nadu""]",Single State,False,,,,,,1998,,,,,False,+919442615364,seyadshariat@gmail.com,True,csv+gemini+scraper,success,0.39,fdd9af624fe7e7dd18c0,RBI registration number missing — needs manual review,unverified,,D,True,True,False,False,False,gemini,gemini,scraper_verified,csv_provided,pending_review
1091,2026-04-03T05:54:14.066318,2026-04-03T05:54:14.035423,SGS Fintech Private Limited,NBFC,https://sgsfintech.com,,,,False,,"[""Business Loan"", ""MSME Loan"", ""Working Capital""]",Business Loan,"[""Business Loan"", ""MSME Loan"", ""Working Capital""]","Delhi, Delhi",Delhi,"[""Delhi""]",Single State,False,,,,,,2018,,,,,False,8826598047,sgspj2807@gmail.com,False,csv+gemini+scraper,success,0.39,54ae5744a049750834ee,RBI registration number missing — needs manual review,unverified,,ND,True,True,False,False,False,gemini,scraper_verified,scraper_verified,csv_provided,pending_review
1092,2026-04-03T05:54:37.034785,2026-04-03T05:54:37.009575,Shabros Fin-Vest Private Limited,NBFC,https://www.shabrosfinvest.com,,,1.01,False,,"[""Business Loan"", ""Gold Loan"", ""Home Loan"", ""Loan Against Property"", ""Personal Loan""]",Business Loan,"[""Business Loan"", ""Gold Loan"", ""Home Loan"", ""Loan Against Property"", ""Personal Loan""]","Delhi, Delhi",Delhi,"[""Delhi""]",Single State,False,,N-14.02437,,,,1995,,,,,False,+911142424242,info@shabrosfinvest.com,False,csv+gemini+scraper,success,0.46,949db0ce5ab4bb79ce82,,unverified,,ND,False,True,True,False,False,gemini,scraper_verified,gemini_inferred,csv_provided,provisional_lender
1093,2026-04-03T05:54:56.883361,2026-04-03T05:54:56.850691,Shakti Suppliers Pvt Ltd,NBFC,https://www.retailershakti.com,,,,False,,"[""Credit Card"", ""MSME Loan"", ""Supply Chain Finance"", ""Working Capital""]",Credit Card,"[""Credit Card"", ""MSME Loan"", ""Supply Chain Finance"", ""Working Capital""]","Kolkata, West Bengal",West Bengal,"[""West Bengal""]",Single State,False,,N-05.07000,,,,2006,,,,,False,+919830011111,care@retailershakti.com,False,csv+gemini+scraper,success,0.48,44536dba5d53d46bd5d1,,unverified,,ND,False,True,True,False,False,gemini,scraper_verified,scraper_verified,csv_provided,provisional_lender
1094,2026-04-03T05:55:26.717948,2026-04-03T05:55:26.671292,Shalibhadra Capital Market Limited,NBFC,https://www.shalibhadrafinance.com,1.0,Micro,,True,SHALIBH,"[""Consumer Durable Loan"", ""Two Wheeler Loan"", ""Vehicle Loan""]",Consumer Durable Loan,"[""Consumer Durable Loan"", ""Two Wheeler Loan"", ""Vehicle Loan""]","Mumbai, Maharashtra",Maharashtra,"[""Gujarat"", ""Madhya Pradesh"", ""Maharashtra"", ""Rajasthan""]",Regional,False,,L65923,,,,1992,,30,,,False,9821714641,info@shalibhadrafinance.com,True,csv+gemini+scraper,success,0.54,9d77f6ed2cde22a9da07,,unverified,,ND-BL-Small,True,True,True,False,False,gemini,scraper_verified,scraper_verified,csv_provided,provisional_lender
1095,2026-04-03T05:55:53.998324,2026-04-03T05:55:53.970116,Share Microfin Ltd,NBFC,https://www.sharemicrofin.com,1000.0,Small,190.0,False,,"[""MSME Loan"", ""Microfinance""]",MSME Loan,"[""MSME Loan"", ""Microfinance""]","Hyderabad, Telangana",Telangana,"[""Andaman and Nicobar Islands"", ""Andhra Pradesh"", ""Arunachal Pradesh"", ""Assam"", ""Bihar"", ""Chandigarh"", ""Chhattisgarh"", ""Dadra and Nagar Haveli"", ""Delhi"", ""Goa"", ""Gujarat"", ""Haryana"", ""Himachal Pradesh"", ""Jammu & Kashmir"", ""Jharkhand"", ""Karnataka"", ""Kerala"", ""Ladakh"", ""Lakshadweep"", ""Madhya Pradesh"", ""Maharashtra"", ""Manipur"", ""Meghalaya"", ""Mizoram"", ""Nagaland"", ""Odisha"", ""Puducherry"", ""Punjab"", ""Rajasthan"", ""Sikkim"", ""Tamil Nadu"", ""Telangana"", ""Tripura"", ""Uttar Pradesh"", ""Uttarakhand"", ""West Bengal""]",Pan India,True,,,,,,1999,1200,628,,,False,+914023550000,info@sharemicrofin.com,True,csv+gemini+scraper,success,0.43,645e057fe2ad7013396a,RBI registration number missing — needs manual review,unverified,,MFI,False,True,True,False,False,gemini,scraper_verified,gemini_inferred,csv_provided,pending_review
1096,2026-04-03T05:57:51.586578,2026-04-03T05:57:51.562876,Shine Blue Hire Purchase Private Limited,NBFC,https://www.shinebluehpl.com,,,,False,,"[""MSME Loan"", ""Working Capital""]",MSME Loan,"[""MSME Loan"", ""Working Capital""]","Sardarshahar, Rajasthan",Rajasthan,"[""Rajasthan""]",Single State,False,,,,,,1995,,,,,False,01572245235,info@shinebluehpl.com,True,csv+gemini+scraper,success,0.39,668da72851a0a5b384d3,RBI registration number missing — needs manual review,unverified,,unknown,True,True,True,False,False,gemini,scraper_verified,scraper_verified,csv_provided,pending_review
1097,2026-04-03T05:58:15.483936,2026-04-03T05:58:15.449268,Shradha Projects Ltd,NBFC,https://www.shradhaprojects.com,,,,False,,"[""Business Loan"", ""Loan Against Property"", ""MSME Loan"", ""Personal Loan""]",Business Loan,"[""Business Loan"", ""Loan Against Property"", ""MSME Loan"", ""Personal Loan""]","Kolkata, West Bengal",West Bengal,"[""West Bengal""]",Single State,False,,B-05.02483,,,,1994,,,,,False,03322851919,cs@shradhaprojects.com,False,csv+gemini+scraper,success,0.51,935e2e5b6e99a0224379,,unverified,,ND,True,True,True,False,False,gemini,scraper_verified,scraper_verified,csv_provided,provisional_lender
1098,2026-04-03T05:59:30.325188,2026-04-03T05:59:30.284646,Shree Marikamba Micro Finance Private Limited,NBFC,https://shreemarikambafinance.in,1.02,Micro,1.02,False,,"[""Microfinance""]",Microfinance,"[""Microfinance""]","Sagara, Karnataka",Karnataka,"[""Karnataka""]",Single State,False,,N-14.03200,,,,2014,,,,,False,08182265566,shreemarikambafinance@gmail.com,True,csv+gemini+scraper,success,0.5,ad2d98f53df02e44e99b,,unverified,,MFI,True,True,False,False,False,gemini,scraper_verified,scraper_verified,csv_provided,provisional_lender
1099,2026-04-03T05:59:46.816242,2026-04-03T05:59:46.768728,Shree Naivedya Fincom Pvt.Ltd.,NBFC,https://shree-naivedya-fincom-private-limited.charteredone.com/U67120MP1993PTC023189,,,,False,,"[""MSME Loan""]",MSME Loan,"[""MSME Loan""]","Indore, Madhya Pradesh",Madhya Pradesh,"[""Madhya Pradesh""]",Single State,False,,N-13.02437,,,,1993,,,,,False,,,False,csv+gemini,success,0.27,9e1f2b5dbf9ef3410b00,,unverified,,ND,False,False,False,False,False,gemini,gemini,gemini_inferred,csv_provided,pending_review
1100,2026-04-03T06:00:06.339731,2026-04-03T06:00:06.283455,"Shree Shyam  Management  &  Investment  Pvt, Ltd.",NBFC,https://shreesmi.in,,,1.01,False,,"[""Agriculture Loan"", ""Loan Against Property"", ""MSME Loan"", ""Vehicle Loan""]",Agriculture Loan,"[""Agriculture Loan"", ""Loan Against Property"", ""MSME Loan"", ""Vehicle Loan""]","Jaipur, Rajasthan",Rajasthan,"[""Gujarat"", ""Karnataka"", ""Rajasthan"", ""West Bengal""]",Regional,False,,,,,,1995,,,,,False,9414004617,info@shreesmi.in,False,csv+gemini+scraper,success,0.39,f87e84e9ca8a8866a833,RBI registration number missing — needs manual review,unverified,,ND,True,True,True,False,False,gemini,scraper_verified,scraper_verified,csv_provided,pending_review
1101,2026-04-03T06:00:29.849801,2026-04-03T06:00:29.810235,Shree Shyam Financial Consultants Pvt Ltd,NBFC,https://shreesmi.in,,,1.0,False,,"[""Agriculture Loan"", ""Loan Against Property"", ""MSME Loan"", ""Vehicle Loan""]",Agriculture Loan,"[""Agriculture Loan"", ""Loan Against Property"", ""MSME Loan"", ""Vehicle Loan""]","Udaipur, Rajasthan",Rajasthan,"[""Gujarat"", ""Karnataka"", ""Rajasthan"", ""West Bengal""]",Regional,False,,,,,,1995,,,,,False,9414004617,info@shreesmi.in,False,csv+gemini+scraper,success,0.39,731695935037b90ad0d2,RBI registration number missing — needs manual review,unverified,,ND,True,True,True,False,False,gemini,scraper_verified,scraper_verified,csv_provided,pending_review
1102,2026-04-03T06:00:54.690361,2026-04-03T06:00:54.652728,Shree Shyam Promoters (P) Ltd.,NBFC,https://shreesmi.in,,,1.0,False,,"[""Agriculture Loan"", ""Loan Against Property"", ""MSME Loan"", ""Vehicle Loan""]",Agriculture Loan,"[""Agriculture Loan"", ""Loan Against Property"", ""MSME Loan"", ""Vehicle Loan""]","Jaipur, Rajasthan",Rajasthan,"[""Gujarat"", ""Karnataka"", ""Rajasthan"", ""West Bengal""]",Regional,False,,,,,,1995,,,,,False,9414004617,info@shreesmi.in,False,csv+gemini+scraper,success,0.39,1809f16c4c66fe3e8b3a,RBI registration number missing — needs manual review,unverified,,ND,True,True,True,False,False,gemini,scraper_verified,scraper_verified,csv_provided,pending_review
1103,2026-04-03T06:01:11.178394,2026-04-03T06:01:11.141783,Shree Vikash Finvest (P) Ltd,NBFC,https://shree-vikash-finvest-private-limited.charteredone.com/U67110WB1991PTC050701,,,,False,,"[""MSME Loan""]",MSME Loan,"[""MSME Loan""]",West Bengal,West Bengal,"[""West Bengal""]",Single State,False,,EMP-17716994,,,,1991,,,,,False,,,False,csv+gemini,success,0.27,7d155ebd7dda97a3b310,,unverified,,unknown,False,False,False,False,False,gemini,gemini,gemini_inferred,csv_provided,pending_review
1104,2026-04-03T06:01:39.295069,2026-04-03T06:01:39.252156,Shree Vishnupriya Finance & Leasing Pvt. Ltd.,NBFC,https://shreevishnufinance.com,,,,False,,"[""Home Loan"", ""Loan Against Property"", ""MSME Loan"", ""Personal Loan"", ""Rural Loan"", ""Working Capital""]",Home Loan,"[""Home Loan"", ""Loan Against Property"", ""MSME Loan"", ""Personal Loan"", ""Rural Loan"", ""Working Capital""]","Delhi, Delhi",Delhi,"[""Delhi""]",Single State,False,,,,,,1996,,,,,False,+911141080338,info@shreevishnufinance.com,False,csv+gemini+scraper,success,0.39,7357573f8af45ca147c5,RBI registration number missing — needs manual review,unverified,,unknown,True,True,True,False,False,gemini,scraper_verified,scraper_verified,csv_provided,pending_review
1105,2026-04-03T06:02:26.166731,2026-04-03T06:02:26.128440,Shreem Finance And Investments Private Limited,NBFC,https://shreemcorporate.com,,,,False,,"[""Business Loan"", ""Credit Card"", ""Education Loan"", ""Home Loan"", ""Loan Against Property"", ""MSME Loan"", ""Personal Loan"", ""Working Capital""]",Business Loan,"[""Business Loan"", ""Credit Card"", ""Education Loan"", ""Home Loan"", ""Loan Against Property"", ""MSME Loan"", ""Personal Loan"", ""Working Capital""]","Navi Mumbai, Maharashtra",Maharashtra,"[""Maharashtra""]",Single State,False,,,,,,1995,,,,,False,+912227840000,shreem@shreemcorporate.com,True,csv+gemini+scraper,success,0.38,b53ddb32b234a7b1ddd7,RBI registration number missing — needs manual review,unverified,,unknown,False,True,True,False,False,gemini,scraper_verified,scraper_verified,csv_provided,pending_review
1106,2026-04-03T06:03:11.133090,2026-04-03T06:03:11.095057,Shreepati Capital And Finance Private Limited,NBFC,https://shreepatihcapital.com,,,,False,,"[""MSME Loan"", ""Microfinance"", ""Working Capital""]",MSME Loan,"[""MSME Loan"", ""Microfinance"", ""Working Capital""]","Mumbai, Maharashtra",Maharashtra,"[""Maharashtra""]",Single State,False,,,,,,2000,,,,,False,,,False,csv+gemini,success,0.23,cd5d9e56951765ab419b,RBI registration number missing — needs manual review,unverified,,ND,False,False,False,False,False,gemini,gemini,gemini_inferred,csv_provided,pending_review
1107,2026-04-03T06:03:39.928378,2026-04-03T06:03:39.887220,Shriram Credit Company Limited,NBFC,https://www.shriramfortune.in,,,,False,,"[""Rural Loan""]",Rural Loan,"[""Rural Loan""]","Chennai, Tamil Nadu",Tamil Nadu,"[""Andhra Pradesh"", ""Tamil Nadu"", ""Tripura""]",Regional,False,,,,,,1986,,,,,False,04440001000,customercare@shriramfortune.in,False,csv+gemini+scraper,success,0.38,052833d861a21a678c71,RBI registration number missing — needs manual review,unverified,,D,False,True,True,False,False,gemini,scraper_verified,scraper_verified,csv_provided,pending_review
1108,2026-04-03T06:04:03.613659,2026-04-03T06:04:03.574382,Shubh Surya Easyloans Private Limited,NBFC,https://www.shubhsurya.com,,,,False,,"[""Business Loan"", ""MSME Loan"", ""Personal Loan""]",Business Loan,"[""Business Loan"", ""MSME Loan"", ""Personal Loan""]","New Delhi, Delhi",Delhi,"[""Delhi""]",Single State,False,,N.14-03535,,,,2016,,,,,False,9811123200,info@shubhsurya.com,False,csv+gemini+scraper,success,0.49,9bb39b455da8a0c6afe9,,unverified,,ND,True,True,True,False,False,gemini,gemini,scraper_verified,csv_provided,provisional_lender
1109,2026-04-03T06:04:56.406288,2026-04-03T06:04:56.370156,Shubham Trading Pvt Ltd,NBFC,http://shubhampahujaassociates.com/NBFCTakeover.aspx,,,,False,,"[""Agriculture Loan"", ""Home Loan"", ""Microfinance"", ""Vehicle Loan""]",Agriculture Loan,"[""Agriculture Loan"", ""Home Loan"", ""Microfinance"", ""Vehicle Loan""]",,,"[""Haryana""]",Single State,False,,,,,,,,,,,False,9643779939,office@shubhampahujaassociates.com,True,csv+gemini+scraper,success,0.3,797bc1e5fff13c880911,RBI registration number missing — needs manual review,unverified,,unknown,True,True,True,False,False,gemini,scraper_verified,scraper_verified,csv_provided,pending_review
1110,2026-04-03T06:05:31.919462,2026-04-03T06:05:31.882750,Siemens Syntex (P) Ltd,NBFC,https://new.siemens.com/in/en/company/financing.html,,,,False,,"[""MSME Loan"", ""Working Capital""]",MSME Loan,"[""MSME Loan"", ""Working Capital""]","Mumbai, Maharashtra",Maharashtra,"[""Andaman and Nicobar Islands"", ""Andhra Pradesh"", ""Arunachal Pradesh"", ""Assam"", ""Bihar"", ""Chandigarh"", ""Chhattisgarh"", ""Dadra and Nagar Haveli"", ""Delhi"", ""Goa"", ""Gujarat"", ""Haryana"", ""Himachal Pradesh"", ""Jammu & Kashmir"", ""Jharkhand"", ""Karnataka"", ""Kerala"", ""Ladakh"", ""Lakshadweep"", ""Madhya Pradesh"", ""Maharashtra"", ""Manipur"", ""Meghalaya"", ""Mizoram"", ""Nagaland"", ""Odisha"", ""Puducherry"", ""Punjab"", ""Rajasthan"", ""Sikkim"", ""Tamil Nadu"", ""Telangana"", ""Tripura"", ""Uttar Pradesh"", ""Uttarakhand"", ""West Bengal""]",Pan India,True,,,,,,2013,,,,,False,,,False,csv+gemini,success,0.23,c31e72b6353984ac4bd6,RBI registration number missing — needs manual review,unverified,,ND,False,False,False,False,True,gemini,gemini,gemini_inferred,csv_provided,pending_review
1111,2026-04-03T06:05:58.176264,2026-04-03T06:05:58.134358,Silver Star Finance & Leasing Ltd,NBFC,https://www.starfinance.co.in,49.09,Micro,12.09,False,,"[""Rural Loan"", ""Two Wheeler Loan"", ""Vehicle Loan""]",Rural Loan,"[""Rural Loan"", ""Two Wheeler Loan"", ""Vehicle Loan""]","Indore, Madhya Pradesh",Madhya Pradesh,"[""Madhya Pradesh""]",Single State,False,,,,,,1998,,,,,False,+917672226500,starfin@stargroupindia.biz,False,csv+gemini+scraper,success,0.43,ff98da0d4ca185e7a8a1,RBI registration number missing — needs manual review,unverified,,ND-BL-Small,True,True,False,False,False,gemini,scraper_verified,scraper_verified,csv_provided,pending_review
1112,2026-04-03T06:06:20.557902,2026-04-03T06:06:20.523542,Sindhuja Microcredit Private Limited,NBFC,https://sindhujamicrocredit.com,1000.0,Small,200.0,False,,"[""MSME Loan"", ""Microfinance""]",MSME Loan,"[""MSME Loan"", ""Microfinance""]","Noida, Uttar Pradesh",Uttar Pradesh,"[""Andaman and Nicobar Islands"", ""Andhra Pradesh"", ""Arunachal Pradesh"", ""Assam"", ""Bihar"", ""Chandigarh"", ""Chhattisgarh"", ""Dadra and Nagar Haveli"", ""Delhi"", ""Goa"", ""Gujarat"", ""Haryana"", ""Himachal Pradesh"", ""Jammu & Kashmir"", ""Jharkhand"", ""Karnataka"", ""Kerala"", ""Ladakh"", ""Lakshadweep"", ""Madhya Pradesh"", ""Maharashtra"", ""Manipur"", ""Meghalaya"", ""Mizoram"", ""Nagaland"", ""Odisha"", ""Puducherry"", ""Punjab"", ""Rajasthan"", ""Sikkim"", ""Tamil Nadu"", ""Telangana"", ""Tripura"", ""Uttar Pradesh"", ""Uttarakhand"", ""West Bengal""]",Pan India,True,,N-12.00469,,,,2019,2001,359,,,False,01206870873,info@sindhujamicrocredit.com,True,csv+gemini+scraper,success,0.57,c359238a9aa5184ecee1,,unverified,,MFI,True,True,True,False,False,gemini,scraper_verified,scraper_verified,csv_provided,provisional_lender
1113,2026-04-03T06:06:40.134081,2026-04-03T06:06:40.097219,Singhvi Finlease (India) Limited,NBFC,https://singhvifintech.in,,,,False,,"[""Business Loan"", ""MSME Loan"", ""Working Capital""]",Business Loan,"[""Business Loan"", ""MSME Loan"", ""Working Capital""]","Chennai, Tamil Nadu",Tamil Nadu,"[""Andaman and Nicobar Islands"", ""Andhra Pradesh"", ""Arunachal Pradesh"", ""Assam"", ""Bihar"", ""Chandigarh"", ""Chhattisgarh"", ""Dadra and Nagar Haveli"", ""Delhi"", ""Goa"", ""Gujarat"", ""Haryana"", ""Himachal Pradesh"", ""Jammu & Kashmir"", ""Jharkhand"", ""Karnataka"", ""Kerala"", ""Ladakh"", ""Lakshadweep"", ""Madhya Pradesh"", ""Maharashtra"", ""Manipur"", ""Meghalaya"", ""Mizoram"", ""Nagaland"", ""Odisha"", ""Puducherry"", ""Punjab"", ""Rajasthan"", ""Sikkim"", ""Tamil Nadu"", ""Telangana"", ""Tripura"", ""Uttar Pradesh"", ""Uttarakhand"", ""West Bengal""]",Pan India,True,,N-07-00909,,,,1995,,,,,False,+919003151000,singhvifintech@gmail.com,False,csv+gemini+scraper,success,0.51,efaf11947ef1cfb6bd8a,,unverified,,ND,True,True,False,False,True,gemini,scraper_verified,scraper_verified,csv_provided,provisional_lender
1114,2026-04-03T06:07:19.136372,2026-04-03T06:07:19.095335,Sipani Hire Purchase And Finance Company Private Limited,NBFC,https://www.cavksipani.com,,,,False,,"[""Home Loan"", ""MSME Loan"", ""Vehicle Loan"", ""Working Capital""]",Home Loan,"[""Home Loan"", ""MSME Loan"", ""Vehicle Loan"", ""Working Capital""]","Bangalore, Karnataka",Karnataka,"[""Andaman and Nicobar Islands"", ""Andhra Pradesh"", ""Arunachal Pradesh"", ""Assam"", ""Bihar"", ""Chandigarh"", ""Chhattisgarh"", ""Dadra and Nagar Haveli"", ""Delhi"", ""Goa"", ""Gujarat"", ""Haryana"", ""Himachal Pradesh"", ""Jharkhand"", ""Karnataka"", ""Kerala"", ""Ladakh"", ""Lakshadweep"", ""Madhya Pradesh"", ""Maharashtra"", ""Manipur"", ""Meghalaya"", ""Mizoram"", ""Nagaland"", ""Odisha"", ""Puducherry"", ""Punjab"", ""Rajasthan"", ""Sikkim"", ""Tamil Nadu"", ""Telangana"", ""Tripura"", ""Uttar Pradesh"", ""Uttarakhand"", ""West Bengal""]",Pan India,False,,,,,,1985,,,,,False,,admin@cavksipani.com,False,csv+gemini+scraper,success,0.33,c38015a3aae41dc0a0f2,RBI registration number missing — needs manual review,unverified,,ND,False,True,False,False,False,gemini,scraper_verified,scraper_verified,csv_provided,pending_review
1115,2026-04-03T06:07:50.799337,2026-04-03T06:07:50.767741,Siri Infinlease Pvt. Ltd.,NBFC,https://yakshinfinlease.com,,,,False,,"[""MSME Loan"", ""Personal Loan""]",MSME Loan,"[""MSME Loan"", ""Personal Loan""]","New Delhi, Delhi",Delhi,"[""Delhi""]",Single State,False,,N-14.03400,,,,2017,,,,,False,8800964443,ved.chaudhry@yahoo.co.in,False,csv+gemini+scraper,success,0.49,b85dbcf7984b0453622b,,unverified,,ND,True,True,False,False,False,gemini,scraper_verified,scraper_verified,csv_provided,provisional_lender
1116,2026-04-03T06:08:11.367038,2026-04-03T06:08:11.311705,Sirsa Deposits And Advances  Ltd,NBFC,https://www.sirsadepositsadvances.com,,,,False,,"[""MSME Loan""]",MSME Loan,"[""MSME Loan""]","Sirsa, Haryana",Haryana,"[""Haryana""]",Single State,False,,,,,,1995,,,,,False,+911666230000,info@sirsadepositsadvances.com,False,csv+gemini,success,0.36,b397ae488f3f21d6d603,RBI registration number missing — needs manual review,unverified,,ND,False,True,True,False,False,gemini,gemini,gemini_inferred,csv_provided,pending_review
1117,2026-04-03T06:08:41.197603,2026-04-03T06:08:41.167505,Sita Enterprises Ltd.,NBFC,https://www.sitaenterprises.com,,,106.0,True,531744,"[""MSME Loan""]",MSME Loan,"[""MSME Loan""]","Navi Mumbai, Maharashtra",Maharashtra,"[""Maharashtra""]",Single State,False,,,,,,1985,,,,,False,+919136267494,info@sitaenterprises.com,False,csv+gemini+scraper,success,0.38,f8644deea909f468536b,RBI registration number missing — needs manual review,unverified,,ND,True,True,True,False,False,gemini,gemini,scraper_verified,csv_provided,pending_review
1118,2026-04-03T06:09:37.286955,2026-04-03T06:09:37.241543,Smeintellect Growth Capital Private Limited,NBFC,https://smeintellect.in,,,,False,,"[""MSME Loan"", ""Rural Loan"", ""Working Capital""]",MSME Loan,"[""MSME Loan"", ""Rural Loan"", ""Working Capital""]","Bengaluru, Karnataka",Karnataka,"[""Karnataka""]",Single State,False,,,,,,2020,,,,,False,04445263954,info@smeintellect.in,True,csv+gemini+scraper,success,0.39,a1926c2e21771aa24d6c,RBI registration number missing — needs manual review,unverified,,ND,True,True,True,False,False,gemini,scraper_verified,scraper_verified,csv_provided,pending_review
1119,2026-04-03T06:09:52.882443,2026-04-03T06:09:52.854955,Sojatia Auto Finance Pvt. Ltd.,NBFC,https://sojatia-farms-private-limited.charteredone.com/U15490MP2016PTC040795,,,,False,,"[""Vehicle Loan""]",Vehicle Loan,"[""Vehicle Loan""]","Indore, Madhya Pradesh",Madhya Pradesh,"[""Madhya Pradesh""]",Single State,False,,N-07.00700,,,,2017,,,,,False,,,False,csv+gemini,success,0.27,e2b3f9a66e30e3fbd793,,unverified,,ND,False,False,False,False,False,gemini,gemini,gemini_inferred,csv_provided,pending_review
1120,2026-04-03T06:10:06.012603,2026-04-03T06:10:05.968691,Solomon Capital Private Limited,NBFC,https://solomonfintech.com,,,1.0,False,,"[""MSME Loan"", ""Rural Loan""]",MSME Loan,"[""MSME Loan"", ""Rural Loan""]","Delhi, Delhi",Delhi,"[""Delhi"", ""Haryana""]",Regional,False,,,,,,2019,,,,,False,+918282824644,harshit.kumawat@solomoncapitals.com,False,csv+gemini+scraper,success,0.39,8790304961343245911a,RBI registration number missing — needs manual review,unverified,,ND,True,True,False,False,False,gemini,scraper_verified,scraper_verified,csv_provided,pending_review
1121,2026-04-03T06:10:37.754119,2026-04-03T06:10:37.718282,Sonal Mercantile Ltd.,NBFC,https://www.sonalmercantile.in,,,,True,538772,"[""Business Loan"", ""Personal Loan""]",Business Loan,"[""Business Loan"", ""Personal Loan""]","New Delhi, Delhi",Delhi,"[""Delhi""]",Single State,False,,B-14.02393,,,,1994,,,,,False,+911145050000,sonalmercantile@gmail.com,False,csv+gemini+scraper,success,0.46,58237b61ff24904baaf1,,unverified,,ND-BL-Small,False,True,False,False,False,gemini,scraper_verified,gemini_inferred,csv_provided,provisional_lender
1122,2026-04-03T06:11:07.590736,2026-04-03T06:11:07.559666,Sonal Tie Up Pvt Ltd,NBFC,https://www.sonalmercantile.in,10.0,Micro,,True,SONALMER,"[""Business Loan"", ""Personal Loan""]",Business Loan,"[""Business Loan"", ""Personal Loan""]","Delhi, Delhi",Delhi,"[""Delhi""]",Single State,False,,B-14.02393,,,,1985,,,,,False,+911147000000,info@sonalmercantile.in,False,csv+gemini+scraper,success,0.49,c1af970ca74aa4edb018,,unverified,,ND-BL-Small,False,True,True,False,False,gemini,scraper_verified,gemini_inferred,csv_provided,provisional_lender
1123,2026-04-03T06:11:31.756618,2026-04-03T06:11:31.727306,South India Finvest Private Limited,NBFC,https://southindiafinvest.com,,,,False,,"[""Consumer Durable Loan"", ""Education Loan"", ""MSME Loan"", ""Micro Loan"", ""Microfinance"", ""Personal Loan"", ""Two Wheeler Loan""]",Consumer Durable Loan,"[""Consumer Durable Loan"", ""Education Loan"", ""MSME Loan"", ""Micro Loan"", ""Microfinance"", ""Personal Loan"", ""Two Wheeler Loan""]","Bengaluru, Karnataka",Karnataka,"[""Karnataka"", ""Tamil Nadu""]",Regional,False,,,,,,1996,,24,,,False,+918041101000,info@southindiafinvest.com,True,csv+gemini+scraper,success,0.38,3a12fe475315f2a0dcd7,RBI registration number missing — needs manual review,unverified,,ND,False,True,True,False,False,gemini,scraper_verified,gemini_inferred,csv_provided,pending_review
1124,2026-04-03T06:11:50.354927,2026-04-03T06:11:50.299537,South Indian Credits Limited (Earlier known as South Indian Trading Syndicate (Kottapadi) Limited),NBFC,https://southindiancredits.com,,,,False,,"[""Gold Loan"", ""MSME Loan"", ""Microfinance"", ""Personal Loan"", ""Rural Loan""]",Gold Loan,"[""Gold Loan"", ""MSME Loan"", ""Microfinance"", ""Personal Loan"", ""Rural Loan""]","Guruvayoor, Kerala",Kerala,"[""Gujarat"", ""Kerala"", ""Tamil Nadu""]",Regional,False,,,,,,1997,,,,,False,+914872555555,info@southindiancredits.com,True,csv+gemini+scraper,success,0.36,9c1f387779aed3ce1d1f,RBI registration number missing — needs manual review,unverified,,ND,False,True,True,False,False,gemini,scraper_verified,gemini_inferred,csv_provided,pending_review
1125,2026-04-03T06:12:31.757890,2026-04-03T06:12:31.721156,Spheeti Fintech Private Limited,NBFC,https://spheetifintech.com,,,,False,,"[""Credit Card"", ""MSME Loan""]",Credit Card,"[""Credit Card"", ""MSME Loan""]","Mumbai, Maharashtra",Maharashtra,"[""Maharashtra""]",Single State,False,,,,,,2018,,,,,False,+918390470033,contact@spheetifintech.com,False,csv+gemini+scraper,success,0.39,bc5c38947c7e0f846d52,RBI registration number missing — needs manual review,unverified,,ND,True,True,True,False,False,gemini,scraper_verified,scraper_verified,csv_provided,pending_review
1126,2026-04-03T06:12:59.683455,2026-04-03T06:12:59.648934,Spinny Capital Private Limited,NBFC,https://www.spinny.com,,,,False,,"[""Vehicle Loan""]",Vehicle Loan,"[""Vehicle Loan""]","Haryana, India, Haryana",Haryana,"[""Chandigarh"", ""Delhi"", ""Haryana""]",Regional,False,,U74999,,,,2019,,,,,False,,contact@spinny.com,False,csv+gemini+scraper,success,0.45,d09cce9a1c77dc06f959,,unverified,,ND,False,True,True,False,False,gemini,scraper_verified,scraper_verified,csv_provided,provisional_lender
1127,2026-04-03T06:13:56.714853,2026-04-03T06:13:56.689646,Srestha Finvest Limited,NBFC,https://www.srestha.co.in/who.php,,,,False,,"[""MSME Loan""]",MSME Loan,"[""MSME Loan""]","Chennai, Tamil Nadu",Tamil Nadu,"[""Tamil Nadu""]",Single State,False,,,,,,2013,,,,,False,+914448587777,info@srestha.co.in,False,csv+gemini+scraper,success,0.36,d65a4668bfdf7f3184f3,RBI registration number missing — needs manual review,unverified,,ND,False,True,True,False,False,gemini,scraper_verified,gemini_inferred,csv_provided,pending_review
1128,2026-04-03T06:14:23.913614,2026-04-03T06:14:23.828110,"Sri Mahaveer Auto Finance (Madras) Private Limited (Earlier known as Sri Mahaveer Auto Finance (Madras) Limited, Chennai)",NBFC,https://mahaveerfinance.com,,,,False,,"[""Vehicle Loan""]",Vehicle Loan,"[""Vehicle Loan""]","Chennai, Tamil Nadu",Tamil Nadu,"[""Andhra Pradesh"", ""Karnataka"", ""Puducherry"", ""Tamil Nadu"", ""Telangana""]",Regional,False,,,,,,1981,,,,,False,7358072003,sri_mahaveer@yahoo.com,True,csv+gemini+scraper,success,0.38,106e06c48a439b1bc48d,RBI registration number missing — needs manual review,unverified,,ND,True,True,False,False,False,gemini,scraper_verified,scraper_verified,csv_provided,pending_review
1129,2026-04-03T06:14:57.727321,2026-04-03T06:14:57.687714,SRM Share & Finance Brokers  Pvt. Ltd.,NBFC,https://www.sharekhan.com/stock/srm-contractors-ltd,,,,False,,"[""Rural Loan""]",Rural Loan,"[""Rural Loan""]","Navi Mumbai, Maharashtra",Maharashtra,"[""Andaman and Nicobar Islands"", ""Andhra Pradesh"", ""Arunachal Pradesh"", ""Assam"", ""Bihar"", ""Chandigarh"", ""Chhattisgarh"", ""Dadra and Nagar Haveli"", ""Delhi"", ""Goa"", ""Gujarat"", ""Haryana"", ""Himachal Pradesh"", ""Jammu & Kashmir"", ""Jharkhand"", ""Karnataka"", ""Kerala"", ""Ladakh"", ""Lakshadweep"", ""Madhya Pradesh"", ""Maharashtra"", ""Manipur"", ""Meghalaya"", ""Mizoram"", ""Nagaland"", ""Odisha"", ""Puducherry"", ""Punjab"", ""Rajasthan"", ""Sikkim"", ""Tamil Nadu"", ""Telangana"", ""Tripura"", ""Uttar Pradesh"", ""Uttarakhand"", ""West Bengal""]",Pan India,True,,N-13.01810,,,,2003,,900,,,False,02241523200,myaccount@sharekhan.com,True,csv+gemini+scraper,success,0.51,999ec8f40326947e92e8,,unverified,,ND,True,True,False,False,False,gemini,scraper_verified,scraper_verified,csv_provided,provisional_lender
1130,2026-04-03T06:15:17.504699,2026-04-03T06:15:17.489202,SSA Finserv Private Limited,NBFC,https://www.ssafinserv.com,,,,False,,"[""MSME Loan"", ""Personal Loan""]",MSME Loan,"[""MSME Loan"", ""Personal Loan""]","New Delhi, Delhi",Delhi,"[""Delhi""]",Single State,False,,N-14.03500,,,,2018,,,,,False,,info@ssafinserv.com,False,csv+gemini+scraper,success,0.43,483ff13287bc8b017648,,unverified,,ND,False,True,True,False,False,gemini,gemini,scraper_verified,csv_provided,pending_review
1131,2026-04-03T06:16:02.577263,2026-04-03T06:16:02.527173,Standard Capital Markets Ltd.,NBFC,https://standardcapital.in,,,,True,STANDARDC,"[""Business Loan"", ""Gold Loan"", ""Home Loan"", ""Loan Against Property"", ""Personal Loan"", ""Supply Chain Finance"", ""Working Capital""]",Business Loan,"[""Business Loan"", ""Gold Loan"", ""Home Loan"", ""Loan Against Property"", ""Personal Loan"", ""Supply Chain Finance"", ""Working Capital""]","Delhi, Delhi",Delhi,"[""Delhi""]",Single State,False,,,,,,1995,,,,,False,+911147000000,info@standardcapital.in,False,csv+gemini,success,0.36,84257cfbd4c83e649448,RBI registration number missing — needs manual review,unverified,,ND-BL-Small,False,True,True,False,False,gemini,gemini,gemini_inferred,csv_provided,pending_review
1132,2026-04-03T06:16:25.687827,2026-04-03T06:16:25.657710,Star Trafin (P) Ltd,NBFC,https://www.startrafin.com,,,,False,,"[""Business Loan"", ""Gold Loan"", ""Loan Against Property"", ""Microfinance"", ""Vehicle Loan""]",Business Loan,"[""Business Loan"", ""Gold Loan"", ""Loan Against Property"", ""Microfinance"", ""Vehicle Loan""]","Kolkata, West Bengal",West Bengal,"[""West Bengal""]",Single State,False,,N.05.07000,,,,2006,,,,,False,+919765019457,info@startrafin.com,False,csv+gemini+scraper,success,0.49,a6037d888c7146908e54,,unverified,,ND,True,True,True,False,False,gemini,scraper_verified,scraper_verified,csv_provided,provisional_lender
1133,2026-04-03T06:16:59.294243,2026-04-03T06:16:59.251119,Starlit Pharmaceuticals Pvt. Ltd.,NBFC,https://www.starlitfinance.com,,,,False,,"[""Business Loan"", ""Loan Against Property"", ""MSME Loan"", ""Personal Loan"", ""Working Capital""]",Business Loan,"[""Business Loan"", ""Loan Against Property"", ""MSME Loan"", ""Personal Loan"", ""Working Capital""]","Gurugram, Haryana",Haryana,"[""Delhi"", ""Haryana""]",Regional,False,,,,,,2017,,,,,False,+911244000000,info@starlitfinance.com,False,csv+gemini+scraper,success,0.36,981409760ee35e468282,RBI registration number missing — needs manual review,unverified,,ND,False,True,True,False,False,gemini,scraper_verified,gemini_inferred,csv_provided,pending_review
1134,2026-04-03T06:17:23.288673,2026-04-03T06:17:23.250595,Stellar Investments Ltd.,NBFC,https://www.stellarinvestments.in,,,,False,,"[""MSME Loan""]",MSME Loan,"[""MSME Loan""]","Navi Mumbai, Maharashtra",Maharashtra,"[""Delhi"", ""Maharashtra""]",Regional,False,,,,,,2002,,,,,False,+919315078274,info@stellarinvestments.in,False,csv+gemini+scraper,success,0.4,5976c62caa18b1212d76,RBI registration number missing — needs manual review,unverified,,ND,True,True,True,False,False,gemini,scraper_verified,scraper_verified,csv_provided,pending_review
1135,2026-04-03T06:17:42.972322,2026-04-03T06:17:42.931411,Storrose Vyapaar (P) Ltd,NBFC,https://www.storrosevyapaar.com,,,,False,,"[""Personal Loan"", ""Rural Loan""]",Personal Loan,"[""Personal Loan"", ""Rural Loan""]","Noida, Uttar Pradesh",Uttar Pradesh,"[""Andaman and Nicobar Islands"", ""Andhra Pradesh"", ""Arunachal Pradesh"", ""Assam"", ""Bihar"", ""Chandigarh"", ""Chhattisgarh"", ""Goa"", ""Gujarat"", ""Haryana"", ""Himachal Pradesh"", ""Jharkhand"", ""Karnataka"", ""Kerala"", ""Ladakh"", ""Lakshadweep"", ""Madhya Pradesh"", ""Maharashtra"", ""Manipur"", ""Meghalaya"", ""Mizoram"", ""Nagaland"", ""Odisha"", ""Puducherry"", ""Punjab"", ""Rajasthan"", ""Sikkim"", ""Tamil Nadu"", ""Telangana"", ""Tripura"", ""Uttar Pradesh"", ""Uttarakhand"", ""West Bengal""]",Pan India,False,,B-05.04197,,,,2017,,,,,False,18001023108,support@storrosevyapar.com,False,csv+gemini+scraper,success,0.51,c131dbbb9088fffd72bd,,unverified,,ND,False,True,False,False,False,gemini,scraper_verified,scraper_verified,csv_provided,provisional_lender
1136,2026-04-03T06:18:08.892926,2026-04-03T06:18:08.845582,Subhlakshmi Finance Private Limited (Old Name - Pepsu Capital Services Private Limited),NBFC,https://www.subhlakshmi.in,100.03,Micro,20.03,False,,"[""Business Loan"", ""Home Loan"", ""Loan Against Property"", ""MSME Loan""]",Business Loan,"[""Business Loan"", ""Home Loan"", ""Loan Against Property"", ""MSME Loan""]","Gurugram, Haryana",Haryana,"[""Bihar"", ""Delhi"", ""Haryana"", ""Himachal Pradesh"", ""Madhya Pradesh"", ""Punjab"", ""Rajasthan"", ""Uttar Pradesh""]",Regional,False,,B-06.00246,,,,1995,,,,,False,18008913318,info@subhlakshmi.in,True,csv+gemini+scraper,success,0.52,477753374449b0f9006b,,unverified,,ND-BL,False,True,True,False,False,gemini,scraper_verified,scraper_verified,csv_provided,provisional_lender
1137,2026-04-03T06:18:28.599167,2026-04-03T06:18:28.562385,Subitha Leasing Company Ltd.,NBFC,https://subithaleasing.in,,,,False,,"[""MSME Loan"", ""Micro Loan"", ""Microfinance"", ""Vehicle Loan""]",MSME Loan,"[""MSME Loan"", ""Micro Loan"", ""Microfinance"", ""Vehicle Loan""]","Coimbatore, Tamil Nadu",Tamil Nadu,"[""Tamil Nadu""]",Single State,False,,B-07.00001,,,,1994,,,,,False,+914222690001,subithaleasing@gmail.com,False,csv+gemini,success,0.46,c6a17b945ce10415d307,,unverified,,ND,False,True,False,False,False,gemini,gemini,gemini_inferred,csv_provided,provisional_lender
1138,2026-04-03T06:19:14.485318,2026-04-03T06:19:14.457157,Suganmul Dugar Finance Limited,NBFC,https://dugar.co.in,,,,False,,"[""EV Loan"", ""Home Loan"", ""Loan Against Property"", ""MSME Loan"", ""Vehicle Loan""]",EV Loan,"[""EV Loan"", ""Home Loan"", ""Loan Against Property"", ""MSME Loan"", ""Vehicle Loan""]","Chennai, Tamil Nadu",Tamil Nadu,"[""Gujarat"", ""Karnataka"", ""Madhya Pradesh"", ""Maharashtra"", ""Rajasthan"", ""Tamil Nadu""]",Regional,False,,,,,,1994,,40,,,False,+919383007676,dugar@dugar.co.in,True,csv+gemini+scraper,success,0.42,0a05dd2c5991c7db9598,RBI registration number missing — needs manual review,unverified,,ND,True,True,True,False,False,gemini,scraper_verified,scraper_verified,csv_provided,pending_review
1139,2026-04-03T06:19:51.577760,2026-04-03T06:19:51.550718,Sulabh Engineers & Services Ltd,NBFC,https://www.sulabh.org.in,,,,True,SULABH,"[""Business Loan"", ""MSME Loan"", ""Rural Loan"", ""Working Capital""]",Business Loan,"[""Business Loan"", ""MSME Loan"", ""Rural Loan"", ""Working Capital""]","Delhi, Delhi",Delhi,"[""Delhi"", ""Uttar Pradesh""]",Regional,False,,,,,,1987,,,,,False,+911143010000,sulabheng22@gmail.com,False,csv+gemini+scraper,success,0.38,18856822642a435ae189,RBI registration number missing — needs manual review,unverified,,ND,False,True,False,False,False,gemini,scraper_verified,scraper_verified,csv_provided,pending_review
1140,2026-04-03T06:20:20.890243,2026-04-03T06:20:20.852138,Sulabh Resources (P) Ltd,NBFC,https://www.sulabh.org.in,,,0.0101,True,SULABH,"[""Business Loan"", ""MSME Loan"", ""Rural Loan"", ""Working Capital""]",Business Loan,"[""Business Loan"", ""MSME Loan"", ""Rural Loan"", ""Working Capital""]","Lucknow, Uttar Pradesh",Uttar Pradesh,"[""Uttar Pradesh""]",Single State,False,,,,,,2001,,,,,False,+915224000000,sulabheng22@gmail.com,False,csv+gemini+scraper,success,0.38,b3ad0c00e7907356b28f,RBI registration number missing — needs manual review,unverified,,ND-BL-Small,False,True,False,False,False,gemini,scraper_verified,scraper_verified,csv_provided,pending_review
1141,2026-04-03T06:21:16.894448,2026-04-03T06:21:16.853832,Sunita Finlease Ltd.,NBFC,https://www.sunitafinance.com,,,,False,,"[""Business Loan"", ""MSME Loan"", ""Personal Loan""]",Business Loan,"[""Business Loan"", ""MSME Loan"", ""Personal Loan""]","Raipur, Chhattisgarh",Chhattisgarh,"[""Chhattisgarh""]",Single State,False,,,,,,1995,,,,,False,+918447837455,support@sunitaonline.com,False,csv+gemini+scraper,success,0.39,791030391c988fee1d30,RBI registration number missing — needs manual review,unverified,,ND,True,True,False,False,False,gemini,scraper_verified,scraper_verified,csv_provided,pending_review
1142,2026-04-03T06:22:18.309324,2026-04-03T06:22:18.277957,Sunlog Credits Pvt. Ltd.,NBFC,https://www.sunlogcredits.com,,,,False,,"[""Personal Loan""]",Personal Loan,"[""Personal Loan""]","New Delhi, Delhi",Delhi,"[""Delhi""]",Single State,False,,,,,,2019,,,,,False,+917428377930,info@lysa.in,False,csv+gemini+scraper,success,0.39,85316fbb78d1c2a24f4f,RBI registration number missing — needs manual review,unverified,,ND,True,True,False,False,False,gemini,scraper_verified,scraper_verified,csv_provided,pending_review
1143,2026-04-03T06:22:54.154301,2026-04-03T06:22:54.126152,Sunshine Fintrade Pvt Ltd,NBFC,https://www.sunshinecapital.in,,,,True,SUNSHINE,"[""MSME Loan"", ""Personal Loan""]",MSME Loan,"[""MSME Loan"", ""Personal Loan""]","New Delhi, Delhi",Delhi,"[""Delhi""]",Single State,False,,B-14.01266,,,,1994,,,,,False,+911145050000,info@sunshinecapital.in,False,csv+gemini+scraper,success,0.46,57ae90ac366d1c65a8ad,,unverified,,ND,False,True,True,False,False,gemini,scraper_verified,gemini_inferred,csv_provided,provisional_lender
1144,2026-04-03T06:23:13.981019,2026-04-03T06:23:13.958139,Sunshine Finvest Private Limited,NBFC,https://www.sunshinecapital.in,,,,True,SUNSHINE,"[""MSME Loan"", ""Personal Loan""]",MSME Loan,"[""MSME Loan"", ""Personal Loan""]","Delhi, Delhi",Delhi,"[""Delhi""]",Single State,False,,B-14.01266,,,,1994,,,,,False,+911143010000,info@sunshinecapital.in,False,csv+gemini+scraper,success,0.46,4d1459419f16c420e0e2,,unverified,,ND,False,True,True,False,False,gemini,scraper_verified,gemini_inferred,csv_provided,provisional_lender
1145,2026-04-03T06:23:38.003584,2026-04-03T06:23:37.963836,Superior Finlease Ltd.,NBFC,https://www.superiorfinlease.com,,,,False,,"[""Business Loan"", ""Education Loan"", ""MSME Loan""]",Business Loan,"[""Business Loan"", ""Education Loan"", ""MSME Loan""]","Delhi, Delhi",Delhi,"[""Delhi""]",Single State,False,,,,,,2017,,,,,False,09953798335,superiorfinlease@gmail.com,False,csv+gemini+scraper,success,0.39,999947df2bee2b0a2444,RBI registration number missing — needs manual review,unverified,,ND,True,True,False,False,False,gemini,scraper_verified,scraper_verified,csv_provided,pending_review
1146,2026-04-03T06:24:24.737283,2026-04-03T06:24:24.685698,Surjit Hire Purchase Private Ltd. (Made Pvt Wef 6.3.2019),NBFC,https://www.surjitfinance.com,38.5,Micro,10.9,False,,"[""Business Loan"", ""EV Loan"", ""Gold Loan"", ""MSME Loan"", ""Vehicle Loan""]",Business Loan,"[""Business Loan"", ""EV Loan"", ""Gold Loan"", ""MSME Loan"", ""Vehicle Loan""]","Kanpur, Uttar Pradesh",Uttar Pradesh,"[""Uttar Pradesh""]",Single State,False,,,,,,1984,,,,,False,18003131265,info@surjitfinance.com,False,csv+gemini+scraper,success,0.42,4a75e5f7a1a6594d04de,RBI registration number missing — needs manual review,unverified,,ND-BL-Small,False,True,True,False,False,gemini,scraper_verified,scraper_verified,csv_provided,pending_review
1147,2026-04-03T06:24:58.639224,2026-04-03T06:24:58.598815,Survika Traders (P) Ltd,NBFC,https://www.survikatraders.com,,,,False,,"[""MSME Loan"", ""Personal Loan"", ""Supply Chain Finance"", ""Working Capital""]",MSME Loan,"[""MSME Loan"", ""Personal Loan"", ""Supply Chain Finance"", ""Working Capital""]","Kolkata, West Bengal",West Bengal,"[""West Bengal""]",Single State,False,,N.05.07000,,,,1982,,,,,False,+913340000000,info@survikatraders.com,True,csv+gemini,success,0.46,95f5d79806f16e836fc4,,unverified,,ND,False,True,True,False,False,gemini,gemini,gemini_inferred,csv_provided,provisional_lender
1148,2026-04-03T06:25:34.009665,2026-04-03T06:25:33.968861,Sushil Securities (P) Ltd,NBFC,https://www.sushilfinance.com,,,,False,,"[""Rural Loan""]",Rural Loan,"[""Rural Loan""]","Mumbai, Maharashtra",Maharashtra,"[""Andhra Pradesh"", ""Bihar"", ""Chhattisgarh"", ""Delhi"", ""Goa"", ""Gujarat"", ""Haryana"", ""Jharkhand"", ""Karnataka"", ""Kerala"", ""Madhya Pradesh"", ""Maharashtra"", ""Odisha"", ""Punjab"", ""Rajasthan"", ""Tamil Nadu"", ""Telangana"", ""Uttar Pradesh"", ""West Bengal""]",Regional,False,,INZ00016513,,,,1982,,,,,False,+912240936000,info@sushilfinance.com,False,csv+gemini+scraper,success,0.51,e6d77aedeccbc9a807cc,,unverified,,unknown,True,True,True,False,False,gemini,scraper_verified,scraper_verified,csv_provided,provisional_lender
1149,2026-04-03T06:25:50.033988,2026-04-03T06:25:49.996997,Suvidha Securities Private Limited,NBFC,https://suvidhaacredit.com,,,,False,,"[""Business Loan"", ""MSME Loan"", ""Personal Loan""]",Business Loan,"[""Business Loan"", ""MSME Loan"", ""Personal Loan""]","Lucknow, Uttar Pradesh",Uttar Pradesh,"[""Uttar Pradesh""]",Single State,False,,N-13.02437,,,,1997,,,,,False,+919565664444,suvidhasecurities@gmail.com,False,csv+gemini+scraper,success,0.48,802b5c3a34a40d02d15f,,unverified,,ND,True,True,False,False,False,gemini,scraper_verified,scraper_verified,csv_provided,provisional_lender
1150,2026-04-03T06:26:21.031135,2026-04-03T06:26:21.005868,Svakarma Finance Private Limited,NBFC,https://www.svakarma.com,,,,False,,"[""Business Loan"", ""MSME Loan""]",Business Loan,"[""Business Loan"", ""MSME Loan""]","Mumbai, Maharashtra",Maharashtra,"[""Andhra Pradesh"", ""Gujarat"", ""Karnataka"", ""Madhya Pradesh"", ""Maharashtra"", ""Rajasthan"", ""Tamil Nadu"", ""Telangana""]",Regional,False,,N-13.02437,,,,2018,,,,,False,+912235136577,customerservice@svakarma.com,False,csv+gemini+scraper,success,0.49,4f473709459e6ad2c6eb,,unverified,,ND,True,True,True,False,False,gemini,gemini,scraper_verified,csv_provided,provisional_lender
1151,2026-04-03T06:26:41.561335,2026-04-03T06:26:41.537523,Svamaan Financial Services Private Limited,NBFC,https://www.svamaan.in,1000.0,Small,140.7,False,,"[""MSME Loan"", ""Microfinance""]",MSME Loan,"[""MSME Loan"", ""Microfinance""]","Bengaluru, Karnataka",Karnataka,"[""Bihar"", ""Haryana"", ""Jharkhand"", ""Karnataka"", ""Madhya Pradesh"", ""Maharashtra"", ""Odisha"", ""Rajasthan"", ""Tamil Nadu"", ""Telangana"", ""Uttar Pradesh""]",Regional,False,,,,,,2017,1200,,,,False,+918047186600,info@svamaan.in,False,csv+gemini+scraper,success,0.41,1f5d8a40ad727832db84,RBI registration number missing — needs manual review,unverified,,MFI,False,True,True,False,False,gemini,scraper_verified,gemini_inferred,csv_provided,pending_review
1152,2026-04-03T06:27:14.321906,2026-04-03T06:27:14.288638,Svasti Micro Finance Pvt Ltd,NBFC,https://www.svasti.in,,,190.0,False,,"[""MSME Loan"", ""Microfinance"", ""Rural Loan""]",MSME Loan,"[""MSME Loan"", ""Microfinance"", ""Rural Loan""]","Mumbai, Maharashtra",Maharashtra,"[""Chhattisgarh"", ""Goa"", ""Gujarat"", ""Madhya Pradesh"", ""Maharashtra"", ""Rajasthan"", ""Tamil Nadu"", ""Uttar Pradesh""]",Regional,False,,,,,,2008,,150,,,False,209769616817,info@svasti.in,False,csv+gemini+scraper,success,0.42,12eb9ce345328b04492e,RBI registration number missing — needs manual review,unverified,,MFI,False,True,True,False,False,gemini,scraper_verified,scraper_verified,csv_provided,pending_review
1153,2026-04-03T06:27:36.081676,2026-04-03T06:27:36.037092,Swagat Hire Purchase & Finance Co Pvt Ltd,NBFC,https://swagat.mitrsewa.com,,,,False,,"[""Business Loan"", ""Consumer Durable Loan"", ""Gold Loan"", ""Home Loan"", ""Loan Against Property"", ""MSME Loan"", ""Personal Loan"", ""Vehicle Loan""]",Business Loan,"[""Business Loan"", ""Consumer Durable Loan"", ""Gold Loan"", ""Home Loan"", ""Loan Against Property"", ""MSME Loan"", ""Personal Loan"", ""Vehicle Loan""]","Lucknow, Uttar Pradesh",Uttar Pradesh,"[""Uttar Pradesh""]",Single State,False,,B-13.01566,,,,1985,,,,,False,,grievance@swagat.mitrsewa.com,True,csv+gemini+scraper,success,0.43,d0039a107b7624e8f9c7,,unverified,,D,False,True,True,False,False,gemini,scraper_verified,scraper_verified,csv_provided,pending_review
1154,2026-04-03T06:28:09.905966,2026-04-03T06:28:09.879666,Swarnodhayam Credits Private Limited,NBFC,https://www.swarnodhayam.com,,,,False,,"[""Business Loan"", ""MSME Loan"", ""Microfinance"", ""Working Capital""]",Business Loan,"[""Business Loan"", ""MSME Loan"", ""Microfinance"", ""Working Capital""]","Tiruchirappalli, Tamil Nadu",Tamil Nadu,"[""Tamil Nadu""]",Single State,False,,N.07.00900,,,,2017,,,,,False,+9104312760066,contact@swarnodhayam.com,False,csv+gemini+scraper,success,0.49,cc5b0d20fe6fafded8ae,,unverified,,MFI,False,True,True,False,False,gemini,gemini,scraper_verified,csv_provided,provisional_lender
1155,2026-04-03T06:29:07.830878,2026-04-03T06:29:07.809615,Tapstart Capital Private Limited,NBFC,https://tapstart.in,1.02,Micro,1.02,False,,"[""Personal Loan""]",Personal Loan,"[""Personal Loan""]","Bengaluru, Karnataka",Karnataka,"[""Karnataka""]",Single State,False,,,,,,2016,,,,,False,+918040974095,hello@moneytap.com,False,csv+gemini+scraper,success,0.42,9b8a74a59536e839f580,RBI registration number missing — needs manual review,unverified,,ND-BL-Small,True,True,False,False,False,gemini,scraper_verified,scraper_verified,csv_provided,pending_review
1156,2026-04-03T06:29:31.111838,2026-04-03T06:29:31.084502,Tattva Fincorp Limited,NBFC,https://www.tattvafincorp.com,,,,False,,"[""Business Loan"", ""Consumer Durable Loan"", ""Gold Loan"", ""Home Loan"", ""Loan Against Property"", ""MSME Loan"", ""Personal Loan"", ""Two Wheeler Loan"", ""Vehicle Loan""]",Business Loan,"[""Business Loan"", ""Consumer Durable Loan"", ""Gold Loan"", ""Home Loan"", ""Loan Against Property"", ""MSME Loan"", ""Personal Loan"", ""Two Wheeler Loan"", ""Vehicle Loan""]","Perumbavoor, Kerala",Kerala,"[""Andaman and Nicobar Islands"", ""Andhra Pradesh"", ""Arunachal Pradesh"", ""Assam"", ""Bihar"", ""Chandigarh"", ""Chhattisgarh"", ""Dadra and Nagar Haveli"", ""Delhi"", ""Goa"", ""Gujarat"", ""Haryana"", ""Himachal Pradesh"", ""Jammu & Kashmir"", ""Jharkhand"", ""Karnataka"", ""Kerala"", ""Ladakh"", ""Lakshadweep"", ""Madhya Pradesh"", ""Maharashtra"", ""Manipur"", ""Meghalaya"", ""Mizoram"", ""Nagaland"", ""Odisha"", ""Puducherry"", ""Punjab"", ""Rajasthan"", ""Sikkim"", ""Tamil Nadu"", ""Telangana"", ""Tripura"", ""Uttar Pradesh"", ""Uttarakhand"", ""West Bengal""]",Pan India,True,,,,,,2018,,400,,,False,+914842522222,info@tattvafincorp.com,False,csv+gemini+scraper,success,0.39,f10ff631d6bffdfadf13,RBI registration number missing — needs manual review,unverified,,ND,False,True,True,False,False,gemini,scraper_verified,scraper_verified,csv_provided,pending_review
1157,2026-04-03T06:30:10.363636,2026-04-03T06:30:10.328469,Team India Guaranty Limited (Earlier known as Times Guaranty Limited),NBFC,https://www.teamindiaguarantylimited.com,10.0,Micro,0.1,True,TEAMIND,"[""Loan Against Property"", ""Supply Chain Finance"", ""Working Capital""]",Loan Against Property,"[""Loan Against Property"", ""Supply Chain Finance"", ""Working Capital""]","Navi Mumbai, Maharashtra",Maharashtra,"[""Maharashtra""]",Single State,False,,N-13.01863,,,,1989,,,,,False,+912227880000,info@teamindiaguarantylimited.com,False,csv+gemini+scraper,success,0.5,012c444d8cef5c2ca18f,,unverified,,ND-BL-Small,False,True,True,False,False,gemini,gemini,scraper_verified,csv_provided,provisional_lender
1158,2026-04-03T06:30:31.790566,2026-04-03T06:30:31.760273,Techaviom Finance Private Limited,NBFC,https://www.techaviom.in,,,,False,,"[""Business Loan"", ""Loan Against Property"", ""MSME Loan"", ""Personal Loan""]",Business Loan,"[""Business Loan"", ""Loan Against Property"", ""MSME Loan"", ""Personal Loan""]","New Delhi, Delhi",Delhi,"[""Delhi""]",Single State,False,,N-14.03400,,,,2020,,17,,,False,,,True,csv+gemini+scraper,success,0.35,2159d35aa094ad4fe1a4,,unverified,,ND,False,False,False,False,False,gemini,scraper_verified,scraper_verified,csv_provided,pending_review
1159,2026-04-03T06:35:06.786298,2026-04-03T06:35:06.769313,"Telecom Finance (India) Limited,",NBFC,https://www.bhartitelecom.in,,,,False,,"[""Business Loan"", ""Consumer Durable Loan"", ""Credit Card"", ""EV Loan"", ""Education Loan"", ""Gold Loan"", ""Home Loan"", ""Loan Against Property"", ""MSME Loan"", ""Microfinance"", ""Personal Loan"", ""Rural Loan"", ""Supply Chain Finance"", ""Two Wheeler Loan"", ""Vehicle Loan"", ""Working Capital""]",Business Loan,"[""Business Loan"", ""Consumer Durable Loan"", ""Credit Card"", ""EV Loan"", ""Education Loan"", ""Gold Loan"", ""Home Loan"", ""Loan Against Property"", ""MSME Loan"", ""Microfinance"", ""Personal Loan"", ""Rural Loan"", ""Supply Chain Finance"", ""Two Wheeler Loan"", ""Vehicle Loan"", ""Working Capital""]","Gurugram, Haryana",Haryana,"[""Andaman and Nicobar Islands"", ""Andhra Pradesh"", ""Arunachal Pradesh"", ""Assam"", ""Bihar"", ""Chandigarh"", ""Chhattisgarh"", ""Dadra and Nagar Haveli"", ""Delhi"", ""Goa"", ""Gujarat"", ""Haryana"", ""Himachal Pradesh"", ""Jammu & Kashmir"", ""Jharkhand"", ""Karnataka"", ""Kerala"", ""Ladakh"", ""Lakshadweep"", ""Madhya Pradesh"", ""Maharashtra"", ""Manipur"", ""Meghalaya"", ""Mizoram"", ""Nagaland"", ""Odisha"", ""Puducherry"", ""Punjab"", ""Rajasthan"", ""Sikkim"", ""Tamil Nadu"", ""Telangana"", ""Tripura"", ""Uttar Pradesh"", ""Uttarakhand"", ""West Bengal""]",Pan India,True,,N-14.03260,,,,2005,,,,,False,+911244200000,info@bhartitelecom.in,False,csv+gemini,success,0.46,5d0062e54724ba0a4108,,unverified,,ND,False,True,True,False,True,gemini,gemini,gemini_inferred,csv_provided,provisional_lender
1160,2026-04-03T06:35:30.168810,2026-04-03T06:35:30.131437,Tenmark Capital Private Limited,NBFC,https://tenmarkcapital.com,,,,False,,"[""Gold Loan"", ""Personal Loan"", ""Rural Loan""]",Gold Loan,"[""Gold Loan"", ""Personal Loan"", ""Rural Loan""]","Chennai, Tamil Nadu",Tamil Nadu,"[""Tamil Nadu""]",Single State,False,,,,,,2023,,,,,False,+916384600199,info@tenmarkcapital.com,False,csv+gemini+scraper,success,0.38,7907d8e1dc4252bcb09f,RBI registration number missing — needs manual review,unverified,,ND,True,True,True,False,False,gemini,scraper_verified,scraper_verified,csv_provided,pending_review
1161,2026-04-03T06:35:57.678678,2026-04-03T06:35:57.642093,Thanvir Bros (P) Ltd,NBFC,https://thanvirbros.in,,,,False,,"[""Education Loan"", ""Home Loan"", ""Personal Loan""]",Education Loan,"[""Education Loan"", ""Home Loan"", ""Personal Loan""]","Kolkata, West Bengal",West Bengal,"[""West Bengal""]",Single State,False,,,,,,1995,,,,,False,+919477664928,cc@thanvirbros.in,False,csv+gemini+scraper,success,0.41,d40847745f32914301e6,RBI registration number missing — needs manual review,unverified,,ND,True,True,True,False,False,gemini,scraper_verified,scraper_verified,csv_provided,pending_review
1162,2026-04-03T06:36:36.673614,2026-04-03T06:36:36.621136,Thirukochi Fincap Private Limited (Earlier known as Jayanth Financial Services Private Limited),NBFC,https://thirukochifincap.com,10.5,Micro,1.2,False,,"[""Agriculture Loan"", ""Business Loan"", ""Education Loan"", ""Gold Loan"", ""Home Loan"", ""MSME Loan"", ""Microfinance"", ""Personal Loan"", ""Rural Loan"", ""Two Wheeler Loan"", ""Vehicle Loan"", ""Working Capital""]",Agriculture Loan,"[""Agriculture Loan"", ""Business Loan"", ""Education Loan"", ""Gold Loan"", ""Home Loan"", ""MSME Loan"", ""Microfinance"", ""Personal Loan"", ""Rural Loan"", ""Two Wheeler Loan"", ""Vehicle Loan"", ""Working Capital""]","Perumbavoor, Kerala",Kerala,"[""Kerala""]",Single State,False,,N.13.02437,,,,1995,,,,,False,+919876543210,info@thirukochi.com,False,csv+gemini+scraper,success,0.52,b4181c44092ee76b57a9,,unverified,,ND-BL-Small,True,True,False,False,False,gemini,scraper_verified,scraper_verified,csv_provided,provisional_lender
1163,2026-04-03T06:37:02.240592,2026-04-03T06:37:02.215781,Tina Finlease Pvt.Ltd.,NBFC,https://www.chintamanifinlease.com,,,,False,,"[""Business Loan"", ""Gold Loan"", ""Loan Against Property"", ""MSME Loan"", ""Personal Loan"", ""Rural Loan"", ""Vehicle Loan""]",Business Loan,"[""Business Loan"", ""Gold Loan"", ""Loan Against Property"", ""MSME Loan"", ""Personal Loan"", ""Rural Loan"", ""Vehicle Loan""]","New Delhi, Delhi",Delhi,"[""Delhi""]",Single State,False,,N-14.03100,,,,1995,,,,,False,+919212132955,info@chintamanifinlease.com,False,csv+gemini+scraper,success,0.51,e115697179f47582fedf,,unverified,,ND,True,True,True,False,False,gemini,scraper_verified,scraper_verified,csv_provided,provisional_lender
1164,2026-04-03T06:37:26.568741,2026-04-03T06:37:26.540108,Tirumala Holdings (P) Ltd,NBFC,https://tirumalafinance.com,,,,False,,"[""Loan Against Property"", ""Working Capital""]",Loan Against Property,"[""Loan Against Property"", ""Working Capital""]","Jaipur, Rajasthan",Rajasthan,"[""Rajasthan""]",Single State,False,,,,,,1995,,,,,False,+917230011430,info@tirumalafinance.com,False,csv+gemini+scraper,success,0.39,265627dd780fa723fe68,RBI registration number missing — needs manual review,unverified,,ND,True,True,True,False,False,gemini,scraper_verified,scraper_verified,csv_provided,pending_review
1165,2026-04-03T06:37:47.930600,2026-04-03T06:37:47.879309,Tirumala Vintra (P) Ltd (Name as per MCA - Tirumala Irons Private Limited),NBFC,https://tirumalafinance.com,,,,False,,"[""Business Loan"", ""MSME Loan"", ""Working Capital""]",Business Loan,"[""Business Loan"", ""MSME Loan"", ""Working Capital""]","Kolkata, West Bengal",West Bengal,"[""Rajasthan"", ""West Bengal""]",Regional,False,,,,,,1995,,,,,False,+917230011430,info@tirumalafinance.com,False,csv+gemini+scraper,success,0.39,23fd3dca155f96895eb2,RBI registration number missing — needs manual review,unverified,,ND,True,True,True,False,False,gemini,scraper_verified,scraper_verified,csv_provided,pending_review
1166,2026-04-03T06:38:20.966716,2026-04-03T06:38:20.935685,Todi Investments Ltd,NBFC,https://www.todiinvestors.com,,,,False,,"[""Gold Loan"", ""Working Capital""]",Gold Loan,"[""Gold Loan"", ""Working Capital""]","Kolkata, West Bengal",West Bengal,"[""West Bengal""]",Single State,False,,N-05.03000,,,,1982,,,,,False,+913322420000,info@todiinvestors.com,False,csv+gemini,success,0.46,0e124833c4054600e536,,unverified,,ND,False,True,True,False,False,gemini,gemini,gemini_inferred,csv_provided,provisional_lender
1167,2026-04-03T06:38:34.104118,2026-04-03T06:38:34.064633,Track Fin-Ed (P) Ltd,NBFC,https://timesofindia.indiatimes.com/india/ed-slaps-rs-2100cr-fine-on-nbfc-for-loan-app-with-chinese-links/articleshow/114130856.cms,,,,False,,"[""Personal Loan""]",Personal Loan,"[""Personal Loan""]","Delhi, Delhi",Delhi,"[""Andhra Pradesh"", ""Arunachal Pradesh"", ""Assam"", ""Bihar"", ""Chandigarh"", ""Chhattisgarh"", ""Delhi"", ""Goa"", ""Gujarat"", ""Haryana"", ""Himachal Pradesh"", ""Jharkhand"", ""Karnataka"", ""Kerala"", ""Lakshadweep"", ""Madhya Pradesh"", ""Maharashtra"", ""Manipur"", ""Meghalaya"", ""Mizoram"", ""Nagaland"", ""Odisha"", ""Punjab"", ""Rajasthan"", ""Sikkim"", ""Tamil Nadu"", ""Telangana"", ""Tripura"", ""Uttar Pradesh"", ""Uttarakhand"", ""West Bengal""]",Pan India,False,,EMP-17717347,,,,,,,,,False,,,False,csv+gemini+scraper,success,0.3,1374e2f8dd560bddd160,,unverified,,unknown,False,False,False,False,False,gemini,scraper_verified,gemini_inferred,csv_provided,pending_review
1168,2026-04-03T06:38:48.482338,2026-04-03T06:38:48.463481,Tradewell Capfin Private Limited,NBFC,https://www.tradewellcapfin.com,,,1.02,False,,"[""MSME Loan"", ""Personal Loan"", ""Working Capital""]",MSME Loan,"[""MSME Loan"", ""Personal Loan"", ""Working Capital""]","Hyderabad, Telangana",Telangana,"[""Telangana""]",Single State,False,,N-09.00444,,,,2015,,,,,False,04023558441,capfin@tradewellmail.com,False,csv+gemini+scraper,success,0.49,af9903f8a5b552f3f7b6,,unverified,,ND,True,True,False,False,False,gemini,scraper_verified,scraper_verified,csv_provided,provisional_lender
1169,2026-04-03T07:16:18.365190,2026-04-03T07:16:18.362786,Wesghats Finance Limited (Earlier known as Wesghats Micro Finance Limited),NBFC,https://www.wesghatslimited.in,,,,False,,"[""Microfinance""]",Microfinance,"[""Microfinance""]","Chennai, Tamil Nadu",Tamil Nadu,"[""Tamil Nadu""]",Single State,False,,,,,,2018,,,,,False,+914448584858,info@wesghatslimited.in,True,csv+gemini+scraper,success,0.36,7447a233d02f341f8720,RBI registration number missing — needs manual review,unverified,,ND,False,True,True,False,False,gemini,scraper_verified,gemini_inferred,csv_provided,pending_review
1170,2026-04-03T07:16:57.338597,2026-04-03T07:16:57.335528,Wise Investment (P) Ltd,NBFC,https://wiseinvestment.in,,,,False,,"[""Home Loan""]",Home Loan,"[""Home Loan""]","Kolkata, West Bengal",West Bengal,"[""West Bengal""]",Single State,False,,,,,,1995,,,,,False,+913340060000,info@wiseinvestment.in,False,csv+gemini,success,0.36,e6a80451ce4a5537992b,RBI registration number missing — needs manual review,unverified,,ND,False,True,True,False,False,gemini,gemini,gemini_inferred,csv_provided,pending_review
1171,2026-04-03T07:17:29.033590,2026-04-03T07:17:29.032033,Yaduka Financial Services Limited ( Formerly P R Vyapaar Pvt Ltd),NBFC,https://www.cayaduka.com,,,0.01,False,,"[""Credit Card"", ""Gold Loan"", ""Home Loan"", ""MSME Loan"", ""Vehicle Loan""]",Credit Card,"[""Credit Card"", ""Gold Loan"", ""Home Loan"", ""MSME Loan"", ""Vehicle Loan""]","Kolkata, West Bengal",West Bengal,"[""Andaman and Nicobar Islands"", ""Andhra Pradesh"", ""Arunachal Pradesh"", ""Assam"", ""Bihar"", ""Chandigarh"", ""Chhattisgarh"", ""Dadra and Nagar Haveli"", ""Delhi"", ""Goa"", ""Gujarat"", ""Haryana"", ""Himachal Pradesh"", ""Jharkhand"", ""Karnataka"", ""Kerala"", ""Ladakh"", ""Lakshadweep"", ""Madhya Pradesh"", ""Maharashtra"", ""Manipur"", ""Meghalaya"", ""Mizoram"", ""Nagaland"", ""Odisha"", ""Puducherry"", ""Punjab"", ""Rajasthan"", ""Sikkim"", ""Tamil Nadu"", ""Telangana"", ""Tripura"", ""Uttar Pradesh"", ""Uttarakhand"", ""West Bengal""]",Pan India,False,,,,,,1995,,,,,False,+913340001000,info@yadukagroup.com,False,csv+gemini+scraper,success,0.38,7934f30aa1363f3c1cde,RBI registration number missing — needs manual review,unverified,,unknown,False,True,False,False,False,gemini,scraper_verified,scraper_verified,csv_provided,pending_review
1172,2026-04-03T07:17:48.617381,2026-04-03T07:17:48.610806,Yaksh Infinlease Pvt.Ltd,NBFC,https://www.yakshinfinlease.com,,,,False,,"[""MSME Loan"", ""Personal Loan"", ""Working Capital""]",MSME Loan,"[""MSME Loan"", ""Personal Loan"", ""Working Capital""]","New Delhi, Delhi",Delhi,"[""Delhi""]",Single State,False,,N-14.03400,,,,2017,,,,,False,8800964443,ved.chaudhry@yahoo.co.in,False,csv+gemini+scraper,success,0.49,1ce1b088928a14003425,,unverified,,ND,True,True,False,False,False,gemini,scraper_verified,scraper_verified,csv_provided,provisional_lender
1173,2026-04-03T07:18:50.122262,2026-04-03T07:18:50.120861,Yuvaraj Agrofin (P) Ltd,NBFC,https://yuvarajfinance.in,,,1.01,False,,"[""MSME Loan"", ""Vehicle Loan""]",MSME Loan,"[""MSME Loan"", ""Vehicle Loan""]","Navi Mumbai, Maharashtra",Maharashtra,"[""Maharashtra""]",Single State,False,,B-09.00301,,,,1995,,,,,False,+912268492904,info@yuvarajfinance.in,True,csv+gemini+scraper,success,0.48,e7f4fc862deaf670459c,,unverified,,ND,True,True,True,False,False,gemini,gemini,scraper_verified,csv_provided,provisional_lender
1174,2026-04-03T07:19:16.926540,2026-04-03T07:19:16.925075,Yuvaraj Finance (Pvt) Ltd.,NBFC,https://yuvarajfinance.in,,,,False,,"[""Vehicle Loan""]",Vehicle Loan,"[""Vehicle Loan""]","Navi Mumbai, Maharashtra",Maharashtra,"[""Maharashtra""]",Single State,False,,B-09.00301,,,,1995,,,,,False,+912268492904,info@yuvarajfinance.in,True,csv+gemini+scraper,success,0.48,a2182b134d131f5511b1,,unverified,,ND,True,True,True,False,False,gemini,gemini,scraper_verified,csv_provided,provisional_lender
1175,2026-04-03T07:19:40.188353,2026-04-03T07:19:40.185635,YVU Financial Services Pvt.Ltd. (Formerly known as Chand Fairdeal Financiers Pvt.Ltd.),NBFC,https://www.yvumf.com,45.47,Micro,10.02,False,,"[""Microfinance""]",Microfinance,"[""Microfinance""]","Imphal West, Manipur",Manipur,"[""Assam"", ""Manipur"", ""Tripura""]",Regional,False,,,,,,1997,,,,,False,+913852435001,info@yvumf.com,False,csv+gemini+scraper,success,0.39,2245c8ee9a25cc9c7205,RBI registration number missing — needs manual review,unverified,,MFI,False,True,True,False,False,gemini,scraper_verified,gemini_inferred,csv_provided,pending_review
1176,2026-04-03T07:19:55.044871,2026-04-03T07:19:55.043965,Zeal Holdings Private Limited,NBFC,https://www.zealholdings.in,,,,False,,"[""MSME Loan"", ""Supply Chain Finance"", ""Working Capital""]",MSME Loan,"[""MSME Loan"", ""Supply Chain Finance"", ""Working Capital""]","Gurugram, Haryana",Haryana,"[""Delhi"", ""Haryana""]",Regional,False,,,,,,2015,,,,,False,01600103690,info@zealholdings.in,False,csv+gemini+scraper,success,0.39,84a34cd0c5075018a0ee,RBI registration number missing — needs manual review,unverified,,ND,True,True,True,False,False,gemini,scraper_verified,scraper_verified,csv_provided,pending_review
103,2026-04-03T07:44:50.495869,2026-04-03T07:44:50.495872,Aarchi Consultancy (P) Ltd,NBFC,https://aarchi-consultancy-pvt-ltd.charteredone.com/U74140WB1993PTC060953,,,,False,,[],,[],,,[],,False,,ROW-73,,,,,,,,,False,,,,gemini_only,rejected,0.0,cd74a71d09b2cecb7e40,Quality 0% below hard floor 20% — rejected,unverified,,unknown,False,False,False,False,False,none,none,none,none,pending_review
104,2026-04-03T07:45:02.306780,2026-04-03T07:45:02.306784,Aashrit Capital Limited,NBFC,http://aashritcapital.com/,,,,False,,[],,[],,,[],,False,,ROW-83,,,,,,,,,False,,,,scraper,rejected,,,Non-lender: no lending signals found on website,unverified,,unknown,False,False,False,False,False,none,none,none,none,pending_review
106,2026-04-03T07:45:02.997946,2026-04-03T07:45:02.997949,Abha Property Project Limited,NBFC,https://abhaproperty.in/,,,,False,,[],,[],,,[],,False,,ROW-98,,,,,,,,,False,,,,scraper,rejected,,,Non-lender: no lending signals found on website,unverified,,unknown,False,False,False,False,False,none,none,none,none,pending_review
1177,2026-04-03T07:45:21.786867,2026-04-03T07:45:21.784965,Abhishek Capital Services (P) Ltd,NBFC,http://www.abhisheksecurities.com,,,,False,,"[""Business Loan"", ""Education Loan"", ""Home Loan"", ""Loan Against Property"", ""Personal Loan"", ""Vehicle Loan""]",Business Loan,"[""Business Loan"", ""Education Loan"", ""Home Loan"", ""Loan Against Property"", ""Personal Loan"", ""Vehicle Loan""]","Kolkata, West Bengal",West Bengal,"[""West Bengal""]",Single State,False,,N-05.06000,,,,1995,,,,,False,+913322430000,info@abhisheksecurities.com,False,csv+gemini,success,0.46,f9ee5674e40621d70ed0,,unverified,,ND,False,True,True,False,False,gemini,gemini,gemini_inferred,csv_provided,provisional_lender
112,2026-04-03T07:45:39.444892,2026-04-03T07:45:39.444897,Accredit Distributors (P) Ltd,NBFC,https://accredit-distributors-pvt-ltd.charteredone.com/U74140WB1994PTC062186,,,,False,,[],,[],,,[],,False,,ROW-136,,,,,,,,,False,,,,gemini_only,rejected,0.09,d5d97b0e7e669cec9a65,Quality 9% below hard floor 20% — rejected,unverified,,unknown,False,False,False,False,False,none,none,none,none,pending_review
115,2026-04-03T07:45:39.809645,2026-04-03T07:45:39.809649,Achyut & Neeta Holdings & Finance Private Limited,NBFC,https://www.achyutneeta.com/,,,,False,,[],,[],,,[],,False,,ROW-149,,,,,,,,,False,,,,scraper,rejected,,,Non-lender: no lending signals found on website,unverified,,unknown,False,False,False,False,False,none,none,none,none,pending_review
116,2026-04-03T07:45:59.978097,2026-04-03T07:45:59.978099,Acsys Investments Private Limited,NBFC,https://www.acsysindia.com/,,,,False,,[],,[],,,[],,False,,ROW-155,,,,,,,,,False,,,,scraper+gemini,rejected,0.12,30f22991de61c4bde2a5,Quality 12% below hard floor 20% — rejected,unverified,,unknown,False,False,False,False,False,none,none,none,none,pending_review
118,2026-04-03T07:46:10.474872,2026-04-03T07:46:10.474875,Adhunik Investments Private Limited,NBFC,https://www.adhunikfinserve.com/,,,,False,,[],,[],,,[],,False,,ROW-172,,,,,,,,,False,,,,scraper,rejected,,,Non-lender: no lending signals found on website,unverified,,unknown,False,False,False,False,False,none,none,none,none,pending_review
122,2026-04-03T07:46:29.997007,2026-04-03T07:46:29.997009,Agarwal Finestate Pvt.Ltd.,NBFC,https://agarwal-finestate-private-limited.charteredone.com/U65993HR1995PTC094169,,,,False,,[],,[],,,[],,False,,ROW-222,,,,,,,,,False,,,,gemini_only,rejected,0.0,bf62f9d49e915da0047e,Quality 0% below hard floor 20% — rejected,unverified,,unknown,False,False,False,False,False,none,none,none,none,pending_review
128,2026-04-03T07:46:35.902862,2026-04-03T07:46:35.902864,Alpha Alternatives Financial Services Private Limited (Formerly Provincial Finance & Leasing Company Private Limited),NBFC,https://alphaalternatives.in/,,,,False,,[],,[],,,[],,False,,ROW-358,,,,,,,,,False,,,,scraper,rejected,,,Non-lender: no lending signals found on website,unverified,,unknown,False,False,False,False,False,none,none,none,none,pending_review
129,2026-04-03T07:46:38.174766,2026-04-03T07:46:38.174771,Alpine Commercial Co Ltd,NBFC,https://www.alpinecommercial.co.in/,,,,False,,[],,[],,,[],,False,,ROW-364,,,,,,,,,False,,,,scraper,rejected,,,Non-lender: no lending signals found on website,unverified,,unknown,False,False,False,False,False,none,none,none,none,pending_review
131,2026-04-03T07:46:46.794993,2026-04-03T07:46:46.794998,Amar Vanijya Limited,NBFC,https://amarvanijya.com/,,,,False,,[],,[],,,[],,False,,ROW-390,,,,,,,,,False,,,,scraper,rejected,,,Non-lender: no lending signals found on website,unverified,,unknown,False,False,False,False,False,none,none,none,none,pending_review
134,2026-04-03T07:46:52.981506,2026-04-03T07:46:52.981509,Amrit Trade Link (P) Ltd,NBFC,https://www.amrittrade.com/,,,,False,,[],,[],,,[],,False,,ROW-444,,,,,,,,,False,,,,scraper,rejected,,,Non-lender: no lending signals found on website,unverified,,unknown,False,False,False,False,False,none,none,none,none,pending_review
136,2026-04-03T07:47:12.235263,2026-04-03T07:47:12.235265,Ankit Credits (P) Ltd,NBFC,https://ankit-credits-pvt-ltd.charteredone.com/U67120WB1988PTC044447,,,,False,,[],,[],,,[],,False,,ROW-507,,,,,,,,,False,,,,gemini_only,rejected,0.0,51b8cebbd763dfbc36ec,"Duplicate: RBI CoR N-05.06000 already registered to a different entity (""abhishek capital p"") — possible data error in source CSV",unverified,,unknown,False,False,False,False,False,none,none,none,none,pending_review
141,2026-04-03T07:47:12.512048,2026-04-03T07:47:12.512050,Anu Colonisers Limited,NBFC,https://www.anucolonisers.com/,,,,False,,[],,[],,,[],,False,,ROW-551,,,,,,,,,False,,,,scraper,rejected,,,Non-lender: no lending signals found on website,unverified,,unknown,False,False,False,False,False,none,none,none,none,pending_review
143,2026-04-03T07:47:16.233231,2026-04-03T07:47:16.233233,Anumati Consultancy & Services (P) Ltd,NBFC,https://www.anumati.co.in/,,,,False,,[],,[],,,[],,False,,ROW-559,,,,,,,,,False,,,,scraper,rejected,,,Non-lender: no lending signals found on website,unverified,,unknown,False,False,False,False,False,none,none,none,none,pending_review
149,2026-04-03T07:47:35.650936,2026-04-03T07:47:35.650938,Aradhya Tie Up (P) Ltd,NBFC,https://www.aaradhyafinserv.in/products/fixed-deposits,,,,False,,[],,[],,,[],,False,,ROW-617,,,,,,,,,False,,,,scraper+gemini,rejected,0.13,8f9b98c5a42269e581de,Quality 13% below hard floor 20% — rejected,unverified,,unknown,False,False,False,False,False,none,none,none,none,pending_review
150,2026-04-03T07:47:42.164284,2026-04-03T07:47:42.164287,Areion Finserve Pvt Ltd (Formerly Bathla And Co. Ltd.),NBFC,https://www.areionfinserve.in/,,,,False,,[],,[],,,[],,False,,ROW-625,,,,,,,,,False,,,,scraper,rejected,,,Non-lender: no lending signals found on website,unverified,,unknown,False,False,False,False,False,none,none,none,none,pending_review
157,2026-04-03T07:48:03.059271,2026-04-03T07:48:03.059273,Artline Commerce Private Limited,NBFC,https://artline-commerce-pvt-ltd.charteredone.com/U51109WB1996PTC080243,,,,False,,[],,[],,,[],,False,,ROW-695,,,,,,,,,False,,,,gemini_only,rejected,0.0,9257fd74ed984e3857ed,Quality 0% below hard floor 20% — rejected,unverified,,unknown,False,False,False,False,False,none,none,none,none,pending_review
161,2026-04-03T07:48:04.561308,2026-04-03T07:48:04.561311,Asha Apartments (P) Ltd,NBFC,https://www.ashaapartments.com/,,,,False,,[],,[],,,[],,False,,ROW-729,,,,,,,,,False,,,,scraper,rejected,,,Non-lender: no lending signals found on website,unverified,,unknown,False,False,False,False,False,none,none,none,none,pending_review
165,2026-04-03T07:48:15.341057,2026-04-03T07:48:15.341060,Ashok Investment Corporation Ltd,NBFC,https://ashokinvestors.com/,,,,False,,[],,[],,,[],,False,,ROW-749,,,,,,,,,False,,,,scraper,rejected,,,Non-lender: no lending signals found on website,unverified,,unknown,False,False,False,False,False,none,none,none,none,pending_review
166,2026-04-03T07:48:22.937467,2026-04-03T07:48:22.937472,Ashok Investors Trust Ltd.,NBFC,https://ashokinvestors.com/,,,,False,,[],,[],,,[],,False,,ROW-750,,,,,,,,,False,,,,scraper,rejected,,,Non-lender: no lending signals found on website,unverified,,unknown,False,False,False,False,False,none,none,none,none,pending_review
167,2026-04-03T07:48:25.032652,2026-04-03T07:48:25.032655,Ashutosh Autofin Pvt Ltd,NBFC,https://ashutoshautofin.com/,,,,False,,[],,[],,,[],,False,,ROW-760,,,,,,,,,False,,,,scraper,rejected,,,Non-lender: no lending signals found on website,unverified,,unknown,False,False,False,False,False,none,none,none,none,pending_review
169,2026-04-03T07:48:31.610837,2026-04-03T07:48:31.610840,Asia Pacific Capital (India) Pvt. Ltd.,NBFC,https://www.asiacapital.in/,,,,False,,[],,[],,,[],,False,,ROW-767,,,,,,,,,False,,,,scraper,rejected,,,Non-lender: no lending signals found on website,unverified,,unknown,False,False,False,False,False,none,none,none,none,pending_review
170,2026-04-03T07:48:35.497168,2026-04-03T07:48:35.497171,Asish Creations Private Limited,NBFC,https://asishcreations.com/,,,,False,,[],,[],,,[],,False,,ROW-775,,,,,,,,,False,,,,scraper,rejected,,,Non-lender: no lending signals found on website,unverified,,unknown,False,False,False,False,False,none,none,none,none,pending_review
171,2026-04-03T07:48:55.484407,2026-04-03T07:48:55.484410,Ask Financial Holdings Private Limited,NBFC,https://www.askfinancials.com/ask-group/about,,,,False,,[],,[],,,[],,False,,ROW-777,,,,,,,,,False,,,,scraper+gemini,rejected,0.13,758236d0a7e19e2cccfb,Quality 13% below hard floor 20% — rejected,unverified,,unknown,False,False,False,False,False,none,none,none,none,pending_review
172,2026-04-03T07:48:59.239171,2026-04-03T07:48:59.239174,Assam Entrade Limited.,NBFC,https://www.assamentrade.com/,,,,False,,[],,[],,,[],,False,,ROW-787,,,,,,,,,False,,,,scraper,rejected,,,Non-lender: no lending signals found on website,unverified,,unknown,False,False,False,False,False,none,none,none,none,pending_review
175,2026-04-03T07:49:01.463528,2026-04-03T07:49:01.463532,Auric Tradefin Private Limited,NBFC,https://aurictradefin.com/,,,,False,,[],,[],,,[],,False,,ROW-840,,,,,,,,,False,,,,scraper,rejected,,,Non-lender: no lending signals found on website,unverified,,unknown,False,False,False,False,False,none,none,none,none,pending_review
176,2026-04-03T07:49:07.180120,2026-04-03T07:49:07.180123,Avon Mercantile Limited,NBFC,https://www.avonmercantile.co.in/,,,,False,,[],,[],,,[],,False,,ROW-877,,,,,,,,,False,,,,scraper,rejected,,,Non-lender: no lending signals found on website,unverified,,unknown,False,False,False,False,False,none,none,none,none,pending_review
181,2026-04-03T07:58:50.392346,2026-04-03T07:58:50.392349,Bandhan Financial Holdings Limited,NBFC,https://www.bandhanholdings.com/,,,,False,,[],,[],,,[],,False,,ROW-1014,,,,,,,,,False,,,,scraper,rejected,,,Non-lender: no lending signals found on website,unverified,,unknown,False,False,False,False,False,none,none,none,none,pending_review
190,2026-04-03T07:59:17.053248,2026-04-03T07:59:17.053251,Beacon Holdings Ltd.,NBFC,http://www.beaconhl.com/service.html,,,,False,,[],,[],,,[],,False,,ROW-1064,,,,,,,,,False,,,,scraper+gemini,rejected,0.1,443fed6266e3a6c781b2,Quality 10% below hard floor 20% — rejected,unverified,,unknown,False,False,False,False,False,none,none,none,none,pending_review
194,2026-04-03T07:59:32.524721,2026-04-03T07:59:32.524726,BFL Asset Finvest Limited,NBFC,https://bflfin.com/,,,,False,,[],,[],,,[],,False,,ROW-1117,,,,,,,,,False,,,,scraper,rejected,,,Non-lender: no lending signals found on website,unverified,,unknown,False,False,False,False,False,none,none,none,none,pending_review
197,2026-04-03T07:59:36.596429,2026-04-03T07:59:36.596432,Bharatiya Fincom Pvt. Ltd.,NBFC,https://bharatiyafincom.net/,,,,False,,[],,[],,,[],,False,,ROW-1164,,,,,,,,,False,,,,scraper,rejected,,,Non-lender: no lending signals found on website,unverified,,unknown,False,False,False,False,False,none,none,none,none,pending_review
198,2026-04-03T07:59:38.815982,2026-04-03T07:59:38.815984,Bharuwa Financial Services Private Limited [Formerly: Good Guide Construction Pvt Ltd],NBFC,https://www.bharuwasolutions.com/financial-services,,,,False,,[],,[],,,[],,False,,ROW-1170,,,,,,,,,False,,,,scraper,rejected,,,Non-lender: no lending signals found on website,unverified,,unknown,False,False,False,False,False,none,none,none,none,pending_review
205,2026-04-03T08:00:03.832404,2026-04-03T08:00:03.832408,Bhukhanvala  Holdings Pvt. Ltd.,NBFC,https://bhukhanvala-industries-private-limited.charteredone.com/U29100MH1987PTC042304,,,,False,,[],,[],,,[],,False,,ROW-1204,,,,,,,,,False,,,,gemini_only,rejected,0.0,0cb39040e96139d47466,Quality 0% below hard floor 20% — rejected,unverified,,unknown,False,False,False,False,False,none,none,none,none,pending_review
215,2026-04-03T08:00:20.950984,2026-04-03T08:00:20.950987,Brics Gilt Finance Pvt. Ltd.,NBFC,https://brics-securities-limited.charteredone.com/U65990MH1993PLC072800,,,,False,,[],,[],,,[],,False,,ROW-1356,,,,,,,,,False,,,,gemini_only,rejected,0.01,ae7cc06aa9ac3e8ced64,Quality 1% below hard floor 20% — rejected,unverified,,unknown,False,False,False,False,False,none,none,none,none,pending_review
216,2026-04-03T08:00:24.039682,2026-04-03T08:00:24.039685,Brightstar Fincap Private Limited,NBFC,https://www.brightstarfincap.com/,,,,False,,[],,[],,,[],,False,,ROW-1363,,,,,,,,,False,,,,scraper,rejected,,,Non-lender: no lending signals found on website,unverified,,unknown,False,False,False,False,False,none,none,none,none,pending_review
217,2026-04-03T08:00:27.262382,2026-04-03T08:00:27.262385,Brios Finvest India Limited (Formerly Parasnath Finance (India) Limited),NBFC,https://briosfinvest.com/,,,,False,,[],,[],,,[],,False,,ROW-1373,,,,,,,,,False,,,,scraper,rejected,,,Non-lender: no lending signals found on website,unverified,,unknown,False,False,False,False,False,none,none,none,none,pending_review
218,2026-04-03T08:00:40.724897,2026-04-03T08:00:40.724900,Brite Asbestos & Engineering (P) Ltd,NBFC,https://brite-asbestos-and-engineering-pvt-ltd.charteredone.com/U26953WB1985PTC038775,,,,False,,[],,[],,,[],,False,,ROW-1374,,,,,,,,,False,,,,gemini_only,rejected,0.0,4f6027765f4f481e3d68,Quality 0% below hard floor 20% — rejected,unverified,,unknown,False,False,False,False,False,none,none,none,none,pending_review
221,2026-04-03T08:00:54.319387,2026-04-03T08:00:54.319390,Burmans Finvest Private Ltd.,NBFC,https://burmans-finvest-private-limited.charteredone.com/U65100DL1989PTC034593,,,,False,,[],,[],,,[],,False,,ROW-1400,,,,,,,,,False,,,,gemini_only,rejected,0.0,25f35c67337543f55ebc,Quality 0% below hard floor 20% — rejected,unverified,,unknown,False,False,False,False,False,none,none,none,none,pending_review
229,2026-04-03T08:01:01.244733,2026-04-03T08:01:01.244738,Ceejay Microfin Limited,NBFC,https://www.ceejaymicrofin.com/,,,,False,,[],,[],,,[],,False,,ROW-1512,,,,,,,,,False,,,,scraper,rejected,,,Non-lender: no lending signals found on website,unverified,,unknown,False,False,False,False,False,none,none,none,none,pending_review
237,2026-04-03T08:01:09.284837,2026-04-03T08:01:09.284841,Chemmanur Credits and Investments Limited,NBFC,https://www.chemmanurcredits.com/,,,,False,,[],,[],,,[],,False,,ROW-1609,,,,,,,,,False,,,,scraper,rejected,,,Non-lender: no lending signals found on website,unverified,,unknown,False,False,False,False,False,none,none,none,none,pending_review
244,2026-04-03T08:01:10.169150,2026-04-03T08:01:10.169154,Chitrakut Holdings Ltd,NBFC,https://www.chitrakutholdings.com/,,,,False,,[],,[],,,[],,False,,ROW-1648,,,,,,,,,False,,,,scraper,rejected,,,Non-lender: no lending signals found on website,unverified,,unknown,False,False,False,False,False,none,none,none,none,pending_review
1178,2026-04-03T08:01:30.888867,2026-04-03T08:01:30.886454,Choraria Securities Ltd,NBFC,https://www.chhotariasecurities.com,,,,False,,"[""MSME Loan"", ""Personal Loan"", ""Working Capital""]",MSME Loan,"[""MSME Loan"", ""Personal Loan"", ""Working Capital""]","Kolkata, West Bengal",West Bengal,"[""Andaman and Nicobar Islands"", ""Andhra Pradesh"", ""Arunachal Pradesh"", ""Assam"", ""Bihar"", ""Chandigarh"", ""Chhattisgarh"", ""Dadra and Nagar Haveli"", ""Delhi"", ""Goa"", ""Gujarat"", ""Haryana"", ""Himachal Pradesh"", ""Jammu & Kashmir"", ""Jharkhand"", ""Karnataka"", ""Kerala"", ""Ladakh"", ""Lakshadweep"", ""Madhya Pradesh"", ""Maharashtra"", ""Manipur"", ""Meghalaya"", ""Mizoram"", ""Nagaland"", ""Odisha"", ""Puducherry"", ""Punjab"", ""Rajasthan"", ""Sikkim"", ""Tamil Nadu"", ""Telangana"", ""Tripura"", ""Uttar Pradesh"", ""Uttarakhand"", ""West Bengal""]",Pan India,True,,B-05.04798,,,,1994,,25,,,False,+913340010000,info@chhotariasecurities.com,False,csv+gemini,success,0.48,bf84a3817d47a3047839,,unverified,,ND,False,True,True,False,True,gemini,gemini,gemini_inferred,csv_provided,provisional_lender
250,2026-04-03T08:01:36.080310,2026-04-03T08:01:36.080315,Cindrella Financial Services Ltd,NBFC,https://cindrellafinancialservicesltd.com/,,,,False,,[],,[],,,[],,False,,ROW-1679,,,,,,,,,False,,,,scraper,rejected,,,Non-lender: no lending signals found on website,unverified,,unknown,False,False,False,False,False,none,none,none,none,pending_review
254,2026-04-03T08:01:39.302547,2026-04-03T08:01:39.302552,Citrus Securities Private Limited,NBFC,https://www.citrussecurities.com/,,,,False,,[],,[],,,[],,False,,ROW-1691,,,,,,,,,False,,,,scraper,rejected,,,Non-lender: no lending signals found on website,unverified,,unknown,False,False,False,False,False,none,none,none,none,pending_review
1179,2026-04-03T08:02:08.688503,2026-04-03T08:02:08.686144,Clix Capital Services Private Limited,NBFC,https://www.clix.capital,5000.0,Mid,900.5,False,,"[""Business Loan""]",Business Loan,"[""Business Loan""]","Gurgaon, Haryana",Haryana,"[""Chandigarh"", ""Delhi"", ""Haryana""]",Regional,False,,,,,,2016,,,,,False,01244545965,hello@clix.capital,False,csv+gemini+scraper,success,0.46,f973e8124738c418db4d,RBI registration number missing — needs manual review,unverified,,ND-SI,True,True,True,False,False,gemini,scraper_verified,scraper_verified,csv_provided,pending_review
262,2026-04-03T08:02:25.977543,2026-04-03T08:02:25.977546,Correo Marketings Private Limited,NBFC,https://correo-marketings-pvt-ltd.charteredone.com/U66888DL1994PTC267371,,,,False,,[],,[],,,[],,False,,ROW-1804,,,,,,,,,False,,,,gemini_only,rejected,0.0,bee72b5c0e739a93ed89,Quality 0% below hard floor 20% — rejected,unverified,,unknown,False,False,False,False,False,none,none,none,none,pending_review
265,2026-04-03T08:02:28.146547,2026-04-03T08:02:28.146549,Credright Finance Private Limited,NBFC,https://www.credright.com/,,,,False,,[],,[],,,[],,False,,ROW-1835,,,,,,,,,False,,,,scraper,rejected,,,Non-lender: no lending signals found on website,unverified,,unknown,False,False,False,False,False,none,none,none,none,pending_review
266,2026-04-03T08:03:04.249484,2026-04-03T08:03:04.249487,Crest Ventures Limited ( Earlier Sharyans Resources Ltd.),NBFC,https://www.crest.in/our-company,,,,False,,[],,[],,,[],,False,,ROW-1840,,,,,,,,,False,,,,scraper+gemini,rejected,0.14,d903c87754a44ee906ab,Quality 14% below hard floor 20% — rejected,unverified,,unknown,False,False,False,False,False,none,none,none,none,pending_review
267,2026-04-03T08:03:08.861824,2026-04-03T08:03:08.861827,CRIF Connect Private Limited,NBFC,https://www.crifconnect.com/,,,,False,,[],,[],,,[],,False,,ROW-1842,,,,,,,,,False,,,,scraper,rejected,,,Non-lender: no lending signals found on website,unverified,,unknown,False,False,False,False,False,none,none,none,none,pending_review
271,2026-04-03T08:03:25.577693,2026-04-03T08:03:25.577696,D D Deposits And Advances Pvt Ltd,NBFC,https://aryan-deposits-and-advances-private-limited.charteredone.com/U65191WB1996PTC133875,,,,False,,[],,[],,,[],,False,,ROW-1873,,,,,,,,,False,,,,gemini_only,rejected,0.01,eeddc8daae106939f5f6,Quality 1% below hard floor 20% — rejected,unverified,,unknown,False,False,False,False,False,none,none,none,none,pending_review
281,2026-04-03T08:03:30.206076,2026-04-03T08:03:30.206079,Deep Finance Limited,NBFC,https://www.deep.com/,,,,False,,[],,[],,,[],,False,,ROW-1973,,,,,,,,,False,,,,scraper,rejected,,,Non-lender: no lending signals found on website,unverified,,unknown,False,False,False,False,False,none,none,none,none,pending_review
290,2026-04-03T08:03:37.794287,2026-04-03T08:03:37.794290,Dhanvarsha Enterprises & Investments Private Limited,NBFC,https://dhanvarsha.co/,,,,False,,[],,[],,,[],,False,,ROW-2060,,,,,,,,,False,,,,scraper,rejected,,,Non-lender: no lending signals found on website,unverified,,unknown,False,False,False,False,False,none,none,none,none,pending_review
294,2026-04-03T08:03:42.408218,2026-04-03T08:03:42.408221,Didu Investments Pvt Ltd,NBFC,https://diduinvestments.com/,,,,False,,[],,[],,,[],,False,,ROW-2088,,,,,,,,,False,,,,scraper,rejected,,,Non-lender: no lending signals found on website,unverified,,unknown,False,False,False,False,False,none,none,none,none,pending_review
296,2026-04-03T08:03:57.197888,2026-04-03T08:03:57.197891,Digio Internet Private Limited,NBFC,https://www.digio.link/about-us.html,,,,False,,[],,[],,,[],,False,,ROW-2092,,,,,,,,,False,,,,scraper+gemini,rejected,0.16,ed59b50b7fc7c6fb86f9,Quality 16% below hard floor 20% — rejected,unverified,,unknown,False,False,False,False,False,none,none,none,none,pending_review
297,2026-04-03T08:04:01.682884,2026-04-03T08:04:01.682889,Digvijay Finlease Ltd,NBFC,https://digvijayfin.com/,,,,False,,[],,[],,,[],,False,,ROW-2095,,,,,,,,,False,,,,scraper,rejected,,,Non-lender: no lending signals found on website,unverified,,unknown,False,False,False,False,False,none,none,none,none,pending_review
298,2026-04-03T08:04:22.098826,2026-04-03T08:04:22.098830,Digvijay Tracon (P) Ltd,NBFC,https://digvijayfin.com/company-profile/,,,,False,,[],,[],,,[],,False,,ROW-2096,,,,,,,,,False,,,,scraper+gemini,rejected,0.1,90ec76ce29e1f2e26ae6,Quality 10% below hard floor 20% — rejected,unverified,,unknown,False,False,False,False,False,none,none,none,none,pending_review
299,2026-04-03T08:04:25.995482,2026-04-03T08:04:25.995487,Digvijay Vinimay Pvt Ltd,NBFC,https://digvijayfin.com/,,,,False,,[],,[],,,[],,False,,ROW-2097,,,,,,,,,False,,,,scraper,rejected,,,Non-lender: no lending signals found on website,unverified,,unknown,False,False,False,False,False,none,none,none,none,pending_review
300,2026-04-03T08:04:41.522236,2026-04-03T08:04:41.522238,Diwakar Finvest Private Limited,NBFC,https://diwakarfinvest.in/,,,,False,,[],,[],,,[],,False,,ROW-2141,,,,,,,,,False,,,,scraper,rejected,,,Non-lender: no lending signals found on website,unverified,,unknown,False,False,False,False,False,none,none,none,none,pending_review
301,2026-04-03T08:04:52.453761,2026-04-03T08:04:52.453798,Diwakar Marketing Private Limited,NBFC,https://diwakarfinvest.in/,,,,False,,[],,[],,,[],,False,,ROW-2142,,,,,,,,,False,,,,scraper,rejected,,,Non-lender: no lending signals found on website,unverified,,unknown,False,False,False,False,False,none,none,none,none,pending_review
305,2026-04-03T08:04:58.201287,2026-04-03T08:04:58.201290,Dream Fincap Private Limited,NBFC,https://www.seedsfincap.com/,,,,False,,[],,[],,,[],,False,,ROW-2181,,,,,,,,,False,,,,scraper,rejected,,,Non-lender: no lending signals found on website,unverified,,unknown,False,False,False,False,False,none,none,none,none,pending_review
310,2026-04-03T08:05:04.485454,2026-04-03T08:05:04.485456,Dynamic Archistructures Ltd,NBFC,https://www.dynamicarchistructures.com/,,,,False,,[],,[],,,[],,False,,ROW-2219,,,,,,,,,False,,,,scraper,rejected,,,Non-lender: no lending signals found on website,unverified,,unknown,False,False,False,False,False,none,none,none,none,pending_review
311,2026-04-03T08:05:08.008135,2026-04-03T08:05:08.008140,Dynamic Fincap Private Limited,NBFC,http://dynamicfincap.com/,,,,False,,[],,[],,,[],,False,,ROW-2222,,,,,,,,,False,,,,scraper,rejected,,,Non-lender: no lending signals found on website,unverified,,unknown,False,False,False,False,False,none,none,none,none,pending_review
320,2026-04-03T08:05:27.240722,2026-04-03T08:05:27.240725,Ekanta Plastics Pvt Ltd,NBFC,https://ekanta-plastics-pvt-ltd.charteredone.com/U51109WB1995PTC070080,,,,False,,[],,[],,,[],,False,,ROW-2275,,,,,,,,,False,,,,gemini_only,rejected,0.0,907e5484e578f3e82108,Quality 0% below hard floor 20% — rejected,unverified,,unknown,False,False,False,False,False,none,none,none,none,pending_review
321,2026-04-03T08:05:28.653154,2026-04-03T08:05:28.653156,Elcid Investments Ltd.,NBFC,http://elcidinvestments.com/,,,,False,,[],,[],,,[],,False,,ROW-2281,,,,,,,,,False,,,,scraper,rejected,,,Non-lender: no lending signals found on website,unverified,,unknown,False,False,False,False,False,none,none,none,none,pending_review
322,2026-04-03T08:05:34.847927,2026-04-03T08:05:34.847930,Ellora Traders Ltd.,NBFC,https://elloratraders.com/,,,,False,,[],,[],,,[],,False,,ROW-2301,,,,,,,,,False,,,,scraper,rejected,,,Non-lender: no lending signals found on website,unverified,,unknown,False,False,False,False,False,none,none,none,none,pending_review
327,2026-04-03T08:05:57.744641,2026-04-03T08:05:57.744644,Enn Enn Capital Private Limited,NBFC,https://www.ennenncorp.com/our-company/,,,,False,,[],,[],,,[],,False,,ROW-2345,,,,,,,,,False,,,,scraper+gemini,rejected,0.1,d199c33b2ee098b786d6,Quality 10% below hard floor 20% — rejected,unverified,,unknown,False,False,False,False,False,none,none,none,none,pending_review
332,2026-04-03T08:06:09.413812,2026-04-03T08:06:09.413814,Everlon Financials Limited,NBFC,https://everlon.in/,,,,False,,[],,[],,,[],,False,,ROW-2414,,,,,,,,,False,,,,scraper,rejected,,,Non-lender: no lending signals found on website,unverified,,unknown,False,False,False,False,False,none,none,none,none,pending_review
341,2026-04-03T08:06:29.974122,2026-04-03T08:06:29.974124,Finethical Trading Private Limited,NBFC,https://finethical-trading-private-limited.charteredone.com/U51109WB1995PTC074092,,,,False,,[],,[],,,[],,False,,ROW-2516,,,,,,,,,False,,,,gemini_only,rejected,0.0,e80bf0cc556946296756,Quality 0% below hard floor 20% — rejected,unverified,,unknown,False,False,False,False,False,none,none,none,none,pending_review
344,2026-04-03T08:06:30.693134,2026-04-03T08:06:30.693137,Finvasia Financial Services Pvt Ltd,NBFC,https://finvasia.com,,,,False,,[],,[],,,[],,False,,ROW-2534,,,,,,,,,False,,,,scraper,rejected,,,Non-lender: no lending signals found on website,unverified,,unknown,False,False,False,False,False,none,none,none,none,pending_review
346,2026-04-03T08:06:32.337635,2026-04-03T08:06:32.337638,"Finvesco Capital India Private Limited (Buragadda Finance &Investments P.L., Buragadda Investments &Chits(P)L.)",NBFC,https://finvescoholdings.com/,,,,False,,[],,[],,,[],,False,,ROW-2536,,,,,,,,,False,,,,scraper,rejected,,,Non-lender: no lending signals found on website,unverified,,unknown,False,False,False,False,False,none,none,none,none,pending_review
1180,2026-04-03T08:06:53.745129,2026-04-03T08:06:53.743735,Fraternal Investments Private Limited,NBFC,https://www.fraternalcredit.com,,,,False,,"[""Business Loan"", ""MSME Loan"", ""Vehicle Loan""]",Business Loan,"[""Business Loan"", ""MSME Loan"", ""Vehicle Loan""]","Thrissur, Kerala",Kerala,"[""Kerala""]",Single State,False,,,,,,1998,,,,,False,04802827520,fsfsijk@gmail.com,False,csv+gemini+scraper,success,0.39,6ce8465a8e9f655f758c,RBI registration number missing — needs manual review,unverified,,ND,True,True,False,False,False,gemini,scraper_verified,scraper_verified,csv_provided,pending_review
356,2026-04-03T08:07:06.764318,2026-04-03T08:07:06.764326,Gala Finance and Investment Private Limited,NBFC,https://www.galadafinance.in/,,,,False,,[],,[],,,[],,False,,ROW-2671,,,,,,,,,False,,,,scraper,rejected,,,Non-lender: no lending signals found on website,unverified,,unknown,False,False,False,False,False,none,none,none,none,pending_review
357,2026-04-03T08:07:18.635628,2026-04-03T08:07:18.635632,Galada Finance Limited,NBFC,https://www.galadafinance.in/,,,,False,,[],,[],,,[],,False,,ROW-2672,,,,,,,,,False,,,,scraper,rejected,,,Non-lender: no lending signals found on website,unverified,,unknown,False,False,False,False,False,none,none,none,none,pending_review
360,2026-04-03T08:07:20.511709,2026-04-03T08:07:20.511711,Ganesh Ganga Investment Pvt. Ltd.,NBFC,https://www.ganeshganga.com/,,,,False,,[],,[],,,[],,False,,ROW-2693,,,,,,,,,False,,,,scraper,rejected,,,Non-lender: no lending signals found on website,unverified,,unknown,False,False,False,False,False,none,none,none,none,pending_review
363,2026-04-03T08:07:35.048772,2026-04-03T08:07:35.048774,Gangotri Commodities & Finvest (P) Ltd,NBFC,https://gangotri-commodities-and-finvest-pvt-ltd.charteredone.com/U51909WB1991PTC051698,,,,False,,[],,[],,,[],,False,,ROW-2707,,,,,,,,,False,,,,gemini_only,rejected,0.0,1299c165228a727009cc,Quality 0% below hard floor 20% — rejected,unverified,,unknown,False,False,False,False,False,none,none,none,none,pending_review
364,2026-04-03T08:07:40.291883,2026-04-03T08:07:40.291886,Gangotri Holdings Private Limited,NBFC,https://www.gangotri-group.com/,,,,False,,[],,[],,,[],,False,,ROW-2708,,,,,,,,,False,,,,scraper,rejected,,,Non-lender: no lending signals found on website,unverified,,unknown,False,False,False,False,False,none,none,none,none,pending_review
365,2026-04-03T08:07:49.356540,2026-04-03T08:07:49.356543,Ganodaya Finlease Ltd,NBFC,https://ganodayafinlease.com/,,,,False,,[],,[],,,[],,False,,ROW-2714,,,,,,,,,False,,,,scraper,rejected,,,Non-lender: no lending signals found on website,unverified,,unknown,False,False,False,False,False,none,none,none,none,pending_review
368,2026-04-03T08:08:06.072964,2026-04-03T08:08:06.072967,Ganpati Stock Limited,NBFC,https://ganpati-stock-limited.charteredone.com/U08032DL1995PLC292023,,,,False,,[],,[],,,[],,False,,ROW-2718,,,,,,,,,False,,,,gemini_only,rejected,0.0,2e6b05524a13a95a375a,Quality 0% below hard floor 20% — rejected,unverified,,unknown,False,False,False,False,False,none,none,none,none,pending_review
369,2026-04-03T08:08:22.397632,2026-04-03T08:08:22.397634,Gateway Leasing Pvt Ltd,NBFC,https://www.gatewayfin.in/,,,,False,,[],,[],,,[],,False,,ROW-2738,,,,,,,,,False,,,,scraper+gemini,rejected,0.0,68b53e93e42b0aa35887,Quality 0% below hard floor 20% — rejected,unverified,,unknown,False,False,False,False,False,none,none,none,none,pending_review
372,2026-04-03T08:08:41.589198,2026-04-03T08:08:41.589200,Gemco Engineering Industries Limited,NBFC,https://gemco-engineering-industries-ltd.charteredone.com/U74200WB2004PLC002556,,,,False,,[],,[],,,[],,False,,ROW-2767,,,,,,,,,False,,,,gemini_only,rejected,0.0,8674fe51e60362d54c0a,Quality 0% below hard floor 20% — rejected,unverified,,unknown,False,False,False,False,False,none,none,none,none,pending_review
373,2026-04-03T08:08:52.353513,2026-04-03T08:08:52.353536,Gems Commercial Company Ltd,NBFC,https://www.gemscommercial.co.in/,,,,False,,[],,[],,,[],,False,,ROW-2771,,,,,,,,,False,,,,scraper,rejected,,,Non-lender: no lending signals found on website,unverified,,unknown,False,False,False,False,False,none,none,none,none,pending_review
378,2026-04-03T08:08:53.772938,2026-04-03T08:08:53.772940,Ghosh Financiers & Marketiers Pvt. Ltd.,NBFC,https://ghoshfundz.in/,,,,False,,[],,[],,,[],,False,,ROW-2788,,,,,,,,,False,,,,scraper,rejected,,,Non-lender: no lending signals found on website,unverified,,unknown,False,False,False,False,False,none,none,none,none,pending_review
1181,2026-04-03T08:09:17.833483,2026-04-03T08:09:17.829634,Giltfin Lease Ltd. (Name as per MCA - Media Matrix Worldwide Limited),NBFC,https://itlfinlease.in,10.03,Micro,1.03,True,MEDIAMTX,"[""MSME Loan""]",MSME Loan,"[""MSME Loan""]","Mumbai, Maharashtra",Maharashtra,"[""Delhi"", ""Haryana"", ""Maharashtra""]",Regional,False,,,,,,1985,3,,,,False,+911141000000,info@itlfinlease.in,False,csv+gemini+scraper,success,0.41,5309fb23f6d4a34ab0f6,RBI registration number missing — needs manual review,unverified,,ND-BL-Small,False,True,True,False,False,gemini,scraper_verified,gemini_inferred,csv_provided,pending_review
381,2026-04-03T08:09:21.163089,2026-04-03T08:09:21.163092,"Gita Finvest Pvt. Ltd,",NBFC,http://gitafinvest.com/,,,,False,,[],,[],,,[],,False,,ROW-2814,,,,,,,,,False,,,,scraper,rejected,,,Non-lender: no lending signals found on website,unverified,,unknown,False,False,False,False,False,none,none,none,none,pending_review
386,2026-04-03T08:09:25.777252,2026-04-03T08:09:25.777255,Goldedge Estate & Investments Ltd.,NBFC,https://www.goldedgeestate.in/,,,,False,,[],,[],,,[],,False,,ROW-2871,,,,,,,,,False,,,,scraper,rejected,,,Non-lender: no lending signals found on website,unverified,,unknown,False,False,False,False,False,none,none,none,none,pending_review
387,2026-04-03T08:09:31.880164,2026-04-03T08:09:31.880167,Golden Goenka Credit Private Limited,NBFC,https://www.goldengoenka.com/,,,,False,,[],,[],,,[],,False,,ROW-2873,,,,,,,,,False,,,,scraper,rejected,,,Non-lender: no lending signals found on website,unverified,,unknown,False,False,False,False,False,none,none,none,none,pending_review
388,2026-04-03T08:09:32.466983,2026-04-03T08:09:32.466985,Goldline Finance Pvt Ltd,NBFC,https://www.goldlinefinance.in/,,,,False,,[],,[],,,[],,False,,ROW-2881,,,,,,,,,False,,,,scraper,rejected,,,Non-lender: no lending signals found on website,unverified,,unknown,False,False,False,False,False,none,none,none,none,pending_review
389,2026-04-03T08:09:39.313134,2026-04-03T08:09:39.313136,Goldrock Travels (P) Ltd,NBFC,https://www.goldrockinvest.in/,,,,False,,[],,[],,,[],,False,,ROW-2885,,,,,,,,,False,,,,scraper,rejected,,,Non-lender: no lending signals found on website,unverified,,unknown,False,False,False,False,False,none,none,none,none,pending_review
398,2026-04-03T08:09:43.374248,2026-04-03T08:09:43.374251,Gramadhar Finserve Private Limited,NBFC,http://gramadhar.com/,,,,False,,[],,[],,,[],,False,,ROW-2952,,,,,,,,,False,,,,scraper,rejected,,,Non-lender: no lending signals found on website,unverified,,unknown,False,False,False,False,False,none,none,none,none,pending_review
405,2026-04-03T08:09:59.253816,2026-04-03T08:09:59.253846,Hari Shankar Singhania Holdings Private Limited,NBFC,https://hssholdings.co.in/,,,,False,,[],,[],,,[],,False,,ROW-3103,,,,,,,,,False,,,,scraper,rejected,,,Non-lender: no lending signals found on website,unverified,,unknown,False,False,False,False,False,none,none,none,none,pending_review
406,2026-04-03T08:10:05.469922,2026-04-03T08:10:05.469923,Haryana Capfin Limited,NBFC,https://www.haryanacapfin.com/,,,,False,,[],,[],,,[],,False,,ROW-3136,,,,,,,,,False,,,,scraper,rejected,,,Non-lender: no lending signals found on website,unverified,,unknown,False,False,False,False,False,none,none,none,none,pending_review
407,2026-04-03T08:10:09.473132,2026-04-03T08:10:09.473136,Haryana International Capital Finance  Private Limited (Change Of  Status  From Public  Ltd. To Pvt. Ltd.),NBFC,https://www.haryanacapfin.com/,,,,False,,[],,[],,,[],,False,,ROW-3137,,,,,,,,,False,,,,scraper,rejected,,,Non-lender: no lending signals found on website,unverified,,unknown,False,False,False,False,False,none,none,none,none,pending_review
408,2026-04-03T08:10:48.949137,2026-04-03T08:10:48.949139,HB Stock Holdings Ltd.,NBFC,https://www.hbstockholdings.com/,,,,False,,[],,[],,,[],,False,,ROW-3148,,,,,,,,,False,,,,scraper,rejected,,,Non-lender: no lending signals found on website,unverified,,unknown,False,False,False,False,False,none,none,none,none,pending_review
413,2026-04-03T08:11:24.467362,2026-04-03T08:11:24.467365,Hincon Holdings Ltd.,NBFC,https://www.hinconholdings.com/,,,,False,,[],,[],,,[],,False,,ROW-3217,,,,,,,,,False,,,,scraper+gemini,rejected,0.13,d82ca0b69dcfb49bbe6a,Quality 13% below hard floor 20% — rejected,unverified,,unknown,False,False,False,False,False,none,none,none,none,pending_review
417,2026-04-03T08:11:25.024649,2026-04-03T08:11:25.024651,Hiveloop Capital Private Limited,NBFC,https://hiveloopcapital.com/,,,,False,,[],,[],,,[],,False,,ROW-3243,,,,,,,,,False,,,,scraper,rejected,,,Non-lender: no lending signals found on website,unverified,,unknown,False,False,False,False,False,none,none,none,none,pending_review
427,2026-04-03T08:11:36.626748,2026-04-03T08:11:36.626751,Impact Corporate Investments Private Limited,NBFC,https://www.impactcorporatein.com/,,,,False,,[],,[],,,[],,False,,ROW-3319,,,,,,,,,False,,,,scraper,rejected,,,Non-lender: no lending signals found on website,unverified,,unknown,False,False,False,False,False,none,none,none,none,pending_review
436,2026-04-03T08:11:37.208205,2026-04-03T08:11:37.208208,Innofin Solutions Private Limited (Nbfc - P2P),NBFC,https://www.innofin.in/,,,,False,,[],,[],,,[],,False,,ROW-3398,,,,,,,,,False,,,,scraper,rejected,,,Non-lender: no lending signals found on website,unverified,,unknown,False,False,False,False,False,none,none,none,none,pending_review
439,2026-04-03T08:11:41.263096,2026-04-03T08:11:41.263098,Investwell Agents (P) Ltd,NBFC,https://investwellonline.com/,,,,False,,[],,[],,,[],,False,,ROW-3440,,,,,,,,,False,,,,scraper,rejected,,,Non-lender: no lending signals found on website,unverified,,unknown,False,False,False,False,False,none,none,none,none,pending_review
440,2026-04-03T08:11:45.226077,2026-04-03T08:11:45.226078,Investwell Dealers  P. Ltd,NBFC,https://investwellonline.com/,,,,False,,[],,[],,,[],,False,,ROW-3441,,,,,,,,,False,,,,scraper,rejected,,,Non-lender: no lending signals found on website,unverified,,unknown,False,False,False,False,False,none,none,none,none,pending_review
441,2026-04-03T08:11:45.502880,2026-04-03T08:11:45.502883,Investwell Finance &Leasing (P) Ltd,NBFC,https://www.investwell.in/,,,,False,,[],,[],,,[],,False,,ROW-3442,,,,,,,,,False,,,,scraper,rejected,,,Non-lender: no lending signals found on website,unverified,,unknown,False,False,False,False,False,none,none,none,none,pending_review
442,2026-04-03T08:12:04.962499,2026-04-03T08:12:04.962502,Ionic Exports Pvt Ltd,NBFC,https://ionic-exports-pvt-ltd.charteredone.com/U51909WB1991PTC052303,,,,False,,[],,[],,,[],,False,,ROW-3443,,,,,,,,,False,,,,gemini_only,rejected,0.0,dc639791649909207fb7,Quality 0% below hard floor 20% — rejected,unverified,,unknown,False,False,False,False,False,none,none,none,none,pending_review
445,2026-04-03T08:12:12.053935,2026-04-03T08:12:12.053938,J.L.K. Securities Pvt. Ltd.,NBFC,https://www.jksecurities.com/,,,,False,,[],,[],,,[],,False,,ROW-3509,,,,,,,,,False,,,,scraper,rejected,,,Non-lender: no lending signals found on website,unverified,,unknown,False,False,False,False,False,none,none,none,none,pending_review
447,2026-04-03T08:12:18.880034,2026-04-03T08:12:18.880037,Jain Vanijya Udyog Ltd,NBFC,https://www.jainvanijya.com/,,,,False,,[],,[],,,[],,False,,ROW-3566,,,,,,,,,False,,,,scraper,rejected,,,Non-lender: no lending signals found on website,unverified,,unknown,False,False,False,False,False,none,none,none,none,pending_review
448,2026-04-03T08:12:45.284728,2026-04-03T08:12:45.284730,Jainco Finlease & Investment Pvt Ltd.,NBFC,https://jainco.in/about/,,,,False,,[],,[],,,[],,False,,ROW-3569,,,,,,,,,False,,,,scraper+gemini,rejected,0.0,de9a328815570aba4d75,Quality 0% below hard floor 20% — rejected,unverified,,unknown,False,False,False,False,False,none,none,none,none,pending_review
454,2026-04-03T08:12:55.492082,2026-04-03T08:12:55.492085,"Jalan Securities Pvt. Ltd,",NBFC,https://www.brjalan.com/,,,,False,,[],,[],,,[],,False,,ROW-3592,,,,,,,,,False,,,,scraper,rejected,,,Non-lender: no lending signals found on website,unverified,,unknown,False,False,False,False,False,none,none,none,none,pending_review
459,2026-04-03T08:12:58.226712,2026-04-03T08:12:58.226714,Jeevan Utthan Financial Services Private Limited[Formerly: Chandak Felt Works (P) Ltd],NBFC,https://www.jeevanutthan.in/,,,,False,,[],,[],,,[],,False,,ROW-3659,,,,,,,,,False,,,,scraper,rejected,,,Non-lender: no lending signals found on website,unverified,,unknown,False,False,False,False,False,none,none,none,none,pending_review
461,2026-04-03T08:13:10.326191,2026-04-03T08:13:10.326193,Jhilik Promoters & Fincon (P) Ltd,NBFC,https://jhilik-promoters-and-fincon-pvt-ltd.charteredone.com/U70101WB1993PTC057528,,,,False,,[],,[],,,[],,False,,ROW-3676,,,,,,,,,False,,,,gemini_only,rejected,0.0,6c514ebf641eaaf21282,Quality 0% below hard floor 20% — rejected,unverified,,unknown,False,False,False,False,False,none,none,none,none,pending_review
463,2026-04-03T08:13:26.598258,2026-04-03T08:13:26.598260,Jovial Investment And Trading Company Pvt. Ltd.,NBFC,https://jovial-investment-and-trading-company-private-limited.charteredone.com/U65990MH2010PTC202490,,,,False,,[],,[],,,[],,False,,ROW-3719,,,,,,,,,False,,,,gemini_only,rejected,0.0,a861bb9eb285cccc8aea,Quality 0% below hard floor 20% — rejected,unverified,,unknown,False,False,False,False,False,none,none,none,none,pending_review
464,2026-04-03T08:13:33.948398,2026-04-03T08:13:33.948406,JPT Securities Ltd,NBFC,https://www.jptsecurities.com/,,,,False,,[],,[],,,[],,False,,ROW-3723,,,,,,,,,False,,,,scraper,rejected,,,Non-lender: no lending signals found on website,unverified,,unknown,False,False,False,False,False,none,none,none,none,pending_review
475,2026-04-03T08:13:40.916970,2026-04-03T08:13:40.916973,Kalyan Capitals Limited (Formerly Akashdeep Metal Industries Limited),NBFC,https://kalyancapitals.com/,,,,False,,[],,[],,,[],,False,,ROW-3825,,,,,,,,,False,,,,scraper,rejected,,,Non-lender: no lending signals found on website,unverified,,unknown,False,False,False,False,False,none,none,none,none,pending_review
480,2026-04-03T08:13:57.883105,2026-04-03T08:13:57.883107,Karam Traders  Pvt.  Ltd.,NBFC,https://karam-traders-private-limited.charteredone.com/U51909WB1994PTC065190,,,,False,,[],,[],,,[],,False,,ROW-3891,,,,,,,,,False,,,,gemini_only,rejected,0.0,11a3e50cd350f4792238,Quality 0% below hard floor 20% — rejected,unverified,,unknown,False,False,False,False,False,none,none,none,none,pending_review
485,2026-04-03T08:13:59.427514,2026-04-03T08:13:59.427516,Kedia Commercial Pvt. Ltd.,NBFC,https://kediacapital.com/company-profile/uvs-hospitality/share-holdings,,,,False,,[],,[],,,[],,False,,TEMP-1771655057,,,,,,,,,False,,,,scraper,rejected,,,Non-lender: no lending signals found on website,unverified,,unknown,False,False,False,False,False,none,none,none,none,pending_review
487,2026-04-03T08:14:17.382305,2026-04-03T08:14:17.382308,Kejriwal  Finvest Pvt Ltd,NBFC,https://kejriwal-finvest-pvt-ltd.charteredone.com/U67120WB1994PTC066460,,,,False,,[],,[],,,[],,False,,ROW-3954,,,,,,,,,False,,,,gemini_only,rejected,0.0,28579dc0a20d27a50994,Quality 0% below hard floor 20% — rejected,unverified,,unknown,False,False,False,False,False,none,none,none,none,pending_review
489,2026-04-03T08:14:40.839420,2026-04-03T08:14:40.839435,Key Corp Limited,NBFC,http://www.keycorpltd.com/,,,,False,,[],,[],,,[],,False,,ROW-3977,,,,,,,,,False,,,,scraper,rejected,,,Non-lender: no lending signals found on website,unverified,,unknown,False,False,False,False,False,none,none,none,none,pending_review
491,2026-04-03T08:14:45.021685,2026-04-03T08:14:45.021688,Khetan Financial Services Pvt Ltd,NBFC,https://khetanfinancial.com/,,,,False,,[],,[],,,[],,False,,ROW-4000,,,,,,,,,False,,,,scraper,rejected,,,Non-lender: no lending signals found on website,unverified,,unknown,False,False,False,False,False,none,none,none,none,pending_review
493,2026-04-03T08:14:49.930157,2026-04-03T08:14:49.930161,Khimji Finserve Private Limited (Formerly known as Vee Gee Credit Capital Private Limited),NBFC,https://khimjifinserve.com/,,,,False,,[],,[],,,[],,False,,ROW-4004,,,,,,,,,False,,,,scraper,rejected,,,Non-lender: no lending signals found on website,unverified,,unknown,False,False,False,False,False,none,none,none,none,pending_review
495,2026-04-03T08:18:02.300763,2026-04-03T08:18:02.300765,Khyati Finseck Private Limited,NBFC,https://www.khyatifinseck.com/,,,,False,,[],,[],,,[],,False,,ROW-4013,,,,,,,,,False,,,,scraper,rejected,,,Non-lender: no lending signals found on website,unverified,,unknown,False,False,False,False,False,none,none,none,none,pending_review
496,2026-04-03T08:18:13.164486,2026-04-03T08:18:13.164488,Kiduja India Ltd.,NBFC,https://kiduja.com/,,,,False,,[],,[],,,[],,False,,ROW-4016,,,,,,,,,False,,,,scraper,rejected,,,Non-lender: no lending signals found on website,unverified,,unknown,False,False,False,False,False,none,none,none,none,pending_review
503,2026-04-03T08:18:16.197199,2026-04-03T08:18:16.197202,Komaf Financial  Services Private Ltd. (Formerly  Komaf Financial Services Ltd ),NBFC,https://komaf.in/,,,,False,,[],,[],,,[],,False,,ROW-4067,,,,,,,,,False,,,,scraper,rejected,,,Non-lender: no lending signals found on website,unverified,,unknown,False,False,False,False,False,none,none,none,none,pending_review
506,2026-04-03T08:18:35.033201,2026-04-03T08:18:35.033203,Kotak Infrastructure Debt Fund Limited,NBFC,https://kidfl.kotak.com/,,,,False,,[],,[],,,[],,False,,ROW-4078,,,,,,,,,False,,,,scraper+gemini,rejected,0.1,739a64c51083d1bab4cc,Quality 10% below hard floor 20% — rejected,unverified,,unknown,False,False,False,False,False,none,none,none,none,pending_review
509,2026-04-03T08:18:39.082841,2026-04-03T08:18:39.082843,Krchoksey  Financial  Services  Private  Limited (Previously Known As Padmesh Tradelink  Private  Limited),NBFC,https://krchokseyfinserv.com/,,,,False,,[],,[],,,[],,False,,ROW-4099,,,,,,,,,False,,,,scraper,rejected,,,Non-lender: no lending signals found on website,unverified,,unknown,False,False,False,False,False,none,none,none,none,pending_review
510,2026-04-03T08:18:48.203955,2026-04-03T08:18:48.203958,Kuber Udyog Ltd,NBFC,https://www.kuberudyog.com/,,,,False,,[],,[],,,[],,False,,ROW-4127,,,,,,,,,False,,,,scraper,rejected,,,Non-lender: no lending signals found on website,unverified,,unknown,False,False,False,False,False,none,none,none,none,pending_review
516,2026-04-03T08:18:50.091426,2026-04-03T08:18:50.091429,"Lan Finance Pvt. Ltd,",NBFC,https://lanfinance.ai/,,,,False,,[],,[],,,[],,False,,ROW-4185,,,,,,,,,False,,,,scraper,rejected,,,Non-lender: no lending signals found on website,unverified,,unknown,False,False,False,False,False,none,none,none,none,pending_review
519,2026-04-03T08:18:53.423866,2026-04-03T08:18:53.423869,Lawrence Merchants  Pvt. Ltd.,NBFC,https://www.lawrencemerchants.com/,,,,False,,[],,[],,,[],,False,,ROW-4205,,,,,,,,,False,,,,scraper,rejected,,,Non-lender: no lending signals found on website,unverified,,unknown,False,False,False,False,False,none,none,none,none,pending_review
1182,2026-04-03T08:19:32.472999,2026-04-03T08:19:32.470282,Lexus Agencies Pvt. Ltd.,NBFC,https://lexusfinance.co.in,8000.0,Mid,1000.0,False,,"[""Vehicle Loan""]",Vehicle Loan,"[""Vehicle Loan""]","Bengaluru, Karnataka",Karnataka,"[""Andhra Pradesh"", ""Assam"", ""Bihar"", ""Chhattisgarh"", ""Delhi"", ""Goa"", ""Gujarat"", ""Haryana"", ""Himachal Pradesh"", ""Jharkhand"", ""Karnataka"", ""Kerala"", ""Madhya Pradesh"", ""Maharashtra"", ""Meghalaya"", ""Punjab"", ""Rajasthan"", ""Sikkim"", ""Tamil Nadu"", ""Uttar Pradesh"", ""Uttarakhand"", ""West Bengal""]",Regional,False,,,,,,2011,350,,,,False,18001025001,customerfirst@lexusfinance.co.in,False,csv+gemini+scraper,success,0.44,7131bf011b0f7b79ff38,RBI registration number missing — needs manual review,unverified,,ND-SI,False,True,True,False,False,gemini,scraper_verified,scraper_verified,csv_provided,pending_review
562,2026-04-03T08:19:37.696218,2026-04-03T08:19:37.696220,LOLC India Finance Private Limited,NBFC,https://www.lolc.com/,,,,False,,[],,[],,,[],,False,,ROW-4295,,,,,,,,,False,,,,scraper,rejected,,,Non-lender: no lending signals found on website,unverified,,unknown,False,False,False,False,False,none,none,none,none,pending_review
564,2026-04-03T08:19:39.136213,2026-04-03T08:19:39.136216,LTCV Credit Private Limited,NBFC,https://ltcv.credit/,,,,False,,[],,[],,,[],,False,,ROW-4322,,,,,,,,,False,,,,scraper,rejected,,,Non-lender: no lending signals found on website,unverified,,unknown,False,False,False,False,False,none,none,none,none,pending_review
566,2026-04-03T08:19:47.046714,2026-04-03T08:19:47.046721,Lupin Commodeal (P) Ltd,NBFC,https://www.lupin.com/,,,,False,,[],,[],,,[],,False,,ROW-4340,,,,,,,,,False,,,,scraper,rejected,,,Non-lender: no lending signals found on website,unverified,,unknown,False,False,False,False,False,none,none,none,none,pending_review
568,2026-04-03T08:19:56.644258,2026-04-03T08:19:56.644260,Lyons Corporate Market Ltd,NBFC,http://lyonscorporate.co.in/,,,,False,,[],,[],,,[],,False,,ROW-4349,,,,,,,,,False,,,,scraper,rejected,,,Non-lender: no lending signals found on website,unverified,,unknown,False,False,False,False,False,none,none,none,none,pending_review
570,2026-04-03T08:20:15.366643,2026-04-03T08:20:15.366645,Madhur Vyapar Pvt Ltd,NBFC,https://madhur-vyapar-private-limited.charteredone.com/U51109WB2008PTC122861,,,,False,,[],,[],,,[],,False,,ROW-4412,,,,,,,,,False,,,,gemini_only,rejected,0.0,56c3566401687a198f3b,Quality 0% below hard floor 20% — rejected,unverified,,unknown,False,False,False,False,False,none,none,none,none,pending_review
577,2026-04-03T08:20:27.435363,2026-04-03T08:20:27.435365,Maitreya Capital And Business Services Private Limited,NBFC,https://maitreyacapital.in/,,,,False,,[],,[],,,[],,False,,ROW-4482,,,,,,,,,False,,,,scraper,rejected,,,Non-lender: no lending signals found on website,unverified,,unknown,False,False,False,False,False,none,none,none,none,pending_review
578,2026-04-03T08:20:31.205911,2026-04-03T08:20:31.205914,Mangalam Engineering Projects Ltd.,NBFC,https://www.mangalamengineering.com/,,,,False,,[],,[],,,[],,False,,ROW-4548,,,,,,,,,False,,,,scraper,rejected,,,Non-lender: no lending signals found on website,unverified,,unknown,False,False,False,False,False,none,none,none,none,pending_review
581,2026-04-03T08:20:35.256775,2026-04-03T08:20:35.256777,Manna Krishna Investments Pvt Ltd,NBFC,https://mannakrishna.com/,,,,False,,[],,[],,,[],,False,,TEMP-1771669924,,,,,,,,,False,,,,scraper,rejected,,,Non-lender: no lending signals found on website,unverified,,unknown,False,False,False,False,False,none,none,none,none,pending_review
583,2026-04-03T08:20:56.370260,2026-04-03T08:20:56.370263,Mansi Finance (Chennai) Limited,NBFC,https://mansi.in/,,,,False,,[],,[],,,[],,False,,TEMP-1771669928,,,,,,,,,False,,,,scraper,rejected,,,Non-lender: no lending signals found on website,unverified,,unknown,False,False,False,False,False,none,none,none,none,pending_review
584,2026-04-03T08:21:15.394076,2026-04-03T08:21:15.394079,Mansi Finance Ltd.,NBFC,https://mansi.in/,,,,False,,[],,[],,,[],,False,,TEMP-1771669930,,,,,,,,,False,,,,scraper,rejected,,,Non-lender: no lending signals found on website,unverified,,unknown,False,False,False,False,False,none,none,none,none,pending_review
585,2026-04-03T08:21:52.380135,2026-04-03T08:21:52.380138,Mansoon Trading Company Limited,NBFC,https://www.mansoontrading.co.in/,,,,False,,[],,[],,,[],,False,,ROW-4601,,,,,,,,,False,,,,scraper+gemini,rejected,0.1,aa3f4f17af62f0708bd3,Quality 10% below hard floor 20% — rejected,unverified,,unknown,False,False,False,False,False,none,none,none,none,pending_review
590,2026-04-03T08:22:00.161286,2026-04-03T08:22:00.161289,Maryada Commercial Enterprises & Investments Co. Ltd.,NBFC,https://www.maryadainvestment.in/,,,,False,,[],,[],,,[],,False,,ROW-4647,,,,,,,,,False,,,,scraper,rejected,,,Non-lender: no lending signals found on website,unverified,,unknown,False,False,False,False,False,none,none,none,none,pending_review
598,2026-04-03T08:22:01.363887,2026-04-03T08:22:01.363889,Megapode Vyapaar (P) Ltd,NBFC,https://www.megapodevyapaar.com/,,,,False,,[],,[],,,[],,False,,ROW-4728,,,,,,,,,False,,,,scraper,rejected,,,Non-lender: no lending signals found on website,unverified,,unknown,False,False,False,False,False,none,none,none,none,pending_review
599,2026-04-03T08:22:06.159445,2026-04-03T08:22:06.159449,Megh Securities Pvt. Ltd.,NBFC,https://www.meghsecurities.com/,,,,False,,[],,[],,,[],,False,,ROW-4729,,,,,,,,,False,,,,scraper,rejected,,,Non-lender: no lending signals found on website,unverified,,unknown,False,False,False,False,False,none,none,none,none,pending_review
603,2026-04-03T08:22:06.802888,2026-04-03T08:22:06.802890,Melker Finance And Leasing Private Limited,NBFC,https://melker.in/fair-practice-code.html,,,,False,,[],,[],,,[],,False,,ROW-4747,,,,,,,,,False,,,,scraper,rejected,,,Non-lender: no lending signals found on website,unverified,,unknown,False,False,False,False,False,none,none,none,none,pending_review
605,2026-04-03T08:22:11.316793,2026-04-03T08:22:11.316796,Microsec Resources Pvt Ltd,NBFC,http://www.microsec.in/,,,,False,,[],,[],,,[],,False,,ROW-4794,,,,,,,,,False,,,,scraper,rejected,,,Non-lender: no lending signals found on website,unverified,,unknown,False,False,False,False,False,none,none,none,none,pending_review
607,2026-04-03T08:22:33.925178,2026-04-03T08:22:33.925181,Milestone Vinimay (P) Ltd,NBFC,https://milestone-vinimay-pvt-ltd.charteredone.com/U51109WB1995PTC075149,,,,False,,[],,[],,,[],,False,,ROW-4810,,,,,,,,,False,,,,gemini_only,rejected,0.0,777061533832c486b64b,Quality 0% below hard floor 20% — rejected,unverified,,unknown,False,False,False,False,False,none,none,none,none,pending_review
609,2026-04-03T08:22:38.373484,2026-04-03T08:22:38.373487,Mint Investments Ltd,NBFC,https://www.mintinvestments.in/,,,,False,,[],,[],,,[],,False,,ROW-4832,,,,,,,,,False,,,,scraper,rejected,,,Non-lender: no lending signals found on website,unverified,,unknown,False,False,False,False,False,none,none,none,none,pending_review
615,2026-04-03T08:22:45.208471,2026-04-03T08:22:45.208473,MKVentures Capital Limited [Formerly : IKAB Securities & Investment Ltd],NBFC,https://mkventurescapital.com/,,,,False,,[],,[],,,[],,False,,ROW-4857,,,,,,,,,False,,,,scraper,rejected,,,Non-lender: no lending signals found on website,unverified,,unknown,False,False,False,False,False,none,none,none,none,pending_review
619,2026-04-03T08:23:06.487242,2026-04-03T08:23:06.487244,Monexo Fintech Private Limited,NBFC,https://monexo-invest.netlify.app/,,,,False,,[],,[],,,[],,False,,ROW-4890,,,,,,,,,False,,,,scraper+gemini,rejected,0.06,d8cb01b3929a915de06e,Quality 6% below hard floor 20% — rejected,unverified,,unknown,False,False,False,False,False,none,none,none,none,pending_review
645,2026-04-03T08:23:07.574495,2026-04-03T08:23:07.574498,Nakshatra Finance Private Limited (Earlier known as Jeyar Consultants and Investments Private Limited),NBFC,https://nakshatraassetventures.com/,,,,False,,[],,[],,,[],,False,,ROW-5071,,,,,,,,,False,,,,scraper,rejected,,,Non-lender: no lending signals found on website,unverified,,unknown,False,False,False,False,False,none,none,none,none,pending_review
646,2026-04-03T08:23:23.525209,2026-04-03T08:23:23.525211,Nanak Investments (P) Ltd.,NBFC,https://nanak-investments-private-limited.charteredone.com/U50200UP1996PTC019585,,,,False,,[],,[],,,[],,False,,ROW-5088,,,,,,,,,False,,,,gemini_only,rejected,0.0,2e4a877d1544009e5ebb,Quality 0% below hard floor 20% — rejected,unverified,,unknown,False,False,False,False,False,none,none,none,none,pending_review
649,2026-04-03T08:23:36.894190,2026-04-03T08:23:36.894193,Navachetana Microfin Services Private Limited,NBFC,https://www.navachetana.in/,,,,False,,[],,[],,,[],,False,,ROW-5134,,,,,,,,,False,,,,scraper,rejected,,,Non-lender: no lending signals found on website,unverified,,unknown,False,False,False,False,False,none,none,none,none,pending_review
652,2026-04-03T08:23:53.589906,2026-04-03T08:23:53.589908,Navin Construction & Credit (P) Ltd,NBFC,https://navin-soham-garments-park-private-limited.charteredone.com/U51909WB1990PTC049388,,,,False,,[],,[],,,[],,False,,ROW-5150,,,,,,,,,False,,,,gemini_only,rejected,0.0,9d7213f17f832d7ead4f,"Duplicate: RBI CoR N.05.04000 already registered to a different entity (""d d deposits and advances"") — possible data error in source CSV",unverified,,unknown,False,False,False,False,False,none,none,none,none,pending_review
660,2026-04-03T08:23:59.394295,2026-04-03T08:23:59.394298,Newa Investments Pvt. Ltd.,NBFC,https://newainvestments.com/,,,,False,,[],,[],,,[],,False,,ROW-5244,,,,,,,,,False,,,,scraper,rejected,,,Non-lender: no lending signals found on website,unverified,,unknown,False,False,False,False,False,none,none,none,none,pending_review
667,2026-04-03T08:24:01.531351,2026-04-03T08:24:01.531353,Nirantara Finaccess Private Limited,NBFC,https://www.nirantarafinaccess.in/,,,,False,,[],,[],,,[],,False,,TEMP-1771683119,,,,,,,,,False,,,,scraper,rejected,,,Non-lender: no lending signals found on website,unverified,,unknown,False,False,False,False,False,none,none,none,none,pending_review
668,2026-04-03T08:24:08.432143,2026-04-03T08:24:08.432145,Nirmal Bang Financial Services Pvt. Ltd. [Formerly: Nadi Finance & Investment Pvt. Ltd.],NBFC,https://www.nirmalbang.com/,,,,False,,[],,[],,,[],,False,,ROW-5311,,,,,,,,,False,,,,scraper,rejected,,,Non-lender: no lending signals found on website,unverified,,unknown,False,False,False,False,False,none,none,none,none,pending_review
669,2026-04-03T08:24:30.705305,2026-04-03T08:24:30.705307,Nirman Securities Limited,NBFC,https://nirmanbroking.com/,,,,False,,[],,[],,,[],,False,,ROW-5316,,,,,,,,,False,,,,scraper+gemini,rejected,0.13,2b83a560fb03aa4bff0d,Quality 13% below hard floor 20% — rejected,unverified,,unknown,False,False,False,False,False,none,none,none,none,pending_review
674,2026-04-03T08:24:52.147173,2026-04-03T08:24:52.147175,Nomura Fixed Income Securities Limited,NBFC,https://www.nomuraholdings.com/en/company/group/asia/nfispl.html,,,,False,,[],,[],,,[],,False,,ROW-5367,,,,,,,,,False,,,,scraper+gemini,rejected,0.17,aa3896ed757da42e61e7,Quality 17% below hard floor 20% — rejected,unverified,,unknown,False,False,False,False,False,none,none,none,none,pending_review
678,2026-04-03T08:24:58.481294,2026-04-03T08:24:58.481296,Novatis Finovative Limited,NBFC,https://finovative.in/,,,,False,,[],,[],,,[],,False,,ROW-5392,,,,,,,,,False,,,,scraper,rejected,,,Non-lender: no lending signals found on website,unverified,,unknown,False,False,False,False,False,none,none,none,none,pending_review
680,2026-04-03T08:25:19.986938,2026-04-03T08:25:19.986940,Octal Securities & Services (P) Ltd,NBFC,https://octal-projects-private-limited.charteredone.com/U70109WB2016PTC216685,,,,False,,[],,[],,,[],,False,,ROW-5436,,,,,,,,,False,,,,gemini_only,rejected,0.0,9a3766e3a53a0b63fe29,Quality 0% below hard floor 20% — rejected,unverified,,unknown,False,False,False,False,False,none,none,none,none,pending_review
681,2026-04-03T08:25:36.009319,2026-04-03T08:25:36.009322,Ojas Suppliers Limited,NBFC,https://ojas-suppliers-limited.charteredone.com/U51909DL1995PLC276907,,,,False,,[],,[],,,[],,False,,ROW-5445,,,,,,,,,False,,,,gemini_only,rejected,0.13,173082124d3e15adec48,Quality 13% below hard floor 20% — rejected,unverified,,unknown,False,False,False,False,False,none,none,none,none,pending_review
695,2026-04-03T08:25:37.902543,2026-04-03T08:25:37.902546,P Jainex Trade & Finance Pvt Ltd,NBFC,https://jainexfin.com/,,,,False,,[],,[],,,[],,False,,ROW-5543,,,,,,,,,False,,,,scraper,rejected,,,Non-lender: no lending signals found on website,unverified,,unknown,False,False,False,False,False,none,none,none,none,pending_review
697,2026-04-03T08:25:45.814688,2026-04-03T08:25:45.814698,Pali Commercial Co Ltd,NBFC,https://www.palicommercial.com/,,,,False,,[],,[],,,[],,False,,ROW-5596,,,,,,,,,False,,,,scraper,rejected,,,Non-lender: no lending signals found on website,unverified,,unknown,False,False,False,False,False,none,none,none,none,pending_review
698,2026-04-03T08:25:52.164953,2026-04-03T08:25:52.164955,Palli Pragoti Financial Services Private Limited (Formerly Kamala Trades & Holdings Pvt Ltd),NBFC,https://pallipragoti.com/,,,,False,,[],,[],,,[],,False,,ROW-5598,,,,,,,,,False,,,,scraper,rejected,,,Non-lender: no lending signals found on website,unverified,,unknown,False,False,False,False,False,none,none,none,none,pending_review
703,2026-04-03T08:25:53.242163,2026-04-03T08:25:53.242166,Paras Capfin Co. Pvt. Ltd.,NBFC,https://parascapfin.com/,,,,False,,[],,[],,,[],,False,,TEMP-1771690965,,,,,,,,,False,,,,scraper,rejected,,,Non-lender: no lending signals found on website,unverified,,unknown,False,False,False,False,False,none,none,none,none,pending_review
704,2026-04-03T08:25:53.352426,2026-04-03T08:25:53.352428,Paras Credit Capital Private Limited,NBFC,https://parascapfin.com/,,,,False,,[],,[],,,[],,False,,TEMP-1771690967,,,,,,,,,False,,,,scraper,rejected,,,Non-lender: no lending signals found on website,unverified,,unknown,False,False,False,False,False,none,none,none,none,pending_review
710,2026-04-03T08:25:58.750527,2026-04-03T08:25:58.750529,Patni Financial Advisors Pvt. Ltd.,NBFC,https://patniadvisors.com/,,,,False,,[],,[],,,[],,False,,TEMP-1771690983,,,,,,,,,False,,,,scraper,rejected,,,Non-lender: no lending signals found on website,unverified,,unknown,False,False,False,False,False,none,none,none,none,pending_review
714,2026-04-03T08:26:09.303124,2026-04-03T08:26:09.303128,PCR Investments Limited,NBFC,https://www.pcrinvestments.com/,,,,False,,[],,[],,,[],,False,,TEMP-1771690991,,,,,,,,,False,,,,scraper,rejected,,,Non-lender: no lending signals found on website,unverified,,unknown,False,False,False,False,False,none,none,none,none,pending_review
715,2026-04-03T08:26:13.212824,2026-04-03T08:26:13.212827,Pdm Investment & Trading Co. (P) Ltd,NBFC,https://pdminvestment.com/,,,,False,,[],,[],,,[],,False,,TEMP-1771690993,,,,,,,,,False,,,,scraper,rejected,,,Non-lender: no lending signals found on website,unverified,,unknown,False,False,False,False,False,none,none,none,none,pending_review
728,2026-04-03T08:26:24.496561,2026-04-03T08:26:24.496564,Prachay Capital Limited,NBFC,https://prachay.com/,,,,False,,[],,[],,,[],,False,,TEMP-1771691021,,,,,,,,,False,,,,scraper,rejected,,,Non-lender: no lending signals found on website,unverified,,unknown,False,False,False,False,False,none,none,none,none,pending_review
730,2026-04-03T08:26:42.545460,2026-04-03T08:26:42.545462,Pragya Commerce  Pvt.  Ltd.,NBFC,https://pragya-commerce-pvt-ltd.charteredone.com/U51109WB1996PTC077490,,,,False,,[],,[],,,[],,False,,TEMP-1771691025,,,,,,,,,False,,,,gemini_only,rejected,0.09,f925e29e51f78f856db1,Quality 9% below hard floor 20% — rejected,unverified,,unknown,False,False,False,False,False,none,none,none,none,pending_review
731,2026-04-03T08:26:43.483349,2026-04-03T08:26:43.483352,Praharshita Finance Private Limited,NBFC,https://praharshita.com/,,,,False,,[],,[],,,[],,False,,TEMP-1771691027,,,,,,,,,False,,,,scraper,rejected,,,Non-lender: no lending signals found on website,unverified,,unknown,False,False,False,False,False,none,none,none,none,pending_review
737,2026-04-03T08:26:53.488622,2026-04-03T08:26:53.488625,Prime Caplease Limited,NBFC,https://www.primecapitalmarket.in/,,,,False,,[],,[],,,[],,False,,TEMP-1771691039,,,,,,,,,False,,,,scraper,rejected,,,Non-lender: no lending signals found on website,unverified,,unknown,False,False,False,False,False,none,none,none,none,pending_review
739,2026-04-03T08:27:08.621624,2026-04-03T08:27:08.621626,Prithvi Finlease India Ltd. (Formerly Nivid Finlease Ltd.),NBFC,https://prithvi-science-and-technologies-private-limited.charteredone.com/U72900MH2019PTC324376,,,,False,,[],,[],,,[],,False,,TEMP-1771691043,,,,,,,,,False,,,,gemini_only,rejected,0.0,031f3a6fbd7d1a8080eb,"Duplicate: RBI CoR N.13.02437 already registered to a different entity (""brics gilt"") — possible data error in source CSV",unverified,,unknown,False,False,False,False,False,none,none,none,none,pending_review
742,2026-04-03T08:27:19.722554,2026-04-03T08:27:19.722556,Progressive Star Finance Private Limited (Formerly Progressive Star  Holdings  &  Consultants  Pvt.  Ltd.),NBFC,https://progressivefinlease.in/,,,,False,,[],,[],,,[],,False,,TEMP-1771691050,,,,,,,,,False,,,,scraper,rejected,,,Non-lender: no lending signals found on website,unverified,,unknown,False,False,False,False,False,none,none,none,none,pending_review
747,2026-04-03T08:27:37.276021,2026-04-03T08:27:37.276023,Purohit Financial Services Pvt Ltd,NBFC,https://purohit-financial-services-private-limited.charteredone.com/U65999WB1992PTC055278,,,,False,,[],,[],,,[],,False,,TEMP-1771691062,,,,,,,,,False,,,,gemini_only,rejected,0.0,7bccea6fb0c05756d5c8,"Duplicate: RBI CoR N-05.06000 already registered to a different entity (""abhishek capital p"") — possible data error in source CSV",unverified,,unknown,False,False,False,False,False,none,none,none,none,pending_review
748,2026-04-03T08:27:41.430010,2026-04-03T08:27:41.430013,Purshottam Investofin Ltd.,NBFC,https://www.purshottaminvestofin.in/,,,,False,,[],,[],,,[],,False,,TEMP-1771691064,,,,,,,,,False,,,,scraper,rejected,,,Non-lender: no lending signals found on website,unverified,,unknown,False,False,False,False,False,none,none,none,none,pending_review
749,2026-04-03T08:27:50.604769,2026-04-03T08:27:50.604773,Purva Capital Market Ltd,NBFC,https://www.primecapitalmarket.in/,,,,False,,[],,[],,,[],,False,,TEMP-1771691065,,,,,,,,,False,,,,scraper,rejected,,,Non-lender: no lending signals found on website,unverified,,unknown,False,False,False,False,False,none,none,none,none,pending_review
751,2026-04-03T08:27:54.567431,2026-04-03T08:27:54.567434,Pushkar Commercial Limited,NBFC,http://pushkarbanijya.com/,,,,False,,[],,[],,,[],,False,,TEMP-1771691069,,,,,,,,,False,,,,scraper,rejected,,,Non-lender: no lending signals found on website,unverified,,unknown,False,False,False,False,False,none,none,none,none,pending_review
754,2026-04-03T08:28:01.045731,2026-04-03T08:28:01.045735,Pyxis Finvest Limited (Formerly BCB Finance Ltd),NBFC,https://pyxisfinvest.com/,,,,False,,[],,[],,,[],,False,,TEMP-1771691074,,,,,,,,,False,,,,scraper,rejected,,,Non-lender: no lending signals found on website,unverified,,unknown,False,False,False,False,False,none,none,none,none,pending_review
759,2026-04-03T08:28:05.397496,2026-04-03T08:28:05.397500,Radiant Trafin Pvt Ltd,NBFC,https://www.radiantfinancialservices.com/,,,,False,,[],,[],,,[],,False,,TEMP-1771691085,,,,,,,,,False,,,,scraper,rejected,,,Non-lender: no lending signals found on website,unverified,,unknown,False,False,False,False,False,none,none,none,none,pending_review
760,2026-04-03T08:28:22.654207,2026-04-03T08:28:22.654209,Raghunath Holdings And Finlease Ltd.,NBFC,https://raghunath-international-limited.charteredone.com/L52312UP1994PLC022559,,,,False,,[],,[],,,[],,False,,TEMP-1771691087,,,,,,,,,False,,,,gemini_only,rejected,0.01,178c042c06354d311d73,Quality 1% below hard floor 20% — rejected,unverified,,unknown,False,False,False,False,False,none,none,none,none,pending_review
763,2026-04-03T08:28:26.528707,2026-04-03T08:28:26.528710,Rajesh Vanijya Pvt Ltd,NBFC,https://rajeshvanijya.com/,,,,False,,[],,[],,,[],,False,,TEMP-1771691093,,,,,,,,,False,,,,scraper,rejected,,,Non-lender: no lending signals found on website,unverified,,unknown,False,False,False,False,False,none,none,none,none,pending_review
765,2026-04-03T08:28:38.862274,2026-04-03T08:28:38.862276,Rajma Holdings  Pvt.  Ltd.,NBFC,https://jhilmil-holdings-pvt-ltd.charteredone.com/U65922WB1986PTC040419,,,,False,,[],,[],,,[],,False,,TEMP-1771691097,,,,,,,,,False,,,,gemini_only,rejected,0.0,c846f6f5ed92e0de4e41,"Duplicate: RBI CoR EMP-17716910 already registered to a different entity (""pragya commerce"") — possible data error in source CSV",unverified,,unknown,False,False,False,False,False,none,none,none,none,pending_review
769,2026-04-03T08:28:57.145671,2026-04-03T08:28:57.145673,Ramesh Mercantile Pvt Ltd,NBFC,https://ramesh-mercantile-pvt-ltd.charteredone.com/U51909WB1990PTC048800,,,,False,,[],,[],,,[],,False,,TEMP-1771691106,,,,,,,,,False,,,,gemini_only,rejected,0.01,c7e9f94261ad3b8b99fb,Quality 1% below hard floor 20% — rejected,unverified,,unknown,False,False,False,False,False,none,none,none,none,pending_review
779,2026-04-03T08:29:10.598696,2026-04-03T08:29:10.598699,Ranjit Distributors Pvt Ltd,NBFC,https://ranjitsecurities.com/,,,,False,,[],,[],,,[],,False,,TEMP-1771691126,,,,,,,,,False,,,,scraper,rejected,,,Non-lender: no lending signals found on website,unverified,,unknown,False,False,False,False,False,none,none,none,none,pending_review
780,2026-04-03T08:29:22.681590,2026-04-03T08:29:22.681593,Ranjit Securities Ltd.,NBFC,https://ranjitsecurities.com/,,,,False,,[],,[],,,[],,False,,TEMP-1771691128,,,,,,,,,False,,,,scraper,rejected,,,Non-lender: no lending signals found on website,unverified,,unknown,False,False,False,False,False,none,none,none,none,pending_review
781,2026-04-03T08:29:40.137365,2026-04-03T08:29:40.137366,Rankini Traders (P) Ltd,NBFC,https://rankini-traders-pvt-ltd.charteredone.com/U74140WB1995PTC070461,,,,False,,[],,[],,,[],,False,,TEMP-1771691129,,,,,,,,,False,,,,gemini_only,rejected,0.0,5735412af845ecb8b671,"Duplicate: RBI CoR EMP-17716911 already registered to a different entity (""ramesh mercantile"") — possible data error in source CSV",unverified,,unknown,False,False,False,False,False,none,none,none,none,pending_review
789,2026-04-03T08:29:47.283336,2026-04-03T08:29:47.283340,Redkite Capital Private Limited,NBFC,https://www.redkite.co.in/,,,,False,,[],,[],,,[],,False,,TEMP-1771691146,,,,,,,,,False,,,,scraper,rejected,,,Non-lender: no lending signals found on website,unverified,,unknown,False,False,False,False,False,none,none,none,none,pending_review
803,2026-04-03T08:29:51.874399,2026-04-03T08:29:51.874402,Riya Caplease (India) Ltd.,NBFC,https://www.riyalimited.com/,,,,False,,[],,[],,,[],,False,,TEMP-1771699279,,,,,,,,,False,,,,scraper,rejected,,,Non-lender: no lending signals found on website,unverified,,unknown,False,False,False,False,False,none,none,none,none,pending_review
807,2026-04-03T08:29:52.252994,2026-04-03T08:29:52.252996,Rolex Exports Pvt. Ltd.,NBFC,https://www.rolex-exports.com/,,,,False,,[],,[],,,[],,False,,TEMP-1771699287,,,,,,,,,False,,,,scraper,rejected,,,Non-lender: no lending signals found on website,unverified,,unknown,False,False,False,False,False,none,none,none,none,pending_review
808,2026-04-03T08:30:08.151958,2026-04-03T08:30:08.151961,Roonwal Investments Private Limited,NBFC,https://roonwal-investments-private-limited.charteredone.com/U65991TN1988PTC016511,,,,False,,[],,[],,,[],,False,,TEMP-1771699288,,,,,,,,,False,,,,gemini_only,rejected,0.01,0347e54c5eeb7b36be5a,Quality 1% below hard floor 20% — rejected,unverified,,unknown,False,False,False,False,False,none,none,none,none,pending_review
815,2026-04-03T08:30:10.803474,2026-04-03T08:30:10.803477,Rukmani Resources  Ltd.,NBFC,https://www.rukmanifinancialservices.com/,,,,False,,[],,[],,,[],,False,,TEMP-1771699301,,,,,,,,,False,,,,scraper,rejected,,,Non-lender: no lending signals found on website,unverified,,unknown,False,False,False,False,False,none,none,none,none,pending_review
821,2026-04-03T08:30:15.003865,2026-04-03T08:30:15.003867,S T Services  Ltd.,NBFC,https://www.stservices.org.in/,,,,False,,[],,[],,,[],,False,,TEMP-1771699316,,,,,,,,,False,,,,scraper,rejected,,,Non-lender: no lending signals found on website,unverified,,unknown,False,False,False,False,False,none,none,none,none,pending_review
829,2026-04-03T08:30:19.405017,2026-04-03T08:30:19.405020,Sainik Finance & Industries Ltd,NBFC,http://www.sainikfinance.com/,,,,False,,[],,[],,,[],,False,,TEMP-1771699333,,,,,,,,,False,,,,scraper,rejected,,,Non-lender: no lending signals found on website,unverified,,unknown,False,False,False,False,False,none,none,none,none,pending_review
832,2026-04-03T08:30:21.261901,2026-04-03T08:30:21.261904,Salasar Securities Private Limited,NBFC,https://www.salasartrade.com/,,,,False,,[],,[],,,[],,False,,TEMP-1771699338,,,,,,,,,False,,,,scraper,rejected,,,Non-lender: no lending signals found on website,unverified,,unknown,False,False,False,False,False,none,none,none,none,pending_review
842,2026-04-03T08:30:43.347879,2026-04-03T08:30:43.347881,Sanmati Properties Ltd.,NBFC,https://sanmati-properties-limited.charteredone.com/U70101DL1972PLC006249,,,,False,,[],,[],,,[],,False,,TEMP-1771699359,,,,,,,,,False,,,,gemini_only,rejected,0.09,6070f0102ca97d22fd37,Quality 9% below hard floor 20% — rejected,unverified,,unknown,False,False,False,False,False,none,none,none,none,pending_review
843,2026-04-03T08:30:53.402570,2026-04-03T08:30:53.402571,Sanmati Trading & Investment Ltd.,NBFC,https://sanmatitradingandinvestment.in/,,,,False,,[],,[],,,[],,False,,TEMP-1771699361,,,,,,,,,False,,,,scraper,rejected,,,Non-lender: no lending signals found on website,unverified,,unknown,False,False,False,False,False,none,none,none,none,pending_review
850,2026-04-03T08:30:59.879683,2026-04-03T08:30:59.879686,Sarnimal Investment Ltd.,NBFC,https://www.sarnimal.com/,,,,False,,[],,[],,,[],,False,,TEMP-1771699374,,,,,,,,,False,,,,scraper,rejected,,,Non-lender: no lending signals found on website,unverified,,unknown,False,False,False,False,False,none,none,none,none,pending_review
856,2026-04-03T08:31:05.230564,2026-04-03T08:31:05.230567,Satyam Finstock Pvt.Ltd.,NBFC,https://www.satyamprojectsltd.com.webresearchfoundation.com/,,,,False,,[],,[],,,[],,False,,TEMP-1771699388,,,,,,,,,False,,,,scraper,rejected,,,Non-lender: no lending signals found on website,unverified,,unknown,False,False,False,False,False,none,none,none,none,pending_review
857,2026-04-03T08:31:10.205862,2026-04-03T08:31:10.205866,Satyam Securities & Finance Pvt Ltd,NBFC,https://www.satyamprojectsltd.com.webresearchfoundation.com/,,,,False,,[],,[],,,[],,False,,TEMP-1771699390,,,,,,,,,False,,,,scraper,rejected,,,Non-lender: no lending signals found on website,unverified,,unknown,False,False,False,False,False,none,none,none,none,pending_review
862,2026-04-03T08:31:26.397875,2026-04-03T08:31:26.397877,Sawini Finvest Private Limited,NBFC,https://sawini-finvest-private-limited.charteredone.com/U67190MH1995PTC085334,,,,False,,[],,[],,,[],,False,,TEMP-1771699400,,,,,,,,,False,,,,gemini_only,rejected,0.01,69d4240c842711648af6,Quality 1% below hard floor 20% — rejected,unverified,,unknown,False,False,False,False,False,none,none,none,none,pending_review
865,2026-04-03T08:31:34.512288,2026-04-03T08:31:34.512290,SBI Factors Limited (Earlier known as SBI Global Factors Limited),NBFC,https://www.sbifactors.in/,,,,False,,[],,[],,,[],,False,,TEMP-1771699406,,,,,,,,,False,,,,scraper,rejected,,,Non-lender: no lending signals found on website,unverified,,unknown,False,False,False,False,False,none,none,none,none,pending_review
869,2026-04-03T08:31:35.474459,2026-04-03T08:31:35.474461,Securis Finance Private Limited,NBFC,https://www.securis.in/,,,,False,,[],,[],,,[],,False,,TEMP-1771699413,,,,,,,,,False,,,,scraper,rejected,,,Non-lender: no lending signals found on website,unverified,,unknown,False,False,False,False,False,none,none,none,none,pending_review
870,2026-04-03T08:31:41.082883,2026-04-03T08:31:41.082886,Seeds Fincap Private Limited,NBFC,https://www.seedsfincap.com/,,,,False,,[],,[],,,[],,False,,TEMP-1771699415,,,,,,,,,False,,,,scraper,rejected,,,Non-lender: no lending signals found on website,unverified,,unknown,False,False,False,False,False,none,none,none,none,pending_review
876,2026-04-03T08:31:41.570065,2026-04-03T08:31:41.570067,Shaha Finlease Private Limited,NBFC,https://www.shahafinlease.com/,,,,False,,[],,[],,,[],,False,,TEMP-1771699427,,,,,,,,,False,,,,scraper,rejected,,,Non-lender: no lending signals found on website,unverified,,unknown,False,False,False,False,False,none,none,none,none,pending_review
877,2026-04-03T08:31:43.775954,2026-04-03T08:31:43.775957,Shakambari Trading Pvt Ltd,NBFC,https://shakambari.info/termsCondition,,,,False,,[],,[],,,[],,False,,TEMP-1771699430,,,,,,,,,False,,,,scraper,rejected,,,Non-lender: no lending signals found on website,unverified,,unknown,False,False,False,False,False,none,none,none,none,pending_review
881,2026-04-03T08:31:48.635156,2026-04-03T08:31:48.635159,Shareware Finvin Pvt Ltd,NBFC,https://finvin.co.in/,,,,False,,[],,[],,,[],,False,,TEMP-1771699437,,,,,,,,,False,,,,scraper,rejected,,,Non-lender: no lending signals found on website,unverified,,unknown,False,False,False,False,False,none,none,none,none,pending_review
882,2026-04-03T08:32:04.448972,2026-04-03T08:32:04.448975,Shashank Finvest (P) Ltd,NBFC,https://shashank-finvest-pvt-ltd.charteredone.com/U65999WB1996PTC080442,,,,False,,[],,[],,,[],,False,,TEMP-1771699440,,,,,,,,,False,,,,gemini_only,rejected,0.0,281a97e15e9c39a87061,"Duplicate: RBI CoR N-05.06000 already registered to a different entity (""abhishek capital p"") — possible data error in source CSV",unverified,,unknown,False,False,False,False,False,none,none,none,none,pending_review
883,2026-04-03T08:32:20.635648,2026-04-03T08:32:20.635650,Sherya Portfolio Pvt. Ltd.,NBFC,https://sherya-portfolio-private-limited.charteredone.com/U74899DL1993PTC051682,,,,False,,[],,[],,,[],,False,,TEMP-1771699442,,,,,,,,,False,,,,gemini_only,rejected,0.09,a370ba63c0e601162cc3,Quality 9% below hard floor 20% — rejected,unverified,,unknown,False,False,False,False,False,none,none,none,none,pending_review
884,2026-04-03T08:32:41.915766,2026-04-03T08:32:41.915768,Shimla Investment And Management Servicers Private Limited,NBFC,https://shimla-investment-and-management-servicers-pvt-ltd.charteredone.com/U67120KL1991PTC039422,,,,False,,[],,[],,,[],,False,,TEMP-1771699443,,,,,,,,,False,,,,gemini_only,rejected,0.0,24b558fff1861007cffc,"Duplicate: RBI CoR EMP-17716994 already registered to a different entity (""sherya portfolio"") — possible data error in source CSV",unverified,,unknown,False,False,False,False,False,none,none,none,none,pending_review
887,2026-04-03T08:32:59.982064,2026-04-03T08:32:59.982066,Shravan Finance And Estates (P)  Ltd.,NBFC,https://shravan-finance-and-estates-private-limited.charteredone.com/U65993TG1991PTC012827,,,,False,,[],,[],,,[],,False,,TEMP-1771699449,,,,,,,,,False,,,,gemini_only,rejected,0.0,8c029519e185950c5b66,"Duplicate: RBI CoR EMP-17716994 already registered to a different entity (""sherya portfolio"") — possible data error in source CSV",unverified,,unknown,False,False,False,False,False,none,none,none,none,pending_review
888,2026-04-03T08:33:18.711740,2026-04-03T08:33:18.711743,Shree Bahubali Commoditis Pvt Ltd,NBFC,https://kyc.bahubali.co.in/,,,,False,,[],,[],,,[],,False,,TEMP-1771699451,,,,,,,,,False,,,,scraper+gemini,rejected,0.12,537361874bfa44b2a845,Quality 12% below hard floor 20% — rejected,unverified,,unknown,False,False,False,False,False,none,none,none,none,pending_review
889,2026-04-03T08:33:41.593217,2026-04-03T08:33:41.593219,Shree Bahubali Corporation Ltd,NBFC,https://kyc.bahubali.co.in/,,,,False,,[],,[],,,[],,False,,TEMP-1771699453,,,,,,,,,False,,,,scraper+gemini,rejected,0.12,087bc1db54f8eb29302c,Quality 12% below hard floor 20% — rejected,unverified,,unknown,False,False,False,False,False,none,none,none,none,pending_review
897,2026-04-03T08:33:59.200179,2026-04-03T08:33:59.200181,Shreekunj Securities (P) Ltd,NBFC,https://shreekunj-securities-pvt-ltd.charteredone.com/U65921WB1996PTC080492,,,,False,,[],,[],,,[],,False,,TEMP-1771699470,,,,,,,,,False,,,,gemini_only,rejected,0.0,71ab8daefd5319b8f90e,"Duplicate: RBI CoR EMP-17716994 already registered to a different entity (""sherya portfolio"") — possible data error in source CSV",unverified,,unknown,False,False,False,False,False,none,none,none,none,pending_review
903,2026-04-03T08:34:10.382799,2026-04-03T08:34:10.382801,Shyamkamal Investments Ltd.,NBFC,https://www.shyamkamal.com/,,,,False,,[],,[],,,[],,False,,TEMP-1771699482,,,,,,,,,False,,,,scraper,rejected,,,Non-lender: no lending signals found on website,unverified,,unknown,False,False,False,False,False,none,none,none,none,pending_review
908,2026-04-03T08:34:11.966497,2026-04-03T08:34:11.966499,Singularity Creditworld Private Limited,NBFC,https://singularitycredit.com/,,,,False,,[],,[],,,[],,False,,TEMP-1771699492,,,,,,,,,False,,,,scraper,rejected,,,Non-lender: no lending signals found on website,unverified,,unknown,False,False,False,False,False,none,none,none,none,pending_review
909,2026-04-03T08:34:15.969550,2026-04-03T08:34:15.969553,Sintara Fincap Private Limited,NBFC,https://www.sintarafincap.com/,,,,False,,[],,[],,,[],,False,,TEMP-1771699496,,,,,,,,,False,,,,scraper,rejected,,,Non-lender: no lending signals found on website,unverified,,unknown,False,False,False,False,False,none,none,none,none,pending_review
914,2026-04-03T08:34:25.629564,2026-04-03T08:34:25.629566,Siyat Holdings Private Limited,NBFC,https://www.siyatholdings.com/,,,,False,,[],,[],,,[],,False,,TEMP-1771699506,,,,,,,,,False,,,,scraper,rejected,,,Non-lender: no lending signals found on website,unverified,,unknown,False,False,False,False,False,none,none,none,none,pending_review
915,2026-04-03T08:34:46.885249,2026-04-03T08:34:46.885251,Ska Consultancy Services (P) Ltd,NBFC,https://ska-consultancy-services-pvt-ltd.charteredone.com/U74140WB1988PTC043740,,,,False,,[],,[],,,[],,False,,TEMP-1771699508,,,,,,,,,False,,,,gemini_only,rejected,0.09,a0de46fbd512092afc6f,Quality 9% below hard floor 20% — rejected,unverified,,unknown,False,False,False,False,False,none,none,none,none,pending_review
923,2026-04-03T08:35:00.397665,2026-04-03T08:35:00.397668,Spangle Marketing Ltd,NBFC,https://spanglemarketing.in/,,,,False,,[],,[],,,[],,False,,TEMP-1771734635,,,,,,,,,False,,,,scraper,rejected,,,Non-lender: no lending signals found on website,unverified,,unknown,False,False,False,False,False,none,none,none,none,pending_review
926,2026-04-03T08:35:10.440564,2026-04-03T08:35:10.440567,Spotlight Vanijya Ltd.,NBFC,https://www.spotlightvanijya.com/,,,,False,,[],,[],,,[],,False,,TEMP-1771734641,,,,,,,,,False,,,,scraper,rejected,,,Non-lender: no lending signals found on website,unverified,,unknown,False,False,False,False,False,none,none,none,none,pending_review
927,2026-04-03T08:35:36.952791,2026-04-03T08:35:36.952793,Square Broking & Agency (P) Ltd,NBFC,https://int.squareinsurance.in/royal-topup/company-profile,,,,False,,[],,[],,,[],,False,,TEMP-1771734643,,,,,,,,,False,,,,scraper+gemini,rejected,0.13,ca9c7610e2063cb157fd,Quality 13% below hard floor 20% — rejected,unverified,,unknown,False,False,False,False,False,none,none,none,none,pending_review
930,2026-04-03T08:35:50.563623,2026-04-03T08:35:50.563624,Sridhar Securities Ltd.,NBFC,https://sridhar-securities-limited.charteredone.com/U74140WB1991PLC051737,,,,False,,[],,[],,,[],,False,,TEMP-1771734648,,,,,,,,,False,,,,gemini_only,rejected,0.09,8d199f24dda7a59a03c3,Quality 9% below hard floor 20% — rejected,unverified,,unknown,False,False,False,False,False,none,none,none,none,pending_review
933,2026-04-03T08:35:57.154940,2026-04-03T08:35:57.154943,Stable Trading Co Ltd,NBFC,https://www.stabletrading.in/,,,,False,,[],,[],,,[],,False,,TEMP-1771734654,,,,,,,,,False,,,,scraper,rejected,,,Non-lender: no lending signals found on website,unverified,,unknown,False,False,False,False,False,none,none,none,none,pending_review
939,2026-04-03T08:35:58.470362,2026-04-03T08:35:58.470364,Stuti Securities Private Limited,NBFC,https://stuti-securities.com/,,,,False,,[],,[],,,[],,False,,TEMP-1771734666,,,,,,,,,False,,,,scraper,rejected,,,Non-lender: no lending signals found on website,unverified,,unknown,False,False,False,False,False,none,none,none,none,pending_review
940,2026-04-03T08:36:01.762040,2026-04-03T08:36:01.762042,Subhkam Ventures (I) Pvt. Ltd.,NBFC,https://www.subhkam.com/,,,,False,,[],,[],,,[],,False,,TEMP-1771734668,,,,,,,,,False,,,,scraper,rejected,,,Non-lender: no lending signals found on website,unverified,,unknown,False,False,False,False,False,none,none,none,none,pending_review
943,2026-04-03T08:36:08.987535,2026-04-03T08:36:08.987539,Sudha Apparels Ltd,NBFC,https://www.sudhaapparels.com/,,,,False,,[],,[],,,[],,False,,TEMP-1771734673,,,,,,,,,False,,,,scraper,rejected,,,Non-lender: no lending signals found on website,unverified,,unknown,False,False,False,False,False,none,none,none,none,pending_review
944,2026-04-03T08:36:14.742072,2026-04-03T08:36:14.742073,Sudha Commercial Co.Ltd.,NBFC,https://sudhaapparels.com/,,,,False,,[],,[],,,[],,False,,TEMP-1771734676,,,,,,,,,False,,,,scraper,rejected,,,Non-lender: no lending signals found on website,unverified,,unknown,False,False,False,False,False,none,none,none,none,pending_review
946,2026-04-03T08:36:22.428404,2026-04-03T08:36:22.428407,Sujala Trading & Holdings Ltd,NBFC,http://www.sujalagroup.com/,,,,False,,[],,[],,,[],,False,,TEMP-1771734680,,,,,,,,,False,,,,scraper,rejected,,,Non-lender: no lending signals found on website,unverified,,unknown,False,False,False,False,False,none,none,none,none,pending_review
949,2026-04-03T08:36:24.386850,2026-04-03T08:36:24.386852,Sumati Projects Ltd,NBFC,https://www.sumatiprojects.com/,,,,False,,[],,[],,,[],,False,,TEMP-1771734685,,,,,,,,,False,,,,scraper,rejected,,,Non-lender: no lending signals found on website,unverified,,unknown,False,False,False,False,False,none,none,none,none,pending_review
950,2026-04-03T08:36:27.302313,2026-04-03T08:36:27.302316,Sun Investments Private Limited,NBFC,https://www.suninvestments.in/,,,,False,,[],,[],,,[],,False,,TEMP-1771734687,,,,,,,,,False,,,,scraper,rejected,,,Non-lender: no lending signals found on website,unverified,,unknown,False,False,False,False,False,none,none,none,none,pending_review
951,2026-04-03T08:36:46.549379,2026-04-03T08:36:46.549381,Sundrm Consultants Pvt Ltd,NBFC,https://sundrm-consultants-pvt-ltd.charteredone.com/U74140WB1996PTC079424,,,,False,,[],,[],,,[],,False,,TEMP-1771734689,,,,,,,,,False,,,,gemini_only,rejected,0.0,e53250c4d38cf8c47caa,"Duplicate: RBI CoR EMP-17717346 already registered to a different entity (""sridhar securities"") — possible data error in source CSV",unverified,,unknown,False,False,False,False,False,none,none,none,none,pending_review
952,2026-04-03T08:36:51.597131,2026-04-03T08:36:51.597134,Sunita Bonds & Holdings Ltd,NBFC,https://www.sunitabonds.com/,,,,False,,[],,[],,,[],,False,,TEMP-1771734691,,,,,,,,,False,,,,scraper,rejected,,,Non-lender: no lending signals found on website,unverified,,unknown,False,False,False,False,False,none,none,none,none,pending_review
954,2026-04-03T08:37:24.781414,2026-04-03T08:37:24.781416,Suniyojit Viniyog Ltd,NBFC,https://suniyojit-viniyog-ltd.charteredone.com/U65999WB1994PLC062769,,,,False,,[],,[],,,[],,False,,TEMP-1771734696,,,,,,,,,False,,,,gemini_only,rejected,0.0,9dea3dd48fcbc1939eb2,"Duplicate: RBI CoR EMP-17717346 already registered to a different entity (""sridhar securities"") — possible data error in source CSV",unverified,,unknown,False,False,False,False,False,none,none,none,none,pending_review
956,2026-04-03T08:37:46.869396,2026-04-03T08:37:46.869398,Sunrise Manufacturing Co. Ltd.,NBFC,https://sunriseindustrial.co.in/about,,,,False,,[],,[],,,[],,False,,TEMP-1771734700,,,,,,,,,False,,,,scraper+gemini,rejected,0.18,147c28e10119c4501801,Quality 18% below hard floor 20% — rejected,unverified,,unknown,False,False,False,False,False,none,none,none,none,pending_review
960,2026-04-03T08:38:07.732873,2026-04-03T08:38:07.732876,Suraj Finvest Private Limited,NBFC,https://surajfinvest.in/,,,,False,,[],,[],,,[],,False,,TEMP-1771734709,,,,,,,,,False,,,,scraper,rejected,,,Non-lender: no lending signals found on website,unverified,,unknown,False,False,False,False,False,none,none,none,none,pending_review
961,2026-04-03T08:38:18.233056,2026-04-03T08:38:18.233059,Suraj Holdings Limited,NBFC,https://surajfinvest.in/,,,,False,,[],,[],,,[],,False,,TEMP-1771734711,,,,,,,,,False,,,,scraper,rejected,,,Non-lender: no lending signals found on website,unverified,,unknown,False,False,False,False,False,none,none,none,none,pending_review
962,2026-04-03T08:38:18.423084,2026-04-03T08:38:18.423086,Surendra Trexim (P) Ltd,NBFC,https://www.surendratrexim.com/,,,,False,,[],,[],,,[],,False,,TEMP-1771734714,,,,,,,,,False,,,,scraper,rejected,,,Non-lender: no lending signals found on website,unverified,,unknown,False,False,False,False,False,none,none,none,none,pending_review
967,2026-04-03T08:38:25.783663,2026-04-03T08:38:25.783665,Suvidhaa Credit Finance Private Limited,NBFC,https://www.suvidhaa.com/,,,,False,,[],,[],,,[],,False,,TEMP-1771734723,,,,,,,,,False,,,,scraper,rejected,,,Non-lender: no lending signals found on website,unverified,,unknown,False,False,False,False,False,none,none,none,none,pending_review
971,2026-04-03T08:38:26.547058,2026-04-03T08:38:26.547060,Svatantra Microfin Private Limited,NBFC,https://www.svatantramicrofin.com/,,,,False,,[],,[],,,[],,False,,TEMP-1771734732,,,,,,,,,False,,,,scraper,rejected,,,Non-lender: no lending signals found on website,unverified,,unknown,False,False,False,False,False,none,none,none,none,pending_review
973,2026-04-03T08:38:33.689688,2026-04-03T08:38:33.689690,Swara Fincare Limited,NBFC,https://www.swarafincare.com/,,,,False,,[],,[],,,[],,False,,TEMP-1771734736,,,,,,,,,False,,,,scraper,rejected,,,Non-lender: no lending signals found on website,unverified,,unknown,False,False,False,False,False,none,none,none,none,pending_review
975,2026-04-03T08:38:51.987158,2026-04-03T08:38:51.987161,Swaroop Commercial Co.(P) Ltd,NBFC,https://www.swaroopjain.com/vision-mission-purpose/,,,,False,,[],,[],,,[],,False,,TEMP-1771734740,,,,,,,,,False,,,,scraper+gemini,rejected,0.15,ff4169babef49bb558d4,Quality 15% below hard floor 20% — rejected,unverified,,unknown,False,False,False,False,False,none,none,none,none,pending_review
976,2026-04-03T08:38:57.480879,2026-04-03T08:38:57.480882,Swavin Business Consultants Private Limited,NBFC,https://www.swavin.com/,,,,False,,[],,[],,,[],,False,,TEMP-1771734742,,,,,,,,,False,,,,scraper,rejected,,,Non-lender: no lending signals found on website,unverified,,unknown,False,False,False,False,False,none,none,none,none,pending_review
978,2026-04-03T08:39:00.385161,2026-04-03T08:39:00.385164,Tata Industries Limited (CIC),NBFC,https://www.tataindustries.com/,,,,False,,[],,[],,,[],,False,,TEMP-1771734745,,,,,,,,,False,,,,scraper,rejected,,,Non-lender: no lending signals found on website,unverified,,unknown,False,False,False,False,False,none,none,none,none,pending_review
1183,2026-04-03T08:39:18.387334,2026-04-03T08:39:18.383532,Taurus Commercial Services Pvt. Ltd.,NBFC,https://www.taurusgrp.com,,,,False,,"[""Loan Against Property"", ""Working Capital""]",Loan Against Property,"[""Loan Against Property"", ""Working Capital""]","Mumbai, Maharashtra",Maharashtra,"[""Delhi"", ""Maharashtra""]",Regional,False,,,,,,1994,,,,,False,+912266202020,info@taurusgrp.com,False,csv+gemini+scraper,success,0.4,39b821f3d37eb988a46c,RBI registration number missing — needs manual review,unverified,,ND,False,True,True,False,False,gemini,scraper_verified,scraper_verified,csv_provided,pending_review
986,2026-04-03T08:39:26.744282,2026-04-03T08:39:26.744283,Thirani Projects Ltd,NBFC,https://www.thiraniprojects.com/,,,,False,,[],,[],,,[],,False,,TEMP-1771734760,,,,,,,,,False,,,,scraper,rejected,,,Non-lender: no lending signals found on website,unverified,,unknown,False,False,False,False,False,none,none,none,none,pending_review
987,2026-04-03T08:39:32.540460,2026-04-03T08:39:32.540462,Thirani Resources Private Limited,NBFC,https://www.thiraniprojects.com/,,,,False,,[],,[],,,[],,False,,TEMP-1771734762,,,,,,,,,False,,,,scraper,rejected,,,Non-lender: no lending signals found on website,unverified,,unknown,False,False,False,False,False,none,none,none,none,pending_review
992,2026-04-03T08:39:49.430108,2026-04-03T08:39:49.430110,Tivoli Investment And Trading Company Pvt Ltd,NBFC,https://tivoli-investment-and-trading-company-private-limited.charteredone.com/U65990MH1981PTC024409,,,,False,,[],,[],,,[],,False,,TEMP-1771734772,,,,,,,,,False,,,,gemini_only,rejected,0.01,e267b96e4d064f34584e,Quality 1% below hard floor 20% — rejected,unverified,,unknown,False,False,False,False,False,none,none,none,none,pending_review
996,2026-04-03T08:39:56.677278,2026-04-03T08:39:56.677281,Trans Securities Pvt Ltd,NBFC,https://www.transcansec.com/,,,,False,,[],,[],,,[],,False,,TEMP-1771734781,,,,,,,,,False,,,,scraper,rejected,,,Non-lender: no lending signals found on website,unverified,,unknown,False,False,False,False,False,none,none,none,none,pending_review
997,2026-04-03T08:40:03.104182,2026-04-03T08:40:03.104185,Transwarranty Finance Limited,NBFC,https://www.transwarranty.com/,,,,False,,[],,[],,,[],,False,,TEMP-1771734782,,,,,,,,,False,,,,scraper,rejected,,,Non-lender: no lending signals found on website,unverified,,unknown,False,False,False,False,False,none,none,none,none,pending_review
998,2026-04-03T08:40:19.825480,2026-04-03T08:40:19.825482,Trinidhi Finance (P) Ltd.,NBFC,https://trinidhifinance.in/tfpl/about-us/,,,,False,,[],,[],,,[],,False,,TEMP-1771734784,,,,,,,,,False,,,,scraper+gemini,rejected,0.0,124e23bf3bd3e499714d,"Duplicate: RBI CoR EMP-17717347 already registered to a different entity (""tivoli investment and trading company"") — possible data error in source CSV",unverified,,unknown,False,False,False,False,False,none,none,none,none,pending_review
1184,2026-04-03T08:40:44.467189,2026-04-03T08:40:44.463700,True Credits Private Limited,NBFC,https://www.truecredits.in,140.0,Micro,210.0,False,,"[""MSME Loan"", ""Personal Loan""]",MSME Loan,"[""MSME Loan"", ""Personal Loan""]","Gurugram, Haryana",Haryana,"[""Haryana""]",Single State,False,,,,,,2018,,,,,False,01244000000,cs@truecredits.in,False,csv+gemini+scraper,success,0.4,0670dea30023698869af,RBI registration number missing — needs manual review,unverified,,ND-BL,True,True,True,False,False,gemini,scraper_verified,scraper_verified,csv_provided,pending_review
1185,2026-04-03T08:41:11.615810,2026-04-03T08:41:11.613503,TSB Finance Pvt. Ltd,NBFC,https://www.tsbfinancepvtltd.com,,,,False,,"[""Business Loan"", ""Gold Loan"", ""Loan Against Property"", ""MSME Loan"", ""Personal Loan"", ""Vehicle Loan"", ""Working Capital""]",Business Loan,"[""Business Loan"", ""Gold Loan"", ""Loan Against Property"", ""MSME Loan"", ""Personal Loan"", ""Vehicle Loan"", ""Working Capital""]","New Delhi, Delhi",Delhi,"[""Delhi"", ""Punjab""]",Regional,False,,,,,,2018,,,,,False,+919643003900,tsbfinancepvtltd@gmail.com,False,csv+gemini+scraper,success,0.39,1b11a256031fcf0d651c,RBI registration number missing — needs manual review,unverified,,ND,True,True,False,False,False,gemini,scraper_verified,scraper_verified,csv_provided,pending_review
1186,2026-04-03T08:41:45.106237,2026-04-03T08:41:45.102455,TVS Holdings Limited,NBFC,https://www.tvsholdings.com,10000.0,Mid,1001.79,True,TVSHOLD,[],,[],"Chennai, Tamil Nadu",Tamil Nadu,"[""Tamil Nadu""]",Single State,False,,N-07-00904,,,,1962,10,,,,False,+914428332115,investors@tvsholdings.com,False,csv+gemini,success,0.25,92aae737d7307c0d2d5a,primary_loan_segments empty — needs manual review,unverified,,IC,False,True,True,False,False,gemini,gemini,gemini_inferred,csv_provided,pending_review
1187,2026-04-03T08:42:17.974338,2026-04-03T08:42:17.972481,Twi-Light Marketing Pvt. Ltd.,NBFC,https://www.lightfinance.com,,,,False,,"[""Business Loan"", ""Microfinance""]",Business Loan,"[""Business Loan"", ""Microfinance""]","New Delhi, Delhi",Delhi,"[""Delhi"", ""Gujarat"", ""Haryana"", ""Himachal Pradesh"", ""Jharkhand"", ""Madhya Pradesh"", ""Odisha"", ""Rajasthan"", ""Tamil Nadu"", ""Telangana"", ""Uttar Pradesh"", ""Uttarakhand"", ""West Bengal""]",Regional,False,,B-14.03244,,,,2000,,150,,,False,+919833257729,pankaj.goyal@heyev.co,True,csv+gemini+scraper,success,0.51,7d1cf4fb194538bf2241,,unverified,,ND,True,True,False,False,False,gemini,scraper_verified,scraper_verified,csv_provided,provisional_lender
1188,2026-04-03T08:43:03.669573,2026-04-03T08:43:03.663526,Tycoon Credit &Portfolio Ltd.,NBFC,https://tycooncredit.in,,,,True,TYCOON,"[""Business Loan"", ""Credit Card"", ""Education Loan"", ""Loan Against Property"", ""MSME Loan"", ""Personal Loan"", ""Rural Loan""]",Business Loan,"[""Business Loan"", ""Credit Card"", ""Education Loan"", ""Loan Against Property"", ""MSME Loan"", ""Personal Loan"", ""Rural Loan""]","Delhi, Delhi",Delhi,"[""Delhi"", ""Uttar Pradesh""]",Regional,False,,,,,,2019,,,,,False,+919310039776,info@tycooncredit.in,False,csv+gemini+scraper,success,0.38,08d1154533ffcea4787b,RBI registration number missing — needs manual review,unverified,,ND,True,True,True,False,False,gemini,scraper_verified,scraper_verified,csv_provided,pending_review
1004,2026-04-03T08:43:14.845506,2026-04-03T08:43:14.845508,U.Y. Fincorp Limited,NBFC,https://uyfincorp.com/,,,,False,,[],,[],,,[],,False,,TEMP-1771734796,,,,,,,,,False,,,,scraper,rejected,,,Non-lender: no lending signals found on website,unverified,,unknown,False,False,False,False,False,none,none,none,none,pending_review
1189,2026-04-03T08:43:37.587676,2026-04-03T08:43:37.583958,Uca Finvest Private Limited,NBFC,https://www.ucafinvest.com,,,1.29,False,,"[""Business Loan"", ""MSME Loan"", ""Personal Loan""]",Business Loan,"[""Business Loan"", ""MSME Loan"", ""Personal Loan""]","Delhi, Delhi",Delhi,"[""Delhi""]",Single State,False,,N-14.03500,,,,2018,,,,,False,18008890625,info@ucafinvest.com,False,csv+gemini+scraper,success,0.49,c25a53ca1f32e450a30b,,unverified,,ND,False,True,True,False,False,gemini,scraper_verified,scraper_verified,csv_provided,provisional_lender
1190,2026-04-03T08:44:04.542957,2026-04-03T08:44:04.540099,Udhyam Financial Services Private Limited,NBFC,https://udhyamfin.com,,,,False,,"[""Business Loan"", ""Loan Against Property"", ""MSME Loan""]",Business Loan,"[""Business Loan"", ""Loan Against Property"", ""MSME Loan""]","Bengaluru, Karnataka",Karnataka,"[""Karnataka""]",Single State,False,,U65999,,,,2019,,,,,False,+918041234567,info@udhyamfin.com,False,csv+gemini+scraper,success,0.46,fd1e20e1b5dd0cb9245e,,unverified,,ND,False,True,True,False,False,gemini,scraper_verified,gemini_inferred,csv_provided,provisional_lender
1191,2026-04-03T08:44:31.342590,2026-04-03T08:44:31.338869,Ujjawal Fiscal Services Pvt. Ltd.,NBFC-MFI,https://www.ujjawalfiscal.com,,,,False,,"[""MSME Loan"", ""Micro Loan""]",MSME Loan,"[""MSME Loan"", ""Micro Loan""]","Kolkata, West Bengal",West Bengal,"[""West Bengal""]",Single State,False,,N-05.00001,,,,2010,,,,,False,+918617031340,info@ujjawalfiscal.com,True,csv+gemini+scraper,success,0.5,e1d3283667904cec742b,,unverified,,MFI,True,True,True,False,False,gemini,scraper_verified,scraper_verified,csv_provided,provisional_lender
1008,2026-04-03T08:44:49.912896,2026-04-03T08:44:49.912898,Ulekh Vinimay (P) Ltd,NBFC,https://ulekh-vinimay-pvt-ltd.charteredone.com/U51909WB1995PTC074538,,,,False,,[],,[],,,[],,False,,TEMP-1771734803,,,,,,,,,False,,,,gemini_only,rejected,0.09,145a9f2c81df28da7e76,Quality 9% below hard floor 20% — rejected,unverified,,unknown,False,False,False,False,False,none,none,none,none,pending_review
1192,2026-04-03T08:45:23.829387,2026-04-03T08:45:23.823529,Ultimate Management And Financial Services Private Limited,NBFC,https://ultimatefinindia.com,,,,False,,"[""Business Loan"", ""Consumer Durable Loan"", ""Credit Card"", ""EV Loan"", ""Education Loan"", ""Gold Loan"", ""Home Loan"", ""Loan Against Property"", ""MSME Loan"", ""Micro Loan"", ""Microfinance"", ""Personal Loan"", ""Rural Loan"", ""Supply Chain Finance"", ""Two Wheeler Loan"", ""Vehicle Loan"", ""Working Capital""]",Business Loan,"[""Business Loan"", ""Consumer Durable Loan"", ""Credit Card"", ""EV Loan"", ""Education Loan"", ""Gold Loan"", ""Home Loan"", ""Loan Against Property"", ""MSME Loan"", ""Micro Loan"", ""Microfinance"", ""Personal Loan"", ""Rural Loan"", ""Supply Chain Finance"", ""Two Wheeler Loan"", ""Vehicle Loan"", ""Working Capital""]","New Delhi, Delhi",Delhi,"[""Delhi""]",Single State,False,,N-14.03300,,,,2017,,,,,False,+911145050000,info@ultimatefinindia.com,False,csv+gemini,success,0.46,461700de0825374cb7c4,,unverified,,ND,False,True,True,False,False,gemini,gemini,gemini_inferred,csv_provided,provisional_lender
1193,2026-04-03T08:45:48.457105,2026-04-03T08:45:48.442577,Ultra Portfolio Management Pvt. Ltd.,NBFC,https://ultraportfolio.in,,,,False,,"[""Business Loan"", ""Supply Chain Finance"", ""Working Capital""]",Business Loan,"[""Business Loan"", ""Supply Chain Finance"", ""Working Capital""]","Gurugram, Haryana",Haryana,"[""Delhi"", ""Haryana""]",Regional,False,,,,,,2019,,,,,False,,support@ultraportfolio.in,False,csv+gemini+scraper,success,0.33,9cc9f1c6b9e2ef57ad70,RBI registration number missing — needs manual review,unverified,,ND,False,True,True,False,False,gemini,scraper_verified,scraper_verified,csv_provided,pending_review
1011,2026-04-03T08:46:06.557173,2026-04-03T08:46:06.557176,Umashiv Garments Pvt. Ltd,NBFC,https://umashiv-garments-pvt-ltd.charteredone.com/U18109WB1996PTC077627,,,,False,,[],,[],,,[],,False,,TEMP-1771734810,,,,,,,,,False,,,,gemini_only,rejected,0.0,0b514f8332d93a7c562a,"Duplicate: RBI CoR EMP-17717348 already registered to a different entity (""ulekh vinimay p"") — possible data error in source CSV",unverified,,unknown,False,False,False,False,False,none,none,none,none,pending_review
1194,2026-04-03T08:46:27.184949,2026-04-03T08:46:27.181965,Unacco Financial Services Private Limited,NBFC-MFI,https://www.unacco.in,300.7,Micro,100.7,False,,"[""Microfinance""]",Microfinance,"[""Microfinance""]","Guwahati, Assam",Assam,"[""Assam"", ""West Bengal""]",Regional,False,,,,,,2013,300,31,,,False,03612301208,info@unacco.in,False,csv+gemini+scraper,success,0.45,183f9222432fb316a14d,RBI registration number missing — needs manual review,unverified,,MFI,True,True,True,False,False,gemini,scraper_verified,scraper_verified,csv_provided,pending_review
1195,2026-04-03T08:46:59.969726,2026-04-03T08:46:59.959533,United Credit Ltd.,NBFC,https://unitedcreditltd.com,,,,True,531727,"[""MSME Loan"", ""Rural Loan""]",MSME Loan,"[""MSME Loan"", ""Rural Loan""]","Kolkata, West Bengal",West Bengal,"[""West Bengal""]",Single State,False,,,,,,1936,,,,,False,03322879359,unitedcreditltd@gmail.com,False,csv+gemini+scraper,success,0.39,5001207bd59f6c127304,RBI registration number missing — needs manual review,unverified,,ND,True,True,False,False,False,gemini,gemini,scraper_verified,csv_provided,pending_review
1014,2026-04-03T08:47:12.226244,2026-04-03T08:47:12.226247,United Finsec Private Limited,NBFC,https://www.indiafinsec.in/,,,,False,,[],,[],,,[],,False,,TEMP-1771734816,,,,,,,,,False,,,,scraper,rejected,,,Non-lender: no lending signals found on website,unverified,,unknown,False,False,False,False,False,none,none,none,none,pending_review
1015,2026-04-03T08:47:15.839075,2026-04-03T08:47:15.839077,Unitrade Assam Ltd.,NBFC,https://www.assamentrade.com/,,,,False,,[],,[],,,[],,False,,TEMP-1771734818,,,,,,,,,False,,,,scraper,rejected,,,Non-lender: no lending signals found on website,unverified,,unknown,False,False,False,False,False,none,none,none,none,pending_review
1196,2026-04-03T08:47:41.742407,2026-04-03T08:47:41.738377,Universal Fingrowth Private Limited,NBFC,https://www.universalfingrowth.com,,,,False,,"[""Business Loan"", ""Gold Loan"", ""Loan Against Property"", ""MSME Loan"", ""Personal Loan"", ""Rural Loan"", ""Working Capital""]",Business Loan,"[""Business Loan"", ""Gold Loan"", ""Loan Against Property"", ""MSME Loan"", ""Personal Loan"", ""Rural Loan"", ""Working Capital""]","Delhi, Delhi",Delhi,"[""Delhi"", ""Rajasthan""]",Regional,False,,,,,,2017,,,,,False,+919119319110,customercare@universalfingrowth.com,False,csv+gemini+scraper,success,0.39,e5c2619d366a1bf16c9c,RBI registration number missing — needs manual review,unverified,,ND,True,True,True,False,False,gemini,scraper_verified,scraper_verified,csv_provided,pending_review
1017,2026-04-03T08:47:43.280082,2026-04-03T08:47:43.280084,Unnao Trading Pvt Ltd,NBFC,https://www.unnaotrading.com/,,,,False,,[],,[],,,[],,False,,TEMP-1771734822,,,,,,,,,False,,,,scraper,rejected,,,Non-lender: no lending signals found on website,unverified,,unknown,False,False,False,False,False,none,none,none,none,pending_review
1018,2026-04-03T08:48:03.666648,2026-04-03T08:48:03.666651,Upercon Marketing Pvt. Ltd.,NBFC,https://upercon-marketing-private-limited.charteredone.com/U51909DL1993PTC053886,,,,False,,[],,[],,,[],,False,,TEMP-1771734824,,,,,,,,,False,,,,gemini_only,rejected,0.0,ba1a00068192f5fd35d2,"Duplicate: RBI CoR EMP-17717348 already registered to a different entity (""ulekh vinimay p"") — possible data error in source CSV",unverified,,unknown,False,False,False,False,False,none,none,none,none,pending_review
1197,2026-04-03T08:48:41.454969,2026-04-03T08:48:41.445452,Upkar Leasing & Finance Company Pvt. Ltd.,NBFC,https://www.upkarfinance.com,,,,False,,"[""Business Loan"", ""Gold Loan"", ""Home Loan"", ""MSME Loan"", ""Personal Loan"", ""Rural Loan"", ""Vehicle Loan""]",Business Loan,"[""Business Loan"", ""Gold Loan"", ""Home Loan"", ""MSME Loan"", ""Personal Loan"", ""Rural Loan"", ""Vehicle Loan""]","Mumbai, Maharashtra",Maharashtra,"[""Maharashtra""]",Single State,False,,,,,,1994,,,,,False,+919152200155,info@upkarfinance.com,False,csv+gemini+scraper,success,0.39,e777add8e3e012ac893c,RBI registration number missing — needs manual review,unverified,,ND,True,True,True,False,False,gemini,gemini,scraper_verified,csv_provided,pending_review
1198,2026-04-03T08:48:57.702754,2026-04-03T08:48:57.692072,Uranium Finvest Company Private Limited,NBFC,https://company.vakilsearch.com/uranium-finvest-company-pvt-ltd/U51226WB1991PTC051831,,,,False,,"[""Home Loan""]",Home Loan,"[""Home Loan""]","Kolkata, West Bengal",West Bengal,"[""Tamil Nadu"", ""West Bengal""]",Regional,False,,,,,,1991,,,,,False,,uraniumfinvest@gmail.com,False,csv+gemini+scraper,success,0.33,490d0deaafeb8249ad6e,RBI registration number missing — needs manual review,unverified,,unknown,False,True,False,False,False,gemini,scraper_verified,scraper_verified,csv_provided,pending_review
1021,2026-04-03T08:50:49.737818,2026-04-03T08:50:49.737819,USB Financial Corporation Ltd,NBFC,https://www.usbfinin.com/PrivacyPolicy.html,,,,False,,[],,[],,,[],,False,,TEMP-1771734829,,,,,,,,,False,,,,scraper+gemini,rejected,0.0,0217c0be5e32f5edab65,"Duplicate: RBI CoR EMP-17717348 already registered to a different entity (""ulekh vinimay p"") — possible data error in source CSV",unverified,,unknown,False,False,False,False,False,none,none,none,none,pending_review
1199,2026-04-03T08:51:12.806372,2026-04-03T08:51:12.802496,Usha Finlease India Private Limited,NBFC,https://ushafin.com,,,,False,,"[""Business Loan"", ""Loan Against Property"", ""MSME Loan"", ""Working Capital""]",Business Loan,"[""Business Loan"", ""Loan Against Property"", ""MSME Loan"", ""Working Capital""]","Jaipur, Rajasthan",Rajasthan,"[""Rajasthan""]",Single State,False,,,,,,1995,,,,,False,+918001235626,info@ushafin.com,False,csv+gemini+scraper,success,0.38,e73df09e2d951def41bd,RBI registration number missing — needs manual review,unverified,,ND,True,True,True,False,False,gemini,scraper_verified,scraper_verified,csv_provided,pending_review
1200,2026-04-03T08:51:41.106359,2026-04-03T08:51:41.101407,Utkarsh Motor Finance (P) Ltd,NBFC,https://www.utkarsh.bank.in,,,,False,,"[""Business Loan"", ""Gold Loan"", ""Home Loan"", ""Loan Against Property"", ""Personal Loan"", ""Working Capital""]",Business Loan,"[""Business Loan"", ""Gold Loan"", ""Home Loan"", ""Loan Against Property"", ""Personal Loan"", ""Working Capital""]","Varanasi, Uttar Pradesh",Uttar Pradesh,"[""Uttar Pradesh""]",Single State,False,,,,,,1990,,,,,False,18001239878,customercare@utkarsh.bank,True,csv+gemini+scraper,success,0.39,3f0cdc00c3b03927e121,RBI registration number missing — needs manual review,unverified,,unknown,False,True,False,False,False,gemini,scraper_verified,scraper_verified,csv_provided,pending_review
1201,2026-04-03T08:51:51.347265,2026-04-03T08:51:51.341122,Vagmi Capital Services Private Limited,NBFC,https://www.vagmicapital.com/blank-5,,,,False,,"[""MSME Loan"", ""Vehicle Loan""]",MSME Loan,"[""MSME Loan"", ""Vehicle Loan""]",,,[],Single State,False,,,,,,,,,,,False,+918875792100,sales@vagmicapital.com,False,csv+gemini+scraper,success,0.25,a0e0f7738c4f276205b2,RBI registration number missing — needs manual review,unverified,,unknown,True,True,True,False,False,gemini,gemini,scraper_verified,csv_provided,pending_review
1202,2026-04-03T08:52:13.741702,2026-04-03T08:52:13.738543,Vaibhav Vyapaar Pvt Ltd,NBFC,https://www.vaibhav-vyapaar.com,,,,False,,"[""MSME Loan"", ""Personal Loan""]",MSME Loan,"[""MSME Loan"", ""Personal Loan""]","Bengaluru, Karnataka",Karnataka,"[""Karnataka"", ""West Bengal""]",Regional,False,,,,,,2012,,,,,False,08048126351,support@loanfront.in,False,csv+gemini+scraper,success,0.41,163a106f6e6827ce0dbb,RBI registration number missing — needs manual review,unverified,,ND,True,True,False,False,False,gemini,scraper_verified,scraper_verified,csv_provided,pending_review
1203,2026-04-03T08:52:58.085727,2026-04-03T08:52:58.074443,Valar Aditi Social Finance Private Ltd,NBFC-MFI,https://valaraditi.in,,,,False,,"[""Micro Loan"", ""Microfinance"", ""Rural Loan""]",Micro Loan,"[""Micro Loan"", ""Microfinance"", ""Rural Loan""]","Puducherry, Puducherry",Puducherry,"[""Puducherry"", ""Tamil Nadu""]",Regional,False,,,,,,2018,,,,,False,+914132200000,info@valaraditi.in,True,csv+gemini+scraper,success,0.36,668f7f2d4d62062c7f20,RBI registration number missing — needs manual review,unverified,,MFI,False,True,True,False,False,gemini,scraper_verified,gemini_inferred,csv_provided,pending_review
1204,2026-04-03T08:53:16.969028,2026-04-03T08:53:16.965113,Valuefin India Credit Services Private Limited,NBFC,https://www.valuefin.in,1.0,Micro,1.0,False,,"[""MSME Loan"", ""Working Capital""]",MSME Loan,"[""MSME Loan"", ""Working Capital""]","Mumbai, Maharashtra",Maharashtra,"[""Maharashtra""]",Single State,False,,U65921,,,,1996,,,,,False,+912240050000,info@valuefin.in,False,csv+gemini+scraper,success,0.49,2d216ea0d4cd7f1c703f,,unverified,,ND-BL-Small,False,True,True,False,False,gemini,scraper_verified,gemini_inferred,csv_provided,provisional_lender
1028,2026-04-03T08:53:34.382290,2026-04-03T08:53:34.382292,Valueline Securities Pvt.Ltd.,NBFC,https://valuelineloans.com/,,,,False,,[],,[],,,[],,False,,TEMP-1771734842,,,,,,,,,False,,,,scraper+gemini,rejected,0.0,e411bc99bdcb35f1363d,"Duplicate: RBI CoR N-14.03100 already registered to a different entity (""ojas suppliers"") — possible data error in source CSV",unverified,,unknown,False,False,False,False,False,none,none,none,none,pending_review
1205,2026-04-03T08:53:59.588460,2026-04-03T08:53:59.584562,Vanchinad Finance Pvt. Ltd,NBFC,https://vanchinad.com,100.0,Micro,15.0,False,,"[""Business Loan"", ""Consumer Durable Loan"", ""Gold Loan"", ""Home Loan"", ""MSME Loan"", ""Microfinance"", ""Personal Loan""]",Business Loan,"[""Business Loan"", ""Consumer Durable Loan"", ""Gold Loan"", ""Home Loan"", ""MSME Loan"", ""Microfinance"", ""Personal Loan""]","Perumbavoor, Kerala",Kerala,"[""Kerala"", ""Tamil Nadu""]",Regional,False,,,,,,1997,,59,,,False,0484204853300,info@vanchinadfinance.com,True,csv+gemini+scraper,success,0.45,cb47e94ba80bbf3ab9af,RBI registration number missing — needs manual review,unverified,,ND-BL,False,True,False,False,False,gemini,scraper_verified,scraper_verified,csv_provided,pending_review
1206,2026-04-03T08:54:21.293866,2026-04-03T08:54:21.287843,Vani Commercials Ltd,NBFC,https://vanicommercials.com,,,0.001,True,VANICOM,"[""MSME Loan"", ""Personal Loan"", ""Rural Loan""]",MSME Loan,"[""MSME Loan"", ""Personal Loan"", ""Rural Loan""]","Delhi, Delhi",Delhi,"[""Delhi""]",Single State,False,,L74899,,,,1988,,,,,False,+919999999999,info@vanicommercials.com,False,csv+gemini+scraper,success,0.51,ca966408d1fa2477c66c,,unverified,,ND-BL-Small,True,True,True,False,False,gemini,scraper_verified,scraper_verified,csv_provided,provisional_lender
1207,2026-04-03T08:54:47.026335,2026-04-03T08:54:47.019268,Vardan Securities Pvt.Ltd,NBFC,https://vardanservices.com/digital-finance-products-accounting-solutions,,,,False,,"[""Rural Loan""]",Rural Loan,"[""Rural Loan""]","New Delhi, Delhi",Delhi,"[""Delhi""]",Single State,False,,,,,,1995,,,,,False,+918287564541,,False,csv+gemini+scraper,success,0.33,0be684aa78483fad60f7,RBI registration number missing — needs manual review,unverified,,unknown,True,False,False,False,False,gemini,gemini,scraper_verified,csv_provided,pending_review
1208,2026-04-03T08:55:15.372350,2026-04-03T08:55:15.362454,Vasanti Finvest Pvt Ltd,NBFC,https://www.vasantifinvest.in,,,,False,,"[""Business Loan"", ""MSME Loan""]",Business Loan,"[""Business Loan"", ""MSME Loan""]","Mumbai, Maharashtra",Maharashtra,"[""Maharashtra""]",Single State,False,,,,,,1995,,,,,False,+912227830000,info@vasantifinvest.in,True,csv+gemini+scraper,success,0.36,899b775c6a9fafd9c359,RBI registration number missing — needs manual review,unverified,,ND,False,True,True,False,False,gemini,scraper_verified,gemini_inferred,csv_provided,pending_review
1209,2026-04-03T08:55:39.063330,2026-04-03T08:55:39.057642,Vayoo Nandan Finance Co. Pvt. Ltd.,NBFC,https://vayoofin.com,,,,False,,"[""Business Loan"", ""MSME Loan"", ""Microfinance"", ""Personal Loan""]",Business Loan,"[""Business Loan"", ""MSME Loan"", ""Microfinance"", ""Personal Loan""]","New Delhi, Delhi",Delhi,"[""Delhi""]",Single State,False,,U65993,,,,1992,,,,,False,01147003623,vayoonandanfinance@gmail.com,False,csv+gemini+scraper,success,0.49,28745eee23dd558dfbb3,,unverified,,ND,True,True,False,False,False,gemini,scraper_verified,scraper_verified,csv_provided,provisional_lender
1034,2026-04-03T08:55:46.122112,2026-04-03T08:55:46.122115,Ventura Guaranty Ltd,NBFC,https://www.venturaguaranty.com/,,,,False,,[],,[],,,[],,False,,TEMP-1771734856,,,,,,,,,False,,,,scraper,rejected,,,Non-lender: no lending signals found on website,unverified,,unknown,False,False,False,False,False,none,none,none,none,pending_review
1210,2026-04-03T08:56:01.104636,2026-04-03T08:56:01.099671,Venus Barter Pvt Ltd,NBFC,https://www.venusbarter.com,,,,False,,"[""Personal Loan""]",Personal Loan,"[""Personal Loan""]","Ahmedabad, Gujarat",Gujarat,"[""Gujarat"", ""West Bengal""]",Regional,False,,,,,,2016,,,,,False,07969016751,info@venusbarter.com,False,csv+gemini+scraper,success,0.39,4cfcc640a6ca7f3bb5d7,RBI registration number missing — needs manual review,unverified,,ND,True,True,True,False,False,gemini,scraper_verified,scraper_verified,csv_provided,pending_review
1211,2026-04-03T08:56:24.160563,2026-04-03T08:56:24.153754,Venus Star Investments Pvt Ltd,NBFC,https://venusstarindia.com,,,,False,,"[""Rural Loan""]",Rural Loan,"[""Rural Loan""]","New Delhi, Delhi",Delhi,"[""Bihar"", ""Delhi""]",Regional,False,,,,,,1995,,,,,False,06122297222,care@venusstarindia.com,False,csv+gemini+scraper,success,0.41,67457d14f8fadc2d0028,RBI registration number missing — needs manual review,unverified,,unknown,True,True,True,False,False,gemini,scraper_verified,scraper_verified,csv_provided,pending_review
1212,2026-04-03T08:56:50.286846,2026-04-03T08:56:50.282318,Vibhuti Vyapaar Private Limited,NBFC,https://www.vaibhav-vyapaar.com,,,10.0,False,,"[""Personal Loan""]",Personal Loan,"[""Personal Loan""]","Bengaluru, Karnataka",Karnataka,"[""Karnataka"", ""West Bengal""]",Regional,False,,,,,,1995,,,,,False,08048126351,support@loanfront.in,False,csv+gemini+scraper,success,0.41,66af986387af5a471c0d,RBI registration number missing — needs manual review,unverified,,ND,True,True,False,False,False,gemini,scraper_verified,scraper_verified,csv_provided,pending_review
1038,2026-04-03T08:57:12.028727,2026-04-03T08:57:12.028729,Vijay Finlease Ltd.,NBFC,https://digvijayfin.com/company-profile/,,,,False,,[],,[],,,[],,False,,TEMP-1771734863,,,,,,,,,False,,,,scraper+gemini,rejected,0.15,2cdbc9ad4cd19b4e9635,Quality 15% below hard floor 20% — rejected,unverified,,unknown,False,False,False,False,False,none,none,none,none,pending_review
1213,2026-04-03T08:57:33.260200,2026-04-03T08:57:33.256953,Vikas Finance And Credit Co. (P) Ltd.,NBFC,https://www.vikasmoney.com,,,,False,,"[""Business Loan"", ""Gold Loan"", ""Loan Against Property"", ""Personal Loan"", ""Vehicle Loan""]",Business Loan,"[""Business Loan"", ""Gold Loan"", ""Loan Against Property"", ""Personal Loan"", ""Vehicle Loan""]","Ernakulam, Kerala",Kerala,"[""Kerala""]",Single State,False,,N-16.00001,,,,1998,,,,,False,+919072600700,info@vikasmoney.com,True,csv+gemini+scraper,success,0.49,b298f720ba0ccbb66029,,unverified,,ND,True,True,True,False,False,gemini,scraper_verified,scraper_verified,csv_provided,provisional_lender
1040,2026-04-03T08:57:54.392977,2026-04-03T08:57:54.392980,Vinata Finance Solutions Private Limited,NBFC,https://vinata.in/,,,,False,,[],,[],,,[],,False,,TEMP-1771734868,,,,,,,,,False,,,,scraper+gemini,rejected,0.0,41cfb7c7415a37a13be1,"Duplicate: RBI CoR U65999 already registered to a different entity (""udhyam"") — possible data error in source CSV",unverified,,unknown,False,False,False,False,False,none,none,none,none,pending_review
1041,2026-04-03T08:57:55.455238,2026-04-03T08:57:55.455240,Vindus Holdings Limited,NBFC,https://www.vindusholdings.com/,,,,False,,[],,[],,,[],,False,,TEMP-1771734870,,,,,,,,,False,,,,scraper,rejected,,,Non-lender: no lending signals found on website,unverified,,unknown,False,False,False,False,False,none,none,none,none,pending_review
1214,2026-04-03T08:58:55.706251,2026-04-03T08:58:55.697734,Vishawas Finvest Private Limited,NBFC,https://www.vishawasfinvest.com,,,,False,,"[""Home Loan"", ""Loan Against Property"", ""MSME Loan"", ""Personal Loan"", ""Vehicle Loan"", ""Working Capital""]",Home Loan,"[""Home Loan"", ""Loan Against Property"", ""MSME Loan"", ""Personal Loan"", ""Vehicle Loan"", ""Working Capital""]","Jaipur, Rajasthan",Rajasthan,"[""Rajasthan""]",Single State,False,,N.10.00001,,,,1995,,,,,False,+919828040734,info@vishawasfinvest.com,True,csv+gemini+scraper,success,0.48,e80f78d6deeb5a70c4da,,unverified,,ND,True,True,True,False,False,gemini,scraper_verified,scraper_verified,csv_provided,provisional_lender
1043,2026-04-03T08:59:20.177900,2026-04-03T08:59:20.177902,Vishwaratan Vinimay (P) Ltd,NBFC,https://vishwaratan-vinimay-pvt-ltd.charteredone.com/U51109WB1995PTC070596,,,,False,,[],,[],,,[],,False,,TEMP-1771734874,,,,,,,,,False,,,,gemini_only,rejected,0.0,16860200da4ca2b566d7,"Duplicate: RBI CoR EMP-17717348 already registered to a different entity (""ulekh vinimay p"") — possible data error in source CSV",unverified,,unknown,False,False,False,False,False,none,none,none,none,pending_review
1044,2026-04-03T08:59:24.241780,2026-04-03T08:59:24.241783,Visolent India Private Limited,NBFC,https://www.visolent.com/,,,,False,,[],,[],,,[],,False,,TEMP-1771734875,,,,,,,,,False,,,,scraper,rejected,,,Non-lender: no lending signals found on website,unverified,,unknown,False,False,False,False,False,none,none,none,none,pending_review
1215,2026-04-03T08:59:52.120812,2026-04-03T08:59:52.108912,Vivardhana Microfinance Ltd,NBFC-MFI,https://vivardhanamfl.co.in,17.0,Micro,,False,,"[""Microfinance""]",Microfinance,"[""Microfinance""]","Chennai, Tamil Nadu",Tamil Nadu,"[""Puducherry"", ""Tamil Nadu""]",Regional,False,,,,,,,,,,,False,04424621742,,True,csv+gemini+scraper,success,0.33,a9309e7f852185f983cb,RBI registration number missing — needs manual review,unverified,,MFI,True,False,False,False,False,gemini,scraper_verified,scraper_verified,csv_provided,pending_review
1216,2026-04-03T09:00:15.358547,2026-04-03T09:00:15.348971,Vivriti Capital Limited*,NBFC,https://www.vivriticapital.com,10000.0,Mid,990.79,False,,"[""Loan Against Property"", ""MSME Loan"", ""Supply Chain Finance"", ""Working Capital""]",Loan Against Property,"[""Loan Against Property"", ""MSME Loan"", ""Supply Chain Finance"", ""Working Capital""]","Chennai, Tamil Nadu",Tamil Nadu,"[""Delhi"", ""Gujarat"", ""Haryana"", ""Maharashtra"", ""Rajasthan"", ""Tamil Nadu"", ""West Bengal""]",Regional,False,,,,,,2017,,,,,False,+914440074801,demerger@vivriticapital.com,False,csv+gemini+scraper,success,0.42,6dfd1da7e3afe2084fcb,RBI registration number missing — needs manual review,unverified,,ND-SI,True,True,True,False,False,gemini,scraper_verified,scraper_verified,csv_provided,pending_review
1047,2026-04-03T09:00:24.604940,2026-04-03T09:00:24.604943,VPG Finsec Private Limited,NBFC,https://www.indiafinsec.in/,,,,False,,[],,[],,,[],,False,,TEMP-1771734882,,,,,,,,,False,,,,scraper,rejected,,,Non-lender: no lending signals found on website,unverified,,unknown,False,False,False,False,False,none,none,none,none,pending_review
1217,2026-04-03T09:00:41.548405,2026-04-03T09:00:41.535381,VRA Finance and Investments Private Limited,NBFC,https://vrafinance.com,,,,False,,"[""MSME Loan"", ""Rural Loan""]",MSME Loan,"[""MSME Loan"", ""Rural Loan""]","Delhi, Delhi",Delhi,"[""Delhi""]",Single State,False,,,,,,2017,,,,,False,+911145050000,info@vrafinance.com,True,csv+gemini+scraper,success,0.36,41273e4ae654e739131e,RBI registration number missing — needs manual review,unverified,,ND,False,True,True,False,False,gemini,scraper_verified,gemini_inferred,csv_provided,pending_review
1049,2026-04-03T09:01:06.471461,2026-04-03T09:01:06.471463,Vraddhi Finvest Private Limited,NBFC,https://vraddhifinvest.com/,,,,False,,[],,[],,,[],,False,,TEMP-1771734885,,,,,,,,,False,,,,scraper+gemini,rejected,0.0,a1a0ad86a296eec2b86a,"Duplicate: RBI CoR U65921 already registered to a different entity (""valuefin credit"") — possible data error in source CSV",unverified,,unknown,False,False,False,False,False,none,none,none,none,pending_review
1218,2026-04-03T09:01:34.369917,2026-04-03T09:01:34.365029,Vrinda Finlease Limited,NBFC,https://www.vrindafinlease.com,,,,False,,"[""MSME Loan"", ""Rural Loan""]",MSME Loan,"[""MSME Loan"", ""Rural Loan""]","Gurugram, Haryana",Haryana,"[""Haryana""]",Single State,False,,N-14.03400,,,,2018,,,,,False,+1800229933,name@gmail.com,False,csv+gemini+scraper,success,0.49,e9515fc4b73ac2789b68,,unverified,,ND,False,True,False,False,False,gemini,scraper_verified,scraper_verified,csv_provided,provisional_lender
1219,2026-04-03T09:01:57.001676,2026-04-03T09:01:56.993070,Vruksha Microfin Private Limited,NBFC-MFI,https://www.vrukshamicrofin.com,,,,False,,"[""Microfinance""]",Microfinance,"[""Microfinance""]","Trichy, Tamil Nadu",Tamil Nadu,"[""Tamil Nadu""]",Single State,False,,,,,,2012,,,,,False,04314503127,accounts@vrukshamicrofin.com,True,csv+gemini+scraper,success,0.39,2e4bc2fe3b10edc36fa5,RBI registration number missing — needs manual review,unverified,,MFI,True,True,True,False,False,gemini,gemini,scraper_verified,csv_provided,pending_review
1220,2026-04-03T09:02:16.754834,2026-04-03T09:02:16.752960,Waqt Finance Private Ltd.,NBFC,https://waqtfinance.com,,,,False,,"[""Business Loan"", ""Home Loan"", ""MSME Loan"", ""Personal Loan"", ""Vehicle Loan""]",Business Loan,"[""Business Loan"", ""Home Loan"", ""MSME Loan"", ""Personal Loan"", ""Vehicle Loan""]","New Delhi, Delhi",Delhi,"[""Chandigarh"", ""Delhi""]",Regional,False,,,,,,2021,,,,,False,+919999988888,info@waqtfinance.com,True,csv+gemini+scraper,success,0.36,1a575ef2e5a6683abd69,RBI registration number missing — needs manual review,unverified,,ND,False,True,True,False,False,gemini,scraper_verified,gemini_inferred,csv_provided,pending_review
1221,2026-04-03T09:02:34.476127,2026-04-03T09:02:34.466180,Weekline Investment & Trading Co. Ltd.,NBFC,https://www.weekline.in,,,,False,,"[""Business Loan"", ""Gold Loan"", ""Personal Loan"", ""Working Capital""]",Business Loan,"[""Business Loan"", ""Gold Loan"", ""Personal Loan"", ""Working Capital""]","Delhi, Delhi",Delhi,"[""Delhi""]",Single State,False,,,,,,1982,,,,,False,+911141000000,info@weekline.in,False,csv+gemini+scraper,success,0.36,6ee4e9688fd5d5565d1a,RBI registration number missing — needs manual review,unverified,,ND,False,True,True,False,False,gemini,scraper_verified,gemini_inferred,csv_provided,pending_review
1055,2026-04-03T09:02:40.172398,2026-04-03T09:02:40.172464,Winro Commercial (India) Ltd.,NBFC,https://www.winrocommercial.com/,,,,False,,[],,[],,,[],,False,,TEMP-1771734897,,,,,,,,,False,,,,scraper,rejected,,,Non-lender: no lending signals found on website,unverified,,unknown,False,False,False,False,False,none,none,none,none,pending_review
1059,2026-04-03T09:02:49.707810,2026-04-03T09:02:49.707812,Yashik Finlease Pvt.Ltd,NBFC,https://yashikfinlease.com/,,,,False,,[],,[],,,[],,False,,TEMP-1771734905,,,,,,,,,False,,,,scraper,rejected,,,Non-lender: no lending signals found on website,unverified,,unknown,False,False,False,False,False,none,none,none,none,pending_review
1060,2026-04-03T09:03:22.686707,2026-04-03T09:03:22.686710,Yashman Deepak Ltd.,NBFC,https://yashmandeepak.com/,,,,False,,[],,[],,,[],,False,,TEMP-1771734907,,,,,,,,,False,,,,scraper,rejected,,,Non-lender: no lending signals found on website,unverified,,unknown,False,False,False,False,False,none,none,none,none,pending_review
