lender_id,lender_name,product_name,loan_type,loan_amount_min,loan_amount_max,credit_score_min,credit_score_max,min_age,max_age,employment_types,min_monthly_income,min_annual_turnover,min_business_vintage,interest_rate_min,interest_rate_max,tenure_min,tenure_max,processing_fee,prepayment_allowed,collateral_required,collateral_types,eligible_states,eligibility_notes,completeness_score,data_source,source_url,approval_status,source_confidence,version,product_name_normalized,review_priority,kyc_pan_required,kyc_aadhaar_required,kyc_gstin_required,kyc_itr_years,extraction_timestamp
551,121 Finance Private Limited (Old Name Yerrow Finance and Investments Private Limited),Business Loan,Business Loan,,,,,,,[],,,,,,,,,,,[],"[""Rajasthan""]",,0.1,gemini,https://121finance.com,needs_review,low,1,business loan,medium,,,,,2026-04-03T14:47:41.311278
551,121 Finance Private Limited (Old Name Yerrow Finance and Investments Private Limited),MSME Loan,MSME Loan,,,,,,,[],,,,,,,,,,,[],"[""Rajasthan""]",,0.1,gemini,https://121finance.com,needs_review,low,1,msme loan,medium,,,,,2026-04-03T14:47:41.311403
551,121 Finance Private Limited (Old Name Yerrow Finance and Investments Private Limited),Rural Loan,Rural Loan,,,,,,,[],,,,,,,,,,,[],"[""Rajasthan""]",,0.1,gemini,https://121finance.com,needs_review,low,1,rural loan,medium,,,,,2026-04-03T14:47:41.311498
551,121 Finance Private Limited (Old Name Yerrow Finance and Investments Private Limited),Supply Chain Finance,Supply Chain Finance,,,,,,,[],,,,,,,,,,,[],"[""Rajasthan""]",,0.1,gemini,https://121finance.com,needs_review,low,1,supply chain finance,medium,,,,,2026-04-03T14:47:41.311562
551,121 Finance Private Limited (Old Name Yerrow Finance and Investments Private Limited),Working Capital,Working Capital,,,,,,,[],,,,,,,,,,,[],"[""Rajasthan""]",,0.1,gemini,https://121finance.com,needs_review,low,1,working capital,medium,,,,,2026-04-03T14:47:41.311619
552,4Fin Finance Private Limited,Working Capital,Working Capital,,,,,,,[],,,,,,,,,,,[],"[""Delhi"", ""Maharashtra""]",,0.1,gemini,https://4fin.in,needs_review,low,1,working capital,medium,,,,,2026-04-03T14:47:57.797938
553,A R C Finance Ltd,MSME Loan,MSME Loan,,,,,,,[],,,,,,,,,,,[],"[""West Bengal""]",,0.1,gemini,http://www.arcfinance.in,needs_review,low,1,msme loan,medium,,,,,2026-04-03T14:48:10.926052
554,A R T Leasing Ltd,Business Loan,Business Loan,,,,,,,[],,,,,,,,,,,[],[],,0.0,gemini,http://artgroupofcompanies.in/leasing.php,needs_review,low,1,business loan,medium,,,,,2026-04-03T14:48:28.540208
554,A R T Leasing Ltd,Gold Loan,Gold Loan,,,,,,,[],,,,,,,,,,True,"[""gold""]",[],,0.0,gemini,http://artgroupofcompanies.in/leasing.php,needs_review,low,1,gold loan,medium,,,,,2026-04-03T14:48:28.540330
554,A R T Leasing Ltd,Personal Loan,Personal Loan,,,,,,,[],,,,,,,,,,False,[],[],,0.0,gemini,http://artgroupofcompanies.in/leasing.php,needs_review,low,1,personal loan,medium,,,,,2026-04-03T14:48:28.540402
554,A R T Leasing Ltd,Rural Loan,Rural Loan,,,,,,,[],,,,,,,,,,,[],[],,0.0,gemini,http://artgroupofcompanies.in/leasing.php,needs_review,low,1,rural loan,medium,,,,,2026-04-03T14:48:28.540467
557,Abhiyan Capital (India) Private Limited {Earlier known as Dowell Fiscal Services Private Limited},Business Loan,Business Loan,,50.0,,,,,"[""business"", ""self_employed_non_professional""]",,,3,,,,36,,,False,[],"[""Haryana"", ""Maharashtra"", ""Rajasthan"", ""Uttar Pradesh"", ""Uttarakhand""]",,0.4,gemini,https://www.abhiyancapital.com,needs_review,medium,1,business loan,low,True,True,,,2026-04-03T14:49:37.101088
557,Abhiyan Capital (India) Private Limited {Earlier known as Dowell Fiscal Services Private Limited},Loan Against Property,Loan Against Property,,500.0,,,,,"[""salaried"", ""self-employed""]",,,,,,,180,,,True,[],"[""Haryana"", ""Maharashtra"", ""Rajasthan"", ""Uttar Pradesh"", ""Uttarakhand""]",,0.4,gemini,https://www.abhiyancapital.com,needs_review,medium,1,loan against property,low,True,True,,,2026-04-03T14:49:37.101217
557,Abhiyan Capital (India) Private Limited {Earlier known as Dowell Fiscal Services Private Limited},MSME Loan,MSME Loan,,50.0,,,,,"[""business"", ""self_employed_non_professional""]",,,3,,,,36,,,False,[],"[""Haryana"", ""Maharashtra"", ""Rajasthan"", ""Uttar Pradesh"", ""Uttarakhand""]",,0.4,gemini,https://www.abhiyancapital.com,needs_review,medium,1,msme loan,low,True,True,,,2026-04-03T14:49:37.101295
559,Accord Securities  Ltd.,Personal Loan,Personal Loan,,,,,,,[],,,,,,,,,,,[],"[""Delhi""]",,0.1,gemini,https://www.accordsecurities.com,needs_review,low,1,personal loan,medium,,,,,2026-04-03T14:50:11.727410
560,Accredut Finance And Investment Private Limited,Working Capital,Working Capital,,,,,,,"[""self_employed_non_professional"", ""business""]",,,,,,,,,,,[],[],,0.1,heuristic,https://www.accredutfinance.com,needs_review,low,1,working capital,medium,,,,,2026-04-03T14:50:38.072150
560,Accredut Finance And Investment Private Limited,Business Loan,Business Loan,,,,,,,"[""self_employed_non_professional"", ""business""]",,,,,,,,,,,[],[],,0.1,heuristic,https://www.accredutfinance.com,needs_review,low,1,business loan,medium,,,,,2026-04-03T14:50:38.072252
560,Accredut Finance And Investment Private Limited,MSME Loan,MSME Loan,,,,,,,"[""self_employed_non_professional"", ""business""]",,,,,,,,,,,[],[],,0.1,heuristic,https://www.accredutfinance.com,needs_review,low,1,msme loan,medium,,,,,2026-04-03T14:50:38.072312
560,Accredut Finance And Investment Private Limited,Education Loan,Education Loan,,,,,,,"[""salaried"", ""self-employed""]",,,,,,,,,,,[],[],,0.1,heuristic,https://www.accredutfinance.com,needs_review,low,1,education loan,medium,,,,,2026-04-03T14:50:38.072365
560,Accredut Finance And Investment Private Limited,Loan Against Property,Loan Against Property,,,,,,,[],,,,,,,,,,,[],[],,0.0,heuristic,https://www.accredutfinance.com,needs_review,low,1,loan against property,medium,,,,,2026-04-03T14:50:38.072413
560,Accredut Finance And Investment Private Limited,Personal Loan,Personal Loan,,,,,,,"[""salaried"", ""self-employed""]",,,,,,,,,,,[],[],,0.1,heuristic,https://www.accredutfinance.com,needs_review,low,1,personal loan,medium,,,,,2026-04-03T14:50:38.072464
561,Ace Finlease Private Limited,Rural Loan,Rural Loan,,,,,,,"[""agriculture"", ""business"", ""self_employed_non_professional""]",,,,,,,,,,,[],"[""Kerala""]",,0.2,gemini,https://acegroup.in/companies,needs_review,low,1,rural loan,medium,,,,,2026-04-03T14:51:01.567492
561,Ace Finlease Private Limited,Two Wheeler Loan,Two Wheeler Loan,,,,,,,[],,,,,,,,,,True,[],"[""Kerala""]",,0.1,gemini,https://acegroup.in/companies,needs_review,low,1,two wheeler loan,medium,,,,,2026-04-03T14:51:01.567602
562,Add - Truck Commercial Pvt Ltd,BharatBenz New Commercial Vehicle Loan,Vehicle Loan,,,,,,,"[""business"", ""self_employed_non_professional""]",,,,,,,,,,True,[],[],Financing for new BharatBenz trucks and buses.,0.2,gemini,https://asia.daimlertruck.com/en/press-releases/india/bharatbenz-customers-gain-attractive-finance-options,needs_review,low,1,bharatbenz new commercial vehicle loan,medium,True,True,True,,2026-04-03T14:51:35.504749
562,Add - Truck Commercial Pvt Ltd,BharatBenz Used Commercial Vehicle Loan,Vehicle Loan,,,,,,,"[""business"", ""self_employed_non_professional""]",,,,,,,,,,True,[],[],Financing for used BharatBenz trucks and buses.,0.2,gemini,https://asia.daimlertruck.com/en/press-releases/india/bharatbenz-customers-gain-attractive-finance-options,needs_review,low,1,bharatbenz used commercial vehicle loan,medium,True,True,True,,2026-04-03T14:51:35.504870
562,Add - Truck Commercial Pvt Ltd,BharatBenz Parts & Services Financing,Working Capital,,,,,,,"[""business"", ""self_employed_non_professional""]",,,,,,,,,,,[],[],Financing for BharatBenz spare parts and services.,0.2,gemini,https://asia.daimlertruck.com/en/press-releases/india/bharatbenz-customers-gain-attractive-finance-options,needs_review,low,1,bharatbenz parts & services financing,medium,True,True,True,,2026-04-03T14:51:35.504939
563,Advik Capital Ltd,Two Wheeler Loan,Two Wheeler Loan,,,,,,,[],,,,,,,,,,,[],"[""Maharashtra""]",,0.1,gemini,https://www.advik.co.in,needs_review,low,1,two wheeler loan,medium,,,,,2026-04-03T14:52:03.482515
564,Aeroflex Finance Private Limited,Business Loan,Business Loan,,50.0,,,21,65,"[""business""]",,12.0,3,,,,60,,True,False,[],[],,0.3,gemini,https://aeroflexfinance.com,needs_review,medium,1,business loan,low,True,True,True,,2026-04-03T14:52:32.885758
564,Aeroflex Finance Private Limited,Personal Loan,Personal Loan,,10.0,,,21,60,"[""salaried"", ""self-employed""]",20.0,,,,,,60,,True,False,[],[],,0.3,gemini,https://aeroflexfinance.com,needs_review,medium,1,personal loan,low,True,True,,,2026-04-03T14:52:32.885817
564,Aeroflex Finance Private Limited,Working Capital,Working Capital,,100.0,,,,,"[""business""]",,25.0,3,,,,,,True,,[],[],,0.2,gemini,https://aeroflexfinance.com,needs_review,low,1,working capital,medium,True,True,True,,2026-04-03T14:52:32.885852
565,Agarwal Assignments Pvt. Ltd.,MSME Loan,MSME Loan,,,,,,,[],,,,,,,,,,,[],"[""Delhi""]",,0.1,gemini,https://www.agarwalassignments.com,needs_review,low,1,msme loan,medium,,,,,2026-04-03T14:52:49.864452
566,Agarwal Fiscal Private Limited,MSME Loan,MSME Loan,,,,,,,[],,,,,,,,,,,[],"[""Delhi""]",,0.1,gemini,https://www.agarwalassignments.com,needs_review,low,1,msme loan,medium,,,,,2026-04-03T14:53:08.200783
567,Agf Finlease Pvt. Ltd.,Business Loan,Business Loan,,,,,,,[],,,,,,,,,,,[],"[""Delhi""]",,0.1,gemini,https://agffinlease.com,needs_review,low,1,business loan,medium,,,,,2026-04-03T14:53:30.008594
567,Agf Finlease Pvt. Ltd.,Loan Against Property,Loan Against Property,,,,,,,[],,,,,,,,,,True,[],"[""Delhi""]",,0.1,gemini,https://agffinlease.com,needs_review,low,1,loan against property,medium,,,,,2026-04-03T14:53:30.008690
567,Agf Finlease Pvt. Ltd.,MSME Loan,MSME Loan,,,,,,,[],,,,,,,,,,,[],"[""Delhi""]",,0.1,gemini,https://agffinlease.com,needs_review,low,1,msme loan,medium,,,,,2026-04-03T14:53:30.008743
567,Agf Finlease Pvt. Ltd.,Personal Loan,Personal Loan,,,,,,,[],,,,,,,,,,,[],"[""Delhi""]",,0.1,gemini,https://agffinlease.com,needs_review,low,1,personal loan,medium,,,,,2026-04-03T14:53:30.008786
568,Agrim Fincap Pvt.Ltd.,Personal Loan,Personal Loan,,5.0,,,21,60,"[""salaried"", ""self-employed""]",15.0,,,,,,36,,,False,[],"[""Delhi"", ""Uttar Pradesh""]",,0.4,gemini,https://agrimfincap.com,needs_review,medium,1,personal loan,low,True,True,False,,2026-04-03T14:53:52.764880
568,Agrim Fincap Pvt.Ltd.,Business Loan,Business Loan,,10.0,,,,,"[""business""]",,,2,,,,60,,,False,[],"[""Delhi"", ""Uttar Pradesh""]",,0.4,gemini,https://agrimfincap.com,needs_review,medium,1,business loan,low,True,True,True,2,2026-04-03T14:53:52.764995
568,Agrim Fincap Pvt.Ltd.,Rural Loan,Rural Loan,,3.0,,,,,"[""agriculture"", ""business"", ""self-employed""]",,,,,,,24,,,False,[],"[""Delhi"", ""Uttar Pradesh""]",Applicant must be residing in rural or semi-urban areas.,0.5,gemini,https://agrimfincap.com,needs_review,medium,1,rural loan,low,True,True,False,,2026-04-03T14:53:52.765073
569,Agro Indus Credits Limited (Formerly Known As Agro Indus Finance And Leasing (India)Ltd,Gold Loan,Gold Loan,,,,,,,[],,,,,,,,,,True,"[""gold""]","[""Kerala"", ""Tamil Nadu""]",,0.1,gemini,https://www.agroindus.co.in,needs_review,low,1,gold loan,medium,,,,,2026-04-03T14:54:11.864026
569,Agro Indus Credits Limited (Formerly Known As Agro Indus Finance And Leasing (India)Ltd,Home Loan,Home Loan,,,,,,,[],,,,,,,,,,True,[],"[""Kerala"", ""Tamil Nadu""]",,0.1,gemini,https://www.agroindus.co.in,needs_review,low,1,home loan,medium,,,,,2026-04-03T14:54:11.864138
569,Agro Indus Credits Limited (Formerly Known As Agro Indus Finance And Leasing (India)Ltd,Vehicle Loan,Vehicle Loan,,,,,,,[],,,,,,,,,,True,"[""vehicle""]","[""Kerala"", ""Tamil Nadu""]",,0.1,gemini,https://www.agroindus.co.in,needs_review,low,1,vehicle loan,medium,,,,,2026-04-03T14:54:11.864203
571,Alpine Finlease Limited,Working Capital,Working Capital,,,,,,,"[""self_employed_non_professional"", ""business""]",,,,,,,,,,,[],[],,0.1,heuristic,https://alpinefinlease.com,needs_review,low,1,working capital,medium,,,,,2026-04-03T14:55:01.890548
571,Alpine Finlease Limited,Business Loan,Business Loan,,,,,,,"[""self_employed_non_professional"", ""business""]",,,,,,,,,,,[],[],,0.1,heuristic,https://alpinefinlease.com,needs_review,low,1,business loan,medium,,,,,2026-04-03T14:55:01.890647
571,Alpine Finlease Limited,MSME Loan,MSME Loan,,,,,,,"[""self_employed_non_professional"", ""business""]",,,,,,,,,,,[],[],,0.1,heuristic,https://alpinefinlease.com,needs_review,low,1,msme loan,medium,,,,,2026-04-03T14:55:01.890703
571,Alpine Finlease Limited,Consumer Durable Loan,Consumer Durable Loan,,,,,,,"[""salaried"", ""self-employed""]",,,,,,,,,,,[],[],,0.1,heuristic,https://alpinefinlease.com,needs_review,low,1,consumer durable loan,medium,,,,,2026-04-03T14:55:01.890753
571,Alpine Finlease Limited,Loan Against Property,Loan Against Property,,,,,,,[],,,,,,,,,,,[],[],,0.0,heuristic,https://alpinefinlease.com,needs_review,low,1,loan against property,medium,,,,,2026-04-03T14:55:01.890796
571,Alpine Finlease Limited,Personal Loan,Personal Loan,,,,,,,"[""salaried"", ""self-employed""]",,,,,,,,,,,[],[],,0.1,heuristic,https://alpinefinlease.com,needs_review,low,1,personal loan,medium,,,,,2026-04-03T14:55:01.890840
572,Amber Distributors (P) Ltd,Business Loan,Business Loan,,,,,,,[],,,,,,,,,,,[],"[""Delhi""]",,0.1,gemini,https://amberdistributors.com,needs_review,low,1,business loan,medium,,,,,2026-04-03T14:55:24.759568
572,Amber Distributors (P) Ltd,Gold Loan,Gold Loan,,,,,,,[],,,,,,,,,,True,"[""gold""]","[""Delhi""]",,0.1,gemini,https://amberdistributors.com,needs_review,low,1,gold loan,medium,,,,,2026-04-03T14:55:24.759676
572,Amber Distributors (P) Ltd,MSME Loan,MSME Loan,,,,,,,[],,,,,,,,,,,[],"[""Delhi""]",,0.1,gemini,https://amberdistributors.com,needs_review,low,1,msme loan,medium,,,,,2026-04-03T14:55:24.759735
572,Amber Distributors (P) Ltd,Personal Loan,Personal Loan,,,,,,,[],,,,,,,,,,,[],"[""Delhi""]",,0.1,gemini,https://amberdistributors.com,needs_review,low,1,personal loan,medium,,,,,2026-04-03T14:55:24.759786
572,Amber Distributors (P) Ltd,Rural Loan,Rural Loan,,,,,,,[],,,,,,,,,,,[],"[""Delhi""]",,0.1,gemini,https://amberdistributors.com,needs_review,low,1,rural loan,medium,,,,,2026-04-03T14:55:24.759835
572,Amber Distributors (P) Ltd,Working Capital,Working Capital,,,,,,,[],,,,,,,,,,,[],"[""Delhi""]",,0.1,gemini,https://amberdistributors.com,needs_review,low,1,working capital,medium,,,,,2026-04-03T14:55:24.759884
573,Ample Fincap Pvt Ltd,Business Loan,Business Loan,,,,,,,"[""business""]",,,,,,,,,,,[],"[""Chhattisgarh""]",,0.2,gemini,https://www.amplefincap.com,needs_review,low,1,business loan,medium,True,True,,,2026-04-03T14:55:39.806183
573,Ample Fincap Pvt Ltd,Working Capital,Working Capital,,,,,,,"[""business""]",,,,,,,,,,,[],"[""Chhattisgarh""]",,0.2,gemini,https://www.amplefincap.com,needs_review,low,1,working capital,medium,True,True,,,2026-04-03T14:55:39.806291
574,Anand Rathi Global Finance  Ltd. [Formerly - Rathi Global Finance  Ltd.],Loan Against Shares & Financial Instruments,Loan Against Property,,,,,,,"[""business"", ""self_employed_professional"", ""self_employed_non_professional""]",,,,,,,,,,True,[],"[""Karnataka"", ""Uttar Pradesh"", ""Uttarakhand""]","Primarily offered to High Net Worth Individuals (HNIs), Corporates, and Promoters.",0.3,gemini,https://anandrathi.com,needs_review,low,1,loan against shares & financial instruments,medium,True,True,,,2026-04-03T14:55:57.245434
575,Ankita Finvest (P)Ltd,Business Loan,Business Loan,,,,,,,[],,,,,,,,,,,[],"[""West Bengal""]",,0.1,gemini,https://www.ankitafinancial.com,needs_review,low,1,business loan,medium,,,,,2026-04-03T14:56:13.274790
575,Ankita Finvest (P)Ltd,Loan Against Property,Loan Against Property,,,,,,,[],,,,,,,,,,True,"[""property""]","[""West Bengal""]",,0.1,gemini,https://www.ankitafinancial.com,needs_review,low,1,loan against property,medium,,,,,2026-04-03T14:56:13.274927
575,Ankita Finvest (P)Ltd,Rural Loan,Rural Loan,,,,,,,[],,,,,,,,,,,[],"[""West Bengal""]",,0.1,gemini,https://www.ankitafinancial.com,needs_review,low,1,rural loan,medium,,,,,2026-04-03T14:56:13.275001
575,Ankita Finvest (P)Ltd,Working Capital,Working Capital,,,,,,,[],,,,,,,,,,,[],"[""West Bengal""]",,0.1,gemini,https://www.ankitafinancial.com,needs_review,low,1,working capital,medium,,,,,2026-04-03T14:56:13.275062
576,Annapurna Finance Private Limited.,Business Loan,Business Loan,,,,,,,"[""self_employed_non_professional"", ""business""]",,,,,,,,,,,[],[],,0.1,heuristic,https://annapurnafinance.in,needs_review,low,1,business loan,medium,,,,,2026-04-03T14:56:43.503628
576,Annapurna Finance Private Limited.,MSME Loan,MSME Loan,,,,,,,"[""self_employed_non_professional"", ""business""]",,,,,,,,,,,[],[],,0.1,heuristic,https://annapurnafinance.in,needs_review,low,1,msme loan,medium,,,,,2026-04-03T14:56:43.503730
576,Annapurna Finance Private Limited.,Home Loan,Home Loan,,,,,,,[],,,,,,,,,,,[],[],,0.0,heuristic,https://annapurnafinance.in,needs_review,low,1,home loan,medium,,,,,2026-04-03T14:56:43.503787
576,Annapurna Finance Private Limited.,Microfinance,Microfinance,,,,,,,[],,,,,,,,,,,[],[],,0.0,heuristic,https://annapurnafinance.in,needs_review,low,1,microfinance,medium,,,,,2026-04-03T14:56:43.503840
576,Annapurna Finance Private Limited.,Micro Loan,Micro Loan,,,,,,,[],,,,,,,,,,,[],[],,0.0,heuristic,https://annapurnafinance.in,needs_review,low,1,micro loan,medium,,,,,2026-04-03T14:56:43.503887
576,Annapurna Finance Private Limited.,Rural Loan,Rural Loan,,,,,,,"[""agriculture""]",,,,,,,,,,,[],[],,0.1,heuristic,https://annapurnafinance.in,needs_review,low,1,rural loan,medium,,,,,2026-04-03T14:56:43.503935
577,Anson Fincorp Pvt. Ltd,Gold Loan,Gold Loan,,,,,18,,[],,,,12.0,,,12,0.5,True,True,[],"[""Kerala"", ""Tamil Nadu""]",,0.3,gemini,https://www.ansonfincorp.in,needs_review,medium,1,gold loan,low,True,True,False,,2026-04-03T14:57:11.177713
577,Anson Fincorp Pvt. Ltd,Rural Loan,Rural Loan,,5.0,,,21,60,"[""agriculture"", ""business"", ""self-employed""]",,,,18.0,,,36,1.0,True,,[],"[""Kerala"", ""Tamil Nadu""]",,0.5,gemini,https://www.ansonfincorp.in,needs_review,medium,1,rural loan,low,True,True,False,,2026-04-03T14:57:11.177840
578,Antworks P2P Financing Private Limited,Personal Loan - Self-Employed,Personal Loan,0.5,5.0,650,,21,58,"[""self-employed""]",20.0,,,12.0,30.0,6,36,,True,False,[],"[""Haryana""]","Prepayment allowed after 6 EMIs with a charge of 4% of outstanding principal + GST. Processing fee is 2% to 5% of the loan amount + GST, with a minimum of ₹1,000.",1.0,gemini,https://www.antworksp2p.com,pending,medium,1,personal loan self employed,high,True,True,False,,2026-04-03T14:57:37.727206
579,Anugrah Apex Finance Private Limited,Working Capital,Working Capital,,,,,,,"[""self_employed_non_professional"", ""business""]",,,,,,,,,,,[],[],,0.1,heuristic,https://www.apexfinancials.in,needs_review,low,1,working capital,medium,,,,,2026-04-03T14:58:07.488856
579,Anugrah Apex Finance Private Limited,Business Loan,Business Loan,,,,,,,"[""self_employed_non_professional"", ""business""]",,,,,,,,,,,[],[],,0.1,heuristic,https://www.apexfinancials.in,needs_review,low,1,business loan,medium,,,,,2026-04-03T14:58:07.488974
579,Anugrah Apex Finance Private Limited,MSME Loan,MSME Loan,,,,,,,"[""self_employed_non_professional"", ""business""]",,,,,,,,,,,[],[],,0.1,heuristic,https://www.apexfinancials.in,needs_review,low,1,msme loan,medium,,,,,2026-04-03T14:58:07.489042
579,Anugrah Apex Finance Private Limited,Loan Against Property,Loan Against Property,,,,,,,[],,,,,,,,,,,[],[],,0.0,heuristic,https://www.apexfinancials.in,needs_review,low,1,loan against property,medium,,,,,2026-04-03T14:58:07.489099
579,Anugrah Apex Finance Private Limited,Personal Loan,Personal Loan,,,,,,,"[""salaried"", ""self-employed""]",,,,,,,,,,,[],[],,0.1,heuristic,https://www.apexfinancials.in,needs_review,low,1,personal loan,medium,,,,,2026-04-03T14:58:07.489158
580,Apaar Source Finance Private Limited,Business Loan,Business Loan,,10.0,650,,21,65,"[""business"", ""self_employed_professional"", ""self_employed_non_professional""]",,12.0,2,18.0,,,36,,,False,[],[],,0.5,gemini,https://apaarfinance.com,needs_review,low,1,business loan,high,True,True,True,2,2026-04-03T15:04:53.751780
580,Apaar Source Finance Private Limited,MSME Loan,MSME Loan,,10.0,650,,21,65,"[""business"", ""self_employed_professional"", ""self_employed_non_professional""]",,12.0,2,18.0,,,36,,,False,[],[],,0.5,gemini,https://apaarfinance.com,needs_review,low,1,msme loan,high,True,True,True,2,2026-04-03T15:04:53.751967
580,Apaar Source Finance Private Limited,Personal Loan,Personal Loan,,5.0,650,,21,65,"[""salaried"", ""self-employed""]",20.0,,,18.0,,,36,,,False,[],[],,0.5,gemini,https://apaarfinance.com,needs_review,low,1,personal loan,high,True,True,False,,2026-04-03T15:04:53.752073
581,Aparoksha Financial Services Private Limited,Two Wheeler Loan,Two Wheeler Loan,,,,,18,65,"[""salaried"", ""self-employed""]",15.0,,2,12.0,,,36,2.0,,True,[],"[""Karnataka""]","Salaried individuals require a minimum of 1 year of work experience. Self-employed individuals require a minimum annual income of ₹1,80,000.",0.5,gemini,https://aparokshafinserv.com,needs_review,medium,1,two wheeler loan,low,True,True,,2,2026-04-03T15:05:21.398541
582,Apex Capital And Finance Limited,Business Loan,Business Loan,,,,,,,[],,,,,,,,,,,[],"[""Delhi"", ""Haryana""]",,0.1,gemini,https://www.apexfinancials.in,needs_review,low,1,business loan,medium,,,,,2026-04-03T15:05:46.399281
582,Apex Capital And Finance Limited,Loan Against Property,Loan Against Property,,,,,,,[],,,,,,,,,,True,[],"[""Delhi"", ""Haryana""]",,0.1,gemini,https://www.apexfinancials.in,needs_review,low,1,loan against property,medium,,,,,2026-04-03T15:05:46.399421
582,Apex Capital And Finance Limited,MSME Loan,MSME Loan,,,,,,,[],,,,,,,,,,,[],"[""Delhi"", ""Haryana""]",,0.1,gemini,https://www.apexfinancials.in,needs_review,low,1,msme loan,medium,,,,,2026-04-03T15:05:46.399498
582,Apex Capital And Finance Limited,Personal Loan,Personal Loan,,,,,,,[],,,,,,,,,,,[],"[""Delhi"", ""Haryana""]",,0.1,gemini,https://www.apexfinancials.in,needs_review,low,1,personal loan,medium,,,,,2026-04-03T15:05:46.399559
582,Apex Capital And Finance Limited,Working Capital,Working Capital,,,,,,,[],,,,,,,,,,,[],"[""Delhi"", ""Haryana""]",,0.1,gemini,https://www.apexfinancials.in,needs_review,low,1,working capital,medium,,,,,2026-04-03T15:05:46.399621
583,Appreciate Fincaap Private Limited,MSME Loan,MSME Loan,,5.0,,,,,"[""business"", ""self_employed_professional"", ""self_employed_non_professional""]",,,2,,,,24,,,False,[],"[""Maharashtra""]",,0.4,gemini,https://appreciatewealth.com,needs_review,medium,1,msme loan,low,True,True,,2,2026-04-03T15:06:19.500126
583,Appreciate Fincaap Private Limited,Personal Loan,Personal Loan,,2.0,,,21,,"[""salaried"", ""self-employed""]",,,,,,,12,,,False,[],"[""Maharashtra""]",,0.4,gemini,https://appreciatewealth.com,needs_review,medium,1,personal loan,low,True,True,,,2026-04-03T15:06:19.500258
583,Appreciate Fincaap Private Limited,Rural Loan,Rural Loan,0.5,3.0,,,,,"[""agriculture"", ""business"", ""self_employed_non_professional""]",,,,,,,36,,,True,[],"[""Maharashtra""]",Flexible repayment cycles aligned with agricultural seasons.,0.6,gemini,https://appreciatewealth.com,pending,medium,1,rural loan,low,True,True,,,2026-04-03T15:06:19.500346
584,Aquila Finance Ltd.,Business Loan,Business Loan,,,,,,,"[""business""]",,,,,,,,,,,[],"[""Kerala""]",Businesses with a good credit history and a stable income stream.,0.3,gemini,https://www.aquilafinance.co.in,needs_review,low,1,business loan,medium,True,True,,,2026-04-03T15:06:52.564643
584,Aquila Finance Ltd.,Gold Loan,Gold Loan,,,,,18,,[],,,,,,,,,,True,[],"[""Kerala""]",,0.1,gemini,https://www.aquilafinance.co.in,needs_review,low,1,gold loan,medium,True,True,,,2026-04-03T15:06:52.564768
584,Aquila Finance Ltd.,Home Loan,Home Loan,,,,,,,"[""salaried"", ""self-employed""]",,,,,,,,,,True,"[""property""]","[""Kerala""]",,0.2,gemini,https://www.aquilafinance.co.in,needs_review,low,1,home loan,medium,True,True,,,2026-04-03T15:06:52.564840
584,Aquila Finance Ltd.,Personal Loan,Personal Loan,,,,,,,"[""salaried"", ""self-employed""]",,,,,,,,,,,[],"[""Kerala""]",,0.2,gemini,https://www.aquilafinance.co.in,needs_review,low,1,personal loan,medium,True,True,,,2026-04-03T15:06:52.564899
584,Aquila Finance Ltd.,Working Capital,Working Capital,,,,,,,"[""business""]",,,,,,,,,,,[],"[""Kerala""]",Businesses with a good credit history and a stable income stream.,0.3,gemini,https://www.aquilafinance.co.in,needs_review,low,1,working capital,medium,True,True,,,2026-04-03T15:06:52.564958
585,Arham Credit Capital Pvt Ltd *,Business Loan,Business Loan,,,,,,,[],,,,,,,,,,,[],"[""Delhi""]",,0.1,gemini,https://arhamfinance.com,needs_review,low,1,business loan,medium,,,,,2026-04-03T15:07:19.853297
585,Arham Credit Capital Pvt Ltd *,Home Loan,Home Loan,,,,,,,[],,,,,,,,,,,[],"[""Delhi""]",,0.1,gemini,https://arhamfinance.com,needs_review,low,1,home loan,medium,,,,,2026-04-03T15:07:19.853413
585,Arham Credit Capital Pvt Ltd *,Loan Against Property,Loan Against Property,,,,,,,[],,,,,,,,,,True,[],"[""Delhi""]",,0.1,gemini,https://arhamfinance.com,needs_review,low,1,loan against property,medium,,,,,2026-04-03T15:07:19.853481
585,Arham Credit Capital Pvt Ltd *,MSME Loan,MSME Loan,,,,,,,[],,,,,,,,,,,[],"[""Delhi""]",,0.1,gemini,https://arhamfinance.com,needs_review,low,1,msme loan,medium,,,,,2026-04-03T15:07:19.853568
585,Arham Credit Capital Pvt Ltd *,Personal Loan,Personal Loan,,,,,,,[],,,,,,,,,,,[],"[""Delhi""]",,0.1,gemini,https://arhamfinance.com,needs_review,low,1,personal loan,medium,,,,,2026-04-03T15:07:19.853624
585,Arham Credit Capital Pvt Ltd *,Supply Chain Finance,Supply Chain Finance,,,,,,,[],,,,,,,,,,,[],"[""Delhi""]",,0.1,gemini,https://arhamfinance.com,needs_review,low,1,supply chain finance,medium,,,,,2026-04-03T15:07:19.853683
585,Arham Credit Capital Pvt Ltd *,Vehicle Loan,Vehicle Loan,,,,,,,[],,,,,,,,,,,[],"[""Delhi""]",,0.1,gemini,https://arhamfinance.com,needs_review,low,1,vehicle loan,medium,,,,,2026-04-03T15:07:19.853738
587,Arise Investments and Capital Private Limited,Home Loan,Home Loan,,,,,,,[],,,,,,,,,,True,[],"[""Tamil Nadu""]",,0.1,gemini,https://arisecapital.in,needs_review,low,1,home loan,medium,,,,,2026-04-03T15:08:04.182418
587,Arise Investments and Capital Private Limited,MSME Loan,MSME Loan,,,,,,,"[""business"", ""self-employed""]",,,,,,,,,,,[],"[""Tamil Nadu""]",,0.2,gemini,https://arisecapital.in,needs_review,low,1,msme loan,medium,,,,,2026-04-03T15:08:04.182544
587,Arise Investments and Capital Private Limited,Personal Loan,Personal Loan,,,,,,,[],,,,,,,,,,False,[],"[""Tamil Nadu""]",,0.1,gemini,https://arisecapital.in,needs_review,low,1,personal loan,medium,,,,,2026-04-03T15:08:04.182602
588,Arohan Financial Services Limited,Microfinance,Microfinance,,,,,,,[],,,,,,,,,,,[],[],,0.0,heuristic,https://www.arohan.in,needs_review,low,1,microfinance,medium,,,,,2026-04-03T15:08:42.263538
588,Arohan Financial Services Limited,MSME Loan,MSME Loan,,,,,,,"[""self_employed_non_professional"", ""business""]",,,,,,,,,,,[],[],,0.1,heuristic,https://www.arohan.in,needs_review,low,1,msme loan,medium,,,,,2026-04-03T15:08:42.263647
588,Arohan Financial Services Limited,Rural Loan,Rural Loan,,,,,,,"[""agriculture""]",,,,,,,,,,,[],[],,0.1,heuristic,https://www.arohan.in,needs_review,low,1,rural loan,medium,,,,,2026-04-03T15:08:42.263712
588,Arohan Financial Services Limited,Business Loan,Business Loan,,,,,,,"[""self_employed_non_professional"", ""business""]",,,,,,,,,,,[],[],,0.1,heuristic,https://www.arohan.in,needs_review,low,1,business loan,medium,,,,,2026-04-03T15:08:42.263766
589,Arpic Finance Private Limited,Working Capital,Working Capital,,,,,,,"[""self_employed_non_professional"", ""business""]",,,,,,,,,,,[],[],,0.1,heuristic,https://www.arpicfinance.com,needs_review,low,1,working capital,medium,,,,,2026-04-03T15:09:08.393407
589,Arpic Finance Private Limited,Business Loan,Business Loan,,,,,,,"[""self_employed_non_professional"", ""business""]",,,,,,,,,,,[],[],,0.1,heuristic,https://www.arpicfinance.com,needs_review,low,1,business loan,medium,,,,,2026-04-03T15:09:08.393518
589,Arpic Finance Private Limited,MSME Loan,MSME Loan,,,,,,,"[""self_employed_non_professional"", ""business""]",,,,,,,,,,,[],[],,0.1,heuristic,https://www.arpicfinance.com,needs_review,low,1,msme loan,medium,,,,,2026-04-03T15:09:08.393584
589,Arpic Finance Private Limited,Home Loan,Home Loan,,,,,,,[],,,,,,,,,,,[],[],,0.0,heuristic,https://www.arpicfinance.com,needs_review,low,1,home loan,medium,,,,,2026-04-03T15:09:08.393636
589,Arpic Finance Private Limited,Micro Loan,Micro Loan,,,,,,,[],,,,,,,,,,,[],[],,0.0,heuristic,https://www.arpicfinance.com,needs_review,low,1,micro loan,medium,,,,,2026-04-03T15:09:08.393690
589,Arpic Finance Private Limited,Personal Loan,Personal Loan,,,,,,,"[""salaried"", ""self-employed""]",,,,,,,,,,,[],[],,0.1,heuristic,https://www.arpicfinance.com,needs_review,low,1,personal loan,medium,,,,,2026-04-03T15:09:08.393913
590,Art Climate Finance (India) Private Limited,MSME Loan,MSME Loan,,,,,,,[],,,,,,,,,,,[],"[""Delhi"", ""Haryana""]",,0.1,gemini,https://artclimatefinance.com,needs_review,low,1,msme loan,medium,,,,,2026-04-03T15:09:33.812670
590,Art Climate Finance (India) Private Limited,Microfinance,Microfinance,,,,,,,[],,,,,,,,,,,[],"[""Delhi"", ""Haryana""]",,0.1,gemini,https://artclimatefinance.com,needs_review,low,1,microfinance,medium,,,,,2026-04-03T15:09:33.812798
590,Art Climate Finance (India) Private Limited,Rural Loan,Rural Loan,,,,,,,[],,,,,,,,,,,[],"[""Delhi"", ""Haryana""]",,0.1,gemini,https://artclimatefinance.com,needs_review,low,1,rural loan,medium,,,,,2026-04-03T15:09:33.812876
592,Aryakube Capital Private Limited,Rural Loan,Rural Loan,,,,,18,65,"[""agriculture"", ""business""]",,,,,,,,,,,[],[],Applicants must reside in rural or semi-urban areas.,0.2,gemini,https://aryakubecapital.in,needs_review,low,1,rural loan,medium,True,True,,,2026-04-03T15:10:31.149401
592,Aryakube Capital Private Limited,MSME Loan,MSME Loan,,,,,,,"[""business""]",,,2,,,,,,,,[],[],"Business Type: Proprietorships, Partnerships, Private Limited Companies, Public Limited Companies, LLPs.",0.2,gemini,https://aryakubecapital.in,needs_review,low,1,msme loan,medium,True,True,True,2,2026-04-03T15:10:31.149513
593,Aseem Infrastructure Finance Limited,Consumer Durable Loan,Consumer Durable Loan,,,,,,,[],,,,,,,,,,,[],"[""Delhi""]",,0.1,gemini,https://aseeminfra.in,needs_review,low,1,consumer durable loan,medium,,,,,2026-04-03T15:10:51.734616
593,Aseem Infrastructure Finance Limited,Microfinance,Microfinance,,,,,,,[],,,,,,,,,,,[],"[""Delhi""]",,0.1,gemini,https://aseeminfra.in,needs_review,low,1,microfinance,medium,,,,,2026-04-03T15:10:51.734667
593,Aseem Infrastructure Finance Limited,Rural Loan,Rural Loan,,,,,,,[],,,,,,,,,,,[],"[""Delhi""]",,0.1,gemini,https://aseeminfra.in,needs_review,low,1,rural loan,medium,,,,,2026-04-03T15:10:51.734699
593,Aseem Infrastructure Finance Limited,Working Capital,Working Capital,,,,,,,[],,,,,,,,,,,[],"[""Delhi""]",,0.1,gemini,https://aseeminfra.in,needs_review,low,1,working capital,medium,,,,,2026-04-03T15:10:51.734726
594,Ashika Global Finance Pvt Ltd,Rural Loan,Rural Loan,,,,,18,65,"[""agriculture"", ""business"", ""salaried""]",,,,,,,,,,,[],"[""Maharashtra"", ""West Bengal""]",Individuals residing in rural or semi-urban areas.,0.3,gemini,https://www.ashikagroup.com/accl/index.html,needs_review,low,1,rural loan,medium,True,True,,,2026-04-03T15:11:08.792640
595,Ashika Global Securities Private Limited,Rural Loan,Rural Loan,,,,,18,65,"[""agriculture"", ""business"", ""self_employed_non_professional""]",,,,,,,,,,,[],"[""Maharashtra"", ""West Bengal""]",Applicants must reside in rural or semi-urban areas.,0.3,gemini,https://www.ashikagroup.com/accl/index.html,needs_review,low,1,rural loan,medium,True,True,,,2026-04-03T15:11:24.662400
596,Ashish Fiscal Services Pvt. Ltd.,Home Loan,Home Loan,,,,,,,[],,,,,,,,,,,[],"[""Andaman and Nicobar Islands"", ""Andhra Pradesh"", ""Arunachal Pradesh"", ""Assam"", ""Bihar"", ""Chandigarh"", ""Chhattisgarh"", ""Dadra and Nagar Haveli"", ""Delhi"", ""Goa""]",,0.1,gemini,https://ashishbassociates.in,needs_review,low,1,home loan,medium,,,,,2026-04-03T15:11:48.057332
596,Ashish Fiscal Services Pvt. Ltd.,MSME Loan,MSME Loan,,,,,,,[],,,,,,,,,,,[],"[""Andaman and Nicobar Islands"", ""Andhra Pradesh"", ""Arunachal Pradesh"", ""Assam"", ""Bihar"", ""Chandigarh"", ""Chhattisgarh"", ""Dadra and Nagar Haveli"", ""Delhi"", ""Goa""]",,0.1,gemini,https://ashishbassociates.in,needs_review,low,1,msme loan,medium,,,,,2026-04-03T15:11:48.057467
596,Ashish Fiscal Services Pvt. Ltd.,Vehicle Loan,Vehicle Loan,,,,,,,[],,,,,,,,,,,[],"[""Andaman and Nicobar Islands"", ""Andhra Pradesh"", ""Arunachal Pradesh"", ""Assam"", ""Bihar"", ""Chandigarh"", ""Chhattisgarh"", ""Dadra and Nagar Haveli"", ""Delhi"", ""Goa""]",,0.1,gemini,https://ashishbassociates.in,needs_review,low,1,vehicle loan,medium,,,,,2026-04-03T15:11:48.057548
597,Ashutosh Finsec Limited,Education Loan,Education Loan,,,,,,,"[""student""]",,,,,,,,,,,[],"[""Gujarat""]",,0.2,gemini,https://ashutoshfinsec.in,needs_review,low,1,education loan,medium,,,,,2026-04-03T15:12:16.302572
597,Ashutosh Finsec Limited,Gold Loan,Gold Loan,,,,,,,[],,,,,,,,,,True,[],"[""Gujarat""]",,0.1,gemini,https://ashutoshfinsec.in,needs_review,low,1,gold loan,medium,,,,,2026-04-03T15:12:16.302680
597,Ashutosh Finsec Limited,MSME Loan,MSME Loan,,,,,,,"[""business""]",,,,,,,,,,,[],"[""Gujarat""]",,0.2,gemini,https://ashutoshfinsec.in,needs_review,low,1,msme loan,medium,,,,,2026-04-03T15:12:16.302743
597,Ashutosh Finsec Limited,Personal Loan,Personal Loan,,,,,,,[],,,,,,,,,,False,[],"[""Gujarat""]",,0.1,gemini,https://ashutoshfinsec.in,needs_review,low,1,personal loan,medium,,,,,2026-04-03T15:12:16.302799
597,Ashutosh Finsec Limited,Vehicle Loan,Vehicle Loan,,,,,,,[],,,,,,,,,,True,"[""vehicle""]","[""Gujarat""]",,0.1,gemini,https://ashutoshfinsec.in,needs_review,low,1,vehicle loan,medium,,,,,2026-04-03T15:12:16.302852
597,Ashutosh Finsec Limited,Working Capital,Working Capital,,,,,,,"[""business""]",,,,,,,,,,,[],"[""Gujarat""]",,0.2,gemini,https://ashutoshfinsec.in,needs_review,low,1,working capital,medium,,,,,2026-04-03T15:12:16.302906
599,Asset9 Credits Limited,Business Loan,Business Loan,,,,,,,[],,,,,,,,,,,[],"[""Delhi"", ""Kerala""]",,0.1,gemini,https://asset9credits.com,needs_review,low,1,business loan,medium,,,,,2026-04-03T15:13:35.645544
599,Asset9 Credits Limited,Gold Loan,Gold Loan,,,,,,,[],,,,,,,,,,True,"[""gold""]","[""Delhi"", ""Kerala""]",,0.1,gemini,https://asset9credits.com,needs_review,low,1,gold loan,medium,,,,,2026-04-03T15:13:35.645615
599,Asset9 Credits Limited,Home Loan,Home Loan,,,,,,,[],,,,,,,,,,True,"[""property""]","[""Delhi"", ""Kerala""]",,0.1,gemini,https://asset9credits.com,needs_review,low,1,home loan,medium,,,,,2026-04-03T15:13:35.645641
599,Asset9 Credits Limited,Loan Against Property,Loan Against Property,,,,,,,[],,,,,,,,,,True,"[""property""]","[""Delhi"", ""Kerala""]",,0.1,gemini,https://asset9credits.com,needs_review,low,1,loan against property,medium,,,,,2026-04-03T15:13:35.645665
599,Asset9 Credits Limited,Microfinance,Microfinance,,,,,,,[],,,,,,,,,,,[],"[""Delhi"", ""Kerala""]",,0.1,gemini,https://asset9credits.com,needs_review,low,1,microfinance,medium,,,,,2026-04-03T15:13:35.645687
599,Asset9 Credits Limited,Vehicle Loan,Vehicle Loan,,,,,,,[],,,,,,,,,,True,"[""vehicle""]","[""Delhi"", ""Kerala""]",,0.1,gemini,https://asset9credits.com,needs_review,low,1,vehicle loan,medium,,,,,2026-04-03T15:13:35.645708
600,Ayaan Finserve India Private Limited (Formerly Charat Ram Shriram Pvt. Ltd.),MSME Loan,MSME Loan,,,,,,,"[""self_employed_non_professional"", ""business""]",,,,,,,,,,,[],[],,0.1,heuristic,https://ayaanfinserve.com,needs_review,low,1,msme loan,medium,,,,,2026-04-03T15:14:51.319365
600,Ayaan Finserve India Private Limited (Formerly Charat Ram Shriram Pvt. Ltd.),Working Capital,Working Capital,,,,,,,"[""self_employed_non_professional"", ""business""]",,,,,,,,,,,[],[],,0.1,heuristic,https://ayaanfinserve.com,needs_review,low,1,working capital,medium,,,,,2026-04-03T15:14:51.319471
600,Ayaan Finserve India Private Limited (Formerly Charat Ram Shriram Pvt. Ltd.),Loan Against Property,Loan Against Property,,,,,,,[],,,,,,,,,,,[],[],,0.0,heuristic,https://ayaanfinserve.com,needs_review,low,1,loan against property,medium,,,,,2026-04-03T15:14:51.319527
600,Ayaan Finserve India Private Limited (Formerly Charat Ram Shriram Pvt. Ltd.),Business Loan,Business Loan,,,,,,,"[""self_employed_non_professional"", ""business""]",,,,,,,,,,,[],[],,0.1,heuristic,https://ayaanfinserve.com,needs_review,low,1,business loan,medium,,,,,2026-04-03T15:14:51.319595
601,Ayush Fiscal (P) Ltd,Business Loan,Business Loan,,,,,,,[],,,,,,,,,,,[],"[""West Bengal""]",,0.1,gemini,https://www.ayushfiscal.com,needs_review,low,1,business loan,medium,,,,,2026-04-03T15:15:12.511710
601,Ayush Fiscal (P) Ltd,MSME Loan,MSME Loan,,,,,,,[],,,,,,,,,,,[],"[""West Bengal""]",,0.1,gemini,https://www.ayushfiscal.com,needs_review,low,1,msme loan,medium,,,,,2026-04-03T15:15:12.512799
601,Ayush Fiscal (P) Ltd,Working Capital Loan,Working Capital,,,,,,,[],,,,,,,,,,,[],"[""West Bengal""]",,0.1,gemini,https://www.ayushfiscal.com,needs_review,low,1,working capital loan,medium,,,,,2026-04-03T15:15:12.513310
602,Baba Lease and Investment Private Limited,Working Capital,Working Capital,,,,,,,"[""self_employed_non_professional"", ""business""]",,,,,,,,,,,[],[],,0.1,heuristic,https://babalease.com,needs_review,low,1,working capital,medium,,,,,2026-04-03T15:15:37.225519
602,Baba Lease and Investment Private Limited,Business Loan,Business Loan,,,,,,,"[""self_employed_non_professional"", ""business""]",,,,,,,,,,,[],[],,0.1,heuristic,https://babalease.com,needs_review,low,1,business loan,medium,,,,,2026-04-03T15:15:37.225716
602,Baba Lease and Investment Private Limited,MSME Loan,MSME Loan,,,,,,,"[""self_employed_non_professional"", ""business""]",,,,,,,,,,,[],[],,0.1,heuristic,https://babalease.com,needs_review,low,1,msme loan,medium,,,,,2026-04-03T15:15:37.225846
602,Baba Lease and Investment Private Limited,Vehicle Loan,Vehicle Loan,,,,,,,[],,,,,,,,,,,[],[],,0.0,heuristic,https://babalease.com,needs_review,low,1,vehicle loan,medium,,,,,2026-04-03T15:15:37.226066
602,Baba Lease and Investment Private Limited,Loan Against Property,Loan Against Property,,,,,,,[],,,,,,,,,,,[],[],,0.0,heuristic,https://babalease.com,needs_review,low,1,loan against property,medium,,,,,2026-04-03T15:15:37.226201
602,Baba Lease and Investment Private Limited,Personal Loan,Personal Loan,,,,,,,"[""salaried"", ""self-employed""]",,,,,,,,,,,[],[],,0.1,heuristic,https://babalease.com,needs_review,low,1,personal loan,medium,,,,,2026-04-03T15:15:37.226604
603,Balraj Hire Purchase Pvt Ltd,Gold Loan,Gold Loan,,,,,,,[],,,,,,,,,,True,[],"[""Punjab""]",,0.1,gemini,http://www.balrajhire.com/Home/service,needs_review,low,1,gold loan,medium,,,,,2026-04-03T15:15:59.429108
603,Balraj Hire Purchase Pvt Ltd,Home Loan,Home Loan,,,,,,,[],,,,,,,,,,True,[],"[""Punjab""]",,0.1,gemini,http://www.balrajhire.com/Home/service,needs_review,low,1,home loan,medium,,,,,2026-04-03T15:15:59.429196
603,Balraj Hire Purchase Pvt Ltd,Two Wheeler Loan,Two Wheeler Loan,,,,,,,[],,,,,,,,,,True,[],"[""Punjab""]",,0.1,gemini,http://www.balrajhire.com/Home/service,needs_review,low,1,two wheeler loan,medium,,,,,2026-04-03T15:15:59.429333
603,Balraj Hire Purchase Pvt Ltd,Vehicle Loan,Vehicle Loan,,,,,,,[],,,,,,,,,,True,"[""vehicle""]","[""Punjab""]",,0.1,gemini,http://www.balrajhire.com/Home/service,needs_review,low,1,vehicle loan,medium,,,,,2026-04-03T15:15:59.429463
604,Bansal In Finlease (P) Ltd.,Business Loan,Business Loan,,,,,,,"[""business""]",,,,,,,,,,,[],"[""Delhi""]",,0.2,gemini,https://www.bansalinhold.com,needs_review,low,1,business loan,medium,,,,,2026-04-03T15:16:25.079216
604,Bansal In Finlease (P) Ltd.,Personal Loan,Personal Loan,,,,,,,[],,,,,,,,,,,[],"[""Delhi""]",,0.1,gemini,https://www.bansalinhold.com,needs_review,low,1,personal loan,medium,,,,,2026-04-03T15:16:25.079540
604,Bansal In Finlease (P) Ltd.,Working Capital,Working Capital,,,,,,,"[""business""]",,,,,,,,,,,[],"[""Delhi""]",,0.2,gemini,https://www.bansalinhold.com,needs_review,low,1,working capital,medium,,,,,2026-04-03T15:16:25.079758
605,Bansal In Hold Ltd.,Business Loan,Business Loan,,,,,21,65,"[""business"", ""self_employed_professional"", ""self_employed_non_professional""]",,10.0,3,,,,,,,,[],"[""Delhi""]",,0.2,gemini,https://www.bansalinhold.com,needs_review,low,1,business loan,medium,True,True,,2,2026-04-03T15:16:52.445294
605,Bansal In Hold Ltd.,Personal Loan,Personal Loan,,,,,21,,"[""salaried"", ""self-employed""]",25.0,,,,,,,,,False,[],"[""Delhi""]",,0.2,gemini,https://www.bansalinhold.com,needs_review,low,1,personal loan,medium,True,True,,,2026-04-03T15:16:52.445504
605,Bansal In Hold Ltd.,Working Capital Loan,Working Capital,,,,,21,65,"[""business"", ""self_employed_professional"", ""self_employed_non_professional""]",,5.0,2,,,,,,,,[],"[""Delhi""]",,0.2,gemini,https://www.bansalinhold.com,needs_review,low,1,working capital loan,medium,True,True,,2,2026-04-03T15:16:52.445707
606,Banyan Ventures & Investment Private Limited,Business Loan,Business Loan,,,,,,,[],,,,,,,,,,,[],"[""Tamil Nadu""]",,0.1,gemini,https://www.banyanventures.in,needs_review,low,1,business loan,medium,,,,,2026-04-03T15:17:14.283452
606,Banyan Ventures & Investment Private Limited,MSME Loan,MSME Loan,,,,,,,[],,,,,,,,,,,[],"[""Tamil Nadu""]",,0.1,gemini,https://www.banyanventures.in,needs_review,low,1,msme loan,medium,,,,,2026-04-03T15:17:14.283641
606,Banyan Ventures & Investment Private Limited,Working Capital Loan,Working Capital,,,,,,,[],,,,,,,,,,,[],"[""Tamil Nadu""]",,0.1,gemini,https://www.banyanventures.in,needs_review,low,1,working capital loan,medium,,,,,2026-04-03T15:17:14.283767
607,Barwala Leasing & Finance Pvt.Ltd,MSME Loan,MSME Loan,,50.0,,,,,"[""business"", ""self-employed""]",,,,,,,,,,False,[],"[""Delhi"", ""Madhya Pradesh"", ""Uttar Pradesh""]",Available for MSME registered businesses.,0.4,gemini,https://barwalaleasing.com,needs_review,low,1,msme loan,medium,,,,,2026-04-03T15:17:28.101107
608,Basant Properties Ltd,Gold Loan,Gold Loan,,,,,,,[],,,,,,,,,,True,"[""gold""]","[""Gujarat"", ""Rajasthan""]",,0.1,gemini,https://basantglobal.com,needs_review,low,1,gold loan,medium,,,,,2026-04-03T15:17:43.578338
608,Basant Properties Ltd,Loan Against Property,Loan Against Property,,,,,,,[],,,,,,,,,,True,"[""property""]","[""Gujarat"", ""Rajasthan""]",,0.1,gemini,https://basantglobal.com,needs_review,low,1,loan against property,medium,,,,,2026-04-03T15:17:43.578712
608,Basant Properties Ltd,Rural Loan,Rural Loan,,,,,,,[],,,,,,,,,,,[],"[""Gujarat"", ""Rajasthan""]",,0.1,gemini,https://basantglobal.com,needs_review,low,1,rural loan,medium,,,,,2026-04-03T15:17:43.578835
609,Bazaari Global Finance Limited,Working Capital,Working Capital,,,,,,,"[""self_employed_non_professional"", ""business""]",,,,,,,,,,,[],[],,0.1,heuristic,https://bazaarifinance.com,needs_review,low,1,working capital,medium,,,,,2026-04-03T15:18:28.917353
609,Bazaari Global Finance Limited,Business Loan,Business Loan,,,,,,,"[""self_employed_non_professional"", ""business""]",,,,,,,,,,,[],[],,0.1,heuristic,https://bazaarifinance.com,needs_review,low,1,business loan,medium,,,,,2026-04-03T15:18:28.917427
609,Bazaari Global Finance Limited,MSME Loan,MSME Loan,,,,,,,"[""self_employed_non_professional"", ""business""]",,,,,,,,,,,[],[],,0.1,heuristic,https://bazaarifinance.com,needs_review,low,1,msme loan,medium,,,,,2026-04-03T15:18:28.917479
609,Bazaari Global Finance Limited,Two Wheeler Loan,Two Wheeler Loan,,,,,,,[],,,,,,,,,,,[],[],,0.0,heuristic,https://bazaarifinance.com,needs_review,low,1,two wheeler loan,medium,,,,,2026-04-03T15:18:28.917526
609,Bazaari Global Finance Limited,Vehicle Loan,Vehicle Loan,,,,,,,[],,,,,,,,,,,[],[],,0.0,heuristic,https://bazaarifinance.com,needs_review,low,1,vehicle loan,medium,,,,,2026-04-03T15:18:28.917572
609,Bazaari Global Finance Limited,Loan Against Property,Loan Against Property,,,,,,,[],,,,,,,,,,,[],[],,0.0,heuristic,https://bazaarifinance.com,needs_review,low,1,loan against property,medium,,,,,2026-04-03T15:18:28.917616
609,Bazaari Global Finance Limited,Personal Loan,Personal Loan,,,,,,,"[""salaried"", ""self-employed""]",,,,,,,,,,,[],[],,0.1,heuristic,https://bazaarifinance.com,needs_review,low,1,personal loan,medium,,,,,2026-04-03T15:18:28.917661
609,Bazaari Global Finance Limited,Rural Loan,Rural Loan,,,,,,,"[""agriculture""]",,,,,,,,,,,[],[],,0.1,heuristic,https://bazaarifinance.com,needs_review,low,1,rural loan,medium,,,,,2026-04-03T15:18:28.917705
610,Bazel International Limited,Personal Loan,Personal Loan,,,,,,,[],,,,,,,,,,,[],"[""Delhi""]",,0.1,gemini,https://www.bazelinternationalltd.com,needs_review,low,1,personal loan,medium,,,,,2026-04-03T15:18:49.292564
611,BCL Enterprises Ltd.,Personal Loan,Personal Loan,,,,,,,[],,,,,,,,,,,[],"[""Delhi"", ""Haryana""]",,0.1,gemini,https://www.bclenterprisesltd.in,needs_review,low,1,personal loan,medium,,,,,2026-04-03T15:19:10.201990
613,Bengal Enterprises (P) Ltd,Rural Loan,Rural Loan,,,,,,,[],,,,,,,,,,,[],"[""Assam"", ""Delhi"", ""West Bengal""]",,0.1,gemini,https://bengalassam.com,needs_review,low,1,rural loan,medium,,,,,2026-04-03T15:19:43.916377
615,Bhandari Consultancy And Finance Ltd,Home Loan,Home Loan,,,,,,,[],,,,,,,,,,,[],"[""Andhra Pradesh"", ""Bihar"", ""Chhattisgarh"", ""Delhi"", ""Gujarat"", ""Haryana"", ""Karnataka"", ""Madhya Pradesh"", ""Maharashtra"", ""Punjab""]",,0.1,gemini,https://bhandarica.com,needs_review,low,1,home loan,medium,,,,,2026-04-03T15:20:10.930762
615,Bhandari Consultancy And Finance Ltd,Vehicle Loan,Vehicle Loan,,,,,,,[],,,,,,,,,,,[],"[""Andhra Pradesh"", ""Bihar"", ""Chhattisgarh"", ""Delhi"", ""Gujarat"", ""Haryana"", ""Karnataka"", ""Madhya Pradesh"", ""Maharashtra"", ""Punjab""]",,0.1,gemini,https://bhandarica.com,needs_review,low,1,vehicle loan,medium,,,,,2026-04-03T15:20:10.930919
616,Bhandari Leafin Private Limited,Personal Loan,Personal Loan,,,,,,,[],,,,,,,,,,,[],[],,0.0,gemini,https://www.bhandari.group,needs_review,low,1,personal loan,medium,,,,,2026-04-03T15:20:28.644152
617,Bhauwala Consultancy Pvt. Ltd.,Credit Card,Credit Card,,,,,,,[],,,,,,,,,,False,[],"[""Andhra Pradesh"", ""Bihar"", ""Delhi"", ""Gujarat"", ""Haryana"", ""Karnataka"", ""Maharashtra"", ""Punjab"", ""Rajasthan"", ""Tamil Nadu""]",,0.1,gemini,https://rajeshbhauwala.com,needs_review,low,1,credit card,medium,,,,,2026-04-03T15:20:50.345349
617,Bhauwala Consultancy Pvt. Ltd.,Gold Loan,Gold Loan,,,,,,,[],,,,,,,,,,True,"[""gold""]","[""Andhra Pradesh"", ""Bihar"", ""Delhi"", ""Gujarat"", ""Haryana"", ""Karnataka"", ""Maharashtra"", ""Punjab"", ""Rajasthan"", ""Tamil Nadu""]",,0.1,gemini,https://rajeshbhauwala.com,needs_review,low,1,gold loan,medium,,,,,2026-04-03T15:20:50.345485
617,Bhauwala Consultancy Pvt. Ltd.,Home Loan,Home Loan,,,,,,,[],,,,,,,,,,True,"[""property""]","[""Andhra Pradesh"", ""Bihar"", ""Delhi"", ""Gujarat"", ""Haryana"", ""Karnataka"", ""Maharashtra"", ""Punjab"", ""Rajasthan"", ""Tamil Nadu""]",,0.1,gemini,https://rajeshbhauwala.com,needs_review,low,1,home loan,medium,,,,,2026-04-03T15:20:50.345561
617,Bhauwala Consultancy Pvt. Ltd.,Vehicle Loan,Vehicle Loan,,,,,,,[],,,,,,,,,,True,"[""vehicle""]","[""Andhra Pradesh"", ""Bihar"", ""Delhi"", ""Gujarat"", ""Haryana"", ""Karnataka"", ""Maharashtra"", ""Punjab"", ""Rajasthan"", ""Tamil Nadu""]",,0.1,gemini,https://rajeshbhauwala.com,needs_review,low,1,vehicle loan,medium,,,,,2026-04-03T15:20:50.345627
618,Bherudan Dugar Finance Limited,EV Loan,EV Loan,,,,,,,"[""salaried"", ""self_employed_professional"", ""business""]",,,,,,,60,,,True,"[""vehicle""]","[""Gujarat"", ""Karnataka"", ""Madhya Pradesh"", ""Maharashtra"", ""Rajasthan"", ""Tamil Nadu""]",,0.3,gemini,https://dugar.co.in,needs_review,medium,1,ev loan,low,True,True,,,2026-04-03T15:21:22.890635
618,Bherudan Dugar Finance Limited,Home Loan,Home Loan,,,,,,,"[""salaried"", ""self-employed""]",,,,,,,240,,,True,"[""property""]","[""Gujarat"", ""Karnataka"", ""Madhya Pradesh"", ""Maharashtra"", ""Rajasthan"", ""Tamil Nadu""]",,0.3,gemini,https://dugar.co.in,needs_review,medium,1,home loan,low,True,True,,,2026-04-03T15:21:22.890765
618,Bherudan Dugar Finance Limited,Loan Against Property,Loan Against Property,,,,,,,"[""salaried"", ""self-employed"", ""business""]",,,,,,,180,,,True,"[""property""]","[""Gujarat"", ""Karnataka"", ""Madhya Pradesh"", ""Maharashtra"", ""Rajasthan"", ""Tamil Nadu""]",,0.3,gemini,https://dugar.co.in,needs_review,medium,1,loan against property,low,True,True,,,2026-04-03T15:21:22.890907
618,Bherudan Dugar Finance Limited,MSME Loan,MSME Loan,,,,,,,"[""business""]",,,,,,,,,,,[],"[""Gujarat"", ""Karnataka"", ""Madhya Pradesh"", ""Maharashtra"", ""Rajasthan"", ""Tamil Nadu""]",Both secured and unsecured options available.,0.3,gemini,https://dugar.co.in,needs_review,low,1,msme loan,medium,True,True,True,,2026-04-03T15:21:22.891033
618,Bherudan Dugar Finance Limited,Vehicle Loan,Vehicle Loan,,,,,,,"[""salaried"", ""self-employed"", ""business""]",,,,,,,84,,,True,"[""vehicle""]","[""Gujarat"", ""Karnataka"", ""Madhya Pradesh"", ""Maharashtra"", ""Rajasthan"", ""Tamil Nadu""]",,0.3,gemini,https://dugar.co.in,needs_review,medium,1,vehicle loan,low,True,True,,,2026-04-03T15:21:22.891196
619,Bhoruka Capital Limited (Formerly Mukesh Textile Mills Limited),Working Capital Loan,Working Capital,,,,,,,[],,,,,,,,,,,[],"[""Maharashtra""]",,0.1,gemini,https://bhorukaclassic.com,needs_review,low,1,working capital loan,medium,,,,,2026-04-03T15:21:37.578985
620,Bhoruka Classic Finance Private Limited,MSME Loan,MSME Loan,,,,,,,"[""business""]",,,,,,,,,,False,[],"[""Maharashtra""]",,0.2,gemini,https://www.bhorukaclassic.com,needs_review,low,1,msme loan,medium,,,,,2026-04-03T15:21:52.460577
620,Bhoruka Classic Finance Private Limited,Vehicle Loan,Vehicle Loan,,,,,,,[],,,,,,,,,,True,"[""vehicle""]","[""Maharashtra""]",,0.1,gemini,https://www.bhorukaclassic.com,needs_review,low,1,vehicle loan,medium,,,,,2026-04-03T15:21:52.460713
621,Bhoruka Finance Corporation Of India Ltd.,Working Capital,Working Capital,,,,,,,[],,,,,,,,,,,[],"[""Maharashtra""]",,0.1,gemini,https://bhorukaclassic.com,needs_review,low,1,working capital,medium,,,,,2026-04-03T15:22:06.080434
622,Bhoruka Investment Ltd,Working Capital,Working Capital,,,,,,,[],,,,,,,,,,,[],"[""Maharashtra""]",,0.1,gemini,https://bhorukaclassic.com,needs_review,low,1,working capital,medium,,,,,2026-04-03T15:22:17.833980
623,Bhumika Fiscal Services Private Limited,Loan Against Property,Loan Against Property,,,,,,,[],,,,,,,,,,True,[],"[""Gujarat""]",,0.1,gemini,https://old.bhumikatrade.com/Services/VAS,needs_review,low,1,loan against property,medium,,,,,2026-04-03T15:22:30.521657
624,Bihariji Commercials Ltd,Rural Loan,Rural Loan,,,,,,,"[""agriculture"", ""business""]",,,,,,,,,,,[],"[""Delhi"", ""Punjab""]","Available to individuals, farmers, and small businesses operating in rural areas.",0.3,gemini,https://www.biharijigroup.com,needs_review,low,1,rural loan,medium,True,True,,,2026-04-03T15:22:47.734583
625,Bihariji Constructions (India) Ltd,Rural Loan,Rural Loan,,,,,,,[],,,,,,,,,,,[],"[""Delhi"", ""Punjab""]",,0.1,gemini,https://www.biharijigroup.com,needs_review,low,1,rural loan,medium,,,,,2026-04-03T15:22:59.195436
626,Bihariji Securities  Pvt.  Ltd.,Rural Loan,Rural Loan,,,,,,,[],,,,,,,,,,,[],"[""Delhi"", ""Punjab""]",,0.1,gemini,https://www.biharijigroup.com,needs_review,low,1,rural loan,medium,,,,,2026-04-03T15:23:07.895261
627,Bindawala Banijya Ltd.,Loan Against Property,Loan Against Property,,,,,,,[],,,,,,,,,,True,"[""property""]","[""West Bengal""]",,0.1,gemini,https://bindawala.com,needs_review,low,1,loan against property,medium,,,,,2026-04-03T15:23:23.139050
628,Blackbuck Finserve Private Limited,New Vehicle Loan,Vehicle Loan,,,,,,,"[""business""]",,,,,,,,,,True,"[""vehicle""]","[""Karnataka""]",Loan for new trucks.,0.3,gemini,https://finserve.blackbuck.com,needs_review,low,1,new vehicle loan,medium,True,True,True,,2026-04-03T15:23:41.351292
628,Blackbuck Finserve Private Limited,Used Vehicle Loan,Vehicle Loan,,,,,,,"[""business""]",,,,,,,,,,True,"[""vehicle""]","[""Karnataka""]",Loan for used trucks.,0.3,gemini,https://finserve.blackbuck.com,needs_review,low,1,used vehicle loan,medium,True,True,True,,2026-04-03T15:23:41.351377
628,Blackbuck Finserve Private Limited,Working Capital Loan,Working Capital,,,,,,,"[""business""]",,,,,,,,,,,[],"[""Karnataka""]",Loan for working capital needs of truck owners.,0.3,gemini,https://finserve.blackbuck.com,needs_review,low,1,working capital loan,medium,True,True,True,,2026-04-03T15:23:41.351435
629,BOBCARD Limited (Formerly known as BOB Financial Solutions Limited),BOBCARD Credit Card,Credit Card,,,,,18,65,"[""salaried"", ""self-employed""]",,,,,41.88,,,,,False,[],"[""Assam"", ""Gujarat"", ""Rajasthan""]",Applicants must have a stable income and good credit history.,0.4,gemini,https://www.bobcard.co.in,needs_review,low,1,bobcard credit card,medium,True,True,False,,2026-04-03T15:24:01.323387
630,Bothra Motor Finance.Ltd.,Credit Card,Credit Card,,,,,,,[],,,,,,,,,,,[],"[""Andaman and Nicobar Islands"", ""Andhra Pradesh"", ""Arunachal Pradesh"", ""Assam"", ""Bihar"", ""Chandigarh"", ""Chhattisgarh"", ""Dadra and Nagar Haveli"", ""Delhi"", ""Goa""]",,0.1,gemini,https://www.ksbothra.com,needs_review,low,1,credit card,medium,,,,,2026-04-03T15:24:20.838670
630,Bothra Motor Finance.Ltd.,Gold Loan,Gold Loan,,,,,,,[],,,,,,,,,,True,"[""gold""]","[""Andaman and Nicobar Islands"", ""Andhra Pradesh"", ""Arunachal Pradesh"", ""Assam"", ""Bihar"", ""Chandigarh"", ""Chhattisgarh"", ""Dadra and Nagar Haveli"", ""Delhi"", ""Goa""]",,0.1,gemini,https://www.ksbothra.com,needs_review,low,1,gold loan,medium,,,,,2026-04-03T15:24:20.838843
630,Bothra Motor Finance.Ltd.,Home Loan,Home Loan,,,,,,,[],,,,,,,,,,True,"[""property""]","[""Andaman and Nicobar Islands"", ""Andhra Pradesh"", ""Arunachal Pradesh"", ""Assam"", ""Bihar"", ""Chandigarh"", ""Chhattisgarh"", ""Dadra and Nagar Haveli"", ""Delhi"", ""Goa""]",,0.1,gemini,https://www.ksbothra.com,needs_review,low,1,home loan,medium,,,,,2026-04-03T15:24:20.839340
630,Bothra Motor Finance.Ltd.,MSME Loan,MSME Loan,,,,,,,"[""business"", ""self-employed""]",,,,,,,,,,,[],"[""Andaman and Nicobar Islands"", ""Andhra Pradesh"", ""Arunachal Pradesh"", ""Assam"", ""Bihar"", ""Chandigarh"", ""Chhattisgarh"", ""Dadra and Nagar Haveli"", ""Delhi"", ""Goa""]",,0.2,gemini,https://www.ksbothra.com,needs_review,low,1,msme loan,medium,,,,,2026-04-03T15:24:20.839566
630,Bothra Motor Finance.Ltd.,Vehicle Loan,Vehicle Loan,,,,,,,[],,,,,,,,,,True,"[""vehicle""]","[""Andaman and Nicobar Islands"", ""Andhra Pradesh"", ""Arunachal Pradesh"", ""Assam"", ""Bihar"", ""Chandigarh"", ""Chhattisgarh"", ""Dadra and Nagar Haveli"", ""Delhi"", ""Goa""]",,0.1,gemini,https://www.ksbothra.com,needs_review,low,1,vehicle loan,medium,,,,,2026-04-03T15:24:20.839710
631,Branch International Financial Services Private Limited,Rural Loan,Rural Loan,,0.5,,,18,,"[""agriculture"", ""self_employed_non_professional""]",,,,,,2,6,,,False,[],"[""Maharashtra""]",,0.5,gemini,https://branchapp.in,needs_review,medium,1,rural loan,low,True,True,False,,2026-04-03T15:24:41.872180
632,Brl Finlease Ltd.,Business Loan,Business Loan,,,,,,,"[""self_employed_non_professional"", ""business""]",,,,,,,,,,,[],[],,0.1,heuristic,https://www.chintamanifinlease.com,needs_review,low,1,business loan,medium,,,,,2026-04-03T15:25:11.818037
632,Brl Finlease Ltd.,MSME Loan,MSME Loan,,,,,,,"[""self_employed_non_professional"", ""business""]",,,,,,,,,,,[],[],,0.1,heuristic,https://www.chintamanifinlease.com,needs_review,low,1,msme loan,medium,,,,,2026-04-03T15:25:11.818242
632,Brl Finlease Ltd.,Gold Loan,Gold Loan,,,,,,,[],,,,,,,,,,,[],[],,0.0,heuristic,https://www.chintamanifinlease.com,needs_review,low,1,gold loan,medium,,,,,2026-04-03T15:25:11.819073
632,Brl Finlease Ltd.,Vehicle Loan,Vehicle Loan,,,,,,,[],,,,,,,,,,,[],[],,0.0,heuristic,https://www.chintamanifinlease.com,needs_review,low,1,vehicle loan,medium,,,,,2026-04-03T15:25:11.819371
632,Brl Finlease Ltd.,Loan Against Property,Loan Against Property,,,,,,,[],,,,,,,,,,,[],[],,0.0,heuristic,https://www.chintamanifinlease.com,needs_review,low,1,loan against property,medium,,,,,2026-04-03T15:25:11.819513
632,Brl Finlease Ltd.,Personal Loan,Personal Loan,,,,,,,"[""salaried"", ""self-employed""]",,,,,,,,,,,[],[],,0.1,heuristic,https://www.chintamanifinlease.com,needs_review,low,1,personal loan,medium,,,,,2026-04-03T15:25:11.819658
632,Brl Finlease Ltd.,Rural Loan,Rural Loan,,,,,,,"[""agriculture""]",,,,,,,,,,,[],[],,0.1,heuristic,https://www.chintamanifinlease.com,needs_review,low,1,rural loan,medium,,,,,2026-04-03T15:25:11.819790
633,Bulti Leasing And Finance Limited,Working Capital,Working Capital,,,,,,,"[""self_employed_non_professional"", ""business""]",,,,,,,,,,,[],[],,0.1,heuristic,https://bultifinance.com,needs_review,low,1,working capital,medium,,,,,2026-04-03T15:25:39.941002
633,Bulti Leasing And Finance Limited,Business Loan,Business Loan,,,,,,,"[""self_employed_non_professional"", ""business""]",,,,,,,,,,,[],[],,0.1,heuristic,https://bultifinance.com,needs_review,low,1,business loan,medium,,,,,2026-04-03T15:25:39.941240
633,Bulti Leasing And Finance Limited,MSME Loan,MSME Loan,,,,,,,"[""self_employed_non_professional"", ""business""]",,,,,,,,,,,[],[],,0.1,heuristic,https://bultifinance.com,needs_review,low,1,msme loan,medium,,,,,2026-04-03T15:25:39.941387
633,Bulti Leasing And Finance Limited,Vehicle Loan,Vehicle Loan,,,,,,,[],,,,,,,,,,,[],[],,0.0,heuristic,https://bultifinance.com,needs_review,low,1,vehicle loan,medium,,,,,2026-04-03T15:25:39.941607
633,Bulti Leasing And Finance Limited,Personal Loan,Personal Loan,,,,,,,"[""salaried"", ""self-employed""]",,,,,,,,,,,[],[],,0.1,heuristic,https://bultifinance.com,needs_review,low,1,personal loan,medium,,,,,2026-04-03T15:25:39.941758
635,Capstocks Financial Services Ltd Formerly -Mokaat Capital Limited,Rural Loan,Rural Loan,,,,,,,[],,,,,,,,,,,[],"[""Kerala""]",,0.1,gemini,https://www.capstocks.com,needs_review,low,1,rural loan,medium,,,,,2026-04-03T15:26:11.819749
636,Capwise Finance Pvt Ltd,Supply Chain Finance,Supply Chain Finance,,500.0,,,,,"[""business""]",,,,,,,,,,False,[],[],,0.2,gemini,https://www.capwise.me,needs_review,low,1,supply chain finance,medium,,,,,2026-04-03T15:26:28.334565
636,Capwise Finance Pvt Ltd,Working Capital Loan,Working Capital,,500.0,,,,,"[""business""]",,,,,,,,,,False,[],[],,0.2,gemini,https://www.capwise.me,needs_review,low,1,working capital loan,medium,,,,,2026-04-03T15:26:28.334774
637,Cars24 Financial Services Private Limited,Credit Card,Credit Card,,,,,,,[],,,,,,,,,,False,[],"[""Delhi"", ""Telangana""]",,0.1,gemini,https://www.cars24.com,needs_review,low,1,credit card,medium,True,True,,,2026-04-03T15:26:48.786007
637,Cars24 Financial Services Private Limited,Personal Loan,Personal Loan,,,,,,,[],,,,,,,,,,False,[],"[""Delhi"", ""Telangana""]",,0.1,gemini,https://www.cars24.com,needs_review,low,1,personal loan,medium,True,True,,,2026-04-03T15:26:48.786082
637,Cars24 Financial Services Private Limited,Vehicle Loan,Vehicle Loan,,,,,,,[],,,,,,,,,,True,"[""vehicle""]","[""Delhi"", ""Telangana""]",,0.1,gemini,https://www.cars24.com,needs_review,low,1,vehicle loan,medium,True,True,,,2026-04-03T15:26:48.786136
638,Cashpor Micro Credit,Micro Loan,Micro Loan,,,,,,,[],,,,,,,,,,,[],"[""Bihar"", ""Chhattisgarh"", ""Jharkhand"", ""Madhya Pradesh"", ""Odisha"", ""Uttar Pradesh""]",,0.1,gemini,https://cashpor.in,needs_review,low,1,micro loan,medium,,,,,2026-04-03T15:27:03.403193
638,Cashpor Micro Credit,Microfinance,Microfinance,,,,,,,[],,,,,,,,,,,[],"[""Bihar"", ""Chhattisgarh"", ""Jharkhand"", ""Madhya Pradesh"", ""Odisha"", ""Uttar Pradesh""]",,0.1,gemini,https://cashpor.in,needs_review,low,1,microfinance,medium,,,,,2026-04-03T15:27:03.403395
638,Cashpor Micro Credit,Rural Loan,Rural Loan,,,,,,,[],,,,,,,,,,,[],"[""Bihar"", ""Chhattisgarh"", ""Jharkhand"", ""Madhya Pradesh"", ""Odisha"", ""Uttar Pradesh""]",,0.1,gemini,https://cashpor.in,needs_review,low,1,rural loan,medium,,,,,2026-04-03T15:27:03.403747
639,Cashtree Finance Private Limited,MSME Loan,MSME Loan,,,,,,,"[""self_employed_non_professional"", ""business""]",,,,,,,,,,,[],[],,0.1,heuristic,https://www.cashtree.co.in,needs_review,low,1,msme loan,medium,,,,,2026-04-03T15:27:29.966193
639,Cashtree Finance Private Limited,Micro Loan,Micro Loan,,,,,,,[],,,,,,,,,,,[],[],,0.0,heuristic,https://www.cashtree.co.in,needs_review,low,1,micro loan,medium,,,,,2026-04-03T15:27:29.966657
639,Cashtree Finance Private Limited,Loan Against Property,Loan Against Property,,,,,,,[],,,,,,,,,,,[],[],,0.0,heuristic,https://www.cashtree.co.in,needs_review,low,1,loan against property,medium,,,,,2026-04-03T15:27:29.966823
639,Cashtree Finance Private Limited,Business Loan,Business Loan,,,,,,,"[""self_employed_non_professional"", ""business""]",,,,,,,,,,,[],[],,0.1,heuristic,https://www.cashtree.co.in,needs_review,low,1,business loan,medium,,,,,2026-04-03T15:27:29.967233
640,Ceejay Finance Ltd,Loan Against Property,Loan Against Property,,,,,,,"[""salaried"", ""self-employed""]",,,,,,,,,,True,[],"[""Gujarat""]",,0.2,gemini,https://www.ceejayfinance.com,needs_review,low,1,loan against property,medium,,,,,2026-04-03T15:27:59.739738
640,Ceejay Finance Ltd,Personal Loan,Personal Loan,,,,,,,"[""salaried"", ""self-employed""]",,,,,,,,,,False,[],"[""Gujarat""]",,0.2,gemini,https://www.ceejayfinance.com,needs_review,low,1,personal loan,medium,,,,,2026-04-03T15:27:59.739832
640,Ceejay Finance Ltd,Two Wheeler Loan,Two Wheeler Loan,,,,,,,"[""salaried"", ""self-employed""]",,,,,,,,,,True,[],"[""Gujarat""]",,0.2,gemini,https://www.ceejayfinance.com,needs_review,low,1,two wheeler loan,medium,,,,,2026-04-03T15:27:59.740081
640,Ceejay Finance Ltd,Vehicle Loan,Vehicle Loan,,,,,,,"[""salaried"", ""self-employed""]",,,,,,,,,,True,"[""vehicle""]","[""Gujarat""]",,0.2,gemini,https://www.ceejayfinance.com,needs_review,low,1,vehicle loan,medium,,,,,2026-04-03T15:27:59.740282
641,Century Vehicleloans Private Limited,Personal Loan,Personal Loan,,,,,21,60,"[""salaried"", ""self-employed""]",,,,,,,,,,False,[],"[""Gujarat""]",,0.2,gemini,https://www.centuryvehicleloans.in,needs_review,low,1,personal loan,medium,True,True,,,2026-04-03T15:28:25.271605
641,Century Vehicleloans Private Limited,Vehicle Loan,Vehicle Loan,,,,,21,65,"[""salaried"", ""self-employed"", ""business""]",,,,,,,,,,True,"[""vehicle""]","[""Gujarat""]",Loans for New and Used Vehicles,0.3,gemini,https://www.centuryvehicleloans.in,needs_review,low,1,vehicle loan,medium,True,True,,,2026-04-03T15:28:25.271734
642,Chaitanya India Fin Credit Private Limited,Joint Liability Group (JLG) Loan,Microfinance,0.1,1.0,,,,,"[""self-employed""]",,,,24.5,24.5,12,24,1.0,,False,[],"[""Karnataka"", ""Maharashtra"", ""Bihar"", ""Jharkhand"", ""Uttar Pradesh"", ""Odisha"", ""Rajasthan"", ""Madhya Pradesh""]","For women from low-income households, engaged in income-generating activities.",0.9,gemini,https://www.chaitanyaindia.in,pending,low,1,joint liability group (jlg) loan,low,,,,,2026-04-03T15:28:44.613156
642,Chaitanya India Fin Credit Private Limited,Agriculture Loan,Agriculture Loan,0.1,1.0,,,,,"[""agriculture""]",,,,24.5,24.5,12,24,1.0,,False,[],"[""Karnataka"", ""Maharashtra"", ""Bihar"", ""Jharkhand"", ""Uttar Pradesh"", ""Odisha"", ""Rajasthan"", ""Madhya Pradesh""]",For farmers engaged in agricultural activities.,0.9,gemini,https://www.chaitanyaindia.in,pending,low,1,agriculture loan,high,,,,,2026-04-03T15:28:44.613472
642,Chaitanya India Fin Credit Private Limited,MSME Loan,MSME Loan,0.5,5.0,,,,,"[""business""]",,,,24.5,24.5,12,36,1.0,,False,[],"[""Karnataka"", ""Maharashtra"", ""Bihar"", ""Jharkhand"", ""Uttar Pradesh"", ""Odisha"", ""Rajasthan"", ""Madhya Pradesh""]","For micro and small enterprises, engaged in manufacturing, trading, or services.",0.9,gemini,https://www.chaitanyaindia.in,pending,low,1,msme loan,low,,,,,2026-04-03T15:28:44.613809
643,Champion Agro Finance Limited,Business Loan,Business Loan,,,,,,,[],,,,,,,,,,,[],[],,0.0,gemini,https://championagro.com,needs_review,low,1,business loan,medium,,,,,2026-04-03T15:29:04.788413
643,Champion Agro Finance Limited,MSME Loan,MSME Loan,,,,,,,[],,,,,,,,,,,[],[],,0.0,gemini,https://championagro.com,needs_review,low,1,msme loan,medium,,,,,2026-04-03T15:29:04.788766
643,Champion Agro Finance Limited,Microfinance,Microfinance,,,,,,,[],,,,,,,,,,,[],[],,0.0,gemini,https://championagro.com,needs_review,low,1,microfinance,medium,,,,,2026-04-03T15:29:04.788906
643,Champion Agro Finance Limited,Personal Loan,Personal Loan,,,,,,,[],,,,,,,,,,,[],[],,0.0,gemini,https://championagro.com,needs_review,low,1,personal loan,medium,,,,,2026-04-03T15:29:04.789024
645,Chaplot Capital Private Limited (Formerly known as Chaplot Investments Private Limited),Two Wheeler Loan,Two Wheeler Loan,,,,,18,65,"[""salaried"", ""self-employed""]",,,,,,,,,,True,[],"[""Maharashtra""]",Applicant must be a resident of India.,0.3,gemini,https://www.chaplot.in,needs_review,low,1,two wheeler loan,medium,True,True,,,2026-04-03T15:29:38.870544
646,Chaplot Finance Limited,Two Wheeler Loan,Two Wheeler Loan,,,,,18,65,"[""salaried"", ""self-employed""]",,,,,,,,,,,[],"[""Maharashtra""]",,0.2,gemini,https://www.chaplot.in,needs_review,low,1,two wheeler loan,medium,True,True,,,2026-04-03T15:29:54.383343
647,Chauhan Holdings (P) Ltd,Home Loan,Home Loan,,,,,,,[],,,,,,,,,,,[],"[""Andhra Pradesh"", ""Bihar"", ""Delhi"", ""Gujarat"", ""Haryana"", ""Karnataka"", ""Maharashtra"", ""Punjab"", ""Rajasthan"", ""Tamil Nadu""]",,0.1,gemini,https://kapoorandchauhan.in/resources/Forms/NBFC_Forms/NBFC_Forms.aspx,needs_review,low,1,home loan,medium,,,,,2026-04-03T15:30:09.181393
647,Chauhan Holdings (P) Ltd,Vehicle Loan,Vehicle Loan,,,,,,,[],,,,,,,,,,,[],"[""Andhra Pradesh"", ""Bihar"", ""Delhi"", ""Gujarat"", ""Haryana"", ""Karnataka"", ""Maharashtra"", ""Punjab"", ""Rajasthan"", ""Tamil Nadu""]",,0.1,gemini,https://kapoorandchauhan.in/resources/Forms/NBFC_Forms/NBFC_Forms.aspx,needs_review,low,1,vehicle loan,medium,,,,,2026-04-03T15:30:09.181531
648,Cheraman Financial Services Limited,Vehicle Loan,Vehicle Loan,,,,,21,65,"[""salaried"", ""self_employed_professional"", ""business""]",,,,12.0,,,60,,,True,"[""vehicle""]","[""Kerala""]",Loan amount up to 80% of the vehicle's value.,0.5,gemini,https://cheraman.com,needs_review,medium,1,vehicle loan,low,True,True,,,2026-04-03T15:30:49.411212
649,Chhajer Credit & Investments Private Limited,Personal Loan,Personal Loan,,,,,,,[],,,,,,,,,,,[],"[""Gujarat""]",,0.1,gemini,https://chhajerandcompany.com,needs_review,low,1,personal loan,medium,,,,,2026-04-03T15:31:06.904617
650,Chhotaria Securities  Pvt.  Ltd.,MSME Loan,MSME Loan,,,,,,,[],,,,,,,,,,,[],[],,0.0,gemini,https://www.chhotariasecurities.com,needs_review,low,1,msme loan,medium,,,,,2026-04-03T15:31:23.773909
650,Chhotaria Securities  Pvt.  Ltd.,Personal Loan,Personal Loan,,,,,,,[],,,,,,,,,,,[],[],,0.0,gemini,https://www.chhotariasecurities.com,needs_review,low,1,personal loan,medium,,,,,2026-04-03T15:31:23.774103
650,Chhotaria Securities  Pvt.  Ltd.,Working Capital,Working Capital,,,,,,,[],,,,,,,,,,,[],[],,0.0,gemini,https://www.chhotariasecurities.com,needs_review,low,1,working capital,medium,,,,,2026-04-03T15:31:23.774245
651,Chinmay Finlease Ltd,Consumer Durable Loan,Consumer Durable Loan,,1.0,,,21,60,"[""salaried"", ""self-employed""]",15.0,,,,,,12,,True,False,[],[],,0.3,gemini,https://www.chinmayfinlease.com,needs_review,medium,1,consumer durable loan,low,True,True,False,2,2026-04-03T15:31:46.817425
651,Chinmay Finlease Ltd,Personal Loan,Personal Loan,,2.0,,,21,60,"[""salaried"", ""self-employed""]",20.0,,,,,,24,,True,False,[],[],,0.3,gemini,https://www.chinmayfinlease.com,needs_review,medium,1,personal loan,low,True,True,False,2,2026-04-03T15:31:46.817680
652,Chintamani Finlease Ltd.,Business Loan,Business Loan,,,,,,,"[""self_employed_non_professional"", ""business""]",,,,,,,,,,,[],[],,0.1,heuristic,https://www.chintamanifinlease.com,needs_review,low,1,business loan,medium,,,,,2026-04-03T15:32:15.232765
652,Chintamani Finlease Ltd.,MSME Loan,MSME Loan,,,,,,,"[""self_employed_non_professional"", ""business""]",,,,,,,,,,,[],[],,0.1,heuristic,https://www.chintamanifinlease.com,needs_review,low,1,msme loan,medium,,,,,2026-04-03T15:32:15.233514
652,Chintamani Finlease Ltd.,Gold Loan,Gold Loan,,,,,,,[],,,,,,,,,,,[],[],,0.0,heuristic,https://www.chintamanifinlease.com,needs_review,low,1,gold loan,medium,,,,,2026-04-03T15:32:15.233911
652,Chintamani Finlease Ltd.,Vehicle Loan,Vehicle Loan,,,,,,,[],,,,,,,,,,,[],[],,0.0,heuristic,https://www.chintamanifinlease.com,needs_review,low,1,vehicle loan,medium,,,,,2026-04-03T15:32:15.234248
652,Chintamani Finlease Ltd.,Loan Against Property,Loan Against Property,,,,,,,[],,,,,,,,,,,[],[],,0.0,heuristic,https://www.chintamanifinlease.com,needs_review,low,1,loan against property,medium,,,,,2026-04-03T15:32:15.235199
652,Chintamani Finlease Ltd.,Personal Loan,Personal Loan,,,,,,,"[""salaried"", ""self-employed""]",,,,,,,,,,,[],[],,0.1,heuristic,https://www.chintamanifinlease.com,needs_review,low,1,personal loan,medium,,,,,2026-04-03T15:32:15.235413
652,Chintamani Finlease Ltd.,Rural Loan,Rural Loan,,,,,,,"[""agriculture""]",,,,,,,,,,,[],[],,0.1,heuristic,https://www.chintamanifinlease.com,needs_review,low,1,rural loan,medium,,,,,2026-04-03T15:32:15.235554
653,Chintamani Holdings (P) Ltd,Business Loan,Business Loan,,,,,,,"[""self_employed_non_professional"", ""business""]",,,,,,,,,,,[],[],,0.1,heuristic,https://www.chintamanifinlease.com,needs_review,low,1,business loan,medium,,,,,2026-04-03T15:32:41.698288
653,Chintamani Holdings (P) Ltd,Gold Loan,Gold Loan,,,,,,,[],,,,,,,,,,,[],[],,0.0,heuristic,https://www.chintamanifinlease.com,needs_review,low,1,gold loan,medium,,,,,2026-04-03T15:32:41.698360
653,Chintamani Holdings (P) Ltd,Vehicle Loan,Vehicle Loan,,,,,,,[],,,,,,,,,,,[],[],,0.0,heuristic,https://www.chintamanifinlease.com,needs_review,low,1,vehicle loan,medium,,,,,2026-04-03T15:32:41.698410
653,Chintamani Holdings (P) Ltd,Loan Against Property,Loan Against Property,,,,,,,[],,,,,,,,,,,[],[],,0.0,heuristic,https://www.chintamanifinlease.com,needs_review,low,1,loan against property,medium,,,,,2026-04-03T15:32:41.698457
653,Chintamani Holdings (P) Ltd,Personal Loan,Personal Loan,,,,,,,"[""salaried"", ""self-employed""]",,,,,,,,,,,[],[],,0.1,heuristic,https://www.chintamanifinlease.com,needs_review,low,1,personal loan,medium,,,,,2026-04-03T15:32:41.698505
653,Chintamani Holdings (P) Ltd,Rural Loan,Rural Loan,,,,,,,"[""agriculture""]",,,,,,,,,,,[],[],,0.1,heuristic,https://www.chintamanifinlease.com,needs_review,low,1,rural loan,medium,,,,,2026-04-03T15:32:41.698551
654,Cholamandalam Investment and Finance Company Limited,Business Loan,Business Loan,,,,,,,"[""self_employed_non_professional"", ""business""]",,,,,,,,,,,[],[],,0.1,heuristic,https://www.cholamandalam.com,needs_review,low,1,business loan,medium,,,,,2026-04-03T15:33:15.642227
654,Cholamandalam Investment and Finance Company Limited,MSME Loan,MSME Loan,,,,,,,"[""self_employed_non_professional"", ""business""]",,,,,,,,,,,[],[],,0.1,heuristic,https://www.cholamandalam.com,needs_review,low,1,msme loan,medium,,,,,2026-04-03T15:33:15.642412
654,Cholamandalam Investment and Finance Company Limited,Home Loan,Home Loan,,,,,,,[],,,,,,,,,,,[],[],,0.0,heuristic,https://www.cholamandalam.com,needs_review,low,1,home loan,medium,,,,,2026-04-03T15:33:15.642523
654,Cholamandalam Investment and Finance Company Limited,Gold Loan,Gold Loan,,,,,,,[],,,,,,,,,,,[],[],,0.0,heuristic,https://www.cholamandalam.com,needs_review,low,1,gold loan,medium,,,,,2026-04-03T15:33:15.642629
654,Cholamandalam Investment and Finance Company Limited,Vehicle Loan,Vehicle Loan,,,,,,,[],,,,,,,,,,,[],[],,0.0,heuristic,https://www.cholamandalam.com,needs_review,low,1,vehicle loan,medium,,,,,2026-04-03T15:33:15.642735
654,Cholamandalam Investment and Finance Company Limited,Loan Against Property,Loan Against Property,,,,,,,[],,,,,,,,,,,[],[],,0.0,heuristic,https://www.cholamandalam.com,needs_review,low,1,loan against property,medium,,,,,2026-04-03T15:33:15.642850
655,Churchgate Investments & Trading Co Pvt Ltd,Business Loan,Business Loan,,,,,,,[],,,,,,,,,,,[],"[""Maharashtra""]",,0.1,gemini,https://www.churchgateinvestments.com,needs_review,low,1,business loan,medium,,,,,2026-04-03T15:33:40.670355
655,Churchgate Investments & Trading Co Pvt Ltd,Loan Against Property,Loan Against Property,,,,,,,[],,,,,,,,,,True,"[""property""]","[""Maharashtra""]",,0.1,gemini,https://www.churchgateinvestments.com,needs_review,low,1,loan against property,medium,,,,,2026-04-03T15:33:40.670536
655,Churchgate Investments & Trading Co Pvt Ltd,Working Capital,Working Capital,,,,,,,[],,,,,,,,,,,[],"[""Maharashtra""]",,0.1,gemini,https://www.churchgateinvestments.com,needs_review,low,1,working capital,medium,,,,,2026-04-03T15:33:40.670662
656,CI Capital Private Limited,Business Loan,Business Loan,,,,,,,[],,,,,,,,,,,[],"[""Madhya Pradesh""]",,0.1,gemini,https://cicapitalindia.com,needs_review,low,1,business loan,medium,,,,,2026-04-03T15:34:01.686817
656,CI Capital Private Limited,Loan Against Property,Loan Against Property,,,,,,,[],,,,,,,,,,True,"[""property""]","[""Madhya Pradesh""]",,0.1,gemini,https://cicapitalindia.com,needs_review,low,1,loan against property,medium,,,,,2026-04-03T15:34:01.687014
656,CI Capital Private Limited,MSME Loan,MSME Loan,,,,,,,[],,,,,,,,,,,[],"[""Madhya Pradesh""]",,0.1,gemini,https://cicapitalindia.com,needs_review,low,1,msme loan,medium,,,,,2026-04-03T15:34:01.687136
656,CI Capital Private Limited,Personal Loan,Personal Loan,,,,,,,[],,,,,,,,,,,[],"[""Madhya Pradesh""]",,0.1,gemini,https://cicapitalindia.com,needs_review,low,1,personal loan,medium,,,,,2026-04-03T15:34:01.687248
657,Cicago Commodities Pvt Ltd,EV Loan,EV Loan,,,,,18,65,"[""salaried"", ""self-employed"", ""business""]",,,,,,,,,,,[],"[""West Bengal""]",Valid Driving License,0.3,gemini,https://cicago.co.in,needs_review,low,1,ev loan,medium,True,True,,,2026-04-03T15:34:40.997271
657,Cicago Commodities Pvt Ltd,MSME Loan,MSME Loan,,,,,,,"[""business""]",,,2,,,,,,,,[],"[""West Bengal""]",Business registered in India,0.3,gemini,https://cicago.co.in,needs_review,low,1,msme loan,medium,True,True,,2,2026-04-03T15:34:40.997452
657,Cicago Commodities Pvt Ltd,Rural Loan,Rural Loan,,,,,18,65,"[""agriculture"", ""business"", ""salaried"", ""self-employed""]",,,,,,,,,,,[],"[""West Bengal""]",Residing in a rural area,0.3,gemini,https://cicago.co.in,needs_review,low,1,rural loan,medium,True,True,,,2026-04-03T15:34:40.997536
657,Cicago Commodities Pvt Ltd,Working Capital,Working Capital,,,,,,,"[""business""]",,,2,,,,,,,,[],"[""West Bengal""]",Business registered in India,0.3,gemini,https://cicago.co.in,needs_review,low,1,working capital,medium,True,True,,2,2026-04-03T15:34:40.997608
658,Circassia Pacific Finance Ltd.,Personal Loan,Personal Loan,,,,,,,[],,,,,,,,,,,[],"[""Delhi""]",,0.1,gemini,http://circassiapacific.com,needs_review,low,1,personal loan,medium,,,,,2026-04-03T15:34:57.226302
659,Citizen Moneyline (India) Ltd.,Gold Loan,Gold Loan,0.1,,,,18,,[],,,,12.0,,,12,0.5,True,True,[],"[""Kerala""]",Applicant must be an Indian Citizen.,0.5,gemini,https://citizenmoneyline.com,needs_review,medium,1,gold loan,low,True,True,,,2026-04-03T15:35:16.550049
660,Citra Financials Private Limited,Business Loan,Business Loan,,,,,,,"[""business"", ""self-employed""]",,10.0,2,,,,,,,False,[],[],Business must be registered and have all necessary licenses.,0.2,gemini,https://www.citra.co.in,needs_review,low,1,business loan,medium,True,True,True,2,2026-04-03T15:35:58.952564
660,Citra Financials Private Limited,MSME Loan,MSME Loan,,,,,,,"[""business"", ""self-employed""]",,5.0,1,,,,,,,False,[],[],Business must be registered as an MSME.,0.2,gemini,https://www.citra.co.in,needs_review,low,1,msme loan,medium,True,True,True,1,2026-04-03T15:35:58.952734
660,Citra Financials Private Limited,Personal Loan,Personal Loan,,,,,21,60,"[""salaried"", ""self-employed""]",20.0,,,,,,,,,False,[],[],Indian citizen.,0.2,gemini,https://www.citra.co.in,needs_review,low,1,personal loan,medium,True,True,,1,2026-04-03T15:35:58.952948
661,Classic Growers  Ltd.,Home Loan,Home Loan,,,,,,,[],,,,,,,,,,,[],"[""Andhra Pradesh"", ""Bihar"", ""Delhi"", ""Gujarat"", ""Haryana"", ""Karnataka"", ""Maharashtra"", ""Punjab"", ""Rajasthan"", ""Tamil Nadu""]",,0.1,gemini,https://www.classicgrowers.in,needs_review,low,1,home loan,medium,,,,,2026-04-03T15:36:23.621882
661,Classic Growers  Ltd.,Vehicle Loan,Vehicle Loan,,,,,,,[],,,,,,,,,,,[],"[""Andhra Pradesh"", ""Bihar"", ""Delhi"", ""Gujarat"", ""Haryana"", ""Karnataka"", ""Maharashtra"", ""Punjab"", ""Rajasthan"", ""Tamil Nadu""]",,0.1,gemini,https://www.classicgrowers.in,needs_review,low,1,vehicle loan,medium,,,,,2026-04-03T15:36:23.622099
662,Comero Leasing & Financials Pvt. Ltd.,Personal Loan,Personal Loan,,5.0,,,21,60,"[""salaried"", ""self-employed""]",,,,18.0,,,36,,True,False,[],"[""Delhi""]","Minimum monthly income: ₹15,000 for Salaried individuals, ₹20,000 for Self-Employed individuals. Processing fee up to 3% of the loan amount.",0.6,gemini,https://www.comero.in,pending,medium,1,personal loan,low,,,,,2026-04-03T15:36:41.540566
663,"Comfort Fincap Limited(Formerly, Parasnath Textiles Ltd)",Consumer Durable Loan,Consumer Durable Loan,,,,,,,[],,,,,,,,,,,[],"[""West Bengal""]",,0.1,gemini,https://www.comfortfincap.com,needs_review,low,1,consumer durable loan,medium,,,,,2026-04-03T15:37:04.046869
663,"Comfort Fincap Limited(Formerly, Parasnath Textiles Ltd)",MSME Loan,MSME Loan,,,,,,,[],,,,,,,,,,,[],"[""West Bengal""]",,0.1,gemini,https://www.comfortfincap.com,needs_review,low,1,msme loan,medium,,,,,2026-04-03T15:37:04.047146
663,"Comfort Fincap Limited(Formerly, Parasnath Textiles Ltd)",Personal Loan,Personal Loan,,,,,,,[],,,,,,,,,,,[],"[""West Bengal""]",,0.1,gemini,https://www.comfortfincap.com,needs_review,low,1,personal loan,medium,,,,,2026-04-03T15:37:04.047306
663,"Comfort Fincap Limited(Formerly, Parasnath Textiles Ltd)",Rural Loan,Rural Loan,,,,,,,[],,,,,,,,,,,[],"[""West Bengal""]",,0.1,gemini,https://www.comfortfincap.com,needs_review,low,1,rural loan,medium,,,,,2026-04-03T15:37:04.047447
663,"Comfort Fincap Limited(Formerly, Parasnath Textiles Ltd)",Supply Chain Finance,Supply Chain Finance,,,,,,,[],,,,,,,,,,,[],"[""West Bengal""]",,0.1,gemini,https://www.comfortfincap.com,needs_review,low,1,supply chain finance,medium,,,,,2026-04-03T15:37:04.047596
663,"Comfort Fincap Limited(Formerly, Parasnath Textiles Ltd)",Working Capital,Working Capital,,,,,,,[],,,,,,,,,,,[],"[""West Bengal""]",,0.1,gemini,https://www.comfortfincap.com,needs_review,low,1,working capital,medium,,,,,2026-04-03T15:37:04.047741
664,Concord Marketing & Financiers Pvt. Ltd.,Working Capital,Working Capital,,,,,,,"[""self_employed_non_professional"", ""business""]",,,,,,,,,,,[],[],,0.1,heuristic,https://concordfintech.com,needs_review,low,1,working capital,medium,,,,,2026-04-03T15:37:29.557142
664,Concord Marketing & Financiers Pvt. Ltd.,Business Loan,Business Loan,,,,,,,"[""self_employed_non_professional"", ""business""]",,,,,,,,,,,[],[],,0.1,heuristic,https://concordfintech.com,needs_review,low,1,business loan,medium,,,,,2026-04-03T15:37:29.557373
664,Concord Marketing & Financiers Pvt. Ltd.,MSME Loan,MSME Loan,,,,,,,"[""self_employed_non_professional"", ""business""]",,,,,,,,,,,[],[],,0.1,heuristic,https://concordfintech.com,needs_review,low,1,msme loan,medium,,,,,2026-04-03T15:37:29.557498
664,Concord Marketing & Financiers Pvt. Ltd.,Home Loan,Home Loan,,,,,,,[],,,,,,,,,,,[],[],,0.0,heuristic,https://concordfintech.com,needs_review,low,1,home loan,medium,,,,,2026-04-03T15:37:29.557748
664,Concord Marketing & Financiers Pvt. Ltd.,Education Loan,Education Loan,,,,,,,"[""salaried"", ""self-employed""]",,,,,,,,,,,[],[],,0.1,heuristic,https://concordfintech.com,needs_review,low,1,education loan,medium,,,,,2026-04-03T15:37:29.557999
664,Concord Marketing & Financiers Pvt. Ltd.,Loan Against Property,Loan Against Property,,,,,,,[],,,,,,,,,,,[],[],,0.0,heuristic,https://concordfintech.com,needs_review,low,1,loan against property,medium,,,,,2026-04-03T15:37:29.558139
666,Coracle Capital Consulting And Corporate Services Private Limited,Business Loan,Business Loan,,,,,,,[],,,,,,,,,,,[],"[""Delhi"", ""Uttar Pradesh""]",,0.1,gemini,https://www.coraclefinance.com,needs_review,low,1,business loan,medium,,,,,2026-04-03T15:38:18.311961
666,Coracle Capital Consulting And Corporate Services Private Limited,Home Loan,Home Loan,,,,,,,[],,,,,,,,,,,[],"[""Delhi"", ""Uttar Pradesh""]",,0.1,gemini,https://www.coraclefinance.com,needs_review,low,1,home loan,medium,,,,,2026-04-03T15:38:18.312061
666,Coracle Capital Consulting And Corporate Services Private Limited,Loan Against Property,Loan Against Property,,,,,,,[],,,,,,,,,,True,"[""property""]","[""Delhi"", ""Uttar Pradesh""]",,0.1,gemini,https://www.coraclefinance.com,needs_review,low,1,loan against property,medium,,,,,2026-04-03T15:38:18.312135
666,Coracle Capital Consulting And Corporate Services Private Limited,MSME Loan,MSME Loan,,,,,,,[],,,,,,,,,,,[],"[""Delhi"", ""Uttar Pradesh""]",,0.1,gemini,https://www.coraclefinance.com,needs_review,low,1,msme loan,medium,,,,,2026-04-03T15:38:18.312201
666,Coracle Capital Consulting And Corporate Services Private Limited,Working Capital,Working Capital,,,,,,,[],,,,,,,,,,,[],"[""Delhi"", ""Uttar Pradesh""]",,0.1,gemini,https://www.coraclefinance.com,needs_review,low,1,working capital,medium,,,,,2026-04-03T15:38:18.312265
667,Credit Wise Capital Private Limited,Two Wheeler Loan,Two Wheeler Loan,,,,,18,65,"[""salaried"", ""self-employed""]",12.0,,,,,,48,,,,[],[],"Minimum monthly income: ₹12,000 for salaried individuals and ₹15,000 for self-employed individuals. IT Returns required: latest Form 16 or IT Returns for salaried, latest 2 years' IT Returns for self-employed.",0.3,gemini,https://www.creditwisecapital.com,needs_review,medium,1,two wheeler loan,low,True,True,,,2026-04-03T15:38:38.186065
668,Creditaccess Grameen Limited,Microfinance,Microfinance,,,,,,,[],,,,,,,,,,,[],[],,0.0,heuristic,https://www.creditaccessgrameen.in,needs_review,low,1,microfinance,medium,,,,,2026-04-03T15:39:09.463802
668,Creditaccess Grameen Limited,Rural Loan,Rural Loan,,,,,,,"[""agriculture""]",,,,,,,,,,,[],[],,0.1,heuristic,https://www.creditaccessgrameen.in,needs_review,low,1,rural loan,medium,,,,,2026-04-03T15:39:09.464015
668,Creditaccess Grameen Limited,Personal Loan,Personal Loan,,,,,,,"[""salaried"", ""self-employed""]",,,,,,,,,,,[],[],,0.1,heuristic,https://www.creditaccessgrameen.in,needs_review,low,1,personal loan,medium,,,,,2026-04-03T15:39:09.464452
668,Creditaccess Grameen Limited,Home Loan,Home Loan,,,,,,,[],,,,,,,,,,,[],[],,0.0,heuristic,https://www.creditaccessgrameen.in,needs_review,low,1,home loan,medium,,,,,2026-04-03T15:39:09.464635
669,Criss Financial Ltd (Formerly Criss Financial Holdings Ltd),Business Loan,Business Loan,,,,,,,"[""self_employed_non_professional"", ""business""]",,,,,,,,,,,[],[],,0.1,heuristic,https://crissfin.com,needs_review,low,1,business loan,medium,,,,,2026-04-03T15:39:38.812864
669,Criss Financial Ltd (Formerly Criss Financial Holdings Ltd),MSME Loan,MSME Loan,,,,,,,"[""self_employed_non_professional"", ""business""]",,,,,,,,,,,[],[],,0.1,heuristic,https://crissfin.com,needs_review,low,1,msme loan,medium,,,,,2026-04-03T15:39:38.813095
669,Criss Financial Ltd (Formerly Criss Financial Holdings Ltd),Loan Against Property,Loan Against Property,,,,,,,[],,,,,,,,,,,[],[],,0.0,heuristic,https://crissfin.com,needs_review,low,1,loan against property,medium,,,,,2026-04-03T15:39:38.813254
669,Criss Financial Ltd (Formerly Criss Financial Holdings Ltd),Personal Loan,Personal Loan,,,,,,,"[""salaried"", ""self-employed""]",,,,,,,,,,,[],[],,0.1,heuristic,https://crissfin.com,needs_review,low,1,personal loan,medium,,,,,2026-04-03T15:39:38.813374
669,Criss Financial Ltd (Formerly Criss Financial Holdings Ltd),Rural Loan,Rural Loan,,,,,,,"[""agriculture""]",,,,,,,,,,,[],[],,0.1,heuristic,https://crissfin.com,needs_review,low,1,rural loan,medium,,,,,2026-04-03T15:39:38.813482
670,CRSP Capital Private Limited,Business Loan,Business Loan,,,,,,,[],,,,,,,,,,,[],"[""Rajasthan""]",,0.1,gemini,https://crspcapital.com,needs_review,low,1,business loan,medium,,,,,2026-04-03T15:40:00.345353
670,CRSP Capital Private Limited,MSME Loan,MSME Loan,,,,,,,[],,,,,,,,,,,[],"[""Rajasthan""]",,0.1,gemini,https://crspcapital.com,needs_review,low,1,msme loan,medium,,,,,2026-04-03T15:40:00.345482
671,CSL Finance Limited,Business Loan,Business Loan,,,,,25,65,"[""business""]",,10.0,3,,,,,,,,[],"[""Delhi"", ""Gujarat"", ""Haryana"", ""Punjab"", ""Rajasthan"", ""Uttar Pradesh"", ""Uttarakhand""]",,0.2,gemini,https://www.cslfinance.in,needs_review,low,1,business loan,medium,True,True,True,2,2026-04-03T15:40:37.837875
671,CSL Finance Limited,MSME Loan,MSME Loan,,,,,21,60,"[""business""]",,,2,,,,,,,,[],"[""Delhi"", ""Gujarat"", ""Haryana"", ""Punjab"", ""Rajasthan"", ""Uttar Pradesh"", ""Uttarakhand""]",Business must be registered as an MSME.,0.3,gemini,https://www.cslfinance.in,needs_review,low,1,msme loan,medium,True,True,True,,2026-04-03T15:40:37.837964
671,CSL Finance Limited,Working Capital Loan,Working Capital,,,,,25,65,"[""business""]",,,3,,,,,,,,[],"[""Delhi"", ""Gujarat"", ""Haryana"", ""Punjab"", ""Rajasthan"", ""Uttar Pradesh"", ""Uttarakhand""]",Business should have a stable cash flow.,0.3,gemini,https://www.cslfinance.in,needs_review,low,1,working capital loan,medium,True,True,True,,2026-04-03T15:40:37.838030
672,D S G Investments Private Limited,MSME Loan,MSME Loan,1.0,500.0,700,,21,65,"[""business""]",,10.0,3,10.5,,,,,,False,[],[],Business must be registered with appropriate authorities.,0.6,gemini,https://www.dsginvest.com,pending,low,1,msme loan,high,True,True,True,2,2026-04-03T15:41:17.856326
673,Daga Business & Credit  Pvt. Ltd.,Working Capital,Working Capital,,,,,,,"[""self_employed_non_professional"", ""business""]",,,,,,,,,,,[],[],,0.1,heuristic,https://www.dagabusiness.com,needs_review,low,1,working capital,medium,,,,,2026-04-03T15:41:46.536582
673,Daga Business & Credit  Pvt. Ltd.,Business Loan,Business Loan,,,,,,,"[""self_employed_non_professional"", ""business""]",,,,,,,,,,,[],[],,0.1,heuristic,https://www.dagabusiness.com,needs_review,low,1,business loan,medium,,,,,2026-04-03T15:41:46.536864
673,Daga Business & Credit  Pvt. Ltd.,MSME Loan,MSME Loan,,,,,,,"[""self_employed_non_professional"", ""business""]",,,,,,,,,,,[],[],,0.1,heuristic,https://www.dagabusiness.com,needs_review,low,1,msme loan,medium,,,,,2026-04-03T15:41:46.537002
673,Daga Business & Credit  Pvt. Ltd.,Education Loan,Education Loan,,,,,,,"[""salaried"", ""self-employed""]",,,,,,,,,,,[],[],,0.1,heuristic,https://www.dagabusiness.com,needs_review,low,1,education loan,medium,,,,,2026-04-03T15:41:46.537145
673,Daga Business & Credit  Pvt. Ltd.,Loan Against Property,Loan Against Property,,,,,,,[],,,,,,,,,,,[],[],,0.0,heuristic,https://www.dagabusiness.com,needs_review,low,1,loan against property,medium,,,,,2026-04-03T15:41:46.537265
673,Daga Business & Credit  Pvt. Ltd.,Personal Loan,Personal Loan,,,,,,,"[""salaried"", ""self-employed""]",,,,,,,,,,,[],[],,0.1,heuristic,https://www.dagabusiness.com,needs_review,low,1,personal loan,medium,,,,,2026-04-03T15:41:46.537379
674,Daga Finvest (P) Ltd.,Business Loan,Business Loan,,,,,,,[],,,,,,,,,,,[],"[""West Bengal""]",,0.1,gemini,https://dagafin.com,needs_review,low,1,business loan,medium,,,,,2026-04-03T15:42:02.160716
674,Daga Finvest (P) Ltd.,Personal Loan,Personal Loan,,,,,,,[],,,,,,,,,,,[],"[""West Bengal""]",,0.1,gemini,https://dagafin.com,needs_review,low,1,personal loan,medium,,,,,2026-04-03T15:42:02.160894
674,Daga Finvest (P) Ltd.,Working Capital,Working Capital,,,,,,,[],,,,,,,,,,,[],"[""West Bengal""]",,0.1,gemini,https://dagafin.com,needs_review,low,1,working capital,medium,,,,,2026-04-03T15:42:02.161023
675,Daga Mercantiles & Finance   Pvt. Ltd.,Business Loan,Business Loan,,,,,,,[],,,,,,,,,,,[],"[""West Bengal""]",,0.1,gemini,https://dagafin.com,needs_review,low,1,business loan,medium,,,,,2026-04-03T15:42:20.204177
675,Daga Mercantiles & Finance   Pvt. Ltd.,Personal Loan,Personal Loan,,,,,,,[],,,,,,,,,,,[],"[""West Bengal""]",,0.1,gemini,https://dagafin.com,needs_review,low,1,personal loan,medium,,,,,2026-04-03T15:42:20.204334
675,Daga Mercantiles & Finance   Pvt. Ltd.,Working Capital,Working Capital,,,,,,,[],,,,,,,,,,,[],"[""West Bengal""]",,0.1,gemini,https://dagafin.com,needs_review,low,1,working capital,medium,,,,,2026-04-03T15:42:20.204450
676,Dagger Garments  Pvt.  Ltd.,Business Loan,Business Loan,,,,,,,[],,,,,,,,,,,[],"[""Maharashtra""]",,0.1,gemini,https://www.daggergarments.in,needs_review,low,1,business loan,medium,,,,,2026-04-03T15:42:43.309589
676,Dagger Garments  Pvt.  Ltd.,Loan Against Property,Loan Against Property,,,,,,,[],,,,,,,,,,True,"[""property""]","[""Maharashtra""]",,0.1,gemini,https://www.daggergarments.in,needs_review,low,1,loan against property,medium,,,,,2026-04-03T15:42:43.309784
676,Dagger Garments  Pvt.  Ltd.,Personal Loan,Personal Loan,,,,,,,[],,,,,,,,,,,[],"[""Maharashtra""]",,0.1,gemini,https://www.daggergarments.in,needs_review,low,1,personal loan,medium,,,,,2026-04-03T15:42:43.309918
676,Dagger Garments  Pvt.  Ltd.,Working Capital,Working Capital,,,,,,,[],,,,,,,,,,,[],"[""Maharashtra""]",,0.1,gemini,https://www.daggergarments.in,needs_review,low,1,working capital,medium,,,,,2026-04-03T15:42:43.310084
677,Danta Vyapar Kendra Ltd,MSME Loan,MSME Loan,,,,,,,[],,,,,,,,,,,[],"[""Delhi"", ""West Bengal""]",,0.1,gemini,https://dantavyapar.com,needs_review,low,1,msme loan,medium,,,,,2026-04-03T15:43:12.061427
677,Danta Vyapar Kendra Ltd,Rural Loan,Rural Loan,,,,,,,[],,,,,,,,,,,[],"[""Delhi"", ""West Bengal""]",,0.1,gemini,https://dantavyapar.com,needs_review,low,1,rural loan,medium,,,,,2026-04-03T15:43:12.061706
677,Danta Vyapar Kendra Ltd,Working Capital Loan,Working Capital,,,,,,,[],,,,,,,,,,,[],"[""Delhi"", ""West Bengal""]",,0.1,gemini,https://dantavyapar.com,needs_review,low,1,working capital loan,medium,,,,,2026-04-03T15:43:12.061857
678,Dashami Finance Private Limited (Formerly Known As Bawa Deposits And Advances Private Limited),Business Loan,Business Loan,,,,,,,"[""self_employed_non_professional"", ""business""]",,,,,,,,,,,[],[],,0.1,heuristic,https://dashami.in,needs_review,low,1,business loan,medium,,,,,2026-04-03T15:43:47.259792
678,Dashami Finance Private Limited (Formerly Known As Bawa Deposits And Advances Private Limited),MSME Loan,MSME Loan,,,,,,,"[""self_employed_non_professional"", ""business""]",,,,,,,,,,,[],[],,0.1,heuristic,https://dashami.in,needs_review,low,1,msme loan,medium,,,,,2026-04-03T15:43:47.259926
678,Dashami Finance Private Limited (Formerly Known As Bawa Deposits And Advances Private Limited),Home Loan,Home Loan,,,,,,,[],,,,,,,,,,,[],[],,0.0,heuristic,https://dashami.in,needs_review,low,1,home loan,medium,,,,,2026-04-03T15:43:47.259995
678,Dashami Finance Private Limited (Formerly Known As Bawa Deposits And Advances Private Limited),Gold Loan,Gold Loan,,,,,,,[],,,,,,,,,,,[],[],,0.0,heuristic,https://dashami.in,needs_review,low,1,gold loan,medium,,,,,2026-04-03T15:43:47.260134
678,Dashami Finance Private Limited (Formerly Known As Bawa Deposits And Advances Private Limited),Microfinance,Microfinance,,,,,,,[],,,,,,,,,,,[],[],,0.0,heuristic,https://dashami.in,needs_review,low,1,microfinance,medium,,,,,2026-04-03T15:43:47.260196
678,Dashami Finance Private Limited (Formerly Known As Bawa Deposits And Advances Private Limited),Vehicle Loan,Vehicle Loan,,,,,,,[],,,,,,,,,,,[],[],,0.0,heuristic,https://dashami.in,needs_review,low,1,vehicle loan,medium,,,,,2026-04-03T15:43:47.260256
678,Dashami Finance Private Limited (Formerly Known As Bawa Deposits And Advances Private Limited),Loan Against Property,Loan Against Property,,,,,,,[],,,,,,,,,,,[],[],,0.0,heuristic,https://dashami.in,needs_review,low,1,loan against property,medium,,,,,2026-04-03T15:43:47.260310
678,Dashami Finance Private Limited (Formerly Known As Bawa Deposits And Advances Private Limited),Personal Loan,Personal Loan,,,,,,,"[""salaried"", ""self-employed""]",,,,,,,,,,,[],[],,0.1,heuristic,https://dashami.in,needs_review,low,1,personal loan,medium,,,,,2026-04-03T15:43:47.260364
679,Davinta Financial Services Private Limited,Rural Loan,Rural Loan,,,,,,,"[""agriculture"", ""self_employed_non_professional"", ""business""]",,,,,,,,,,,[],"[""Assam"", ""Karnataka""]","Financial assistance to individuals and small businesses in rural and semi-urban areas for agriculture, small business expansion, and personal requirements.",0.3,gemini,https://www.davintafinserv.com,needs_review,low,1,rural loan,medium,,,,,2026-04-03T15:44:04.516081
679,Davinta Financial Services Private Limited,Supply Chain Finance,Supply Chain Finance,,,,,,,"[""business"", ""self_employed_professional"", ""self_employed_non_professional""]",,,,,,,,,,,[],"[""Assam"", ""Karnataka""]","Solutions for businesses of all sizes to optimize working capital, improve cash flow, and strengthen relationships across the supply chain.",0.3,gemini,https://www.davintafinserv.com,needs_review,low,1,supply chain finance,medium,,,,,2026-04-03T15:44:04.516220
679,Davinta Financial Services Private Limited,Working Capital,Working Capital,,,,,,,"[""business"", ""self_employed_professional"", ""self_employed_non_professional""]",,,,,,,,,,,[],"[""Assam"", ""Karnataka""]","Flexible solutions to help businesses manage their day-to-day operations and growth, bridge cash flow gaps, fund inventory, manage receivables, and support various operational needs. Mentions 'Minimal collateral requirements'.",0.3,gemini,https://www.davintafinserv.com,needs_review,low,1,working capital,medium,,,,,2026-04-03T15:44:04.516384
680,Decor Securities Pvt Ltd,Working Capital,Working Capital,,,,,,,"[""self_employed_non_professional"", ""business""]",,,,,,,,,,,[],[],,0.1,heuristic,https://decentsecurities.com,needs_review,low,1,working capital,medium,,,,,2026-04-03T15:45:22.258178
680,Decor Securities Pvt Ltd,Business Loan,Business Loan,,,,,,,"[""self_employed_non_professional"", ""business""]",,,,,,,,,,,[],[],,0.1,heuristic,https://decentsecurities.com,needs_review,low,1,business loan,medium,,,,,2026-04-03T15:45:22.258347
680,Decor Securities Pvt Ltd,MSME Loan,MSME Loan,,,,,,,"[""self_employed_non_professional"", ""business""]",,,,,,,,,,,[],[],,0.1,heuristic,https://decentsecurities.com,needs_review,low,1,msme loan,medium,,,,,2026-04-03T15:45:22.258460
680,Decor Securities Pvt Ltd,Home Loan,Home Loan,,,,,,,[],,,,,,,,,,,[],[],,0.0,heuristic,https://decentsecurities.com,needs_review,low,1,home loan,medium,,,,,2026-04-03T15:45:22.258554
680,Decor Securities Pvt Ltd,Gold Loan,Gold Loan,,,,,,,[],,,,,,,,,,,[],[],,0.0,heuristic,https://decentsecurities.com,needs_review,low,1,gold loan,medium,,,,,2026-04-03T15:45:22.258648
680,Decor Securities Pvt Ltd,Loan Against Property,Loan Against Property,,,,,,,[],,,,,,,,,,,[],[],,0.0,heuristic,https://decentsecurities.com,needs_review,low,1,loan against property,medium,,,,,2026-04-03T15:45:22.258741
680,Decor Securities Pvt Ltd,Personal Loan,Personal Loan,,,,,,,"[""salaried"", ""self-employed""]",,,,,,,,,,,[],[],,0.1,heuristic,https://decentsecurities.com,needs_review,low,1,personal loan,medium,,,,,2026-04-03T15:45:22.258941
681,Deep Fincap Private Limited,MSME Loan,MSME Loan,,50.0,,,21,65,"[""business""]",,10.0,3,,,,,,,,[],"[""Uttar Pradesh""]",,0.3,gemini,https://deepfincap.com,needs_review,low,1,msme loan,medium,True,True,True,2,2026-04-03T15:45:46.283156
682,Deep Finvest Limited,Business Loan,Business Loan,,,,,,,[],,,,,,,,,,,[],"[""Uttar Pradesh""]",,0.1,gemini,https://deepfinance.in,needs_review,low,1,business loan,medium,,,,,2026-04-03T15:46:08.185907
682,Deep Finvest Limited,Gold Loan,Gold Loan,,,,,,,[],,,,,,,,,,,[],"[""Uttar Pradesh""]",,0.1,gemini,https://deepfinance.in,needs_review,low,1,gold loan,medium,,,,,2026-04-03T15:46:08.186086
682,Deep Finvest Limited,MSME Loan,MSME Loan,,,,,,,[],,,,,,,,,,,[],"[""Uttar Pradesh""]",,0.1,gemini,https://deepfinance.in,needs_review,low,1,msme loan,medium,,,,,2026-04-03T15:46:08.186214
682,Deep Finvest Limited,Microfinance,Microfinance,,,,,,,[],,,,,,,,,,,[],"[""Uttar Pradesh""]",,0.1,gemini,https://deepfinance.in,needs_review,low,1,microfinance,medium,,,,,2026-04-03T15:46:08.186332
682,Deep Finvest Limited,Personal Loan,Personal Loan,,,,,,,[],,,,,,,,,,,[],"[""Uttar Pradesh""]",,0.1,gemini,https://deepfinance.in,needs_review,low,1,personal loan,medium,,,,,2026-04-03T15:46:08.186444
682,Deep Finvest Limited,Vehicle Loan,Vehicle Loan,,,,,,,[],,,,,,,,,,,[],"[""Uttar Pradesh""]",,0.1,gemini,https://deepfinance.in,needs_review,low,1,vehicle loan,medium,,,,,2026-04-03T15:46:08.186560
683,Delfin International Limited,MSME Loan,MSME Loan,,,,,,,"[""business""]",,,,,,,,,,,[],"[""Karnataka""]",,0.2,gemini,https://delfininternational.in,needs_review,low,1,msme loan,medium,,,,,2026-04-03T15:46:20.945226
684,Dev-Aashish Capital (P) Ltd,Rural Loan,Rural Loan,,,,,,,[],,,,,,,,,,,[],"[""Haryana""]",,0.1,gemini,https://www.devaashish.com,needs_review,low,1,rural loan,medium,,,,,2026-04-03T15:46:33.653966
685,Dhamija Finance & Leasing Limited,MSME Loan,MSME Loan,,,,,,,"[""self_employed_non_professional"", ""business""]",,,,,,,,,,,[],[],,0.1,heuristic,https://www.dhamijasukhija.com,needs_review,low,1,msme loan,medium,,,,,2026-04-03T15:47:02.417142
685,Dhamija Finance & Leasing Limited,Home Loan,Home Loan,,,,,,,[],,,,,,,,,,,[],[],,0.0,heuristic,https://www.dhamijasukhija.com,needs_review,low,1,home loan,medium,,,,,2026-04-03T15:47:02.417259
685,Dhamija Finance & Leasing Limited,Credit Card,Credit Card,,,,,,,[],,,,,,,,,,,[],[],,0.0,heuristic,https://www.dhamijasukhija.com,needs_review,low,1,credit card,medium,,,,,2026-04-03T15:47:02.417461
685,Dhamija Finance & Leasing Limited,Gold Loan,Gold Loan,,,,,,,[],,,,,,,,,,,[],[],,0.0,heuristic,https://www.dhamijasukhija.com,needs_review,low,1,gold loan,medium,,,,,2026-04-03T15:47:02.417570
685,Dhamija Finance & Leasing Limited,Consumer Durable Loan,Consumer Durable Loan,,,,,,,"[""salaried"", ""self-employed""]",,,,,,,,,,,[],[],,0.1,heuristic,https://www.dhamijasukhija.com,needs_review,low,1,consumer durable loan,medium,,,,,2026-04-03T15:47:02.417645
685,Dhamija Finance & Leasing Limited,Vehicle Loan,Vehicle Loan,,,,,,,[],,,,,,,,,,,[],[],,0.0,heuristic,https://www.dhamijasukhija.com,needs_review,low,1,vehicle loan,medium,,,,,2026-04-03T15:47:02.417759
687,Dhansafal Finserve Limited (Earlier known as Luharuka Media & Infra Limited),MSME Loan,MSME Loan,,,,,,,"[""self_employed_non_professional"", ""business""]",,,,,,,,,,,[],[],,0.1,heuristic,https://dhansafal.com,needs_review,low,1,msme loan,medium,,,,,2026-04-03T15:47:51.046924
687,Dhansafal Finserve Limited (Earlier known as Luharuka Media & Infra Limited),Working Capital,Working Capital,,,,,,,"[""self_employed_non_professional"", ""business""]",,,,,,,,,,,[],[],,0.1,heuristic,https://dhansafal.com,needs_review,low,1,working capital,medium,,,,,2026-04-03T15:47:51.047096
687,Dhansafal Finserve Limited (Earlier known as Luharuka Media & Infra Limited),Rural Loan,Rural Loan,,,,,,,"[""agriculture""]",,,,,,,,,,,[],[],,0.1,heuristic,https://dhansafal.com,needs_review,low,1,rural loan,medium,,,,,2026-04-03T15:47:51.047248
687,Dhansafal Finserve Limited (Earlier known as Luharuka Media & Infra Limited),Loan Against Property,Loan Against Property,,,,,,,[],,,,,,,,,,,[],[],,0.0,heuristic,https://dhansafal.com,needs_review,low,1,loan against property,medium,,,,,2026-04-03T15:47:51.047371
688,Dhanshree Motor Finance Pvt. Ltd.,Business Loan,Business Loan,,,,,,,[],,,,,,,,,,,[],"[""Andhra Pradesh"", ""Arunachal Pradesh"", ""Assam"", ""Bihar"", ""Chhattisgarh"", ""Goa"", ""Gujarat"", ""Haryana"", ""Himachal Pradesh"", ""Jharkhand""]",,0.1,gemini,https://dhanshreecapital.in,needs_review,low,1,business loan,medium,,,,,2026-04-03T15:48:09.156670
688,Dhanshree Motor Finance Pvt. Ltd.,Personal Loan,Personal Loan,,,,,,,[],,,,,,,,,,,[],"[""Andhra Pradesh"", ""Arunachal Pradesh"", ""Assam"", ""Bihar"", ""Chhattisgarh"", ""Goa"", ""Gujarat"", ""Haryana"", ""Himachal Pradesh"", ""Jharkhand""]",,0.1,gemini,https://dhanshreecapital.in,needs_review,low,1,personal loan,medium,,,,,2026-04-03T15:48:09.156885
688,Dhanshree Motor Finance Pvt. Ltd.,Credit Card,Credit Card,,,,,,,[],,,,,,,,,,,[],"[""Andhra Pradesh"", ""Arunachal Pradesh"", ""Assam"", ""Bihar"", ""Chhattisgarh"", ""Goa"", ""Gujarat"", ""Haryana"", ""Himachal Pradesh"", ""Jharkhand""]",,0.1,gemini,https://dhanshreecapital.in,needs_review,low,1,credit card,medium,,,,,2026-04-03T15:48:09.157047
689,Dhara Motor Finance Ltd.,Business Loan,Business Loan,,,,,,,"[""business""]",,,,,,,,,,,[],"[""Delhi"", ""Punjab""]",,0.2,gemini,https://www.dharamotor.com,needs_review,low,1,business loan,medium,,,,,2026-04-03T15:48:34.615417
689,Dhara Motor Finance Ltd.,Supply Chain Finance,Supply Chain Finance,,,,,,,"[""business""]",,,,,,,,,,,[],"[""Delhi"", ""Punjab""]",,0.2,gemini,https://www.dharamotor.com,needs_review,low,1,supply chain finance,medium,,,,,2026-04-03T15:48:34.615701
689,Dhara Motor Finance Ltd.,Vehicle Loan,Vehicle Loan,,,,,,,[],,,,,,,,,,,[],"[""Delhi"", ""Punjab""]",,0.1,gemini,https://www.dharamotor.com,needs_review,low,1,vehicle loan,medium,,,,,2026-04-03T15:48:34.615867
690,Dhruva Capital Services Ltd.,Business Loan,Business Loan,,,,,,,[],,,,,,,,,,,[],[],,0.0,gemini,https://dhruvacapital.com,needs_review,low,1,business loan,medium,,,,,2026-04-03T15:49:08.123484
690,Dhruva Capital Services Ltd.,Gold Loan,Gold Loan,,,,,,,[],,,,,,,,,,True,"[""gold""]",[],,0.0,gemini,https://dhruvacapital.com,needs_review,low,1,gold loan,medium,,,,,2026-04-03T15:49:08.123645
690,Dhruva Capital Services Ltd.,Home Loan,Home Loan,,,,,,,[],,,,,,,,,,True,"[""property""]",[],,0.0,gemini,https://dhruvacapital.com,needs_review,low,1,home loan,medium,,,,,2026-04-03T15:49:08.123763
690,Dhruva Capital Services Ltd.,Loan Against Property,Loan Against Property,,,,,,,[],,,,,,,,,,True,"[""property""]",[],,0.0,gemini,https://dhruvacapital.com,needs_review,low,1,loan against property,medium,,,,,2026-04-03T15:49:08.123872
690,Dhruva Capital Services Ltd.,MSME Loan,MSME Loan,,,,,,,[],,,,,,,,,,,[],[],,0.0,gemini,https://dhruvacapital.com,needs_review,low,1,msme loan,medium,,,,,2026-04-03T15:49:08.124074
690,Dhruva Capital Services Ltd.,Personal Loan,Personal Loan,,,,,,,[],,,,,,,,,,,[],[],,0.0,gemini,https://dhruvacapital.com,needs_review,low,1,personal loan,medium,,,,,2026-04-03T15:49:08.124196
690,Dhruva Capital Services Ltd.,Rural Loan,Rural Loan,,,,,,,[],,,,,,,,,,,[],[],,0.0,gemini,https://dhruvacapital.com,needs_review,low,1,rural loan,medium,,,,,2026-04-03T15:49:08.124336
690,Dhruva Capital Services Ltd.,Supply Chain Finance,Supply Chain Finance,,,,,,,[],,,,,,,,,,,[],[],,0.0,gemini,https://dhruvacapital.com,needs_review,low,1,supply chain finance,medium,,,,,2026-04-03T15:49:08.124436
690,Dhruva Capital Services Ltd.,Working Capital,Working Capital,,,,,,,[],,,,,,,,,,,[],[],,0.0,gemini,https://dhruvacapital.com,needs_review,low,1,working capital,medium,,,,,2026-04-03T15:49:08.124530
691,Diamond Capfin Pvt. Ltd.,Loan Against Property,Loan Against Property,,,,,,,[],,,,,,,,,,True,"[""property""]","[""Rajasthan""]",,0.1,gemini,https://diamondcapfin.com,needs_review,low,1,loan against property,medium,,,,,2026-04-03T15:49:43.512705
691,Diamond Capfin Pvt. Ltd.,Two Wheeler Loan,Two Wheeler Loan,,,,,,,[],,,,,,,,,,True,[],"[""Rajasthan""]",,0.1,gemini,https://diamondcapfin.com,needs_review,low,1,two wheeler loan,medium,,,,,2026-04-03T15:49:43.512875
691,Diamond Capfin Pvt. Ltd.,Vehicle Loan,Vehicle Loan,,,,,,,[],,,,,,,,,,True,"[""vehicle""]","[""Rajasthan""]",,0.1,gemini,https://diamondcapfin.com,needs_review,low,1,vehicle loan,medium,,,,,2026-04-03T15:49:43.512999
692,Diganta Investment and Finance Company Private Limited,Two Wheeler Loan,Two Wheeler Loan,,,,,,,"[""salaried"", ""self-employed""]",,,,,,,,,,False,[],"[""Andhra Pradesh"", ""Goa"", ""Karnataka"", ""Telangana""]",,0.2,gemini,http://digantafinance.com,needs_review,low,1,two wheeler loan,medium,,,,,2026-04-03T15:50:00.869052
693,Diwakar Tracom Pvt.Ltd.,Home Loan,Home Loan,,,700,,21,65,"[""salaried"", ""self-employed""]",20.0,,,,,,,,,True,[],[],,0.2,gemini,https://www.diwakarfinance.com,needs_review,medium,1,home loan,low,True,True,,,2026-04-03T15:50:39.781457
693,Diwakar Tracom Pvt.Ltd.,Personal Loan,Personal Loan,0.5,10.0,650,,21,60,"[""salaried"", ""self-employed""]",15.0,,,,,,,,,False,[],[],,0.4,gemini,https://www.diwakarfinance.com,needs_review,medium,1,personal loan,low,True,True,,,2026-04-03T15:50:39.781669
693,Diwakar Tracom Pvt.Ltd.,Two Wheeler Loan,Two Wheeler Loan,0.2,2.0,600,,18,60,"[""salaried"", ""self-employed""]",10.0,,,,,,,,,True,[],[],,0.4,gemini,https://www.diwakarfinance.com,needs_review,medium,1,two wheeler loan,low,True,True,,,2026-04-03T15:50:39.781861
694,DKV Finlease Pvt.Ltd.,Loan Against Property,Loan Against Property,,,,,21,65,"[""salaried"", ""self-employed"", ""business""]",,,,,,,,,,True,[],"[""Telangana""]",,0.2,gemini,https://www.heritagefinlease.in,needs_review,low,1,loan against property,medium,True,True,,,2026-04-03T15:51:19.242771
694,DKV Finlease Pvt.Ltd.,MSME Loan,MSME Loan,,,,,,,"[""business""]",,,2,,,,,,,,[],"[""Telangana""]",,0.2,gemini,https://www.heritagefinlease.in,needs_review,low,1,msme loan,medium,True,True,,,2026-04-03T15:51:19.242902
694,DKV Finlease Pvt.Ltd.,Micro Loan,Micro Loan,,,,,18,60,"[""self-employed"", ""business""]",,,,,,,,,,,[],"[""Telangana""]",Must be engaged in a viable income-generating activity; Residing in operational areas.,0.3,gemini,https://www.heritagefinlease.in,needs_review,low,1,micro loan,medium,False,True,,,2026-04-03T15:51:19.243001
695,Dravya Commercial Pvt Ltd,Business Loan,Business Loan,,,,,,,[],,,,,,,,,,,[],[],,0.0,gemini,https://dravyafinancial.com,needs_review,low,1,business loan,medium,,,,,2026-04-03T15:51:38.431656
695,Dravya Commercial Pvt Ltd,MSME Loan,MSME Loan,,,,,,,[],,,,,,,,,,,[],[],,0.0,gemini,https://dravyafinancial.com,needs_review,low,1,msme loan,medium,,,,,2026-04-03T15:51:38.431776
695,Dravya Commercial Pvt Ltd,Working Capital,Working Capital,,,,,,,[],,,,,,,,,,,[],[],,0.0,gemini,https://dravyafinancial.com,needs_review,low,1,working capital,medium,,,,,2026-04-03T15:51:38.431846
696,Dugar Automobile Finance Pvt Ltd,EV Loan,EV Loan,,,,,,,[],,,,,,,,,,,[],"[""Gujarat"", ""Karnataka"", ""Madhya Pradesh"", ""Maharashtra"", ""Rajasthan"", ""Tamil Nadu""]",,0.1,gemini,https://dugar.co.in,needs_review,low,1,ev loan,medium,,,,,2026-04-03T15:52:08.673062
696,Dugar Automobile Finance Pvt Ltd,Home Loan,Home Loan,,,,,,,[],,,,,,,,,,,[],"[""Gujarat"", ""Karnataka"", ""Madhya Pradesh"", ""Maharashtra"", ""Rajasthan"", ""Tamil Nadu""]",,0.1,gemini,https://dugar.co.in,needs_review,low,1,home loan,medium,,,,,2026-04-03T15:52:08.673451
696,Dugar Automobile Finance Pvt Ltd,Loan Against Property,Loan Against Property,,,,,,,[],,,,,,,,,,,[],"[""Gujarat"", ""Karnataka"", ""Madhya Pradesh"", ""Maharashtra"", ""Rajasthan"", ""Tamil Nadu""]",,0.1,gemini,https://dugar.co.in,needs_review,low,1,loan against property,medium,,,,,2026-04-03T15:52:08.673669
696,Dugar Automobile Finance Pvt Ltd,MSME Loan,MSME Loan,,,,,,,[],,,,,,,,,,,[],"[""Gujarat"", ""Karnataka"", ""Madhya Pradesh"", ""Maharashtra"", ""Rajasthan"", ""Tamil Nadu""]",,0.1,gemini,https://dugar.co.in,needs_review,low,1,msme loan,medium,,,,,2026-04-03T15:52:08.674046
696,Dugar Automobile Finance Pvt Ltd,Vehicle Loan,Vehicle Loan,,,,,,,[],,,,,,,,,,,[],"[""Gujarat"", ""Karnataka"", ""Madhya Pradesh"", ""Maharashtra"", ""Rajasthan"", ""Tamil Nadu""]",,0.1,gemini,https://dugar.co.in,needs_review,low,1,vehicle loan,medium,,,,,2026-04-03T15:52:08.674536
697,Dugar Finance & Investments Ltd.,EV Loan,EV Loan,,,,,,,[],,,,,,,,,,,[],[],,0.0,heuristic,https://dugar.co.in,needs_review,low,1,ev loan,medium,,,,,2026-04-03T15:52:42.391127
697,Dugar Finance & Investments Ltd.,MSME Loan,MSME Loan,,,,,,,"[""self_employed_non_professional"", ""business""]",,,,,,,,,,,[],[],,0.1,heuristic,https://dugar.co.in,needs_review,low,1,msme loan,medium,,,,,2026-04-03T15:52:42.391314
697,Dugar Finance & Investments Ltd.,Home Loan,Home Loan,,,,,,,[],,,,,,,,,,,[],[],,0.0,heuristic,https://dugar.co.in,needs_review,low,1,home loan,medium,,,,,2026-04-03T15:52:42.391438
697,Dugar Finance & Investments Ltd.,Vehicle Loan,Vehicle Loan,,,,,,,[],,,,,,,,,,,[],[],,0.0,heuristic,https://dugar.co.in,needs_review,low,1,vehicle loan,medium,,,,,2026-04-03T15:52:42.391553
697,Dugar Finance & Investments Ltd.,Loan Against Property,Loan Against Property,,,,,,,[],,,,,,,,,,,[],[],,0.0,heuristic,https://dugar.co.in,needs_review,low,1,loan against property,medium,,,,,2026-04-03T15:52:42.391665
698,Durgesh Holdings Pvt Ltd,Business Loan,Business Loan,,,,,,,[],,,,,,,,,,,[],"[""Delhi"", ""Maharashtra"", ""Telangana""]",,0.1,gemini,https://www.durgeshhold.com,needs_review,low,1,business loan,medium,,,,,2026-04-03T15:52:58.103181
698,Durgesh Holdings Pvt Ltd,Home Loan,Home Loan,,,,,,,[],,,,,,,,,,True,"[""property""]","[""Delhi"", ""Maharashtra"", ""Telangana""]",,0.1,gemini,https://www.durgeshhold.com,needs_review,low,1,home loan,medium,,,,,2026-04-03T15:52:58.103327
698,Durgesh Holdings Pvt Ltd,Personal Loan,Personal Loan,,,,,,,[],,,,,,,,,,False,[],"[""Delhi"", ""Maharashtra"", ""Telangana""]",,0.1,gemini,https://www.durgeshhold.com,needs_review,low,1,personal loan,medium,,,,,2026-04-03T15:52:58.103432
699,Durgesh Merchants Limited,MSME Loan,MSME Loan,,50.0,,,21,65,"[""business""]",,10.0,3,,,,,,,False,[],"[""Delhi""]","Business Type: Proprietorship, Partnership, Private Limited Company, or LLP. Good credit history required. Collateral not required for eligible businesses.",0.4,gemini,https://www.durgeshmerchantsltd.webresearchfoundation.com,needs_review,low,1,msme loan,medium,True,True,True,2,2026-04-03T15:53:22.241022
700,Dynamic Finvest Services Pvt. Ltd.,Business Loan,Business Loan,,500.0,,,21,65,"[""business""]",,12.0,3,,,,60,,True,,[],[],,0.3,gemini,https://dynamicfinvest.com,needs_review,low,1,business loan,medium,True,True,True,2,2026-04-03T15:54:04.978856
700,Dynamic Finvest Services Pvt. Ltd.,Personal Loan,Personal Loan,,25.0,,,21,60,"[""salaried"", ""self-employed""]",25.0,,,,,,60,,True,False,[],[],,0.3,gemini,https://dynamicfinvest.com,needs_review,low,1,personal loan,medium,True,True,,2,2026-04-03T15:54:04.979020
701,Dytron Finvest Pvt. Ltd. C,Business Loan,Business Loan,,,,,,,"[""business""]",,,2,,,,,,,,[],"[""West Bengal""]",,0.2,gemini,https://www.dytronfinvest.com,needs_review,low,1,business loan,medium,True,True,,,2026-04-03T15:54:26.510951
701,Dytron Finvest Pvt. Ltd. C,Personal Loan,Personal Loan,,,,,21,,"[""salaried"", ""self-employed""]",,,,,,,,,,False,[],"[""West Bengal""]",,0.2,gemini,https://www.dytronfinvest.com,needs_review,low,1,personal loan,medium,True,True,,,2026-04-03T15:54:26.511106
703,Earth India Finlease Ltd.,Education Loan,Education Loan,,,,,,,[],,,,,,,,,,,[],"[""Delhi""]",,0.1,gemini,https://www.earthleasingfinance.com,needs_review,low,1,education loan,medium,,,,,2026-04-03T15:55:02.350057
704,Earthstone Holding (Two) Private Limited,Home Loan,Home Loan,,,,,,,[],,,,,,,,,,,[],[],,0.0,gemini,https://www.earthstonein.com,needs_review,low,1,home loan,medium,,,,,2026-04-03T15:58:38.650033
704,Earthstone Holding (Two) Private Limited,Personal Loan,Personal Loan,,,,,,,[],,,,,,,,,,,[],[],,0.0,gemini,https://www.earthstonein.com,needs_review,low,1,personal loan,medium,,,,,2026-04-03T15:58:38.650081
705,Easun Capital Markets Ltd.,Working Capital Finance,Working Capital,,,,,,,"[""business""]",,,3,,,,,,,,[],[],Businesses with a proven track record and sound financial health. Positive net worth.,0.2,gemini,https://www.easuncapitalmarkets.com,needs_review,low,1,working capital finance,medium,True,True,True,3,2026-04-03T15:58:59.163733
705,Easun Capital Markets Ltd.,MSME Finance,MSME Loan,,,,,,,"[""business""]",,,2,,,,,,,,[],[],"MSMEs registered under the MSME Development Act, 2006. Positive cash flow and profitability.",0.2,gemini,https://www.easuncapitalmarkets.com,needs_review,low,1,msme finance,medium,True,True,True,2,2026-04-03T15:58:59.163844
706,Ecomark General Finance And Lealsing Limited,Business Loan,Business Loan,,,,,,,[],,,,,,,,,,,[],"[""Kerala""]",,0.1,gemini,https://www.ecomarkfinlet.com,needs_review,low,1,business loan,medium,,,,,2026-04-03T15:59:20.922444
706,Ecomark General Finance And Lealsing Limited,Gold Loan,Gold Loan,,,,,,,[],,,,,,,,,,True,"[""gold""]","[""Kerala""]",,0.1,gemini,https://www.ecomarkfinlet.com,needs_review,low,1,gold loan,medium,,,,,2026-04-03T15:59:20.922556
706,Ecomark General Finance And Lealsing Limited,Microfinance,Microfinance,,,,,,,[],,,,,,,,,,,[],"[""Kerala""]",,0.1,gemini,https://www.ecomarkfinlet.com,needs_review,low,1,microfinance,medium,,,,,2026-04-03T15:59:20.922621
706,Ecomark General Finance And Lealsing Limited,Personal Loan,Personal Loan,,,,,,,[],,,,,,,,,,,[],"[""Kerala""]",,0.1,gemini,https://www.ecomarkfinlet.com,needs_review,low,1,personal loan,medium,,,,,2026-04-03T15:59:20.922684
706,Ecomark General Finance And Lealsing Limited,Rural Loan,Rural Loan,,,,,,,[],,,,,,,,,,,[],"[""Kerala""]",,0.1,gemini,https://www.ecomarkfinlet.com,needs_review,low,1,rural loan,medium,,,,,2026-04-03T15:59:20.922738
706,Ecomark General Finance And Lealsing Limited,Two Wheeler Loan,Two Wheeler Loan,,,,,,,[],,,,,,,,,,True,[],"[""Kerala""]",,0.1,gemini,https://www.ecomarkfinlet.com,needs_review,low,1,two wheeler loan,medium,,,,,2026-04-03T15:59:20.922793
706,Ecomark General Finance And Lealsing Limited,Vehicle Loan,Vehicle Loan,,,,,,,[],,,,,,,,,,True,"[""vehicle""]","[""Kerala""]",,0.1,gemini,https://www.ecomarkfinlet.com,needs_review,low,1,vehicle loan,medium,,,,,2026-04-03T15:59:20.922847
707,Econ Super Sales Pvt Ltd,MSME Loan,MSME Loan,,,,,,,[],,,,,,,,,,,[],"[""Himachal Pradesh""]",,0.1,gemini,https://bfsi.economictimes.indiatimes.com/blog/how-nbfcs-are-driving-financial-inclusion-and-growth-in-rural-india/111988627,needs_review,low,1,msme loan,medium,,,,,2026-04-03T15:59:32.603214
707,Econ Super Sales Pvt Ltd,Rural Loan,Rural Loan,,,,,,,[],,,,,,,,,,,[],"[""Himachal Pradesh""]",,0.1,gemini,https://bfsi.economictimes.indiatimes.com/blog/how-nbfcs-are-driving-financial-inclusion-and-growth-in-rural-india/111988627,needs_review,low,1,rural loan,medium,,,,,2026-04-03T15:59:32.603352
708,Emerald Finance Limited (Formerly known as Emerald Leasing Finance and Investment Company Limited),MSME Loan,MSME Loan,,,,,,,[],,,,,,,,,,,[],"[""Chandigarh""]",,0.1,gemini,https://emeraldfin.com,needs_review,low,1,msme loan,medium,,,,,2026-04-03T15:59:54.181486
708,Emerald Finance Limited (Formerly known as Emerald Leasing Finance and Investment Company Limited),Rural Loan,Rural Loan,,,,,,,[],,,,,,,,,,,[],"[""Chandigarh""]",,0.1,gemini,https://emeraldfin.com,needs_review,low,1,rural loan,medium,,,,,2026-04-03T15:59:54.181597
708,Emerald Finance Limited (Formerly known as Emerald Leasing Finance and Investment Company Limited),Working Capital,Working Capital,,,,,,,[],,,,,,,,,,,[],"[""Chandigarh""]",,0.1,gemini,https://emeraldfin.com,needs_review,low,1,working capital,medium,,,,,2026-04-03T15:59:54.181681
709,Emkay Corporate Services Pvt. Ltd.,Rural Loan,Rural Loan,,,,,,,[],,,,,,,,,,,[],[],,0.0,gemini,https://www.emkayglobal.com/company-info/shareholding/emkay-global-financial-services-ltd,needs_review,low,1,rural loan,medium,,,,,2026-04-03T16:00:08.591722
710,Emkay Merchandise Pvt Ltd,Gold Loan,Gold Loan,,,,,,,[],,,,,,,,,,,[],[],,0.0,heuristic,https://emkayconsultantslimited.in/about-us,needs_review,low,1,gold loan,medium,,,,,2026-04-03T16:00:31.349223
710,Emkay Merchandise Pvt Ltd,MSME Loan,MSME Loan,,,,,,,"[""self_employed_non_professional"", ""business""]",,,,,,,,,,,[],[],,0.1,heuristic,https://emkayconsultantslimited.in/about-us,needs_review,low,1,msme loan,medium,,,,,2026-04-03T16:00:31.349340
711,Enbee Trade & Finance Ltd,Business Loan,Business Loan,,,,,,,[],,,,,,,,,,,[],[],,0.0,gemini,https://enbeetrade.com,needs_review,low,1,business loan,medium,,,,,2026-04-03T16:02:02.247978
711,Enbee Trade & Finance Ltd,MSME Loan,MSME Loan,,,,,,,[],,,,,,,,,,,[],[],,0.0,gemini,https://enbeetrade.com,needs_review,low,1,msme loan,medium,,,,,2026-04-03T16:02:02.248165
711,Enbee Trade & Finance Ltd,Personal Loan,Personal Loan,,,,,,,[],,,,,,,,,,,[],[],,0.0,gemini,https://enbeetrade.com,needs_review,low,1,personal loan,medium,,,,,2026-04-03T16:02:02.248273
711,Enbee Trade & Finance Ltd,Rural Loan,Rural Loan,,,,,,,[],,,,,,,,,,,[],[],,0.0,gemini,https://enbeetrade.com,needs_review,low,1,rural loan,medium,,,,,2026-04-03T16:02:02.248331
711,Enbee Trade & Finance Ltd,Two Wheeler Loan,Two Wheeler Loan,,,,,,,[],,,,,,,,,,,[],[],,0.0,gemini,https://enbeetrade.com,needs_review,low,1,two wheeler loan,medium,,,,,2026-04-03T16:02:02.248382
711,Enbee Trade & Finance Ltd,Vehicle Loan,Vehicle Loan,,,,,,,[],,,,,,,,,,,[],[],,0.0,gemini,https://enbeetrade.com,needs_review,low,1,vehicle loan,medium,,,,,2026-04-03T16:02:02.248431
712,Epic Vyapaar Private Limited,Personal Loan,Personal Loan,,5.0,,,21,60,"[""salaried"", ""self-employed""]",15.0,,,,,,,,,False,[],"[""Karnataka"", ""West Bengal""]",,0.3,gemini,https://www.vaibhav-vyapaar.com,needs_review,low,1,personal loan,medium,True,True,,,2026-04-03T16:02:18.835408
713,Epimoney Private Limited,MSME Loan,MSME Loan,,10.0,,,,,"[""business""]",,10.0,2,,,,24,,,False,[],"[""Karnataka"", ""Maharashtra"", ""Tamil Nadu""]",Business should be profitable for the last 2 years,0.5,gemini,https://www.epimoney.in,needs_review,medium,1,msme loan,low,True,True,True,2,2026-04-03T16:02:29.074766
714,Equator Corporate Finance Private Limited,MSME Loan,MSME Loan,,,,,,,"[""self_employed_non_professional"", ""business""]",,,,,,,,,,,[],[],,0.1,heuristic,https://equator.co.in,needs_review,low,1,msme loan,medium,,,,,2026-04-03T16:03:04.861865
714,Equator Corporate Finance Private Limited,Rural Loan,Rural Loan,,,,,,,"[""agriculture""]",,,,,,,,,,,[],[],,0.1,heuristic,https://equator.co.in,needs_review,low,1,rural loan,medium,,,,,2026-04-03T16:03:04.861982
714,Equator Corporate Finance Private Limited,Home Loan,Home Loan,,,,,,,[],,,,,,,,,,,[],[],,0.0,heuristic,https://equator.co.in,needs_review,low,1,home loan,medium,,,,,2026-04-03T16:03:04.862084
714,Equator Corporate Finance Private Limited,Loan Against Property,Loan Against Property,,,,,,,[],,,,,,,,,,,[],[],,0.0,heuristic,https://equator.co.in,needs_review,low,1,loan against property,medium,,,,,2026-04-03T16:03:04.862149
715,ESN Finance and Capital Services Limited,Personal Loan,Personal Loan,,,,,,,"[""salaried"", ""self-employed""]",,,,,,,,,,,[],[],,0.1,heuristic,https://www.esnfinance.com,needs_review,low,1,personal loan,medium,,,,,2026-04-03T16:03:26.366446
715,ESN Finance and Capital Services Limited,Working Capital,Working Capital,,,,,,,"[""self_employed_non_professional"", ""business""]",,,,,,,,,,,[],[],,0.1,heuristic,https://www.esnfinance.com,needs_review,low,1,working capital,medium,,,,,2026-04-03T16:03:26.366555
715,ESN Finance and Capital Services Limited,Loan Against Property,Loan Against Property,,,,,,,[],,,,,,,,,,,[],[],,0.0,heuristic,https://www.esnfinance.com,needs_review,low,1,loan against property,medium,,,,,2026-04-03T16:03:26.366613
715,ESN Finance and Capital Services Limited,Business Loan,Business Loan,,,,,,,"[""self_employed_non_professional"", ""business""]",,,,,,,,,,,[],[],,0.1,heuristic,https://www.esnfinance.com,needs_review,low,1,business loan,medium,,,,,2026-04-03T16:03:26.366666
716,Excellent Fincap Private Ltd.,Consumer Durable Loan,Consumer Durable Loan,,,,,,,[],,,,,,,,,,,[],"[""West Bengal""]",,0.1,gemini,https://www.comfortfincap.com,needs_review,low,1,consumer durable loan,medium,,,,,2026-04-03T16:03:48.916094
716,Excellent Fincap Private Ltd.,MSME Loan,MSME Loan,,,,,,,[],,,,,,,,,,,[],"[""West Bengal""]",,0.1,gemini,https://www.comfortfincap.com,needs_review,low,1,msme loan,medium,,,,,2026-04-03T16:03:48.916201
716,Excellent Fincap Private Ltd.,Personal Loan,Personal Loan,,,,,,,[],,,,,,,,,,,[],"[""West Bengal""]",,0.1,gemini,https://www.comfortfincap.com,needs_review,low,1,personal loan,medium,,,,,2026-04-03T16:03:48.916275
716,Excellent Fincap Private Ltd.,Rural Loan,Rural Loan,,,,,,,[],,,,,,,,,,,[],"[""West Bengal""]",,0.1,gemini,https://www.comfortfincap.com,needs_review,low,1,rural loan,medium,,,,,2026-04-03T16:03:48.916333
716,Excellent Fincap Private Ltd.,Supply Chain Finance,Supply Chain Finance,,,,,,,[],,,,,,,,,,,[],"[""West Bengal""]",,0.1,gemini,https://www.comfortfincap.com,needs_review,low,1,supply chain finance,medium,,,,,2026-04-03T16:03:48.916391
716,Excellent Fincap Private Ltd.,Working Capital,Working Capital,,,,,,,[],,,,,,,,,,,[],"[""West Bengal""]",,0.1,gemini,https://www.comfortfincap.com,needs_review,low,1,working capital,medium,,,,,2026-04-03T16:03:48.916452
717,Fair Connect Financial Services Private Limited,Agriculture Loan,Agriculture Loan,,,,,,,[],,,,,,,,,,,[],"[""Delhi"", ""Punjab""]",,0.1,gemini,https://www.fairconnect.in,needs_review,low,1,agriculture loan,medium,,,,,2026-04-03T16:04:11.471264
717,Fair Connect Financial Services Private Limited,Business Loan,Business Loan,,,,,,,[],,,,,,,,,,,[],"[""Delhi"", ""Punjab""]",,0.1,gemini,https://www.fairconnect.in,needs_review,low,1,business loan,medium,,,,,2026-04-03T16:04:11.471377
717,Fair Connect Financial Services Private Limited,Gold Loan,Gold Loan,,,,,,,[],,,,,,,,,,True,"[""gold""]","[""Delhi"", ""Punjab""]",,0.1,gemini,https://www.fairconnect.in,needs_review,low,1,gold loan,medium,,,,,2026-04-03T16:04:11.471449
717,Fair Connect Financial Services Private Limited,Loan Against Property,Loan Against Property,,,,,,,[],,,,,,,,,,True,"[""property""]","[""Delhi"", ""Punjab""]",,0.1,gemini,https://www.fairconnect.in,needs_review,low,1,loan against property,medium,,,,,2026-04-03T16:04:11.471582
718,Femina Merchants (P) Ltd,Business Loan,Business Loan,,,,,,,"[""self_employed_non_professional"", ""business""]",,,,,,,,,,,[],[],,0.1,heuristic,https://feminafin.in,needs_review,low,1,business loan,medium,,,,,2026-04-03T16:04:42.824339
718,Femina Merchants (P) Ltd,MSME Loan,MSME Loan,,,,,,,"[""self_employed_non_professional"", ""business""]",,,,,,,,,,,[],[],,0.1,heuristic,https://feminafin.in,needs_review,low,1,msme loan,medium,,,,,2026-04-03T16:04:42.824443
718,Femina Merchants (P) Ltd,Credit Card,Credit Card,,,,,,,[],,,,,,,,,,,[],[],,0.0,heuristic,https://feminafin.in,needs_review,low,1,credit card,medium,,,,,2026-04-03T16:04:42.824515
718,Femina Merchants (P) Ltd,Microfinance,Microfinance,,,,,,,[],,,,,,,,,,,[],[],,0.0,heuristic,https://feminafin.in,needs_review,low,1,microfinance,medium,,,,,2026-04-03T16:04:42.824577
718,Femina Merchants (P) Ltd,Personal Loan,Personal Loan,,,,,,,"[""salaried"", ""self-employed""]",,,,,,,,,,,[],[],,0.1,heuristic,https://feminafin.in,needs_review,low,1,personal loan,medium,,,,,2026-04-03T16:04:42.824641
718,Femina Merchants (P) Ltd,Rural Loan,Rural Loan,,,,,,,"[""agriculture""]",,,,,,,,,,,[],[],,0.1,heuristic,https://feminafin.in,needs_review,low,1,rural loan,medium,,,,,2026-04-03T16:04:42.824704
719,Fexprime Finance Private Limited (formerly known as Bussan Auto Finance India Private Ltd),Personal Loan,Personal Loan,,,,,21,60,"[""salaried"", ""self-employed""]",,,,,,,,,,False,[],"[""Delhi""]",Stable source of income required. Good credit history required.,0.3,gemini,https://www.fexprime.com,needs_review,low,1,personal loan,medium,True,True,,,2026-04-03T16:05:10.194662
720,Finagle Financial Services Private Limited,Business Loan,Business Loan,,50.0,,,21,65,"[""business""]",,12.0,3,,,,,,,,[],[],,0.2,gemini,https://www.finagle.co.in,needs_review,low,1,business loan,medium,True,True,True,2,2026-04-03T16:05:33.156727
720,Finagle Financial Services Private Limited,Personal Loan,Personal Loan,,25.0,,,21,60,"[""salaried"", ""self-employed""]",20.0,,,,,,,,,False,[],[],,0.2,gemini,https://www.finagle.co.in,needs_review,low,1,personal loan,medium,True,True,,,2026-04-03T16:05:33.156842
720,Finagle Financial Services Private Limited,Education Loan,Education Loan,,100.0,,,18,35,"[""student""]",,,,,,,,,,,[],[],Co-applicant mandatory (Salaried or Self-Employed),0.3,gemini,https://www.finagle.co.in,needs_review,low,1,education loan,medium,True,True,,,2026-04-03T16:05:33.156914
721,"Fincfriends Private Limited (Reissued On December 24, 2018)",Rural Loan,Rural Loan,,2.0,,,18,65,"[""agriculture"", ""business"", ""self_employed_non_professional""]",,,,24.0,,,24,2.0,,,[],"[""Gujarat"", ""Haryana"", ""Karnataka"", ""Maharashtra"", ""Tamil Nadu""]",,0.5,gemini,https://www.fincfriends.com,needs_review,medium,1,rural loan,low,True,True,False,,2026-04-03T16:05:57.237624
722,Fincsquare Fintech Private Limited,Business Loan,Business Loan,,,,,,,"[""business""]",,,,,,,,,,,[],[],,0.1,gemini,https://www.fincsquare.com,needs_review,low,1,business loan,medium,,,,,2026-04-03T16:06:12.432181
722,Fincsquare Fintech Private Limited,Personal Loan,Personal Loan,,,,,,,[],,,,,,,,,,,[],[],,0.0,gemini,https://www.fincsquare.com,needs_review,low,1,personal loan,medium,,,,,2026-04-03T16:06:12.432291
723,Findoc Finvest (P) Ltd (Formerly known as Aujla Finvest Pvt Ltd and Name Changed On 8.02.2016),Business Loan,Business Loan,,50.0,650,,21,65,"[""business""]",,,3,,,,36,,,False,[],"[""Haryana"", ""Punjab""]",,0.5,gemini,https://findocfinvest.com,needs_review,medium,1,business loan,low,True,True,True,2,2026-04-03T16:06:37.649160
723,Findoc Finvest (P) Ltd (Formerly known as Aujla Finvest Pvt Ltd and Name Changed On 8.02.2016),EV Loan,EV Loan,,10.0,650,,21,65,"[""salaried"", ""self-employed""]",20.0,,,,,,60,,,True,[],"[""Haryana"", ""Punjab""]",,0.5,gemini,https://findocfinvest.com,needs_review,medium,1,ev loan,low,True,True,,,2026-04-03T16:06:37.649285
723,Findoc Finvest (P) Ltd (Formerly known as Aujla Finvest Pvt Ltd and Name Changed On 8.02.2016),Loan Against Property,Loan Against Property,,500.0,650,,21,65,"[""salaried"", ""self-employed""]",25.0,,,,,,180,,,True,"[""property""]","[""Haryana"", ""Punjab""]",,0.5,gemini,https://findocfinvest.com,needs_review,medium,1,loan against property,low,True,True,,,2026-04-03T16:06:37.649372
724,Fingrow Investment Ventures Private Limited,Business Loan,Business Loan,,50.0,,,21,65,"[""business""]",,10.0,2,,,,60,,,,[],[],,0.3,gemini,https://fingrowcapital.com,needs_review,low,1,business loan,medium,True,True,True,2,2026-04-03T16:07:01.720764
724,Fingrow Investment Ventures Private Limited,MSME Loan,MSME Loan,,100.0,,,25,60,"[""business""]",,20.0,3,,,,72,,,,[],[],Business must be registered as an MSME.,0.4,gemini,https://fingrowcapital.com,needs_review,low,1,msme loan,medium,True,True,,3,2026-04-03T16:07:01.720881
724,Fingrow Investment Ventures Private Limited,Working Capital Loan,Working Capital,,75.0,,,21,65,"[""business""]",,15.0,2,,,,36,,,,[],[],,0.3,gemini,https://fingrowcapital.com,needs_review,low,1,working capital loan,medium,True,True,True,2,2026-04-03T16:07:01.720957
725,Finindia Credit And Finance Limited (Formerly Deepraj Investments Limited),Business Loan,Business Loan,,,,,,,[],,,,,,,,,,,[],"[""Delhi""]",,0.1,gemini,https://finindia.co.in,needs_review,low,1,business loan,medium,,,,,2026-04-03T16:07:22.084229
725,Finindia Credit And Finance Limited (Formerly Deepraj Investments Limited),Home Loan,Home Loan,,,,,,,[],,,,,,,,,,True,[],"[""Delhi""]",,0.1,gemini,https://finindia.co.in,needs_review,low,1,home loan,medium,,,,,2026-04-03T16:07:22.084359
725,Finindia Credit And Finance Limited (Formerly Deepraj Investments Limited),Loan Against Property,Loan Against Property,,,,,,,[],,,,,,,,,,True,[],"[""Delhi""]",,0.1,gemini,https://finindia.co.in,needs_review,low,1,loan against property,medium,,,,,2026-04-03T16:07:22.084447
725,Finindia Credit And Finance Limited (Formerly Deepraj Investments Limited),MSME Loan,MSME Loan,,,,,,,[],,,,,,,,,,,[],"[""Delhi""]",,0.1,gemini,https://finindia.co.in,needs_review,low,1,msme loan,medium,,,,,2026-04-03T16:07:22.084516
725,Finindia Credit And Finance Limited (Formerly Deepraj Investments Limited),Personal Loan,Personal Loan,,,,,,,[],,,,,,,,,,False,[],"[""Delhi""]",,0.1,gemini,https://finindia.co.in,needs_review,low,1,personal loan,medium,,,,,2026-04-03T16:07:22.084584
726,Finvent Finance And Investments Limited,Business Loan,Business Loan,,,,,,,[],,,,,,,,,,,[],"[""Kerala""]",,0.1,gemini,http://finventfinance.com,needs_review,low,1,business loan,medium,,,,,2026-04-03T16:07:49.070622
726,Finvent Finance And Investments Limited,Gold Loan,Gold Loan,,,,,,,[],,,,,,,,,,True,"[""gold""]","[""Kerala""]",,0.1,gemini,http://finventfinance.com,needs_review,low,1,gold loan,medium,,,,,2026-04-03T16:07:49.070730
726,Finvent Finance And Investments Limited,Microfinance,Microfinance,,,,,,,[],,,,,,,,,,,[],"[""Kerala""]",,0.1,gemini,http://finventfinance.com,needs_review,low,1,microfinance,medium,,,,,2026-04-03T16:07:49.070795
726,Finvent Finance And Investments Limited,Personal Loan,Personal Loan,,,,,,,[],,,,,,,,,,,[],"[""Kerala""]",,0.1,gemini,http://finventfinance.com,needs_review,low,1,personal loan,medium,,,,,2026-04-03T16:07:49.070850
726,Finvent Finance And Investments Limited,Two Wheeler Loan,Two Wheeler Loan,,,,,,,[],,,,,,,,,,,[],"[""Kerala""]",,0.1,gemini,http://finventfinance.com,needs_review,low,1,two wheeler loan,medium,,,,,2026-04-03T16:07:49.070911
726,Finvent Finance And Investments Limited,Vehicle Loan,Vehicle Loan,,,,,,,[],,,,,,,,,,,[],"[""Kerala""]",,0.1,gemini,http://finventfinance.com,needs_review,low,1,vehicle loan,medium,,,,,2026-04-03T16:07:49.070962
727,Firstsource Credits Private Limited,Business Loan,Business Loan,,,,,,,[],,,,,,,,,,,[],"[""Karnataka"", ""Telangana""]",,0.1,gemini,https://firstsourcecredits.com,needs_review,low,1,business loan,medium,,,,,2026-04-03T16:08:02.913158
727,Firstsource Credits Private Limited,Personal Loan,Personal Loan,,,,,,,[],,,,,,,,,,,[],"[""Karnataka"", ""Telangana""]",,0.1,gemini,https://firstsourcecredits.com,needs_review,low,1,personal loan,medium,,,,,2026-04-03T16:08:02.913268
727,Firstsource Credits Private Limited,Vehicle Loan,Vehicle Loan,,,,,,,[],,,,,,,,,,,[],"[""Karnataka"", ""Telangana""]",,0.1,gemini,https://firstsourcecredits.com,needs_review,low,1,vehicle loan,medium,,,,,2026-04-03T16:08:02.913336
728,Fleeting Vyapaar  Pvt. Ltd.,Personal Loan,Personal Loan,,5.0,,,21,60,"[""salaried"", ""self-employed""]",15.0,,,,,,,,,False,[],"[""Karnataka"", ""West Bengal""]","Minimum monthly income of ₹15,000 for salaried individuals and ₹20,000 for self-employed individuals.",0.4,gemini,https://www.vaibhav-vyapaar.com,needs_review,low,1,personal loan,medium,True,True,False,,2026-04-03T16:08:24.910026
729,Flipstar Finance Limited,Working Capital,Working Capital,,,,,,,"[""self_employed_non_professional"", ""business""]",,,,,,,,,,,[],[],,0.1,heuristic,https://www.flipstar.in,needs_review,low,1,working capital,medium,,,,,2026-04-03T16:08:51.153363
729,Flipstar Finance Limited,Business Loan,Business Loan,,,,,,,"[""self_employed_non_professional"", ""business""]",,,,,,,,,,,[],[],,0.1,heuristic,https://www.flipstar.in,needs_review,low,1,business loan,medium,,,,,2026-04-03T16:08:51.153486
729,Flipstar Finance Limited,Gold Loan,Gold Loan,,,,,,,[],,,,,,,,,,,[],[],,0.0,heuristic,https://www.flipstar.in,needs_review,low,1,gold loan,medium,,,,,2026-04-03T16:08:51.153549
729,Flipstar Finance Limited,Consumer Durable Loan,Consumer Durable Loan,,,,,,,"[""salaried"", ""self-employed""]",,,,,,,,,,,[],[],,0.1,heuristic,https://www.flipstar.in,needs_review,low,1,consumer durable loan,medium,,,,,2026-04-03T16:08:51.153610
729,Flipstar Finance Limited,Two Wheeler Loan,Two Wheeler Loan,,,,,,,[],,,,,,,,,,,[],[],,0.0,heuristic,https://www.flipstar.in,needs_review,low,1,two wheeler loan,medium,,,,,2026-04-03T16:08:51.153736
729,Flipstar Finance Limited,Vehicle Loan,Vehicle Loan,,,,,,,[],,,,,,,,,,,[],[],,0.0,heuristic,https://www.flipstar.in,needs_review,low,1,vehicle loan,medium,,,,,2026-04-03T16:08:51.153791
729,Flipstar Finance Limited,Loan Against Property,Loan Against Property,,,,,,,[],,,,,,,,,,,[],[],,0.0,heuristic,https://www.flipstar.in,needs_review,low,1,loan against property,medium,,,,,2026-04-03T16:08:51.153840
729,Flipstar Finance Limited,Personal Loan,Personal Loan,,,,,,,"[""salaried"", ""self-employed""]",,,,,,,,,,,[],[],,0.1,heuristic,https://www.flipstar.in,needs_review,low,1,personal loan,medium,,,,,2026-04-03T16:08:51.153900
730,Floral Vyapaar (P) Ltd,Loan Against Property,Loan Against Property,,,,,21,65,"[""salaried"", ""self-employed""]",,,,,,,,,,True,[],"[""West Bengal""]","Indian Resident, Good credit history, Stable income source.",0.3,gemini,https://www.floralvyapaar.com,needs_review,low,1,loan against property,medium,,,,,2026-04-03T16:09:14.731387
731,Fortune Portfolio Private Ltd,MSME Loan,MSME Loan,,,,,,,[],,,,,,,,,,,[],[],,0.0,gemini,https://www.fortuneindia.com/opinion/the-road-ahead-for-nbfcs/103720,needs_review,low,1,msme loan,medium,,,,,2026-04-03T16:09:28.589721
731,Fortune Portfolio Private Ltd,Rural Loan,Rural Loan,,,,,,,[],,,,,,,,,,,[],[],,0.0,gemini,https://www.fortuneindia.com/opinion/the-road-ahead-for-nbfcs/103720,needs_review,low,1,rural loan,medium,,,,,2026-04-03T16:09:28.589826
732,Fox Capital Private Limited,Consumer Durable Loan,Consumer Durable Loan,,2.0,650,,21,60,"[""salaried"", ""self-employed""]",15.0,,,18.0,,,24,,,,[],[],,0.5,gemini,https://foxcapital.in/foxcapital,needs_review,medium,1,consumer durable loan,high,True,True,,,2026-04-03T16:09:49.564641
732,Fox Capital Private Limited,Personal Loan,Personal Loan,,5.0,650,,21,60,"[""salaried"", ""self-employed""]",20.0,,,18.0,,,36,,,,[],[],,0.5,gemini,https://foxcapital.in/foxcapital,needs_review,medium,1,personal loan,high,True,True,,,2026-04-03T16:09:49.564759
733,Freemen Investments Private Ltd.,Business Loan,Business Loan,,,,,,,"[""business"", ""self-employed""]",,,,,,,,,,,[],"[""Kerala""]",,0.2,gemini,https://www.freemeninvestments.com,needs_review,low,1,business loan,medium,,,,,2026-04-03T16:10:14.029766
733,Freemen Investments Private Ltd.,Gold Loan,Gold Loan,,,,,,,[],,,,,,,,,,True,"[""gold""]","[""Kerala""]",,0.1,gemini,https://www.freemeninvestments.com,needs_review,low,1,gold loan,medium,,,,,2026-04-03T16:10:14.029872
733,Freemen Investments Private Ltd.,Loan Against Property,Loan Against Property,,,,,,,[],,,,,,,,,,True,"[""property""]","[""Kerala""]",,0.1,gemini,https://www.freemeninvestments.com,needs_review,low,1,loan against property,medium,,,,,2026-04-03T16:10:14.029940
734,Fynx Capital Limited (Earlier known as Rajath Finance Limited),MSME Loan,MSME Loan,,,,,,,"[""self_employed_non_professional"", ""business""]",,,,,,,,,,,[],[],,0.1,heuristic,https://fynxcapital.com,needs_review,low,1,msme loan,medium,,,,,2026-04-03T16:10:50.385766
734,Fynx Capital Limited (Earlier known as Rajath Finance Limited),Supply Chain Finance,Supply Chain Finance,,,,,,,"[""self_employed_non_professional"", ""business""]",,,,,,,,,,,[],[],,0.1,heuristic,https://fynxcapital.com,needs_review,low,1,supply chain finance,medium,,,,,2026-04-03T16:10:50.385870
734,Fynx Capital Limited (Earlier known as Rajath Finance Limited),Rural Loan,Rural Loan,,,,,,,"[""agriculture""]",,,,,,,,,,,[],[],,0.1,heuristic,https://fynxcapital.com,needs_review,low,1,rural loan,medium,,,,,2026-04-03T16:10:50.385932
734,Fynx Capital Limited (Earlier known as Rajath Finance Limited),Working Capital,Working Capital,,,,,,,"[""self_employed_non_professional"", ""business""]",,,,,,,,,,,[],[],,0.1,heuristic,https://fynxcapital.com,needs_review,low,1,working capital,medium,,,,,2026-04-03T16:10:50.385983
735,Ganesh Capfin Ltd.,Business Loan,Business Loan,,,,,,,[],,,,,,,,,,,[],"[""Rajasthan""]",,0.1,gemini,https://www.ganeshcapfin.in,needs_review,low,1,business loan,medium,,,,,2026-04-03T16:11:21.063351
735,Ganesh Capfin Ltd.,Home Loan,Home Loan,,,,,,,[],,,,,,,,,,,[],"[""Rajasthan""]",,0.1,gemini,https://www.ganeshcapfin.in,needs_review,low,1,home loan,medium,,,,,2026-04-03T16:11:21.063457
735,Ganesh Capfin Ltd.,MSME Loan,MSME Loan,,,,,,,[],,,,,,,,,,,[],"[""Rajasthan""]",,0.1,gemini,https://www.ganeshcapfin.in,needs_review,low,1,msme loan,medium,,,,,2026-04-03T16:11:21.063537
735,Ganesh Capfin Ltd.,Personal Loan,Personal Loan,,,,,,,[],,,,,,,,,,,[],"[""Rajasthan""]",,0.1,gemini,https://www.ganeshcapfin.in,needs_review,low,1,personal loan,medium,,,,,2026-04-03T16:11:21.063593
735,Ganesh Capfin Ltd.,Vehicle Loan,Vehicle Loan,,,,,,,[],,,,,,,,,,,[],"[""Rajasthan""]",,0.1,gemini,https://www.ganeshcapfin.in,needs_review,low,1,vehicle loan,medium,,,,,2026-04-03T16:11:21.063656
736,Ganesh Finstock Limited,Rural Loan,Rural Loan,,,,,,,"[""agriculture"", ""self-employed"", ""business""]",,,,,,,,,,,[],"[""Delhi""]",,0.2,gemini,https://ganeshleasfin.com,needs_review,low,1,rural loan,medium,,,,,2026-04-03T16:11:38.669137
737,Ganesh Hire Purchase & Leasing Finance Private Limited,Rural Loan,Rural Loan,,,,,,,[],,,,,,,,,,,[],"[""Delhi""]",,0.1,gemini,https://ganeshleasfin.com,needs_review,low,1,rural loan,medium,,,,,2026-04-03T16:11:51.303913
738,Ganesh Leasfin Pvt. Ltd.,Rural Loan,Rural Loan,,,,,,,[],,,,,,,,,,,[],"[""Delhi""]",,0.1,gemini,https://ganeshleasfin.com,needs_review,low,1,rural loan,medium,,,,,2026-04-03T16:12:05.757068
739,Ganpati Finlease Pvt. Ltd.,Business Loan,Business Loan,,,,,,,[],,,,,,,,,,,[],"[""Delhi""]",,0.1,gemini,https://www.ganpatifin.in,needs_review,low,1,business loan,medium,,,,,2026-04-03T16:12:35.155240
740,Ganpati Riverside  Pvt. Ltd.,Business Loan,Business Loan,,,,,,,[],,,,,,,,,,,[],"[""Andaman and Nicobar Islands"", ""Andhra Pradesh"", ""Arunachal Pradesh"", ""Assam"", ""Bihar"", ""Chandigarh"", ""Chhattisgarh"", ""Delhi"", ""Goa"", ""Gujarat""]",,0.1,gemini,https://ganpatifinanceltd.com,needs_review,low,1,business loan,medium,,,,,2026-04-03T16:12:56.004610
740,Ganpati Riverside  Pvt. Ltd.,Home Loan,Home Loan,,,,,,,[],,,,,,,,,,,[],"[""Andaman and Nicobar Islands"", ""Andhra Pradesh"", ""Arunachal Pradesh"", ""Assam"", ""Bihar"", ""Chandigarh"", ""Chhattisgarh"", ""Delhi"", ""Goa"", ""Gujarat""]",,0.1,gemini,https://ganpatifinanceltd.com,needs_review,low,1,home loan,medium,,,,,2026-04-03T16:12:56.004736
740,Ganpati Riverside  Pvt. Ltd.,Personal Loan,Personal Loan,,,,,,,[],,,,,,,,,,,[],"[""Andaman and Nicobar Islands"", ""Andhra Pradesh"", ""Arunachal Pradesh"", ""Assam"", ""Bihar"", ""Chandigarh"", ""Chhattisgarh"", ""Delhi"", ""Goa"", ""Gujarat""]",,0.1,gemini,https://ganpatifinanceltd.com,needs_review,low,1,personal loan,medium,,,,,2026-04-03T16:12:56.004814
740,Ganpati Riverside  Pvt. Ltd.,Vehicle Loan,Vehicle Loan,,,,,,,[],,,,,,,,,,,[],"[""Andaman and Nicobar Islands"", ""Andhra Pradesh"", ""Arunachal Pradesh"", ""Assam"", ""Bihar"", ""Chandigarh"", ""Chhattisgarh"", ""Delhi"", ""Goa"", ""Gujarat""]",,0.1,gemini,https://ganpatifinanceltd.com,needs_review,low,1,vehicle loan,medium,,,,,2026-04-03T16:12:56.004896
741,Gavde Finance Pvt. Ltd,Rural Loan,Rural Loan,,,,,18,,"[""agriculture"", ""business"", ""salaried""]",,,,,,,,,,,[],"[""Maharashtra""]",Applicants must be residents of rural or semi-urban areas.,0.3,gemini,https://gavdefinance.com,needs_review,low,1,rural loan,medium,True,True,,,2026-04-03T16:13:25.650616
742,Geetanjali Credit And Capital Limited,Business Loan,Business Loan,,,,,,,[],,,,,,,,,,,[],"[""Delhi"", ""Karnataka""]",,0.1,gemini,https://www.geetanjalicreditcapital.in,needs_review,low,1,business loan,medium,,,,,2026-04-03T16:13:51.780804
743,Genesis Finance Company Limited,Business Loan,Business Loan,,,,,,,[],,,,,,,,,,,[],"[""Delhi""]",,0.1,gemini,https://www.genesisfinance.net,needs_review,low,1,business loan,medium,,,,,2026-04-03T16:14:15.629147
743,Genesis Finance Company Limited,Home Loan,Home Loan,,,,,,,[],,,,,,,,,,,[],"[""Delhi""]",,0.1,gemini,https://www.genesisfinance.net,needs_review,low,1,home loan,medium,,,,,2026-04-03T16:14:15.629267
743,Genesis Finance Company Limited,Loan Against Property,Loan Against Property,,,,,,,[],,,,,,,,,,,[],"[""Delhi""]",,0.1,gemini,https://www.genesisfinance.net,needs_review,low,1,loan against property,medium,,,,,2026-04-03T16:14:15.629329
743,Genesis Finance Company Limited,MSME Loan,MSME Loan,,,,,,,[],,,,,,,,,,,[],"[""Delhi""]",,0.1,gemini,https://www.genesisfinance.net,needs_review,low,1,msme loan,medium,,,,,2026-04-03T16:14:15.629384
743,Genesis Finance Company Limited,Personal Loan,Personal Loan,,,,,,,[],,,,,,,,,,,[],"[""Delhi""]",,0.1,gemini,https://www.genesisfinance.net,needs_review,low,1,personal loan,medium,,,,,2026-04-03T16:14:15.629437
743,Genesis Finance Company Limited,Vehicle Loan,Vehicle Loan,,,,,,,[],,,,,,,,,,,[],"[""Delhi""]",,0.1,gemini,https://www.genesisfinance.net,needs_review,low,1,vehicle loan,medium,,,,,2026-04-03T16:14:15.629490
743,Genesis Finance Company Limited,Working Capital,Working Capital,,,,,,,[],,,,,,,,,,,[],"[""Delhi""]",,0.1,gemini,https://www.genesisfinance.net,needs_review,low,1,working capital,medium,,,,,2026-04-03T16:14:15.629541
744,Geojit Credits (P) Ltd (Formerly Known as A S R Financing & Leasing (P) Ltd),MSME Loan,MSME Loan,,,,,,,[],,,3,,,,,,,,[],"[""Kerala""]",Business should be profitable for the last 2 years.,0.2,gemini,https://www.geojitcredits.com,needs_review,low,1,msme loan,medium,True,True,,2,2026-04-03T16:14:42.675914
744,Geojit Credits (P) Ltd (Formerly Known as A S R Financing & Leasing (P) Ltd),Rural Loan,Rural Loan,,,,,,,"[""agriculture"", ""business""]",,,,,,,,,,,[],"[""Kerala""]",Applicants must reside in rural or semi-urban areas.,0.3,gemini,https://www.geojitcredits.com,needs_review,low,1,rural loan,medium,True,True,,,2026-04-03T16:14:42.676033
744,Geojit Credits (P) Ltd (Formerly Known as A S R Financing & Leasing (P) Ltd),Loan Against Property,Loan Against Property,,,,,,,[],,,,,,,,,,True,[],"[""Kerala""]",,0.1,gemini,https://www.geojitcredits.com,needs_review,low,1,loan against property,medium,True,True,,,2026-04-03T16:14:42.676107
744,Geojit Credits (P) Ltd (Formerly Known as A S R Financing & Leasing (P) Ltd),Gold Loan,Gold Loan,,,,,18,,[],,,,,,,,,,True,[],"[""Kerala""]",,0.1,gemini,https://www.geojitcredits.com,needs_review,low,1,gold loan,medium,True,True,,,2026-04-03T16:14:42.676216
744,Geojit Credits (P) Ltd (Formerly Known as A S R Financing & Leasing (P) Ltd),Vehicle Loan,Vehicle Loan,,,,,21,,"[""salaried"", ""self-employed""]",,,,,,,,,,True,"[""vehicle""]","[""Kerala""]",,0.2,gemini,https://www.geojitcredits.com,needs_review,low,1,vehicle loan,medium,True,True,,,2026-04-03T16:14:42.676306
745,Ggrace Leasing Co Pvt Ltd,Business Loan,Business Loan,,,,,,,[],,,,,,,,,,,[],"[""Kerala""]",,0.1,gemini,https://ggraceleasing.com,needs_review,low,1,business loan,medium,,,,,2026-04-03T16:14:58.663750
745,Ggrace Leasing Co Pvt Ltd,Gold Loan,Gold Loan,,,,,,,[],,,,,,,,,,True,"[""gold""]","[""Kerala""]",,0.1,gemini,https://ggraceleasing.com,needs_review,low,1,gold loan,medium,,,,,2026-04-03T16:14:58.663856
745,Ggrace Leasing Co Pvt Ltd,Personal Loan,Personal Loan,,,,,,,[],,,,,,,,,,,[],"[""Kerala""]",,0.1,gemini,https://ggraceleasing.com,needs_review,low,1,personal loan,medium,,,,,2026-04-03T16:14:58.663937
745,Ggrace Leasing Co Pvt Ltd,Vehicle Loan,Vehicle Loan,,,,,,,[],,,,,,,,,,True,"[""vehicle""]","[""Kerala""]",,0.1,gemini,https://ggraceleasing.com,needs_review,low,1,vehicle loan,medium,,,,,2026-04-03T16:14:58.663994
746,"Ghalla & Bhansali Securities Pvt. Ltd,",Rural Loan,Rural Loan,,,,,,,[],,,,,,,,,,,[],[],,0.0,gemini,https://www.ghallabhansali.com,needs_review,low,1,rural loan,medium,,,,,2026-04-03T16:15:09.680830
747,Ginni Fincap Pvt. Ltd.,Rural Loan,Rural Loan,,,,,,,[],,,,,,,,,,,[],"[""Delhi"", ""Haryana""]",,0.1,gemini,https://www.seedsfincap.com/mission.html,needs_review,low,1,rural loan,medium,,,,,2026-04-03T16:15:19.758521
748,Glaxo Finance Private Limited,Business Loan,Business Loan,,,,,,,[],,,,,,,,,,,[],[],,0.0,gemini,https://www.glaxoin.com,needs_review,low,1,business loan,medium,,,,,2026-04-03T16:17:33.750219
748,Glaxo Finance Private Limited,Loan Against Property,Loan Against Property,,,,,,,[],,,,,,,,,,True,"[""property""]",[],,0.0,gemini,https://www.glaxoin.com,needs_review,low,1,loan against property,medium,,,,,2026-04-03T16:17:33.750337
748,Glaxo Finance Private Limited,MSME Loan,MSME Loan,,,,,,,[],,,,,,,,,,,[],[],,0.0,gemini,https://www.glaxoin.com,needs_review,low,1,msme loan,medium,,,,,2026-04-03T16:17:33.750442
748,Glaxo Finance Private Limited,Personal Loan,Personal Loan,,,,,,,[],,,,,,,,,,False,[],[],,0.0,gemini,https://www.glaxoin.com,needs_review,low,1,personal loan,medium,,,,,2026-04-03T16:17:33.750527
748,Glaxo Finance Private Limited,Working Capital,Working Capital,,,,,,,[],,,,,,,,,,,[],[],,0.0,gemini,https://www.glaxoin.com,needs_review,low,1,working capital,medium,,,,,2026-04-03T16:17:33.750607
749,Globe Stock & Securities Ltd,Rural Loan,Rural Loan,,,,,,,[],,,,,,,,,,,[],"[""Delhi""]",,0.1,gemini,https://globecapital.com,needs_review,low,1,rural loan,medium,,,,,2026-04-03T16:18:13.457763
750,Goenka Business & Finance Ltd,Rural Loan,Rural Loan,,,,,,,[],,,,,,,,,,,[],"[""Gujarat""]",,0.1,gemini,https://www.goenkabusinessfinancelimited.in,needs_review,low,1,rural loan,medium,,,,,2026-04-03T16:18:33.236044
751,Goenka Holdings Pvt Ltd,Rural Loan,Rural Loan,,,,,,,[],,,,,,,,,,,[],"[""Gujarat""]",,0.1,gemini,https://www.goenkabusinessfinancelimited.in,needs_review,low,1,rural loan,medium,,,,,2026-04-03T16:18:56.780011
752,Goodluck Advances and Finlease Limited,Personal Loan,Personal Loan,,5.0,,,21,60,"[""salaried"", ""self-employed""]",15.0,,,,,,60,,,False,[],"[""Punjab""]",,0.4,gemini,https://www.goodluckfinlease.com,needs_review,medium,1,personal loan,low,True,True,False,,2026-04-03T16:19:26.040847
752,Goodluck Advances and Finlease Limited,Business Loan,Business Loan,,10.0,,,,,"[""business""]",,5.0,2,,,,36,,,,[],"[""Punjab""]",,0.4,gemini,https://www.goodluckfinlease.com,needs_review,medium,1,business loan,low,True,True,True,2,2026-04-03T16:19:26.040972
752,Goodluck Advances and Finlease Limited,MSME Loan,MSME Loan,,25.0,,,,,"[""business""]",,10.0,3,,,,48,,,,[],"[""Punjab""]",,0.4,gemini,https://www.goodluckfinlease.com,needs_review,medium,1,msme loan,low,True,True,True,3,2026-04-03T16:19:26.041052
753,Goodluck Commercials Ltd.,Personal Loan,Personal Loan,,,,,,,"[""salaried"", ""self-employed""]",,,,,,,,,,,[],[],,0.1,heuristic,https://www.goodluckfin.com/about.php,needs_review,low,1,personal loan,medium,,,,,2026-04-03T16:19:51.949552
753,Goodluck Commercials Ltd.,Consumer Durable Loan,Consumer Durable Loan,,,,,,,"[""salaried"", ""self-employed""]",,,,,,,,,,,[],[],,0.1,heuristic,https://www.goodluckfin.com/about.php,needs_review,low,1,consumer durable loan,medium,,,,,2026-04-03T16:19:51.949658
753,Goodluck Commercials Ltd.,Education Loan,Education Loan,,,,,,,"[""salaried"", ""self-employed""]",,,,,,,,,,,[],[],,0.1,heuristic,https://www.goodluckfin.com/about.php,needs_review,low,1,education loan,medium,,,,,2026-04-03T16:19:51.949724
753,Goodluck Commercials Ltd.,Business Loan,Business Loan,,,,,,,"[""self_employed_non_professional"", ""business""]",,,,,,,,,,,[],[],,0.1,heuristic,https://www.goodluckfin.com/about.php,needs_review,low,1,business loan,medium,,,,,2026-04-03T16:19:51.949777
754,Gopal Holdings Pvt. Ltd,Credit Card,Credit Card,,,,,,,[],,,,,,,,,,,[],"[""Andhra Pradesh"", ""Bihar"", ""Delhi"", ""Gujarat"", ""Haryana"", ""Karnataka"", ""Maharashtra"", ""Punjab"", ""Rajasthan"", ""Tamil Nadu""]",,0.1,gemini,https://rgopal.in,needs_review,low,1,credit card,medium,,,,,2026-04-03T16:20:15.643546
754,Gopal Holdings Pvt. Ltd,Gold Loan,Gold Loan,,,,,,,[],,,,,,,,,,True,"[""gold""]","[""Andhra Pradesh"", ""Bihar"", ""Delhi"", ""Gujarat"", ""Haryana"", ""Karnataka"", ""Maharashtra"", ""Punjab"", ""Rajasthan"", ""Tamil Nadu""]",,0.1,gemini,https://rgopal.in,needs_review,low,1,gold loan,medium,,,,,2026-04-03T16:20:15.643892
754,Gopal Holdings Pvt. Ltd,Home Loan,Home Loan,,,,,,,[],,,,,,,,,,True,"[""property""]","[""Andhra Pradesh"", ""Bihar"", ""Delhi"", ""Gujarat"", ""Haryana"", ""Karnataka"", ""Maharashtra"", ""Punjab"", ""Rajasthan"", ""Tamil Nadu""]",,0.1,gemini,https://rgopal.in,needs_review,low,1,home loan,medium,,,,,2026-04-03T16:20:15.643985
754,Gopal Holdings Pvt. Ltd,Vehicle Loan,Vehicle Loan,,,,,,,[],,,,,,,,,,True,"[""vehicle""]","[""Andhra Pradesh"", ""Bihar"", ""Delhi"", ""Gujarat"", ""Haryana"", ""Karnataka"", ""Maharashtra"", ""Punjab"", ""Rajasthan"", ""Tamil Nadu""]",,0.1,gemini,https://rgopal.in,needs_review,low,1,vehicle loan,medium,,,,,2026-04-03T16:20:15.644050
755,Gopi Securities Pvt Ltd.,Business Loan,Business Loan,,,,,,,"[""business""]",,12.0,2,,,,,,,,[],[],,0.1,gemini,https://www.gopisecurities.com,needs_review,low,1,business loan,medium,True,True,True,2,2026-04-03T16:20:37.548202
755,Gopi Securities Pvt Ltd.,Personal Loan,Personal Loan,,,,,21,60,"[""salaried"", ""self-employed""]",25.0,,,,,,,,,False,[],[],,0.1,gemini,https://www.gopisecurities.com,needs_review,low,1,personal loan,medium,True,True,,2,2026-04-03T16:20:37.548312
755,Gopi Securities Pvt Ltd.,Working Capital,Working Capital,,,,,,,"[""business""]",,25.0,3,,,,,,,,[],[],,0.1,gemini,https://www.gopisecurities.com,needs_review,low,1,working capital,medium,True,True,True,3,2026-04-03T16:20:37.548383
756,Gove Finance Limited,Personal Loan,Personal Loan,,,,,,,[],,,,,,,,,,False,[],"[""Karnataka"", ""Tamil Nadu""]",,0.1,gemini,https://govefinance.in,needs_review,low,1,personal loan,medium,,,,,2026-04-03T16:21:08.125722
756,Gove Finance Limited,Vehicle Loan,Vehicle Loan,,,,,,,[],,,,,,,,,,True,"[""vehicle""]","[""Karnataka"", ""Tamil Nadu""]",,0.1,gemini,https://govefinance.in,needs_review,low,1,vehicle loan,medium,,,,,2026-04-03T16:21:08.125830
756,Gove Finance Limited,Working Capital,Working Capital,,,,,,,"[""business"", ""self-employed""]",,,,,,,,,,,[],"[""Karnataka"", ""Tamil Nadu""]",,0.2,gemini,https://govefinance.in,needs_review,low,1,working capital,medium,,,,,2026-04-03T16:21:08.125899
757,Gowra Leasing & Finance Ltd.,MSME Loan,MSME Loan,,,,,,,"[""self_employed_non_professional"", ""business""]",,,,,,,,,,,[],[],,0.1,heuristic,https://www.gowraleasing.com,needs_review,low,1,msme loan,medium,,,,,2026-04-03T16:21:36.108568
758,Goyal Achal Sampatti Vikas And Niyojan Nigam Ltd,Business Loan,Business Loan,,,,,,,[],,,,,,,,,,,[],"[""Gujarat""]",,0.1,gemini,https://www.goyalassociateslimited.com,needs_review,low,1,business loan,medium,,,,,2026-04-03T16:21:59.785914
758,Goyal Achal Sampatti Vikas And Niyojan Nigam Ltd,MSME Loan,MSME Loan,,,,,,,[],,,,,,,,,,,[],"[""Gujarat""]",,0.1,gemini,https://www.goyalassociateslimited.com,needs_review,low,1,msme loan,medium,,,,,2026-04-03T16:21:59.786004
758,Goyal Achal Sampatti Vikas And Niyojan Nigam Ltd,Personal Loan,Personal Loan,,,,,,,[],,,,,,,,,,,[],"[""Gujarat""]",,0.1,gemini,https://www.goyalassociateslimited.com,needs_review,low,1,personal loan,medium,,,,,2026-04-03T16:21:59.786057
759,Goyal Commercial Private Ltd,Business Loan,Business Loan,,,,,,,[],,,,,,,,,,,[],"[""Gujarat""]",,0.1,gemini,https://www.goyalassociateslimited.com,needs_review,low,1,business loan,medium,,,,,2026-04-03T16:22:19.378896
759,Goyal Commercial Private Ltd,MSME Loan,MSME Loan,,,,,,,[],,,,,,,,,,,[],"[""Gujarat""]",,0.1,gemini,https://www.goyalassociateslimited.com,needs_review,low,1,msme loan,medium,,,,,2026-04-03T16:22:19.379009
759,Goyal Commercial Private Ltd,Personal Loan,Personal Loan,,,,,,,[],,,,,,,,,,,[],"[""Gujarat""]",,0.1,gemini,https://www.goyalassociateslimited.com,needs_review,low,1,personal loan,medium,,,,,2026-04-03T16:22:19.379073
760,Great Meera Finlease Pvt.Ltd,MSME Loan,MSME Loan,,,,,,,[],,,,,,,,,,,[],"[""Delhi""]",,0.1,gemini,https://www.greatmeera.in,needs_review,low,1,msme loan,medium,,,,,2026-04-03T16:22:31.627406
760,Great Meera Finlease Pvt.Ltd,Supply Chain Finance,Supply Chain Finance,,,,,,,[],,,,,,,,,,,[],"[""Delhi""]",,0.1,gemini,https://www.greatmeera.in,needs_review,low,1,supply chain finance,medium,,,,,2026-04-03T16:22:31.627515
760,Great Meera Finlease Pvt.Ltd,Working Capital,Working Capital,,,,,,,[],,,,,,,,,,,[],"[""Delhi""]",,0.1,gemini,https://www.greatmeera.in,needs_review,low,1,working capital,medium,,,,,2026-04-03T16:22:31.627582
761,Growfast Securities & Credit Pvt Limited,MSME Loan,MSME Loan,,,,,,,"[""business""]",,,,,,,,,,,[],"[""Delhi""]",,0.2,gemini,https://growfastsec.com,needs_review,low,1,msme loan,medium,,,,,2026-04-03T16:22:50.189912
763,Growxcd Finance Private Limited,Home Loan,Home Loan,,,,,,,[],,,,,,,,,,True,[],"[""Andhra Pradesh"", ""Karnataka"", ""Puducherry"", ""Tamil Nadu""]",,0.1,gemini,https://growxcd.com,needs_review,low,1,home loan,medium,True,True,,,2026-04-03T16:23:25.459187
763,Growxcd Finance Private Limited,Loan Against Property,Loan Against Property,,,,,,,[],,,,,,,,,,True,[],"[""Andhra Pradesh"", ""Karnataka"", ""Puducherry"", ""Tamil Nadu""]",,0.1,gemini,https://growxcd.com,needs_review,low,1,loan against property,medium,True,True,,,2026-04-03T16:23:25.459294
763,Growxcd Finance Private Limited,MSME Loan,MSME Loan,,,,,,,"[""business"", ""self-employed""]",,,,,,,,,,,[],"[""Andhra Pradesh"", ""Karnataka"", ""Puducherry"", ""Tamil Nadu""]",,0.2,gemini,https://growxcd.com,needs_review,low,1,msme loan,medium,True,True,True,,2026-04-03T16:23:25.459363
764,Gtlaxmi Finace Private Limited,MSME Loan,MSME Loan,,,,,,,[],,,,,,,,,,,[],[],,0.0,gemini,https://www.gtlaxmifinance.com/about.php,needs_review,low,1,msme loan,medium,,,,,2026-04-03T16:23:40.426900
765,Gujarat  Industrial Investment Corporation Ltd,Microfinance,Microfinance,,,,,,,[],,,,,,,,,,,[],[],,0.0,heuristic,https://giic.gujarat.gov.in,needs_review,low,1,microfinance,medium,,,,,2026-04-03T16:25:12.266910
765,Gujarat  Industrial Investment Corporation Ltd,MSME Loan,MSME Loan,,,,,,,"[""self_employed_non_professional"", ""business""]",,,,,,,,,,,[],[],,0.1,heuristic,https://giic.gujarat.gov.in,needs_review,low,1,msme loan,medium,,,,,2026-04-03T16:25:12.267030
765,Gujarat  Industrial Investment Corporation Ltd,Rural Loan,Rural Loan,,,,,,,"[""agriculture""]",,,,,,,,,,,[],[],,0.1,heuristic,https://giic.gujarat.gov.in,needs_review,low,1,rural loan,medium,,,,,2026-04-03T16:25:12.267100
766,Helpage Finlease Limited,Supply Chain Finance,Supply Chain Finance,,,,,,,"[""business""]",,,,,,,,,,,[],"[""Delhi""]",,0.2,gemini,https://www.helpagefinlease.com,needs_review,low,1,supply chain finance,medium,True,True,True,,2026-04-03T16:25:39.952600
767,Herambha Leasing Limited,Vehicle Loan,Vehicle Loan,,,,,,,[],,,,,,,,,,,[],"[""Karnataka""]",,0.1,gemini,https://herambhaleasing.com,needs_review,low,1,vehicle loan,medium,,,,,2026-04-03T16:26:06.362490
767,Herambha Leasing Limited,MSME Loan,MSME Loan,,,,,,,[],,,,,,,,,,,[],"[""Karnataka""]",,0.1,gemini,https://herambhaleasing.com,needs_review,low,1,msme loan,medium,,,,,2026-04-03T16:26:06.362616
767,Herambha Leasing Limited,Consumer Durable Loan,Consumer Durable Loan,,,,,,,[],,,,,,,,,,,[],"[""Karnataka""]",,0.1,gemini,https://herambhaleasing.com,needs_review,low,1,consumer durable loan,medium,,,,,2026-04-03T16:26:06.362694
767,Herambha Leasing Limited,Two Wheeler Loan,Two Wheeler Loan,,,,,,,[],,,,,,,,,,,[],"[""Karnataka""]",,0.1,gemini,https://herambhaleasing.com,needs_review,low,1,two wheeler loan,medium,,,,,2026-04-03T16:26:06.362764
768,Heritage Finlease Limited,Loan Against Property,Loan Against Property,,,,,,,[],,,,,,,,,,True,[],"[""Telangana""]",,0.1,gemini,https://www.heritagefinlease.in,needs_review,low,1,loan against property,medium,,,,,2026-04-03T16:26:33.155177
768,Heritage Finlease Limited,MSME Loan,MSME Loan,,,,,,,"[""business"", ""self-employed""]",,,,,,,,,,,[],"[""Telangana""]",,0.2,gemini,https://www.heritagefinlease.in,needs_review,low,1,msme loan,medium,,,,,2026-04-03T16:26:33.155317
768,Heritage Finlease Limited,Micro Loan,Micro Loan,,,,,,,[],,,,,,,,,,,[],"[""Telangana""]",,0.1,gemini,https://www.heritagefinlease.in,needs_review,low,1,micro loan,medium,,,,,2026-04-03T16:26:33.155379
769,Highsky Finance & Investments (P) Ltd.,Working Capital,Working Capital,,,,,,,"[""self_employed_non_professional"", ""business""]",,,,,,,,,,,[],[],,0.1,heuristic,https://highskyfinancial.com,needs_review,low,1,working capital,medium,,,,,2026-04-03T16:26:58.561724
769,Highsky Finance & Investments (P) Ltd.,Business Loan,Business Loan,,,,,,,"[""self_employed_non_professional"", ""business""]",,,,,,,,,,,[],[],,0.1,heuristic,https://highskyfinancial.com,needs_review,low,1,business loan,medium,,,,,2026-04-03T16:26:58.561823
769,Highsky Finance & Investments (P) Ltd.,Home Loan,Home Loan,,,,,,,[],,,,,,,,,,,[],[],,0.0,heuristic,https://highskyfinancial.com,needs_review,low,1,home loan,medium,,,,,2026-04-03T16:26:58.561879
769,Highsky Finance & Investments (P) Ltd.,Consumer Durable Loan,Consumer Durable Loan,,,,,,,"[""salaried"", ""self-employed""]",,,,,,,,,,,[],[],,0.1,heuristic,https://highskyfinancial.com,needs_review,low,1,consumer durable loan,medium,,,,,2026-04-03T16:26:58.561932
769,Highsky Finance & Investments (P) Ltd.,Loan Against Property,Loan Against Property,,,,,,,[],,,,,,,,,,,[],[],,0.0,heuristic,https://highskyfinancial.com,needs_review,low,1,loan against property,medium,,,,,2026-04-03T16:26:58.561980
769,Highsky Finance & Investments (P) Ltd.,Personal Loan,Personal Loan,,,,,,,"[""salaried"", ""self-employed""]",,,,,,,,,,,[],[],,0.1,heuristic,https://highskyfinancial.com,needs_review,low,1,personal loan,medium,,,,,2026-04-03T16:26:58.562031
770,Hinduja Leyland Finance Limited,EV Loan,EV Loan,,,,,,,[],,,,,,,,,,,[],[],,0.0,heuristic,https://www.hindujaleylandfinance.com,needs_review,low,1,ev loan,medium,,,,,2026-04-03T16:27:26.992290
770,Hinduja Leyland Finance Limited,MSME Loan,MSME Loan,,,,,,,"[""self_employed_non_professional"", ""business""]",,,,,,,,,,,[],[],,0.1,heuristic,https://www.hindujaleylandfinance.com,needs_review,low,1,msme loan,medium,,,,,2026-04-03T16:27:26.992394
770,Hinduja Leyland Finance Limited,Microfinance,Microfinance,,,,,,,[],,,,,,,,,,,[],[],,0.0,heuristic,https://www.hindujaleylandfinance.com,needs_review,low,1,microfinance,medium,,,,,2026-04-03T16:27:26.992451
770,Hinduja Leyland Finance Limited,Two Wheeler Loan,Two Wheeler Loan,,,,,,,[],,,,,,,,,,,[],[],,0.0,heuristic,https://www.hindujaleylandfinance.com,needs_review,low,1,two wheeler loan,medium,,,,,2026-04-03T16:27:26.992497
770,Hinduja Leyland Finance Limited,Vehicle Loan,Vehicle Loan,,,,,,,[],,,,,,,,,,,[],[],,0.0,heuristic,https://www.hindujaleylandfinance.com,needs_review,low,1,vehicle loan,medium,,,,,2026-04-03T16:27:26.992542
770,Hinduja Leyland Finance Limited,Loan Against Property,Loan Against Property,,,,,,,[],,,,,,,,,,,[],[],,0.0,heuristic,https://www.hindujaleylandfinance.com,needs_review,low,1,loan against property,medium,,,,,2026-04-03T16:27:26.992587
770,Hinduja Leyland Finance Limited,Supply Chain Finance,Supply Chain Finance,,,,,,,"[""self_employed_non_professional"", ""business""]",,,,,,,,,,,[],[],,0.1,heuristic,https://www.hindujaleylandfinance.com,needs_review,low,1,supply chain finance,medium,,,,,2026-04-03T16:27:26.992667
771,Hindvee Small Finance Limited,Gold Loan,Gold Loan,,,,,,,[],,,,,,,,,,True,[],[],,0.0,gemini,https://hindvee.in,needs_review,low,1,gold loan,medium,True,True,,,2026-04-03T16:27:53.886091
771,Hindvee Small Finance Limited,Home Loan,Home Loan,,,,,,,[],,,,,,,,,,True,"[""property""]",[],,0.0,gemini,https://hindvee.in,needs_review,low,1,home loan,medium,True,True,,,2026-04-03T16:27:53.886203
771,Hindvee Small Finance Limited,MSME Loan,MSME Loan,,,,,,,"[""business"", ""self-employed""]",,,,,,,,,,,[],[],,0.1,gemini,https://hindvee.in,needs_review,low,1,msme loan,medium,True,True,True,,2026-04-03T16:27:53.886268
772,Hiren Holdings Private Limited,Home Loan,Home Loan,,,,,21,65,"[""salaried"", ""self-employed""]",,,,,,,240,,True,True,[],"[""Andhra Pradesh"", ""Bihar"", ""Delhi"", ""Gujarat"", ""Haryana"", ""Karnataka"", ""Maharashtra"", ""Punjab"", ""Rajasthan"", ""Tamil Nadu""]",,0.3,gemini,https://www.hirenjogi.com,needs_review,medium,1,home loan,low,True,True,,,2026-04-03T16:28:20.704259
772,Hiren Holdings Private Limited,Vehicle Loan,Vehicle Loan,,,,,18,70,"[""salaried"", ""self-employed"", ""business""]",,,,,,,84,,True,True,"[""vehicle""]","[""Andhra Pradesh"", ""Bihar"", ""Delhi"", ""Gujarat"", ""Haryana"", ""Karnataka"", ""Maharashtra"", ""Punjab"", ""Rajasthan"", ""Tamil Nadu""]",,0.3,gemini,https://www.hirenjogi.com,needs_review,medium,1,vehicle loan,low,True,True,,,2026-04-03T16:28:20.704386
773,HMT Finance Private Limited (Formerly Chandan Financiers Limited),Business Loan,Business Loan,,,,,,,"[""self_employed_non_professional"", ""business""]",,,,,,,,,,,[],[],,0.1,heuristic,https://www.hmtfinance.com,needs_review,low,1,business loan,medium,,,,,2026-04-03T16:28:55.520733
773,HMT Finance Private Limited (Formerly Chandan Financiers Limited),MSME Loan,MSME Loan,,,,,,,"[""self_employed_non_professional"", ""business""]",,,,,,,,,,,[],[],,0.1,heuristic,https://www.hmtfinance.com,needs_review,low,1,msme loan,medium,,,,,2026-04-03T16:28:55.520926
773,HMT Finance Private Limited (Formerly Chandan Financiers Limited),Home Loan,Home Loan,,,,,,,[],,,,,,,,,,,[],[],,0.0,heuristic,https://www.hmtfinance.com,needs_review,low,1,home loan,medium,,,,,2026-04-03T16:28:55.520995
773,HMT Finance Private Limited (Formerly Chandan Financiers Limited),Gold Loan,Gold Loan,,,,,,,[],,,,,,,,,,,[],[],,0.0,heuristic,https://www.hmtfinance.com,needs_review,low,1,gold loan,medium,,,,,2026-04-03T16:28:55.521053
773,HMT Finance Private Limited (Formerly Chandan Financiers Limited),Vehicle Loan,Vehicle Loan,,,,,,,[],,,,,,,,,,,[],[],,0.0,heuristic,https://www.hmtfinance.com,needs_review,low,1,vehicle loan,medium,,,,,2026-04-03T16:28:55.521107
773,HMT Finance Private Limited (Formerly Chandan Financiers Limited),Micro Loan,Micro Loan,,,,,,,[],,,,,,,,,,,[],[],,0.0,heuristic,https://www.hmtfinance.com,needs_review,low,1,micro loan,medium,,,,,2026-04-03T16:28:55.521161
773,HMT Finance Private Limited (Formerly Chandan Financiers Limited),Loan Against Property,Loan Against Property,,,,,,,[],,,,,,,,,,,[],[],,0.0,heuristic,https://www.hmtfinance.com,needs_review,low,1,loan against property,medium,,,,,2026-04-03T16:28:55.521215
773,HMT Finance Private Limited (Formerly Chandan Financiers Limited),Personal Loan,Personal Loan,,,,,,,"[""salaried"", ""self-employed""]",,,,,,,,,,,[],[],,0.1,heuristic,https://www.hmtfinance.com,needs_review,low,1,personal loan,medium,,,,,2026-04-03T16:28:55.521276
773,HMT Finance Private Limited (Formerly Chandan Financiers Limited),Rural Loan,Rural Loan,,,,,,,"[""agriculture""]",,,,,,,,,,,[],[],,0.1,heuristic,https://www.hmtfinance.com,needs_review,low,1,rural loan,medium,,,,,2026-04-03T16:28:55.521331
774,HSBC Investdirect Financial Services (India) Ltd. (Old Name Investsmart Financial Services Ltd.),Rural Loan,Rural Loan,,,,,,,[],,,,,,,,,,,[],"[""Maharashtra""]",,0.1,gemini,https://www.hsbc.co.in/hifsl,needs_review,low,1,rural loan,medium,,,,,2026-04-03T16:29:14.472943
775,ICL Fincorp Limited,Business Loan,Business Loan,,10.0,,,21,65,"[""business""]",,,3,,,,,,,,[],"[""Andhra Pradesh"", ""Bihar"", ""Delhi"", ""Goa"", ""Gujarat"", ""Karnataka"", ""Kerala"", ""Maharashtra"", ""Rajasthan"", ""Tamil Nadu""]",Business should be profitable for the last 2 years,0.4,gemini,https://www.iclfincorp.com,needs_review,low,1,business loan,medium,True,True,True,2,2026-04-03T16:29:51.871377
775,ICL Fincorp Limited,Gold Loan,Gold Loan,0.3,100.0,,,18,,[],,,,10.68,,,12,,,True,"[""gold""]","[""Andhra Pradesh"", ""Bihar"", ""Delhi"", ""Goa"", ""Gujarat"", ""Karnataka"", ""Kerala"", ""Maharashtra"", ""Rajasthan"", ""Tamil Nadu""]",,0.5,gemini,https://www.iclfincorp.com,needs_review,medium,1,gold loan,low,True,True,,,2026-04-03T16:29:51.871516
775,ICL Fincorp Limited,MSME Loan,MSME Loan,,50.0,,,21,65,"[""business""]",,,3,,,,,,,,[],"[""Andhra Pradesh"", ""Bihar"", ""Delhi"", ""Goa"", ""Gujarat"", ""Karnataka"", ""Kerala"", ""Maharashtra"", ""Rajasthan"", ""Tamil Nadu""]",Business should be profitable for the last 2 years,0.4,gemini,https://www.iclfincorp.com,needs_review,low,1,msme loan,medium,True,True,True,2,2026-04-03T16:29:51.871608
775,ICL Fincorp Limited,Vehicle Loan,Vehicle Loan,,,,,21,65,"[""salaried"", ""self-employed""]",15.0,,,,,,,,,True,"[""vehicle""]","[""Andhra Pradesh"", ""Bihar"", ""Delhi"", ""Goa"", ""Gujarat"", ""Karnataka"", ""Kerala"", ""Maharashtra"", ""Rajasthan"", ""Tamil Nadu""]",,0.2,gemini,https://www.iclfincorp.com,needs_review,low,1,vehicle loan,medium,True,True,,,2026-04-03T16:29:51.871697
776,IDF Financial Services Private Limited,Microfinance Loan,Microfinance,,,,,,,[],,,,,,,,,,,[],"[""Andhra Pradesh"", ""Goa"", ""Karnataka"", ""Maharashtra"", ""Telangana""]",Available to women from low-income households.,0.2,gemini,https://www.idf-finance.in,needs_review,low,1,microfinance loan,medium,,,,,2026-04-03T16:30:10.838627
777,IFCI Venture Capital Funds Ltd.,Rural Loan,Rural Loan,,,,,,,[],,,,,,,,,,,[],"[""Delhi"", ""Karnataka"", ""Madhya Pradesh""]",,0.1,gemini,https://www.ifciventure.com,needs_review,low,1,rural loan,medium,,,,,2026-04-03T16:30:31.677985
778,IFIN Securities Finance Limited,Rural Loan,Rural Loan,,,,,,,"[""agriculture""]",,,,,,,,,,,[],"[""Delhi""]",,0.2,gemini,https://www.ifinltd.in,needs_review,low,1,rural loan,medium,,,,,2026-04-03T16:30:48.378156
779,IFL Promoters Ltd.,Business Loan,Business Loan,,,,,,,"[""business""]",,,,,,,,,,,[],"[""Delhi"", ""Maharashtra""]",,0.2,gemini,https://iflpromotersltd.in,needs_review,low,1,business loan,medium,,,,,2026-04-03T16:31:20.213911
779,IFL Promoters Ltd.,MSME Loan,MSME Loan,,,,,,,"[""business""]",,,,,,,,,,,[],"[""Delhi"", ""Maharashtra""]",,0.2,gemini,https://iflpromotersltd.in,needs_review,low,1,msme loan,medium,,,,,2026-04-03T16:31:20.214026
779,IFL Promoters Ltd.,Working Capital,Working Capital,,,,,,,"[""business""]",,,,,,,,,,,[],"[""Delhi"", ""Maharashtra""]",,0.2,gemini,https://iflpromotersltd.in,needs_review,low,1,working capital,medium,,,,,2026-04-03T16:31:20.214098
780,IIFL Finance Limited,Business Loan,Business Loan,,,,,,,"[""self_employed_non_professional"", ""business""]",,,,,,,,,,,[],[],,0.1,heuristic,https://www.iifl.com,needs_review,low,1,business loan,medium,,,,,2026-04-03T16:31:52.539937
780,IIFL Finance Limited,MSME Loan,MSME Loan,,,,,,,"[""self_employed_non_professional"", ""business""]",,,,,,,,,,,[],[],,0.1,heuristic,https://www.iifl.com,needs_review,low,1,msme loan,medium,,,,,2026-04-03T16:31:52.540042
780,IIFL Finance Limited,Home Loan,Home Loan,,,,,,,[],,,,,,,,,,,[],[],,0.0,heuristic,https://www.iifl.com,needs_review,low,1,home loan,medium,,,,,2026-04-03T16:31:52.540098
780,IIFL Finance Limited,Gold Loan,Gold Loan,,,,,,,[],,,,,,,,,,,[],[],,0.0,heuristic,https://www.iifl.com,needs_review,low,1,gold loan,medium,,,,,2026-04-03T16:31:52.540146
780,IIFL Finance Limited,Supply Chain Finance,Supply Chain Finance,,,,,,,"[""self_employed_non_professional"", ""business""]",,,,,,,,,,,[],[],,0.1,heuristic,https://www.iifl.com,needs_review,low,1,supply chain finance,medium,,,,,2026-04-03T16:31:52.540199
781,IIFL Samasta Finance Limited (Formerly Samasta Microfinance Limited),Joint Liability Group (JLG) Loans,Microfinance,,1.0,,,18,59,"[""business"", ""agriculture"", ""self_employed_non_professional""]",,,,,,12,24,,,False,[],"[""Andhra Pradesh"", ""Arunachal Pradesh"", ""Assam"", ""Bihar"", ""Chhattisgarh"", ""Goa"", ""Gujarat"", ""Haryana"", ""Himachal Pradesh"", ""Jharkhand""]",Available for women borrowers engaged in income-generating activities.,0.6,gemini,https://iiflsamasta.com,pending,medium,1,joint liability group (jlg) loans,low,,,,,2026-04-03T16:32:34.134011
781,IIFL Samasta Finance Limited (Formerly Samasta Microfinance Limited),Individual Loans,Microfinance,,1.25,,,18,59,"[""business"", ""agriculture"", ""self_employed_non_professional""]",,,,,,12,24,,,False,[],"[""Andhra Pradesh"", ""Arunachal Pradesh"", ""Assam"", ""Bihar"", ""Chhattisgarh"", ""Goa"", ""Gujarat"", ""Haryana"", ""Himachal Pradesh"", ""Jharkhand""]",Available for women borrowers engaged in income-generating activities.,0.6,gemini,https://iiflsamasta.com,pending,medium,1,individual loans,low,,,,,2026-04-03T16:32:34.134149
781,IIFL Samasta Finance Limited (Formerly Samasta Microfinance Limited),MSME Loans,MSME Loan,,2.0,,,18,59,"[""business"", ""self_employed_non_professional""]",,,,,,12,36,,,False,[],"[""Andhra Pradesh"", ""Arunachal Pradesh"", ""Assam"", ""Bihar"", ""Chhattisgarh"", ""Goa"", ""Gujarat"", ""Haryana"", ""Himachal Pradesh"", ""Jharkhand""]","Available for women borrowers engaged in income-generating activities for working capital, business expansion, or asset purchase.",0.6,gemini,https://iiflsamasta.com,pending,medium,1,msme loans,low,,,,,2026-04-03T16:32:34.134235
782,Impressive Heights Finstock Limited ( Formerly Known As Eden Finstock Limted),Business Loan,Business Loan,,,,,,,"[""self_employed_non_professional"", ""business""]",,,,,,,,,,,[],[],,0.1,heuristic,https://www.impressiveheights.com,needs_review,low,1,business loan,medium,,,,,2026-04-03T16:33:10.454643
782,Impressive Heights Finstock Limited ( Formerly Known As Eden Finstock Limted),MSME Loan,MSME Loan,,,,,,,"[""self_employed_non_professional"", ""business""]",,,,,,,,,,,[],[],,0.1,heuristic,https://www.impressiveheights.com,needs_review,low,1,msme loan,medium,,,,,2026-04-03T16:33:10.454748
782,Impressive Heights Finstock Limited ( Formerly Known As Eden Finstock Limted),Home Loan,Home Loan,,,,,,,[],,,,,,,,,,,[],[],,0.0,heuristic,https://www.impressiveheights.com,needs_review,low,1,home loan,medium,,,,,2026-04-03T16:33:10.454803
782,Impressive Heights Finstock Limited ( Formerly Known As Eden Finstock Limted),Gold Loan,Gold Loan,,,,,,,[],,,,,,,,,,,[],[],,0.0,heuristic,https://www.impressiveheights.com,needs_review,low,1,gold loan,medium,,,,,2026-04-03T16:33:10.454850
782,Impressive Heights Finstock Limited ( Formerly Known As Eden Finstock Limted),Vehicle Loan,Vehicle Loan,,,,,,,[],,,,,,,,,,,[],[],,0.0,heuristic,https://www.impressiveheights.com,needs_review,low,1,vehicle loan,medium,,,,,2026-04-03T16:33:10.454894
782,Impressive Heights Finstock Limited ( Formerly Known As Eden Finstock Limted),Loan Against Property,Loan Against Property,,,,,,,[],,,,,,,,,,,[],[],,0.0,heuristic,https://www.impressiveheights.com,needs_review,low,1,loan against property,medium,,,,,2026-04-03T16:33:10.454938
782,Impressive Heights Finstock Limited ( Formerly Known As Eden Finstock Limted),Personal Loan,Personal Loan,,,,,,,"[""salaried"", ""self-employed""]",,,,,,,,,,,[],[],,0.1,heuristic,https://www.impressiveheights.com,needs_review,low,1,personal loan,medium,,,,,2026-04-03T16:33:10.454984
783,Inani Commodities & Finance Limited (Formerly Inani Cap-Fin Ltd.),Working Capital Loan,Working Capital,,,,,,,[],,,,,,,,,,,[],[],,0.0,gemini,https://www.inanisec.in,needs_review,low,1,working capital loan,medium,,,,,2026-04-03T16:33:28.207026
784,Indcredit Fincap Private Limited,Personal Loan,Personal Loan,,,,,21,60,"[""salaried"", ""self-employed""]",20.0,,,,,,,,,False,[],[],"Minimum monthly income: ₹20,000 for salaried, ₹25,000 for self-employed.",0.2,gemini,https://indcredit.com,needs_review,low,1,personal loan,medium,True,True,,,2026-04-03T16:33:47.099436
784,Indcredit Fincap Private Limited,Credit Card,Credit Card,,,,,21,65,"[""salaried"", ""self-employed""]",30.0,,,,,,,,,False,[],[],,0.1,gemini,https://indcredit.com,needs_review,low,1,credit card,medium,True,True,,,2026-04-03T16:33:47.099569
787,Indifi Capital Private Limited (Formerly Riviera Investors Private Limited),Business Loan,Business Loan,0.5,100.0,600,,22,65,"[""business"", ""self_employed_non_professional""]",,6.0,1,18.0,,,36,,,False,[],"[""Delhi"", ""Haryana""]","Business should not be in the negative list (e.g., arms, gambling, etc.).",0.8,gemini,https://www.indifi.com,pending,medium,1,business loan,low,True,True,True,,2026-04-03T16:34:58.483703
788,Indus Finance Limited,Gold Loan,Gold Loan,,,,,,,[],,,,,,,,,,True,[],"[""Kerala"", ""Tamil Nadu""]",,0.1,gemini,https://agroindus.co.in,needs_review,low,1,gold loan,medium,,,,,2026-04-03T16:35:12.853514
788,Indus Finance Limited,Home Loan,Home Loan,,,,,,,[],,,,,,,,,,True,[],"[""Kerala"", ""Tamil Nadu""]",,0.1,gemini,https://agroindus.co.in,needs_review,low,1,home loan,medium,,,,,2026-04-03T16:35:12.853642
788,Indus Finance Limited,Vehicle Loan,Vehicle Loan,,,,,,,[],,,,,,,,,,True,"[""vehicle""]","[""Kerala"", ""Tamil Nadu""]",,0.1,gemini,https://agroindus.co.in,needs_review,low,1,vehicle loan,medium,,,,,2026-04-03T16:35:12.853724
789,Infinity Fincorp Solutions Private Limited,Loan Against Property,Loan Against Property,,,,,,,[],,,,,,,,,,True,"[""property""]","[""Telangana""]",,0.1,gemini,https://www.infinityfincorp.com,needs_review,low,1,loan against property,medium,,,,,2026-04-03T16:35:32.053767
790,Intlow Leasing  And Finance Private Limited,Personal Loan,Personal Loan,,,,,,,"[""salaried"", ""self-employed""]",,,,,,,,,,,[],[],,0.1,heuristic,https://www.intlow.com,needs_review,low,1,personal loan,medium,,,,,2026-04-03T16:42:18.139704
790,Intlow Leasing  And Finance Private Limited,Working Capital,Working Capital,,,,,,,"[""self_employed_non_professional"", ""business""]",,,,,,,,,,,[],[],,0.1,heuristic,https://www.intlow.com,needs_review,low,1,working capital,medium,,,,,2026-04-03T16:42:18.139818
790,Intlow Leasing  And Finance Private Limited,Loan Against Property,Loan Against Property,,,,,,,[],,,,,,,,,,,[],[],,0.0,heuristic,https://www.intlow.com,needs_review,low,1,loan against property,medium,,,,,2026-04-03T16:42:18.139878
790,Intlow Leasing  And Finance Private Limited,Business Loan,Business Loan,,,,,,,"[""self_employed_non_professional"", ""business""]",,,,,,,,,,,[],[],,0.1,heuristic,https://www.intlow.com,needs_review,low,1,business loan,medium,,,,,2026-04-03T16:42:18.139931
791,Invest Gold And General Finance Private Ltd.( Formerly Known As Invest Chits & General Finance (P)Ltd),Gold Loan,Gold Loan,,,,,,,[],,,,,,,,,,True,"[""gold""]","[""Kerala""]",,0.1,gemini,https://investgoldfinance.com,needs_review,low,1,gold loan,medium,,,,,2026-04-03T16:42:41.005979
791,Invest Gold And General Finance Private Ltd.( Formerly Known As Invest Chits & General Finance (P)Ltd),Personal Loan,Personal Loan,,,,,,,[],,,,,,,,,,,[],"[""Kerala""]",,0.1,gemini,https://investgoldfinance.com,needs_review,low,1,personal loan,medium,,,,,2026-04-03T16:42:41.006109
792,ITI Gold Loans Limited [Formerly: United Petro Finance Limited],Gold Loan,Gold Loan,,,,,,,[],,,,,,,,,,True,"[""gold""]","[""Delhi"", ""Goa"", ""Gujarat"", ""Punjab""]",,0.1,gemini,https://itiorg.com,needs_review,low,1,gold loan,medium,,,,,2026-04-03T16:43:10.293315
792,ITI Gold Loans Limited [Formerly: United Petro Finance Limited],Rural Loan,Rural Loan,,,,,,,[],,,,,,,,,,,[],"[""Delhi"", ""Goa"", ""Gujarat"", ""Punjab""]",,0.1,gemini,https://itiorg.com,needs_review,low,1,rural loan,medium,,,,,2026-04-03T16:43:10.293452
793,J M J Finance Ltd,Business Loan,Business Loan,,,,,,,[],,,,,,,,,,,[],"[""Karnataka"", ""Kerala""]",,0.1,gemini,https://www.jmjcompany.com,needs_review,low,1,business loan,medium,,,,,2026-04-03T16:43:40.052032
793,J M J Finance Ltd,Gold Loan,Gold Loan,,,,,,,[],,,,,,,,,,True,"[""gold""]","[""Karnataka"", ""Kerala""]",,0.1,gemini,https://www.jmjcompany.com,needs_review,low,1,gold loan,medium,,,,,2026-04-03T16:43:40.052142
793,J M J Finance Ltd,Loan Against Property,Loan Against Property,,,,,,,[],,,,,,,,,,True,[],"[""Karnataka"", ""Kerala""]",,0.1,gemini,https://www.jmjcompany.com,needs_review,low,1,loan against property,medium,,,,,2026-04-03T16:43:40.052212
793,J M J Finance Ltd,Microfinance,Microfinance,,,,,,,[],,,,,,,,,,,[],"[""Karnataka"", ""Kerala""]","small loans to low-income individuals, particularly women, to help them start or expand their micro-enterprises",0.2,gemini,https://www.jmjcompany.com,needs_review,low,1,microfinance,medium,,,,,2026-04-03T16:43:40.052272
793,J M J Finance Ltd,Personal Loan,Personal Loan,,,,,,,[],,,,,,,,,,,[],"[""Karnataka"", ""Kerala""]",,0.1,gemini,https://www.jmjcompany.com,needs_review,low,1,personal loan,medium,,,,,2026-04-03T16:43:40.052330
793,J M J Finance Ltd,Rural Loan,Rural Loan,,,,,,,[],,,,,,,,,,,[],"[""Karnataka"", ""Kerala""]","support agricultural activities, rural enterprises, and personal requirements in rural communities",0.2,gemini,https://www.jmjcompany.com,needs_review,low,1,rural loan,medium,,,,,2026-04-03T16:43:40.052384
795,Jainco Projects (I) Ltd,Working Capital Loan,Working Capital,,,,,,,"[""business""]",,,2,,,,,,,,[],"[""West Bengal""]",,0.2,gemini,https://jainco.in,needs_review,low,1,working capital loan,medium,True,False,True,,2026-04-03T16:44:34.612278
796,Jainvest & Lease Finance Pvt Ltd,Business Loan,Business Loan,,,,,,,"[""business"", ""self-employed""]",,,,,,,,,,,[],"[""Delhi""]",,0.2,gemini,https://www.abhinavleasefinltd.in,needs_review,low,1,business loan,medium,True,True,True,,2026-04-03T16:44:58.784579
797,Jairaj Finvest Pvt. Ltd.,MSME Loan,MSME Loan,,,,,,,"[""business"", ""self_employed_professional"", ""self_employed_non_professional""]",,,3,,,,,,,False,[],[],Business must be registered as an MSME.,0.2,gemini,https://jairajfinvest.com,needs_review,low,1,msme loan,medium,True,True,True,2,2026-04-03T16:45:18.698906
798,Jalan Holding Pvt. Ltd.,Home Loan,Home Loan,,,,,,,[],,,,,,,,,,True,[],"[""Odisha""]",,0.1,gemini,https://jalangroupofindustries.com,needs_review,low,1,home loan,medium,,,,,2026-04-03T16:45:35.571888
799,Jalan Industries Pvt Ltd,Home Loan,Home Loan,,,,,21,65,"[""salaried"", ""self_employed_professional"", ""business""]",,,,,,,,,,True,[],"[""Odisha""]","Indian citizens, Good credit history, Stable income source.",0.3,gemini,https://jalangroupofindustries.com,needs_review,low,1,home loan,medium,,,,,2026-04-03T16:45:51.581840
800,Janashree Microfin Limited,Microfinance,Microfinance,0.1,0.6,,,18,59,"[""self_employed_non_professional""]",,,,,,12,24,,,False,[],[],Available to women from low-income households for income-generating activities.,0.6,gemini,https://janashreemicrofinltd.com,pending,medium,1,microfinance,low,True,True,False,,2026-04-03T16:46:14.101215
800,Janashree Microfin Limited,Rural Loan,Rural Loan,,,,,,,"[""agriculture"", ""self_employed_non_professional"", ""business""]",,,,,,,,,,,[],[],"Available to farmers, rural entrepreneurs, and individuals involved in allied activities to support agricultural and allied activities, and small rural enterprises.",0.2,gemini,https://janashreemicrofinltd.com,needs_review,low,1,rural loan,medium,,,,,2026-04-03T16:46:14.101321
801,Jassi Finance Private Ltd. (Old Name Kotkapura Finance Pvt. Ltd.),Business Loan,Business Loan,,,,,,,[],,,,,,,,,,,[],"[""Chandigarh"", ""Punjab"", ""Rajasthan""]",,0.1,gemini,https://jassihpl.in,needs_review,low,1,business loan,medium,,,,,2026-04-03T16:46:46.930872
801,Jassi Finance Private Ltd. (Old Name Kotkapura Finance Pvt. Ltd.),Home Loan,Home Loan,,,,,,,[],,,,,,,,,,,[],"[""Chandigarh"", ""Punjab"", ""Rajasthan""]",,0.1,gemini,https://jassihpl.in,needs_review,low,1,home loan,medium,,,,,2026-04-03T16:46:46.930980
801,Jassi Finance Private Ltd. (Old Name Kotkapura Finance Pvt. Ltd.),MSME Loan,MSME Loan,,,,,,,[],,,,,,,,,,,[],"[""Chandigarh"", ""Punjab"", ""Rajasthan""]",,0.1,gemini,https://jassihpl.in,needs_review,low,1,msme loan,medium,,,,,2026-04-03T16:46:46.931056
801,Jassi Finance Private Ltd. (Old Name Kotkapura Finance Pvt. Ltd.),Personal Loan,Personal Loan,,,,,,,[],,,,,,,,,,,[],"[""Chandigarh"", ""Punjab"", ""Rajasthan""]",,0.1,gemini,https://jassihpl.in,needs_review,low,1,personal loan,medium,,,,,2026-04-03T16:46:46.931113
801,Jassi Finance Private Ltd. (Old Name Kotkapura Finance Pvt. Ltd.),Two Wheeler Loan,Two Wheeler Loan,,,,,,,[],,,,,,,,,,,[],"[""Chandigarh"", ""Punjab"", ""Rajasthan""]",,0.1,gemini,https://jassihpl.in,needs_review,low,1,two wheeler loan,medium,,,,,2026-04-03T16:46:46.931169
801,Jassi Finance Private Ltd. (Old Name Kotkapura Finance Pvt. Ltd.),Vehicle Loan,Vehicle Loan,,,,,,,[],,,,,,,,,,,[],"[""Chandigarh"", ""Punjab"", ""Rajasthan""]",,0.1,gemini,https://jassihpl.in,needs_review,low,1,vehicle loan,medium,,,,,2026-04-03T16:46:46.931227
802,"Jassi Hire Purchase Ltd, Jalandhar (Converted To Cat-B Dt Oct 16, 2018)",Business Loan,Business Loan,,,,,,,[],,,,,,,,,,,[],"[""Chandigarh"", ""Punjab"", ""Rajasthan""]",,0.1,gemini,https://jassihpl.in,needs_review,low,1,business loan,medium,,,,,2026-04-03T16:47:18.291223
802,"Jassi Hire Purchase Ltd, Jalandhar (Converted To Cat-B Dt Oct 16, 2018)",Home Loan,Home Loan,,,,,,,[],,,,,,,,,,,[],"[""Chandigarh"", ""Punjab"", ""Rajasthan""]",,0.1,gemini,https://jassihpl.in,needs_review,low,1,home loan,medium,,,,,2026-04-03T16:47:18.291341
802,"Jassi Hire Purchase Ltd, Jalandhar (Converted To Cat-B Dt Oct 16, 2018)",MSME Loan,MSME Loan,,,,,,,[],,,,,,,,,,,[],"[""Chandigarh"", ""Punjab"", ""Rajasthan""]",,0.1,gemini,https://jassihpl.in,needs_review,low,1,msme loan,medium,,,,,2026-04-03T16:47:18.291426
802,"Jassi Hire Purchase Ltd, Jalandhar (Converted To Cat-B Dt Oct 16, 2018)",Personal Loan,Personal Loan,,,,,,,[],,,,,,,,,,,[],"[""Chandigarh"", ""Punjab"", ""Rajasthan""]",,0.1,gemini,https://jassihpl.in,needs_review,low,1,personal loan,medium,,,,,2026-04-03T16:47:18.291491
802,"Jassi Hire Purchase Ltd, Jalandhar (Converted To Cat-B Dt Oct 16, 2018)",Two Wheeler Loan,Two Wheeler Loan,,,,,,,[],,,,,,,,,,,[],"[""Chandigarh"", ""Punjab"", ""Rajasthan""]",,0.1,gemini,https://jassihpl.in,needs_review,low,1,two wheeler loan,medium,,,,,2026-04-03T16:47:18.291551
802,"Jassi Hire Purchase Ltd, Jalandhar (Converted To Cat-B Dt Oct 16, 2018)",Vehicle Loan,Vehicle Loan,,,,,,,[],,,,,,,,,,,[],"[""Chandigarh"", ""Punjab"", ""Rajasthan""]",,0.1,gemini,https://jassihpl.in,needs_review,low,1,vehicle loan,medium,,,,,2026-04-03T16:47:18.291609
803,Jayapriya Capital Private Limted (formerly known as Pushup Consultants Pvt.Ltd),MSME Loan,MSME Loan,,50.0,,,21,65,"[""business""]",,,3,,,,,,,False,[],"[""Tamil Nadu""]",Business must be registered as an MSME.,0.4,gemini,https://jayapriya.com,needs_review,low,1,msme loan,medium,True,True,True,2,2026-04-03T16:47:46.452325
803,Jayapriya Capital Private Limted (formerly known as Pushup Consultants Pvt.Ltd),Rural Loan,Rural Loan,,10.0,,,18,60,"[""salaried"", ""self-employed"", ""business"", ""agriculture""]",,,,,,,,,,False,[],"[""Tamil Nadu""]",Applicant must be a resident of a rural area.,0.4,gemini,https://jayapriya.com,needs_review,low,1,rural loan,medium,True,True,,,2026-04-03T16:47:46.452461
804,Jewel Rock Hire Purchase & Leasing (P)Ltd,Gold Loan,Gold Loan,,,,,,,[],,,,,,,,,,True,[],"[""Kerala""]",,0.1,gemini,https://jewelrockfinance.com,needs_review,low,1,gold loan,medium,,,,,2026-04-03T16:48:24.530268
804,Jewel Rock Hire Purchase & Leasing (P)Ltd,Personal Loan,Personal Loan,,,,,,,[],,,,,,,,,,False,[],"[""Kerala""]",,0.1,gemini,https://jewelrockfinance.com,needs_review,low,1,personal loan,medium,,,,,2026-04-03T16:48:24.530383
804,Jewel Rock Hire Purchase & Leasing (P)Ltd,Rural Loan,Rural Loan,,,,,,,[],,,,,,,,,,,[],"[""Kerala""]",,0.1,gemini,https://jewelrockfinance.com,needs_review,low,1,rural loan,medium,,,,,2026-04-03T16:48:24.530448
805,Jindal Leasfin Ltd.,Rural Loan,Rural Loan,,,,,,,[],,,,,,,,,,,[],"[""Delhi""]",,0.1,gemini,https://www.jindalleasefin.com,needs_review,low,1,rural loan,medium,,,,,2026-04-03T16:48:46.131668
806,Juhie India Pvt. Ltd.,EV Loan,EV Loan,,,,,,,[],,,,,,,,,,,[],"[""Delhi""]",,0.1,gemini,https://www.juhieindia.com,needs_review,low,1,ev loan,medium,,,,,2026-04-03T16:49:07.571021
806,Juhie India Pvt. Ltd.,MSME Loan,MSME Loan,,,,,,,[],,,,,,,,,,,[],"[""Delhi""]",,0.1,gemini,https://www.juhieindia.com,needs_review,low,1,msme loan,medium,,,,,2026-04-03T16:49:07.571118
806,Juhie India Pvt. Ltd.,Rural Loan,Rural Loan,,,,,,,[],,,,,,,,,,,[],"[""Delhi""]",,0.1,gemini,https://www.juhieindia.com,needs_review,low,1,rural loan,medium,,,,,2026-04-03T16:49:07.571174
806,Juhie India Pvt. Ltd.,Vehicle Loan,Vehicle Loan,,,,,,,[],,,,,,,,,,,[],"[""Delhi""]",,0.1,gemini,https://www.juhieindia.com,needs_review,low,1,vehicle loan,medium,,,,,2026-04-03T16:49:07.571225
807,Julania Finance Pvt. Ltd.,Personal Loan,Personal Loan,,,,,,,"[""salaried"", ""self-employed""]",,,,,,,,,,,[],[],,0.1,heuristic,https://julania.in,needs_review,low,1,personal loan,medium,,,,,2026-04-03T16:49:31.419280
807,Julania Finance Pvt. Ltd.,MSME Loan,MSME Loan,,,,,,,"[""self_employed_non_professional"", ""business""]",,,,,,,,,,,[],[],,0.1,heuristic,https://julania.in,needs_review,low,1,msme loan,medium,,,,,2026-04-03T16:49:31.419377
807,Julania Finance Pvt. Ltd.,Working Capital,Working Capital,,,,,,,"[""self_employed_non_professional"", ""business""]",,,,,,,,,,,[],[],,0.1,heuristic,https://julania.in,needs_review,low,1,working capital,medium,,,,,2026-04-03T16:49:31.419440
807,Julania Finance Pvt. Ltd.,Business Loan,Business Loan,,,,,,,"[""self_employed_non_professional"", ""business""]",,,,,,,,,,,[],[],,0.1,heuristic,https://julania.in,needs_review,low,1,business loan,medium,,,,,2026-04-03T16:49:31.419492
808,Jumbo Finvest (India) Ltd.,Business Loan,Business Loan,,,,,,,"[""self_employed_non_professional"", ""business""]",,,,,,,,,,,[],[],,0.1,heuristic,https://jumbofin.com,needs_review,low,1,business loan,medium,,,,,2026-04-03T16:50:10.764529
808,Jumbo Finvest (India) Ltd.,MSME Loan,MSME Loan,,,,,,,"[""self_employed_non_professional"", ""business""]",,,,,,,,,,,[],[],,0.1,heuristic,https://jumbofin.com,needs_review,low,1,msme loan,medium,,,,,2026-04-03T16:50:10.764632
808,Jumbo Finvest (India) Ltd.,Home Loan,Home Loan,,,,,,,[],,,,,,,,,,,[],[],,0.0,heuristic,https://jumbofin.com,needs_review,low,1,home loan,medium,,,,,2026-04-03T16:50:10.764688
808,Jumbo Finvest (India) Ltd.,Gold Loan,Gold Loan,,,,,,,[],,,,,,,,,,,[],[],,0.0,heuristic,https://jumbofin.com,needs_review,low,1,gold loan,medium,,,,,2026-04-03T16:50:10.764737
808,Jumbo Finvest (India) Ltd.,Two Wheeler Loan,Two Wheeler Loan,,,,,,,[],,,,,,,,,,,[],[],,0.0,heuristic,https://jumbofin.com,needs_review,low,1,two wheeler loan,medium,,,,,2026-04-03T16:50:10.764786
808,Jumbo Finvest (India) Ltd.,Micro Loan,Micro Loan,,,,,,,[],,,,,,,,,,,[],[],,0.0,heuristic,https://jumbofin.com,needs_review,low,1,micro loan,medium,,,,,2026-04-03T16:50:10.764834
808,Jumbo Finvest (India) Ltd.,Rural Loan,Rural Loan,,,,,,,"[""agriculture""]",,,,,,,,,,,[],[],,0.1,heuristic,https://jumbofin.com,needs_review,low,1,rural loan,medium,,,,,2026-04-03T16:50:10.764882
809,Jupiter Credits (P) Ltd,Credit Card,Credit Card,,,,,,,[],,,,,,,,,,,[],"[""Karnataka"", ""Maharashtra""]",,0.1,gemini,https://jupiter.money,needs_review,low,1,credit card,medium,,,,,2026-04-03T16:50:33.514485
809,Jupiter Credits (P) Ltd,Home Loan,Home Loan,,,,,,,[],,,,,,,,,,,[],"[""Karnataka"", ""Maharashtra""]",,0.1,gemini,https://jupiter.money,needs_review,low,1,home loan,medium,,,,,2026-04-03T16:50:33.514607
809,Jupiter Credits (P) Ltd,Personal Loan,Personal Loan,,,,,,,[],,,,,,,,,,,[],"[""Karnataka"", ""Maharashtra""]",,0.1,gemini,https://jupiter.money,needs_review,low,1,personal loan,medium,,,,,2026-04-03T16:50:33.514679
810,K S R Capital Services Ltd,MSME Loan,MSME Loan,,50.0,,,,,"[""business""]",,,2,,,,,,,,[],"[""Chandigarh"", ""Haryana"", ""Punjab""]",,0.3,gemini,https://www.ksrcsl.com,needs_review,low,1,msme loan,medium,True,True,True,2,2026-04-03T16:50:56.056274
810,K S R Capital Services Ltd,Micro Loan,Micro Loan,,1.0,,,18,60,"[""salaried"", ""self-employed"", ""business""]",,,,,,,,,,False,[],"[""Chandigarh"", ""Haryana"", ""Punjab""]",,0.3,gemini,https://www.ksrcsl.com,needs_review,low,1,micro loan,medium,True,True,,,2026-04-03T16:50:56.056395
811,K.M.S. Finlease Ltd.,Gold Loan,Gold Loan,,,,,,,[],,,,,,,,,,,[],[],,0.0,heuristic,http://www.mrfinlease.in,needs_review,low,1,gold loan,medium,,,,,2026-04-03T16:51:25.175885
811,K.M.S. Finlease Ltd.,Vehicle Loan,Vehicle Loan,,,,,,,[],,,,,,,,,,,[],[],,0.0,heuristic,http://www.mrfinlease.in,needs_review,low,1,vehicle loan,medium,,,,,2026-04-03T16:51:25.175973
811,K.M.S. Finlease Ltd.,Personal Loan,Personal Loan,,,,,,,"[""salaried"", ""self-employed""]",,,,,,,,,,,[],[],,0.1,heuristic,http://www.mrfinlease.in,needs_review,low,1,personal loan,medium,,,,,2026-04-03T16:51:25.176025
811,K.M.S. Finlease Ltd.,Credit Card,Credit Card,,,,,,,[],,,,,,,,,,,[],[],,0.0,heuristic,http://www.mrfinlease.in,needs_review,low,1,credit card,medium,,,,,2026-04-03T16:51:25.176070
812,Kairali Finance & Investments Private Limited,Business Loan,Business Loan,,,,,,,"[""self_employed_non_professional"", ""business""]",,,,,,,,,,,[],[],,0.1,heuristic,https://kairalifinance.com,needs_review,low,1,business loan,medium,,,,,2026-04-03T16:51:56.370664
812,Kairali Finance & Investments Private Limited,Gold Loan,Gold Loan,,,,,,,[],,,,,,,,,,,[],[],,0.0,heuristic,https://kairalifinance.com,needs_review,low,1,gold loan,medium,,,,,2026-04-03T16:51:56.370758
812,Kairali Finance & Investments Private Limited,Vehicle Loan,Vehicle Loan,,,,,,,[],,,,,,,,,,,[],[],,0.0,heuristic,https://kairalifinance.com,needs_review,low,1,vehicle loan,medium,,,,,2026-04-03T16:51:56.370815
812,Kairali Finance & Investments Private Limited,Personal Loan,Personal Loan,,,,,,,"[""salaried"", ""self-employed""]",,,,,,,,,,,[],[],,0.1,heuristic,https://kairalifinance.com,needs_review,low,1,personal loan,medium,,,,,2026-04-03T16:51:56.370867
812,Kairali Finance & Investments Private Limited,Rural Loan,Rural Loan,,,,,,,"[""agriculture""]",,,,,,,,,,,[],[],,0.1,heuristic,https://kairalifinance.com,needs_review,low,1,rural loan,medium,,,,,2026-04-03T16:51:56.370919
814,Kalkut Vinimay Pvt Ltd,MSME Loan,MSME Loan,,,,,21,,"[""business""]",,,2,,,,,,,False,[],"[""West Bengal""]",,0.2,gemini,https://www.kalkutvinimay.com,needs_review,low,1,msme loan,medium,True,True,True,2,2026-04-03T16:52:22.609712
815,Kalpavitta Finance Private Limited,Education Loan,Education Loan,,,,,18,35,"[""student""]",,,,,,,,,,,[],[],"Applicant must be an Indian Citizen, admitted to a recognized educational institution, and have a good academic record. A co-applicant (parent/guardian) with a stable income is required.",0.2,gemini,https://www.kalpavittafin.in,needs_review,low,1,education loan,medium,True,True,False,,2026-04-03T16:52:43.571068
815,Kalpavitta Finance Private Limited,Personal Loan,Personal Loan,,,,,21,60,"[""salaried"", ""self-employed""]",20.0,,,,,,,,,False,[],[],Applicant must be an Indian Citizen and have a good credit history.,0.2,gemini,https://www.kalpavittafin.in,needs_review,low,1,personal loan,medium,True,True,False,,2026-04-03T16:52:43.571185
816,Kamal Finserve Private Limited,MSME Loan,MSME Loan,,,,,21,65,"[""business""]",,10.0,3,,,,,,,,[],"[""Chandigarh"", ""Rajasthan""]",,0.2,gemini,https://www.kamalfinserve.in,needs_review,low,1,msme loan,medium,True,True,True,2,2026-04-03T16:53:12.530293
816,Kamal Finserve Private Limited,Vehicle Loan,Vehicle Loan,,,,,21,60,"[""salaried"", ""self-employed""]",15.0,,,,,,,,,,[],"[""Chandigarh"", ""Rajasthan""]",,0.2,gemini,https://www.kamalfinserve.in,needs_review,low,1,vehicle loan,medium,True,True,,,2026-04-03T16:53:12.530408
818,Kangan Consultancy Pvt.Ltd.,Business Loan,Business Loan,,,,,,,"[""business""]",,,,,,,,,,,[],"[""Delhi""]",,0.2,gemini,https://www.kangancons.com,needs_review,low,1,business loan,medium,,,,,2026-04-03T16:53:43.409690
818,Kangan Consultancy Pvt.Ltd.,Personal Loan,Personal Loan,,,,,,,[],,,,,,,,,,,[],"[""Delhi""]",,0.1,gemini,https://www.kangancons.com,needs_review,low,1,personal loan,medium,,,,,2026-04-03T16:53:43.409799
819,Kapilesh Stock Holding Pvt Ltd,Personal Loan,Personal Loan,,,,,21,60,"[""salaried""]",25.0,,,,,,,,,False,[],[],,0.1,gemini,https://kapilesh.com,needs_review,low,1,personal loan,medium,True,True,False,,2026-04-03T17:00:22.061544
820,Karamjyoti Sales (P) Ltd,Business Loan,Business Loan,,,,,,,"[""business""]",,,,,,,,,,,[],"[""West Bengal""]",,0.2,gemini,https://www.karamjyoti.in,needs_review,low,1,business loan,medium,,,,,2026-04-03T17:01:13.014737
820,Karamjyoti Sales (P) Ltd,Loan Against Property,Loan Against Property,,,,,,,[],,,,,,,,,,True,"[""property""]","[""West Bengal""]",,0.1,gemini,https://www.karamjyoti.in,needs_review,low,1,loan against property,medium,,,,,2026-04-03T17:01:13.014858
821,Karan Fincap Pvt. Ltd.,Business Loan,Business Loan,,,,,,,[],,,,,,,,,,,[],"[""Delhi"", ""Punjab""]",,0.1,gemini,http://karinafincap.com,needs_review,low,1,business loan,medium,,,,,2026-04-03T17:01:36.368506
821,Karan Fincap Pvt. Ltd.,Gold Loan,Gold Loan,,,,,,,[],,,,,,,,,,True,"[""gold""]","[""Delhi"", ""Punjab""]",,0.1,gemini,http://karinafincap.com,needs_review,low,1,gold loan,medium,,,,,2026-04-03T17:01:36.368625
821,Karan Fincap Pvt. Ltd.,Home Loan,Home Loan,,,,,,,[],,,,,,,,,,True,"[""property""]","[""Delhi"", ""Punjab""]",,0.1,gemini,http://karinafincap.com,needs_review,low,1,home loan,medium,,,,,2026-04-03T17:01:36.368695
821,Karan Fincap Pvt. Ltd.,Personal Loan,Personal Loan,,,,,,,[],,,,,,,,,,False,[],"[""Delhi"", ""Punjab""]",,0.1,gemini,http://karinafincap.com,needs_review,low,1,personal loan,medium,,,,,2026-04-03T17:01:36.368753
821,Karan Fincap Pvt. Ltd.,Vehicle Loan,Vehicle Loan,,,,,,,[],,,,,,,,,,True,"[""vehicle""]","[""Delhi"", ""Punjab""]",,0.1,gemini,http://karinafincap.com,needs_review,low,1,vehicle loan,medium,,,,,2026-04-03T17:01:36.368811
822,Karina Fincap Limited,Business Loan,Business Loan,,,,,,,[],,,,,,,,,,,[],"[""Delhi"", ""Punjab""]",,0.1,gemini,http://karinafincap.com,needs_review,low,1,business loan,medium,,,,,2026-04-03T17:01:54.758360
822,Karina Fincap Limited,Gold Loan,Gold Loan,,,,,,,[],,,,,,,,,,True,"[""gold""]","[""Delhi"", ""Punjab""]",,0.1,gemini,http://karinafincap.com,needs_review,low,1,gold loan,medium,,,,,2026-04-03T17:01:54.758459
822,Karina Fincap Limited,Home Loan,Home Loan,,,,,,,[],,,,,,,,,,True,"[""property""]","[""Delhi"", ""Punjab""]",,0.1,gemini,http://karinafincap.com,needs_review,low,1,home loan,medium,,,,,2026-04-03T17:01:54.758522
822,Karina Fincap Limited,Personal Loan,Personal Loan,,,,,,,[],,,,,,,,,,False,[],"[""Delhi"", ""Punjab""]",,0.1,gemini,http://karinafincap.com,needs_review,low,1,personal loan,medium,,,,,2026-04-03T17:01:54.758571
822,Karina Fincap Limited,Vehicle Loan,Vehicle Loan,,,,,,,[],,,,,,,,,,True,"[""vehicle""]","[""Delhi"", ""Punjab""]",,0.1,gemini,http://karinafincap.com,needs_review,low,1,vehicle loan,medium,,,,,2026-04-03T17:01:54.758621
823,Kaushal Vincom (P) Ltd,Business Loan,Business Loan,,,,,,,"[""business""]",,,2,,,,,,,,[],"[""Gujarat""]",,0.2,gemini,https://kaushalcorp.com/company,needs_review,low,1,business loan,medium,True,True,True,2,2026-04-03T17:02:12.219550
823,Kaushal Vincom (P) Ltd,Personal Loan,Personal Loan,,,,,21,,"[""salaried"", ""self-employed""]",,,,,,,,,,False,[],"[""Gujarat""]",,0.2,gemini,https://kaushalcorp.com/company,needs_review,low,1,personal loan,medium,True,True,,2,2026-04-03T17:02:12.219674
824,Kedia Trade & Agencies (P) Ltd,Home Loan,Home Loan,,,,,,,[],,,,,,,,,,True,[],"[""Andhra Pradesh"", ""Bihar"", ""Delhi"", ""Gujarat"", ""Haryana"", ""Karnataka"", ""Maharashtra"", ""Punjab"", ""Rajasthan"", ""Tamil Nadu""]",,0.1,gemini,http://www.kediaca.in/resource/Services/services.aspx,needs_review,low,1,home loan,medium,,,,,2026-04-03T17:02:25.648043
824,Kedia Trade & Agencies (P) Ltd,Vehicle Loan,Vehicle Loan,,,,,,,[],,,,,,,,,,True,"[""vehicle""]","[""Andhra Pradesh"", ""Bihar"", ""Delhi"", ""Gujarat"", ""Haryana"", ""Karnataka"", ""Maharashtra"", ""Punjab"", ""Rajasthan"", ""Tamil Nadu""]",,0.1,gemini,http://www.kediaca.in/resource/Services/services.aspx,needs_review,low,1,vehicle loan,medium,,,,,2026-04-03T17:02:25.648156
825,Kemex Engineering (P) Ltd,Business Loan,Business Loan,,,,,,,[],,,,,,,,,,,[],"[""Uttar Pradesh""]",,0.1,gemini,https://kemexfinance.com,needs_review,low,1,business loan,medium,True,True,,,2026-04-03T17:02:52.676351
825,Kemex Engineering (P) Ltd,Education Loan,Education Loan,,,,,,,[],,,,,,,,,,,[],"[""Uttar Pradesh""]",,0.1,gemini,https://kemexfinance.com,needs_review,low,1,education loan,medium,True,True,,,2026-04-03T17:02:52.676483
825,Kemex Engineering (P) Ltd,Personal Loan,Personal Loan,,,,,,,[],,,,,,,,,,,[],"[""Uttar Pradesh""]",,0.1,gemini,https://kemexfinance.com,needs_review,low,1,personal loan,medium,True,True,,,2026-04-03T17:02:52.676560
826,Khandelwal Finance Private Limited,Credit Card,Credit Card,,,,,,,[],,,,,,,,,,False,[],"[""Andhra Pradesh"", ""Bihar"", ""Delhi"", ""Gujarat"", ""Haryana"", ""Karnataka"", ""Maharashtra"", ""Punjab"", ""Rajasthan"", ""Tamil Nadu""]",,0.1,gemini,https://www.nbkhandelwal.com,needs_review,low,1,credit card,medium,,,,,2026-04-03T17:03:20.144116
826,Khandelwal Finance Private Limited,Gold Loan,Gold Loan,,,,,,,[],,,,,,,,,,True,[],"[""Andhra Pradesh"", ""Bihar"", ""Delhi"", ""Gujarat"", ""Haryana"", ""Karnataka"", ""Maharashtra"", ""Punjab"", ""Rajasthan"", ""Tamil Nadu""]",,0.1,gemini,https://www.nbkhandelwal.com,needs_review,low,1,gold loan,medium,,,,,2026-04-03T17:03:20.144231
826,Khandelwal Finance Private Limited,Home Loan,Home Loan,,,,,,,[],,,,,,,,,,True,[],"[""Andhra Pradesh"", ""Bihar"", ""Delhi"", ""Gujarat"", ""Haryana"", ""Karnataka"", ""Maharashtra"", ""Punjab"", ""Rajasthan"", ""Tamil Nadu""]",,0.1,gemini,https://www.nbkhandelwal.com,needs_review,low,1,home loan,medium,,,,,2026-04-03T17:03:20.144299
826,Khandelwal Finance Private Limited,Vehicle Loan,Vehicle Loan,,,,,,,[],,,,,,,,,,True,"[""vehicle""]","[""Andhra Pradesh"", ""Bihar"", ""Delhi"", ""Gujarat"", ""Haryana"", ""Karnataka"", ""Maharashtra"", ""Punjab"", ""Rajasthan"", ""Tamil Nadu""]",,0.1,gemini,https://www.nbkhandelwal.com,needs_review,low,1,vehicle loan,medium,,,,,2026-04-03T17:03:20.144360
827,Khetawat Financial Resources Private Limited,Gold Loan,Gold Loan,,,,,,,[],,,,,,,,,,True,[],[],,0.0,gemini,https://www.khetawatfin.com,needs_review,low,1,gold loan,medium,,,,,2026-04-03T17:03:48.048215
827,Khetawat Financial Resources Private Limited,Home Loan,Home Loan,,,,,,,[],,,,,,,,,,True,[],[],,0.0,gemini,https://www.khetawatfin.com,needs_review,low,1,home loan,medium,,,,,2026-04-03T17:03:48.048321
827,Khetawat Financial Resources Private Limited,Personal Loan,Personal Loan,,,,,,,[],,,,,,,,,,False,[],[],,0.0,gemini,https://www.khetawatfin.com,needs_review,low,1,personal loan,medium,,,,,2026-04-03T17:03:48.048421
827,Khetawat Financial Resources Private Limited,Vehicle Loan,Vehicle Loan,,,,,,,[],,,,,,,,,,True,"[""vehicle""]",[],,0.0,gemini,https://www.khetawatfin.com,needs_review,low,1,vehicle loan,medium,,,,,2026-04-03T17:03:48.048496
828,Khosya Finlease (P) Ltd.,Personal Loan,Personal Loan,,,,,,,[],,,,,,,,,,,[],"[""Delhi""]",,0.1,gemini,https://khosyafinlease.com,needs_review,low,1,personal loan,medium,,,,,2026-04-03T17:04:00.209490
829,Kifs Financial Services Limited,Home Loan,Home Loan,,,,,,,[],,,,,,,,,,,[],"[""Gujarat"", ""Haryana""]",,0.1,gemini,https://kifshousing.com,needs_review,low,1,home loan,medium,,,,,2026-04-03T17:05:08.238173
829,Kifs Financial Services Limited,Loan Against Property,Loan Against Property,,,,,,,[],,,,,,,,,,,[],"[""Gujarat"", ""Haryana""]",,0.1,gemini,https://kifshousing.com,needs_review,low,1,loan against property,medium,,,,,2026-04-03T17:05:08.238285
830,Kiran Resources Private Limited,Home Loan,Home Loan,,,,,,,[],,,,,,,,,,,[],"[""Andhra Pradesh"", ""Bihar"", ""Delhi"", ""Gujarat"", ""Haryana"", ""Karnataka"", ""Maharashtra"", ""Punjab"", ""Rajasthan"", ""Tamil Nadu""]",,0.1,gemini,https://www.kiranmehtaca.com/resources/Forms/NBFC_Forms/NBFC_Forms.aspx,needs_review,low,1,home loan,medium,,,,,2026-04-03T17:05:20.639680
830,Kiran Resources Private Limited,Vehicle Loan,Vehicle Loan,,,,,,,[],,,,,,,,,,,[],"[""Andhra Pradesh"", ""Bihar"", ""Delhi"", ""Gujarat"", ""Haryana"", ""Karnataka"", ""Maharashtra"", ""Punjab"", ""Rajasthan"", ""Tamil Nadu""]",,0.1,gemini,https://www.kiranmehtaca.com/resources/Forms/NBFC_Forms/NBFC_Forms.aspx,needs_review,low,1,vehicle loan,medium,,,,,2026-04-03T17:05:20.639788
831,Kisetsu Saison Finance (India) Private Limited,Working Capital,Working Capital,,,,,,,"[""self_employed_non_professional"", ""business""]",,,,,,,,,,,[],[],,0.1,heuristic,https://creditsaison.in,needs_review,low,1,working capital,medium,,,,,2026-04-03T17:05:54.541628
831,Kisetsu Saison Finance (India) Private Limited,Business Loan,Business Loan,,,,,,,"[""self_employed_non_professional"", ""business""]",,,,,,,,,,,[],[],,0.1,heuristic,https://creditsaison.in,needs_review,low,1,business loan,medium,,,,,2026-04-03T17:05:54.541737
831,Kisetsu Saison Finance (India) Private Limited,MSME Loan,MSME Loan,,,,,,,"[""self_employed_non_professional"", ""business""]",,,,,,,,,,,[],[],,0.1,heuristic,https://creditsaison.in,needs_review,low,1,msme loan,medium,,,,,2026-04-03T17:05:54.541799
831,Kisetsu Saison Finance (India) Private Limited,Home Loan,Home Loan,,,,,,,[],,,,,,,,,,,[],[],,0.0,heuristic,https://creditsaison.in,needs_review,low,1,home loan,medium,,,,,2026-04-03T17:05:54.541849
831,Kisetsu Saison Finance (India) Private Limited,Loan Against Property,Loan Against Property,,,,,,,[],,,,,,,,,,,[],[],,0.0,heuristic,https://creditsaison.in,needs_review,low,1,loan against property,medium,,,,,2026-04-03T17:05:54.541901
832,Kjmc Financial Services Ltd,Personal Loan,Personal Loan,,,,,,,"[""salaried"", ""self-employed""]",,,,,,,,,,,[],[],,0.1,heuristic,https://www.kjmcfinserv.com,needs_review,low,1,personal loan,medium,,,,,2026-04-03T17:06:21.817852
832,Kjmc Financial Services Ltd,Consumer Durable Loan,Consumer Durable Loan,,,,,,,"[""salaried"", ""self-employed""]",,,,,,,,,,,[],[],,0.1,heuristic,https://www.kjmcfinserv.com,needs_review,low,1,consumer durable loan,medium,,,,,2026-04-03T17:06:21.817959
832,Kjmc Financial Services Ltd,MSME Loan,MSME Loan,,,,,,,"[""self_employed_non_professional"", ""business""]",,,,,,,,,,,[],[],,0.1,heuristic,https://www.kjmcfinserv.com,needs_review,low,1,msme loan,medium,,,,,2026-04-03T17:06:21.818015
832,Kjmc Financial Services Ltd,Two Wheeler Loan,Two Wheeler Loan,,,,,,,[],,,,,,,,,,,[],[],,0.0,heuristic,https://www.kjmcfinserv.com,needs_review,low,1,two wheeler loan,medium,,,,,2026-04-03T17:06:21.818061
833,KNAB Finance Advisors Private Limited,MSME Business Loan,Business Loan,,100.0,,,25,65,"[""business""]",,10.0,3,,,,36,,,False,[],[],Business must be profitable for the last 2 years.,0.4,gemini,https://knabfinance.com,needs_review,low,1,msme business loan,medium,True,True,True,2,2026-04-03T17:06:41.969038
834,Kogta Financial (India) Ltd.,Loan Against Property,Loan Against Property,,,,,,,"[""salaried"", ""self-employed""]",,,,,,,,,,True,[],"[""Gujarat"", ""Rajasthan""]",,0.2,gemini,https://www.kogta.in,needs_review,low,1,loan against property,medium,,,,,2026-04-03T17:06:59.122119
834,Kogta Financial (India) Ltd.,MSME Loan,MSME Loan,,,,,,,"[""business""]",,,,,,,,,,,[],"[""Gujarat"", ""Rajasthan""]",,0.2,gemini,https://www.kogta.in,needs_review,low,1,msme loan,medium,,,,,2026-04-03T17:06:59.122232
834,Kogta Financial (India) Ltd.,Vehicle Loan,Vehicle Loan,,,,,,,"[""salaried"", ""self-employed""]",,,,,,,,,,True,"[""vehicle""]","[""Gujarat"", ""Rajasthan""]",,0.2,gemini,https://www.kogta.in,needs_review,low,1,vehicle loan,medium,,,,,2026-04-03T17:06:59.122304
834,Kogta Financial (India) Ltd.,Working Capital,Working Capital,,,,,,,"[""business""]",,,,,,,,,,,[],"[""Gujarat"", ""Rajasthan""]",,0.2,gemini,https://www.kogta.in,needs_review,low,1,working capital,medium,,,,,2026-04-03T17:06:59.122362
835,Konark Commerce & Industries Ltd,Business Loan,Business Loan,,,,,,,[],,,,,,,,,,,[],"[""Assam"", ""Delhi""]",,0.1,gemini,https://konarkfinserv.com,needs_review,low,1,business loan,medium,,,,,2026-04-03T17:07:15.568703
835,Konark Commerce & Industries Ltd,Credit Card,Credit Card,,,,,,,[],,,,,,,,,,,[],"[""Assam"", ""Delhi""]",,0.1,gemini,https://konarkfinserv.com,needs_review,low,1,credit card,medium,,,,,2026-04-03T17:07:15.568813
835,Konark Commerce & Industries Ltd,Home Loan,Home Loan,,,,,,,[],,,,,,,,,,,[],"[""Assam"", ""Delhi""]",,0.1,gemini,https://konarkfinserv.com,needs_review,low,1,home loan,medium,,,,,2026-04-03T17:07:15.568881
835,Konark Commerce & Industries Ltd,Loan Against Property,Loan Against Property,,,,,,,[],,,,,,,,,,,[],"[""Assam"", ""Delhi""]",,0.1,gemini,https://konarkfinserv.com,needs_review,low,1,loan against property,medium,,,,,2026-04-03T17:07:15.568940
835,Konark Commerce & Industries Ltd,Personal Loan,Personal Loan,,,,,,,[],,,,,,,,,,,[],"[""Assam"", ""Delhi""]",,0.1,gemini,https://konarkfinserv.com,needs_review,low,1,personal loan,medium,,,,,2026-04-03T17:07:15.568997
835,Konark Commerce & Industries Ltd,Working Capital,Working Capital,,,,,,,[],,,,,,,,,,,[],"[""Assam"", ""Delhi""]",,0.1,gemini,https://konarkfinserv.com,needs_review,low,1,working capital,medium,,,,,2026-04-03T17:07:15.569069
836,Kosamattam Finance Limited,Business Loan,Business Loan,,,,,,,"[""self_employed_non_professional"", ""business""]",,,,,,,,,,,[],[],,0.1,heuristic,https://www.kosamattam.com,needs_review,low,1,business loan,medium,,,,,2026-04-03T17:07:49.325272
836,Kosamattam Finance Limited,MSME Loan,MSME Loan,,,,,,,"[""self_employed_non_professional"", ""business""]",,,,,,,,,,,[],[],,0.1,heuristic,https://www.kosamattam.com,needs_review,low,1,msme loan,medium,,,,,2026-04-03T17:07:49.325391
836,Kosamattam Finance Limited,Gold Loan,Gold Loan,,,,,,,[],,,,,,,,,,,[],[],,0.0,heuristic,https://www.kosamattam.com,needs_review,low,1,gold loan,medium,,,,,2026-04-03T17:07:49.325452
836,Kosamattam Finance Limited,Personal Loan,Personal Loan,,,,,,,"[""salaried"", ""self-employed""]",,,,,,,,,,,[],[],,0.1,heuristic,https://www.kosamattam.com,needs_review,low,1,personal loan,medium,,,,,2026-04-03T17:07:49.325505
836,Kosamattam Finance Limited,Rural Loan,Rural Loan,,,,,,,"[""agriculture""]",,,,,,,,,,,[],[],,0.1,heuristic,https://www.kosamattam.com,needs_review,low,1,rural loan,medium,,,,,2026-04-03T17:07:49.325554
838,Kotak Mahindra Prime Ltd.,Two Wheeler Loan,Two Wheeler Loan,,,,,18,65,"[""salaried"", ""self-employed""]",10.0,,,,,,48,,,,[],[],Should be residing in the current residence for at least 1 year.,0.3,gemini,https://www.primeloans.kotak.com,needs_review,medium,1,two wheeler loan,low,,,,,2026-04-03T17:08:16.527488
841,LAKSHMI FINCARE PRIVATE LIMITED ( formerly Lakshmi Tie-Up  Pvt. Ltd),Personal Loan,Personal Loan,,,,,,,"[""salaried"", ""self-employed""]",,,,,,,,,,,[],[],,0.1,heuristic,https://www.lakshmifinance.org.in,needs_review,low,1,personal loan,medium,,,,,2026-04-03T17:09:24.236273
841,LAKSHMI FINCARE PRIVATE LIMITED ( formerly Lakshmi Tie-Up  Pvt. Ltd),MSME Loan,MSME Loan,,,,,,,"[""self_employed_non_professional"", ""business""]",,,,,,,,,,,[],[],,0.1,heuristic,https://www.lakshmifinance.org.in,needs_review,low,1,msme loan,medium,,,,,2026-04-03T17:09:24.236379
841,LAKSHMI FINCARE PRIVATE LIMITED ( formerly Lakshmi Tie-Up  Pvt. Ltd),Business Loan,Business Loan,,,,,,,"[""self_employed_non_professional"", ""business""]",,,,,,,,,,,[],[],,0.1,heuristic,https://www.lakshmifinance.org.in,needs_review,low,1,business loan,medium,,,,,2026-04-03T17:09:24.236440
842,Lakshmithra Finance Private Limited,Business Loan,Business Loan,,,,,,,"[""business""]",,,,,,,,,,,[],[],The business must be a legally registered entity.,0.2,gemini,https://www.lakshmithra.com,needs_review,low,1,business loan,medium,True,True,True,,2026-04-03T17:09:47.887509
842,Lakshmithra Finance Private Limited,MSME Loan,MSME Loan,,,,,,,"[""business""]",,,,,,,,,,True,[],[],"The business must be classified as a Micro, Small, or Medium Enterprise as per government guidelines. The business must comply with all legal and regulatory requirements.",0.2,gemini,https://www.lakshmithra.com,needs_review,low,1,msme loan,medium,True,True,True,,2026-04-03T17:09:47.887643
843,Lambodar Investments and Trading Company Limited,Home Loan,Home Loan,,,,,,,[],,,,,,,,,,,[],"[""Tamil Nadu""]",,0.1,gemini,https://company.vakilsearch.com/lambodar-investments-trading-company-limited/U07120MH1980PLC022211,needs_review,low,1,home loan,medium,,,,,2026-04-03T17:09:58.293785
844,Laneseda Vanijya Pvt Ltd,Business Loan,Business Loan,,,,,,,"[""self_employed_non_professional"", ""business""]",,,,,,,,,,,[],[],,0.1,heuristic,https://www.lanesedavanijya.com,needs_review,low,1,business loan,medium,,,,,2026-04-03T17:10:22.556264
844,Laneseda Vanijya Pvt Ltd,MSME Loan,MSME Loan,,,,,,,"[""self_employed_non_professional"", ""business""]",,,,,,,,,,,[],[],,0.1,heuristic,https://www.lanesedavanijya.com,needs_review,low,1,msme loan,medium,,,,,2026-04-03T17:10:22.556361
844,Laneseda Vanijya Pvt Ltd,Gold Loan,Gold Loan,,,,,,,[],,,,,,,,,,,[],[],,0.0,heuristic,https://www.lanesedavanijya.com,needs_review,low,1,gold loan,medium,,,,,2026-04-03T17:10:22.556417
844,Laneseda Vanijya Pvt Ltd,Microfinance,Microfinance,,,,,,,[],,,,,,,,,,,[],[],,0.0,heuristic,https://www.lanesedavanijya.com,needs_review,low,1,microfinance,medium,,,,,2026-04-03T17:10:22.556467
844,Laneseda Vanijya Pvt Ltd,Micro Loan,Micro Loan,,,,,,,[],,,,,,,,,,,[],[],,0.0,heuristic,https://www.lanesedavanijya.com,needs_review,low,1,micro loan,medium,,,,,2026-04-03T17:10:22.556513
844,Laneseda Vanijya Pvt Ltd,Vehicle Loan,Vehicle Loan,,,,,,,[],,,,,,,,,,,[],[],,0.0,heuristic,https://www.lanesedavanijya.com,needs_review,low,1,vehicle loan,medium,,,,,2026-04-03T17:10:22.556559
844,Laneseda Vanijya Pvt Ltd,Personal Loan,Personal Loan,,,,,,,"[""salaried"", ""self-employed""]",,,,,,,,,,,[],[],,0.1,heuristic,https://www.lanesedavanijya.com,needs_review,low,1,personal loan,medium,,,,,2026-04-03T17:10:22.556604
845,Lark Trading And Finance Ltd.,Business Loan,Business Loan,,,,,,,[],,,,,,,,,,,[],"[""Uttar Pradesh"", ""West Bengal""]",,0.1,gemini,https://larktrading.in,needs_review,low,1,business loan,medium,,,,,2026-04-03T17:10:44.296108
845,Lark Trading And Finance Ltd.,MSME Loan,MSME Loan,,,,,,,[],,,,,,,,,,,[],"[""Uttar Pradesh"", ""West Bengal""]",,0.1,gemini,https://larktrading.in,needs_review,low,1,msme loan,medium,,,,,2026-04-03T17:10:44.296230
845,Lark Trading And Finance Ltd.,Personal Loan,Personal Loan,,,,,,,[],,,,,,,,,,,[],"[""Uttar Pradesh"", ""West Bengal""]",,0.1,gemini,https://larktrading.in,needs_review,low,1,personal loan,medium,,,,,2026-04-03T17:10:44.296299
845,Lark Trading And Finance Ltd.,Supply Chain Finance,Supply Chain Finance,,,,,,,[],,,,,,,,,,,[],"[""Uttar Pradesh"", ""West Bengal""]",,0.1,gemini,https://larktrading.in,needs_review,low,1,supply chain finance,medium,,,,,2026-04-03T17:10:44.296360
845,Lark Trading And Finance Ltd.,Vehicle Loan,Vehicle Loan,,,,,,,[],,,,,,,,,,,[],"[""Uttar Pradesh"", ""West Bengal""]",,0.1,gemini,https://larktrading.in,needs_review,low,1,vehicle loan,medium,,,,,2026-04-03T17:10:44.296416
845,Lark Trading And Finance Ltd.,Working Capital,Working Capital,,,,,,,[],,,,,,,,,,,[],"[""Uttar Pradesh"", ""West Bengal""]",,0.1,gemini,https://larktrading.in,needs_review,low,1,working capital,medium,,,,,2026-04-03T17:10:44.296470
846,Lendingkart Finance Limited (Formerly Known As Aadri Infin Limited),Business Loan,Business Loan,0.5,100.0,,,,,"[""business""]",,12.0,1,15.0,,1,36,1.0,,False,[],"[""Delhi"", ""Maharashtra""]",Business operations for at least 6 months. No prior defaults.,0.8,gemini,https://www.lendingkart.com,pending,medium,1,business loan,low,True,True,True,,2026-04-03T17:11:05.020068
847,Leo Portfolios Pvt Ltd,Student EMI Card,Education Loan,,,,,18,,"[""student"", ""salaried"", ""self-employed""]",,,,,,,,,,False,[],"[""Maharashtra""]",Student must be pursuing higher education in India and have a valid student ID. Parent/Guardian's bank statement (last 6 months) and income proof (salary slips/ITR) required.,0.3,gemini,https://www.leo1.in,needs_review,low,1,student emi card,medium,True,True,False,,2026-04-03T17:11:25.399905
848,Libord Finance Limited,Business Loan,Business Loan,,,,,,,"[""business""]",,,,,,,,,,,[],[],"Minimum operating history required. Healthy financial records and repayment capacity. Good credit history. Registered business entities (Proprietorship, Partnership, Private Limited Company, etc.).",0.2,gemini,https://libord.com,needs_review,low,1,business loan,medium,True,True,True,,2026-04-03T17:12:13.653076
848,Libord Finance Limited,Rural Loan,Rural Loan,,,,,,,"[""agriculture"", ""self-employed""]",,,,,,,,,,,[],[],Farmers and Agriculturists (individuals engaged in farming and allied activities). Rural Entrepreneurs (small business owners operating in rural areas). Self-Help Groups (SHGs) and Joint Liability Groups (JLGs). Good repayment track record. Land Ownership Proof (for agricultural loans) and Business Registration (for rural enterprises) may be required.,0.2,gemini,https://libord.com,needs_review,low,1,rural loan,medium,True,True,,,2026-04-03T17:12:13.653188
848,Libord Finance Limited,Supply Chain Finance,Supply Chain Finance,,,,,,,"[""business""]",,,,,,,,,,,[],[],Established businesses with a proven track record and stable supply chain relationships. Strong financial health and credit history of both buyers and suppliers. Sufficient transaction volume within the supply chain. Registered business entities.,0.2,gemini,https://libord.com,needs_review,low,1,supply chain finance,medium,True,True,,,2026-04-03T17:12:13.653253
848,Libord Finance Limited,Working Capital,Working Capital,,,,,,,"[""business""]",,,,,,,,,,False,[],[],Established businesses with a consistent operational history. Healthy cash flow and sound financial statements. Good credit history. Registered business entities.,0.2,gemini,https://libord.com,needs_review,low,1,working capital,medium,True,True,True,,2026-04-03T17:12:13.653307
849,Lionlender Finance Private Limited,Business Loan,Business Loan,,,,,,,[],,,,,,,,,,,[],[],,0.0,gemini,https://lionlender.in,needs_review,low,1,business loan,medium,,,,,2026-04-03T17:12:40.614017
849,Lionlender Finance Private Limited,Gold Loan,Gold Loan,,,,,,,[],,,,,,,,,,True,"[""gold""]",[],,0.0,gemini,https://lionlender.in,needs_review,low,1,gold loan,medium,,,,,2026-04-03T17:12:40.614118
849,Lionlender Finance Private Limited,Loan Against Property,Loan Against Property,,,,,,,[],,,,,,,,,,True,"[""property""]",[],,0.0,gemini,https://lionlender.in,needs_review,low,1,loan against property,medium,,,,,2026-04-03T17:12:40.614179
849,Lionlender Finance Private Limited,MSME Loan,MSME Loan,,,,,,,[],,,,,,,,,,,[],[],,0.0,gemini,https://lionlender.in,needs_review,low,1,msme loan,medium,,,,,2026-04-03T17:12:40.614227
849,Lionlender Finance Private Limited,Microfinance,Microfinance,,,,,,,[],,,,,,,,,,,[],[],,0.0,gemini,https://lionlender.in,needs_review,low,1,microfinance,medium,,,,,2026-04-03T17:12:40.614273
849,Lionlender Finance Private Limited,Personal Loan,Personal Loan,,,,,,,[],,,,,,,,,,False,[],[],,0.0,gemini,https://lionlender.in,needs_review,low,1,personal loan,medium,,,,,2026-04-03T17:12:40.614317
849,Lionlender Finance Private Limited,Rural Loan,Rural Loan,,,,,,,[],,,,,,,,,,,[],[],,0.0,gemini,https://lionlender.in,needs_review,low,1,rural loan,medium,,,,,2026-04-03T17:12:40.614360
849,Lionlender Finance Private Limited,Working Capital,Working Capital,,,,,,,[],,,,,,,,,,,[],[],,0.0,gemini,https://lionlender.in,needs_review,low,1,working capital,medium,,,,,2026-04-03T17:12:40.614404
850,Livfin India Pvt. Ltd.,Business Loan,Business Loan,,500.0,,,,,"[""business""]",,100.0,2,,,,36,,,False,[],"[""Delhi""]",,0.4,gemini,https://livfin.com,needs_review,medium,1,business loan,low,True,True,,,2026-04-03T17:13:12.534802
850,Livfin India Pvt. Ltd.,Rural Loan,Rural Loan,,50.0,,,,,"[""agriculture"", ""business""]",,,,,,,36,,,False,[],"[""Delhi""]",,0.4,gemini,https://livfin.com,needs_review,medium,1,rural loan,low,True,True,,,2026-04-03T17:13:12.534928
850,Livfin India Pvt. Ltd.,Supply Chain Finance,Supply Chain Finance,,1000.0,,,,,"[""business""]",,,,,,,4,,,False,[],"[""Delhi""]",,0.4,gemini,https://livfin.com,needs_review,medium,1,supply chain finance,low,True,True,,,2026-04-03T17:13:12.534998
850,Livfin India Pvt. Ltd.,Working Capital,Working Capital,,500.0,,,,,"[""business""]",,,,,,,36,,,False,[],"[""Delhi""]",,0.4,gemini,https://livfin.com,needs_review,medium,1,working capital,low,True,True,,,2026-04-03T17:13:12.535059
851,LoanKhata Finance Private Limited,MSME Loan,MSME Loan,,500.0,650,,,,[],,12.0,3,10.5,,,60,,,,[],[],"Business Type: Proprietorship, Partnership, Private Limited Company, LLP",0.5,gemini,https://loankhata.com,needs_review,medium,1,msme loan,low,True,True,True,,2026-04-03T17:13:30.934467
852,Loantap Credit Products Private Limited,Personal Loan,Personal Loan,,,,,,,"[""salaried"", ""self-employed""]",,,,,,,,,,,[],[],,0.1,heuristic,https://loantap.in,needs_review,low,1,personal loan,medium,,,,,2026-04-03T17:14:02.934611
852,Loantap Credit Products Private Limited,MSME Loan,MSME Loan,,,,,,,"[""self_employed_non_professional"", ""business""]",,,,,,,,,,,[],[],,0.1,heuristic,https://loantap.in,needs_review,low,1,msme loan,medium,,,,,2026-04-03T17:14:02.934736
852,Loantap Credit Products Private Limited,Two Wheeler Loan,Two Wheeler Loan,,,,,,,[],,,,,,,,,,,[],[],,0.0,heuristic,https://loantap.in,needs_review,low,1,two wheeler loan,medium,,,,,2026-04-03T17:14:02.934794
852,Loantap Credit Products Private Limited,Business Loan,Business Loan,,,,,,,"[""self_employed_non_professional"", ""business""]",,,,,,,,,,,[],[],,0.1,heuristic,https://loantap.in,needs_review,low,1,business loan,medium,,,,,2026-04-03T17:14:02.934848
853,Loanzen Finance Private Limited,Vehicle Loan,Vehicle Loan,,,,,,,[],,,,,,,,,,,[],"[""Karnataka"", ""Punjab""]",,0.1,gemini,http://loanzen.in,needs_review,low,1,vehicle loan,medium,,,,,2026-04-03T17:14:34.925062
853,Loanzen Finance Private Limited,Working Capital,Working Capital,,,,,,,[],,,,,,,,,,,[],"[""Karnataka"", ""Punjab""]",,0.1,gemini,http://loanzen.in,needs_review,low,1,working capital,medium,,,,,2026-04-03T17:14:34.925169
854,Lok Suvidha Finance Ltd,Two Wheeler Loan,Two Wheeler Loan,,,,,18,65,"[""salaried"", ""self-employed""]",,,,,,,,,,,[],"[""Maharashtra""]",,0.2,gemini,https://loksuvidha.com,needs_review,low,1,two wheeler loan,medium,True,True,,,2026-04-03T17:14:54.779611
855,LRSD Securities Private Limited,Loan Against Property,Loan Against Property,,,,,21,65,"[""salaried"", ""self-employed""]",,,,,,,,,,True,[],[],,0.1,gemini,https://www.lrsdindia.com,needs_review,low,1,loan against property,medium,True,True,,,2026-04-03T17:15:17.011817
856,Lunawat Auto Finance Ltd,Vehicle Loan,Vehicle Loan,,,,,,,"[""salaried"", ""self-employed"", ""business""]",,,,,,,84,,,True,"[""vehicle""]",[],,0.2,gemini,https://www.lunawat.com/Pages.aspx?PageID=MzA=,needs_review,low,1,vehicle loan,medium,,,,,2026-04-03T17:15:28.672666
857,Lyon Investment And Industries Private Limited,Education Loan,Education Loan,,,,,,,[],,,,,,,,,,,[],"[""Maharashtra""]",,0.1,gemini,http://www.lyoninvestment.com,needs_review,low,1,education loan,medium,,,,,2026-04-03T17:15:45.063947
857,Lyon Investment And Industries Private Limited,MSME Loan,MSME Loan,,,,,,,[],,,,,,,,,,,[],"[""Maharashtra""]",,0.1,gemini,http://www.lyoninvestment.com,needs_review,low,1,msme loan,medium,,,,,2026-04-03T17:15:45.064064
857,Lyon Investment And Industries Private Limited,Personal Loan,Personal Loan,,,,,,,[],,,,,,,,,,,[],"[""Maharashtra""]",,0.1,gemini,http://www.lyoninvestment.com,needs_review,low,1,personal loan,medium,,,,,2026-04-03T17:15:45.064131
858,Maanaveeya Development & Finance Private Limited (Formerly Maanaveeya Holdings & Investments Private Limited),Microfinance,Microfinance,,,,,,,"[""business""]",,,,,,,,,,False,[],"[""Telangana""]",Loans provided to women entrepreneurs in rural and semi-urban areas.,0.3,gemini,https://www.maanaveeya.org,needs_review,low,1,microfinance,medium,True,True,False,,2026-04-03T17:16:09.486102
859,Madhuvan Dealers  Pvt.  Ltd.,Business Loan,Business Loan,,,,,,,[],,,,,,,,,,,[],"[""Gujarat""]",,0.1,gemini,https://madhuvan.com,needs_review,low,1,business loan,medium,,,,,2026-04-03T17:16:33.165614
859,Madhuvan Dealers  Pvt.  Ltd.,Home Loan,Home Loan,,,,,,,[],,,,,,,,,,,[],"[""Gujarat""]",,0.1,gemini,https://madhuvan.com,needs_review,low,1,home loan,medium,,,,,2026-04-03T17:16:33.165726
859,Madhuvan Dealers  Pvt.  Ltd.,Loan Against Property,Loan Against Property,,,,,,,[],,,,,,,,,,,[],"[""Gujarat""]",,0.1,gemini,https://madhuvan.com,needs_review,low,1,loan against property,medium,,,,,2026-04-03T17:16:33.165795
859,Madhuvan Dealers  Pvt.  Ltd.,Personal Loan,Personal Loan,,,,,,,[],,,,,,,,,,,[],"[""Gujarat""]",,0.1,gemini,https://madhuvan.com,needs_review,low,1,personal loan,medium,,,,,2026-04-03T17:16:33.165853
859,Madhuvan Dealers  Pvt.  Ltd.,Working Capital,Working Capital,,,,,,,[],,,,,,,,,,,[],"[""Gujarat""]",,0.1,gemini,https://madhuvan.com,needs_review,low,1,working capital,medium,,,,,2026-04-03T17:16:33.165910
860,Madhuvan Securities & Finance Pvt Ltd,Business Loan,Business Loan,,,,,,,[],,,,,,,,,,,[],"[""Gujarat""]",,0.1,gemini,https://madhuvan.com,needs_review,low,1,business loan,medium,,,,,2026-04-03T17:16:57.962328
860,Madhuvan Securities & Finance Pvt Ltd,Home Loan,Home Loan,,,,,,,[],,,,,,,,,,,[],"[""Gujarat""]",,0.1,gemini,https://madhuvan.com,needs_review,low,1,home loan,medium,,,,,2026-04-03T17:16:57.962435
860,Madhuvan Securities & Finance Pvt Ltd,Loan Against Property,Loan Against Property,,,,,,,[],,,,,,,,,,True,"[""property""]","[""Gujarat""]",,0.1,gemini,https://madhuvan.com,needs_review,low,1,loan against property,medium,,,,,2026-04-03T17:16:57.962506
860,Madhuvan Securities & Finance Pvt Ltd,Personal Loan,Personal Loan,,,,,,,[],,,,,,,,,,False,[],"[""Gujarat""]",,0.1,gemini,https://madhuvan.com,needs_review,low,1,personal loan,medium,,,,,2026-04-03T17:16:57.962563
860,Madhuvan Securities & Finance Pvt Ltd,Working Capital,Working Capital,,,,,,,[],,,,,,,,,,,[],"[""Gujarat""]",,0.1,gemini,https://madhuvan.com,needs_review,low,1,working capital,medium,,,,,2026-04-03T17:16:57.962619
861,Madhuvan Tieup Private Limited,Working Capital,Working Capital,,,,,,,"[""self_employed_non_professional"", ""business""]",,,,,,,,,,,[],[],,0.1,heuristic,https://madhuvan.com,needs_review,low,1,working capital,medium,,,,,2026-04-03T17:17:30.446558
861,Madhuvan Tieup Private Limited,Business Loan,Business Loan,,,,,,,"[""self_employed_non_professional"", ""business""]",,,,,,,,,,,[],[],,0.1,heuristic,https://madhuvan.com,needs_review,low,1,business loan,medium,,,,,2026-04-03T17:17:30.446647
861,Madhuvan Tieup Private Limited,Home Loan,Home Loan,,,,,,,[],,,,,,,,,,,[],[],,0.0,heuristic,https://madhuvan.com,needs_review,low,1,home loan,medium,,,,,2026-04-03T17:17:30.446699
861,Madhuvan Tieup Private Limited,Loan Against Property,Loan Against Property,,,,,,,[],,,,,,,,,,,[],[],,0.0,heuristic,https://madhuvan.com,needs_review,low,1,loan against property,medium,,,,,2026-04-03T17:17:30.446745
861,Madhuvan Tieup Private Limited,Personal Loan,Personal Loan,,,,,,,"[""salaried"", ""self-employed""]",,,,,,,,,,,[],[],,0.1,heuristic,https://madhuvan.com,needs_review,low,1,personal loan,medium,,,,,2026-04-03T17:17:30.446790
862,Magalir Micro Capital Private Limited,Personal Loan,Personal Loan,,,,,,,"[""salaried"", ""self-employed""]",,,,,,,,,,,[],[],,0.1,heuristic,https://magalir.net,needs_review,low,1,personal loan,medium,,,,,2026-04-03T17:18:01.197145
862,Magalir Micro Capital Private Limited,MSME Loan,MSME Loan,,,,,,,"[""self_employed_non_professional"", ""business""]",,,,,,,,,,,[],[],,0.1,heuristic,https://magalir.net,needs_review,low,1,msme loan,medium,,,,,2026-04-03T17:18:01.197249
862,Magalir Micro Capital Private Limited,Microfinance,Microfinance,,,,,,,[],,,,,,,,,,,[],[],,0.0,heuristic,https://magalir.net,needs_review,low,1,microfinance,medium,,,,,2026-04-03T17:18:01.197308
863,Mahavira Finlease Limited,Business Loan,Business Loan,,,,,,,[],,,,,,,,,,,[],"[""Delhi""]",,0.1,gemini,https://www.mahavirafinlease.com,needs_review,low,1,business loan,medium,,,,,2026-04-03T17:18:23.092686
863,Mahavira Finlease Limited,Education Loan,Education Loan,,,,,,,[],,,,,,,,,,,[],"[""Delhi""]",,0.1,gemini,https://www.mahavirafinlease.com,needs_review,low,1,education loan,medium,,,,,2026-04-03T17:18:23.092794
863,Mahavira Finlease Limited,Home Loan,Home Loan,,,,,,,[],,,,,,,,,,,[],"[""Delhi""]",,0.1,gemini,https://www.mahavirafinlease.com,needs_review,low,1,home loan,medium,,,,,2026-04-03T17:18:23.092856
863,Mahavira Finlease Limited,Personal Loan,Personal Loan,,,,,,,[],,,,,,,,,,,[],"[""Delhi""]",,0.1,gemini,https://www.mahavirafinlease.com,needs_review,low,1,personal loan,medium,,,,,2026-04-03T17:18:23.092911
863,Mahavira Finlease Limited,Vehicle Loan,Vehicle Loan,,,,,,,[],,,,,,,,,,,[],"[""Delhi""]",,0.1,gemini,https://www.mahavirafinlease.com,needs_review,low,1,vehicle loan,medium,,,,,2026-04-03T17:18:23.092966
863,Mahavira Finlease Limited,Working Capital,Working Capital,,,,,,,[],,,,,,,,,,,[],"[""Delhi""]",,0.1,gemini,https://www.mahavirafinlease.com,needs_review,low,1,working capital,medium,,,,,2026-04-03T17:18:23.093016
865,Mani Capitals Ltd.,Personal Loan,Personal Loan,,5.0,,,21,60,"[""salaried"", ""self-employed""]",15.0,,,,,,,,,False,[],"[""Gujarat""]","Indian Resident. Minimum income requirement: ₹15,000 per month for Salaried individuals, ₹20,000 per month for Self-Employed individuals.",0.4,gemini,https://capitalmani.com,needs_review,low,1,personal loan,medium,True,True,,,2026-04-03T17:19:05.804392
867,Manoranjan Grah Ltd.,Business Loan,Business Loan,,,,,,,[],,,,,,,,,,,[],"[""Uttar Pradesh""]",,0.1,gemini,https://www.manoranjangrah.com,needs_review,low,1,business loan,medium,,,,,2026-04-03T17:19:51.145287
867,Manoranjan Grah Ltd.,Consumer Durable Loan,Consumer Durable Loan,,,,,,,[],,,,,,,,,,,[],"[""Uttar Pradesh""]",,0.1,gemini,https://www.manoranjangrah.com,needs_review,low,1,consumer durable loan,medium,,,,,2026-04-03T17:19:51.145399
867,Manoranjan Grah Ltd.,Loan Against Property,Loan Against Property,,,,,,,[],,,,,,,,,,True,"[""property""]","[""Uttar Pradesh""]",,0.1,gemini,https://www.manoranjangrah.com,needs_review,low,1,loan against property,medium,,,,,2026-04-03T17:19:51.145469
867,Manoranjan Grah Ltd.,MSME Loan,MSME Loan,,,,,,,[],,,,,,,,,,,[],"[""Uttar Pradesh""]",,0.1,gemini,https://www.manoranjangrah.com,needs_review,low,1,msme loan,medium,,,,,2026-04-03T17:19:51.145540
867,Manoranjan Grah Ltd.,Personal Loan,Personal Loan,,,,,,,[],,,,,,,,,,,[],"[""Uttar Pradesh""]",,0.1,gemini,https://www.manoranjangrah.com,needs_review,low,1,personal loan,medium,,,,,2026-04-03T17:19:51.145596
869,Maple Vyapaar Pvt Ltd,Personal Loan,Personal Loan,,,,,,,[],,,,,,,,,,False,[],"[""Karnataka"", ""West Bengal""]",,0.1,gemini,https://www.vaibhav-vyapaar.com,needs_review,low,1,personal loan,medium,,,,,2026-04-03T17:20:23.334398
870,Marg  Techno  Projects  Ltd,Gold Loan,Gold Loan,,,,,18,,[],,,,,,,,,,True,[],"[""Dadra and Nagar Haveli"", ""Gujarat""]",,0.1,gemini,https://margtechno.com,needs_review,low,1,gold loan,medium,True,True,False,,2026-04-03T17:20:41.967388
870,Marg  Techno  Projects  Ltd,Personal Loan,Personal Loan,,,,,,,"[""salaried"", ""self-employed""]",,,,,,,,,,False,[],"[""Dadra and Nagar Haveli"", ""Gujarat""]",,0.2,gemini,https://margtechno.com,needs_review,low,1,personal loan,medium,True,True,False,,2026-04-03T17:20:41.967496
871,Marivil Finance Limited,Gold Loan,Gold Loan,,,,,,,[],,,,,,,,,,True,"[""gold""]","[""Kerala""]",,0.1,gemini,https://www.marivilfin.com,needs_review,low,1,gold loan,medium,,,,,2026-04-03T17:21:03.890250
871,Marivil Finance Limited,Personal Loan,Personal Loan,,,,,,,[],,,,,,,,,,False,[],"[""Kerala""]",,0.1,gemini,https://www.marivilfin.com,needs_review,low,1,personal loan,medium,,,,,2026-04-03T17:21:03.890326
872,Mathruka Leasing And Hire Purchase Company Private Ltd,Business Loan,Business Loan,,,,,,,[],,,,,,,,,,,[],"[""Kerala""]",,0.1,gemini,https://mathrukanbfc.com,needs_review,low,1,business loan,medium,,,,,2026-04-03T17:21:29.949028
872,Mathruka Leasing And Hire Purchase Company Private Ltd,Gold Loan,Gold Loan,,,,,,,[],,,,,,,,,,True,"[""gold""]","[""Kerala""]",,0.1,gemini,https://mathrukanbfc.com,needs_review,low,1,gold loan,medium,,,,,2026-04-03T17:21:29.949144
872,Mathruka Leasing And Hire Purchase Company Private Ltd,Home Loan,Home Loan,,,,,,,[],,,,,,,,,,True,"[""property""]","[""Kerala""]",,0.1,gemini,https://mathrukanbfc.com,needs_review,low,1,home loan,medium,,,,,2026-04-03T17:21:29.949214
872,Mathruka Leasing And Hire Purchase Company Private Ltd,Personal Loan,Personal Loan,,,,,,,[],,,,,,,,,,False,[],"[""Kerala""]",,0.1,gemini,https://mathrukanbfc.com,needs_review,low,1,personal loan,medium,,,,,2026-04-03T17:21:29.949286
872,Mathruka Leasing And Hire Purchase Company Private Ltd,Vehicle Loan,Vehicle Loan,,,,,,,[],,,,,,,,,,True,"[""vehicle""]","[""Kerala""]",,0.1,gemini,https://mathrukanbfc.com,needs_review,low,1,vehicle loan,medium,,,,,2026-04-03T17:21:29.949348
873,Matrix Finbiz Private Limited (Formerly Known As Nellad Auto Finance Private Ltd),MSME Loan,MSME Loan,,,,,,,"[""business""]",,,2,,,,,,,,[],"[""Kerala""]",Business must be registered as an MSME.,0.3,gemini,https://matrixfinbiz.com,needs_review,low,1,msme loan,medium,True,True,,2,2026-04-03T17:21:57.010542
873,Matrix Finbiz Private Limited (Formerly Known As Nellad Auto Finance Private Ltd),Personal Loan,Personal Loan,,,,,21,,"[""salaried"", ""self-employed""]",20.0,,,,,,,,,,[],"[""Kerala""]",,0.2,gemini,https://matrixfinbiz.com,needs_review,low,1,personal loan,medium,True,True,,2,2026-04-03T17:21:57.010663
873,Matrix Finbiz Private Limited (Formerly Known As Nellad Auto Finance Private Ltd),Working Capital,Working Capital,,,,,,,"[""business""]",,,2,,,,,,,,[],"[""Kerala""]",,0.2,gemini,https://matrixfinbiz.com,needs_review,low,1,working capital,medium,True,True,,2,2026-04-03T17:21:57.010737
874,Maxemo Capital Services Private Limited,Business Loan,Business Loan,,50.0,,,,,"[""self-employed"", ""business""]",,,3,18.0,,,36,3.0,,False,[],"[""Delhi""]",,0.5,gemini,https://www.maxemocapital.com,needs_review,medium,1,business loan,low,True,True,True,,2026-04-03T17:22:28.739598
874,Maxemo Capital Services Private Limited,Loan Against Property,Loan Against Property,,500.0,,,,,"[""salaried"", ""self_employed_professional"", ""business""]",,,,12.0,,,180,2.0,,True,[],"[""Delhi""]",,0.5,gemini,https://www.maxemocapital.com,needs_review,medium,1,loan against property,low,True,True,,,2026-04-03T17:22:28.739651
874,Maxemo Capital Services Private Limited,Working Capital Loan,Working Capital,,50.0,,,,,"[""self-employed"", ""business""]",,,,18.0,,,12,3.0,,False,[],"[""Delhi""]",,0.5,gemini,https://www.maxemocapital.com,needs_review,medium,1,working capital loan,low,True,True,True,,2026-04-03T17:22:28.739683
875,Maxvalue Credits & Investments (P) Ltd (Formerly Trisiva Leasing And Hire Purchase (P) Ltd),Business Loan,Business Loan,,,,,,,"[""self_employed_non_professional"", ""business""]",,,,,,,,,,,[],[],,0.1,heuristic,https://maxvaluecredits.com,needs_review,low,1,business loan,medium,,,,,2026-04-03T17:23:07.886908
875,Maxvalue Credits & Investments (P) Ltd (Formerly Trisiva Leasing And Hire Purchase (P) Ltd),Gold Loan,Gold Loan,,,,,,,[],,,,,,,,,,,[],[],,0.0,heuristic,https://maxvaluecredits.com,needs_review,low,1,gold loan,medium,,,,,2026-04-03T17:23:07.886998
875,Maxvalue Credits & Investments (P) Ltd (Formerly Trisiva Leasing And Hire Purchase (P) Ltd),Microfinance,Microfinance,,,,,,,[],,,,,,,,,,,[],[],,0.0,heuristic,https://maxvaluecredits.com,needs_review,low,1,microfinance,medium,,,,,2026-04-03T17:23:07.887051
875,Maxvalue Credits & Investments (P) Ltd (Formerly Trisiva Leasing And Hire Purchase (P) Ltd),Vehicle Loan,Vehicle Loan,,,,,,,[],,,,,,,,,,,[],[],,0.0,heuristic,https://maxvaluecredits.com,needs_review,low,1,vehicle loan,medium,,,,,2026-04-03T17:23:07.887095
875,Maxvalue Credits & Investments (P) Ltd (Formerly Trisiva Leasing And Hire Purchase (P) Ltd),Rural Loan,Rural Loan,,,,,,,"[""agriculture""]",,,,,,,,,,,[],[],,0.1,heuristic,https://maxvaluecredits.com,needs_review,low,1,rural loan,medium,,,,,2026-04-03T17:23:07.887138
877,Mayur Resources Pvt Ltd,Home Loan,Home Loan,,,,,,,[],,,,,,,,,,,[],"[""Andhra Pradesh"", ""Bihar"", ""Delhi"", ""Gujarat"", ""Haryana"", ""Karnataka"", ""Maharashtra"", ""Punjab"", ""Rajasthan"", ""Tamil Nadu""]",,0.1,gemini,https://www.chetanmayur.in/resources/Forms/NBFC_Forms/NBFC_Forms.aspx,needs_review,low,1,home loan,medium,,,,,2026-04-03T17:23:48.837638
877,Mayur Resources Pvt Ltd,Vehicle Loan,Vehicle Loan,,,,,,,[],,,,,,,,,,,[],"[""Andhra Pradesh"", ""Bihar"", ""Delhi"", ""Gujarat"", ""Haryana"", ""Karnataka"", ""Maharashtra"", ""Punjab"", ""Rajasthan"", ""Tamil Nadu""]",,0.1,gemini,https://www.chetanmayur.in/resources/Forms/NBFC_Forms/NBFC_Forms.aspx,needs_review,low,1,vehicle loan,medium,,,,,2026-04-03T17:23:48.837752
878,Mayurpankh Traders (P) Ltd,MSME Loan,MSME Loan,,,,,,,"[""self_employed_non_professional"", ""business""]",,,,,,,,,,,[],[],,0.1,heuristic,https://www.mayurpankhtraders.com,needs_review,low,1,msme loan,medium,,,,,2026-04-03T17:24:13.495837
878,Mayurpankh Traders (P) Ltd,Working Capital,Working Capital,,,,,,,"[""self_employed_non_professional"", ""business""]",,,,,,,,,,,[],[],,0.1,heuristic,https://www.mayurpankhtraders.com,needs_review,low,1,working capital,medium,,,,,2026-04-03T17:24:13.495942
878,Mayurpankh Traders (P) Ltd,Loan Against Property,Loan Against Property,,,,,,,[],,,,,,,,,,,[],[],,0.0,heuristic,https://www.mayurpankhtraders.com,needs_review,low,1,loan against property,medium,,,,,2026-04-03T17:24:13.495998
878,Mayurpankh Traders (P) Ltd,Business Loan,Business Loan,,,,,,,"[""self_employed_non_professional"", ""business""]",,,,,,,,,,,[],[],,0.1,heuristic,https://www.mayurpankhtraders.com,needs_review,low,1,business loan,medium,,,,,2026-04-03T17:24:13.496053
879,Megha Finloan Pvt. Ltd.,Gold Loan,Gold Loan,,,,,,,[],,,,,,,,,,True,[],"[""Rajasthan""]",,0.1,gemini,https://www.meghafinloan.com,needs_review,low,1,gold loan,medium,,,,,2026-04-03T17:24:31.602000
879,Megha Finloan Pvt. Ltd.,Home Loan,Home Loan,,,,,,,[],,,,,,,,,,True,[],"[""Rajasthan""]",,0.1,gemini,https://www.meghafinloan.com,needs_review,low,1,home loan,medium,,,,,2026-04-03T17:24:31.602127
879,Megha Finloan Pvt. Ltd.,Personal Loan,Personal Loan,,,,,,,[],,,,,,,,,,False,[],"[""Rajasthan""]",,0.1,gemini,https://www.meghafinloan.com,needs_review,low,1,personal loan,medium,,,,,2026-04-03T17:24:31.602194
879,Megha Finloan Pvt. Ltd.,Two Wheeler Loan,Two Wheeler Loan,,,,,,,[],,,,,,,,,,True,[],"[""Rajasthan""]",,0.1,gemini,https://www.meghafinloan.com,needs_review,low,1,two wheeler loan,medium,,,,,2026-04-03T17:24:31.602256
879,Megha Finloan Pvt. Ltd.,Vehicle Loan,Vehicle Loan,,,,,,,[],,,,,,,,,,True,"[""vehicle""]","[""Rajasthan""]",,0.1,gemini,https://www.meghafinloan.com,needs_review,low,1,vehicle loan,medium,,,,,2026-04-03T17:24:31.602313
880,Meghdoot Mercantile  Pvt.  Ltd.,Personal Loan,Personal Loan,,,,,,,[],,,,,,,,,,,[],"[""Chhattisgarh"", ""Punjab""]",,0.1,gemini,https://www.meghdootmercantile.com,needs_review,low,1,personal loan,medium,,,,,2026-04-03T17:24:49.212335
881,Meghdoot Vyapaar  Pvt.  Ltd.,Personal Loan,Personal Loan,,,,,,,[],,,,,,,,,,,[],"[""Chhattisgarh"", ""Punjab""]",,0.1,gemini,https://www.meghdootmercantile.com,needs_review,low,1,personal loan,medium,,,,,2026-04-03T17:25:03.402923
882,Metafin Cleantech Finance Private Limited,Micro Clean Energy Loan,Micro Loan,,1.0,,,,,"[""self-employed"", ""business""]",,,,,,,36,,,False,[],"[""Bihar"", ""Jharkhand"", ""Madhya Pradesh"", ""Uttar Pradesh""]","For purchase of clean energy products like Solar Lanterns, Solar Home Systems, Improved Cookstoves, etc. Individuals and small businesses with a focus on clean energy adoption.",0.5,gemini,https://www.metafin.in,needs_review,low,1,micro clean energy loan,medium,,,,,2026-04-03T17:25:23.755311
882,Metafin Cleantech Finance Private Limited,Rural Clean Energy Loan,Rural Loan,,2.0,,,,,"[""agriculture""]",,,,,,,48,,,False,[],"[""Bihar"", ""Jharkhand"", ""Madhya Pradesh"", ""Uttar Pradesh""]","For purchase of clean energy products like Solar Pumps, Biogas Plants, Solar Home Systems, etc. Rural households and farmers with a focus on clean energy adoption.",0.5,gemini,https://www.metafin.in,needs_review,low,1,rural clean energy loan,medium,,,,,2026-04-03T17:25:23.755484
883,Mikhael Capitalize Private Limited,Business Loan,Business Loan,,,,,,,[],,,,,,,,,,,[],"[""Kerala""]",,0.1,gemini,https://www.mikhaelcapitalize.com,needs_review,low,1,business loan,medium,,,,,2026-04-03T17:25:44.814016
883,Mikhael Capitalize Private Limited,Gold Loan,Gold Loan,,,,,,,[],,,,,,,,,,,[],"[""Kerala""]",,0.1,gemini,https://www.mikhaelcapitalize.com,needs_review,low,1,gold loan,medium,,,,,2026-04-03T17:25:44.814107
883,Mikhael Capitalize Private Limited,MSME Loan,MSME Loan,,,,,,,[],,,,,,,,,,,[],"[""Kerala""]",,0.1,gemini,https://www.mikhaelcapitalize.com,needs_review,low,1,msme loan,medium,,,,,2026-04-03T17:25:44.814163
883,Mikhael Capitalize Private Limited,Personal Loan,Personal Loan,,,,,,,[],,,,,,,,,,,[],"[""Kerala""]",,0.1,gemini,https://www.mikhaelcapitalize.com,needs_review,low,1,personal loan,medium,,,,,2026-04-03T17:25:44.814210
883,Mikhael Capitalize Private Limited,Vehicle Loan,Vehicle Loan,,,,,,,[],,,,,,,,,,,[],"[""Kerala""]",,0.1,gemini,https://www.mikhaelcapitalize.com,needs_review,low,1,vehicle loan,medium,,,,,2026-04-03T17:25:44.814255
884,Minolta Securities Ltd,Business Loan,Business Loan,,,,,,,[],,,,,,,,,,,[],"[""Maharashtra"", ""West Bengal""]",,0.1,gemini,http://www.minoltafinance.co.in,needs_review,low,1,business loan,medium,,,,,2026-04-03T17:26:09.179402
884,Minolta Securities Ltd,Education Loan,Education Loan,,,,,,,[],,,,,,,,,,,[],"[""Maharashtra"", ""West Bengal""]",,0.1,gemini,http://www.minoltafinance.co.in,needs_review,low,1,education loan,medium,,,,,2026-04-03T17:26:09.179510
884,Minolta Securities Ltd,Gold Loan,Gold Loan,,,,,,,[],,,,,,,,,,True,"[""gold""]","[""Maharashtra"", ""West Bengal""]",,0.1,gemini,http://www.minoltafinance.co.in,needs_review,low,1,gold loan,medium,,,,,2026-04-03T17:26:09.179579
884,Minolta Securities Ltd,Home Loan,Home Loan,,,,,,,[],,,,,,,,,,True,"[""property""]","[""Maharashtra"", ""West Bengal""]",,0.1,gemini,http://www.minoltafinance.co.in,needs_review,low,1,home loan,medium,,,,,2026-04-03T17:26:09.179639
884,Minolta Securities Ltd,Loan Against Property,Loan Against Property,,,,,,,[],,,,,,,,,,True,"[""property""]","[""Maharashtra"", ""West Bengal""]",,0.1,gemini,http://www.minoltafinance.co.in,needs_review,low,1,loan against property,medium,,,,,2026-04-03T17:26:09.179713
884,Minolta Securities Ltd,Microfinance,Microfinance,,,,,,,[],,,,,,,,,,,[],"[""Maharashtra"", ""West Bengal""]",,0.1,gemini,http://www.minoltafinance.co.in,needs_review,low,1,microfinance,medium,,,,,2026-04-03T17:26:09.179773
884,Minolta Securities Ltd,Personal Loan,Personal Loan,,,,,,,[],,,,,,,,,,,[],"[""Maharashtra"", ""West Bengal""]",,0.1,gemini,http://www.minoltafinance.co.in,needs_review,low,1,personal loan,medium,,,,,2026-04-03T17:26:09.179826
884,Minolta Securities Ltd,Two Wheeler Loan,Two Wheeler Loan,,,,,,,[],,,,,,,,,,True,[],"[""Maharashtra"", ""West Bengal""]",,0.1,gemini,http://www.minoltafinance.co.in,needs_review,low,1,two wheeler loan,medium,,,,,2026-04-03T17:26:09.179881
884,Minolta Securities Ltd,Working Capital,Working Capital,,,,,,,[],,,,,,,,,,,[],"[""Maharashtra"", ""West Bengal""]",,0.1,gemini,http://www.minoltafinance.co.in,needs_review,low,1,working capital,medium,,,,,2026-04-03T17:26:09.179935
885,Mirae Asset Financial Services (India) Private Limited,Personal Loan,Personal Loan,,10.0,650,,21,58,"[""salaried""]",20.0,,,,,,60,,,False,[],"[""Delhi"", ""Goa""]",Minimum 1 year of total work experience and 6 months in the current organization.,0.6,gemini,https://www.miraeassetfin.com,pending,medium,1,personal loan,low,True,True,,,2026-04-03T17:26:27.080001
886,Mitrata Inclusive Financial Services Limited,Microfinance,Microfinance,,,,,,,[],,,,,,,,,,,[],"[""Delhi"", ""Haryana""]",,0.1,gemini,https://mitrata.in,needs_review,low,1,microfinance,medium,,,,,2026-04-03T17:26:51.363621
886,Mitrata Inclusive Financial Services Limited,Rural Loan,Rural Loan,,,,,,,[],,,,,,,,,,,[],"[""Delhi"", ""Haryana""]",,0.1,gemini,https://mitrata.in,needs_review,low,1,rural loan,medium,,,,,2026-04-03T17:26:51.363724
887,Mittal Capitals (India) Pvt.Ltd.,Home Loan,Home Loan,,,,,,,[],,,,,,,,,,,[],"[""Andhra Pradesh"", ""Bihar"", ""Delhi"", ""Gujarat"", ""Haryana"", ""Karnataka"", ""Maharashtra"", ""Punjab"", ""Rajasthan"", ""Tamil Nadu""]",,0.1,gemini,https://www.mittal-associates.com/resources/Forms/NBFC_Forms/NBFC_Forms.aspx,needs_review,low,1,home loan,medium,,,,,2026-04-03T17:27:09.491784
887,Mittal Capitals (India) Pvt.Ltd.,Vehicle Loan,Vehicle Loan,,,,,,,[],,,,,,,,,,,[],"[""Andhra Pradesh"", ""Bihar"", ""Delhi"", ""Gujarat"", ""Haryana"", ""Karnataka"", ""Maharashtra"", ""Punjab"", ""Rajasthan"", ""Tamil Nadu""]",,0.1,gemini,https://www.mittal-associates.com/resources/Forms/NBFC_Forms/NBFC_Forms.aspx,needs_review,low,1,vehicle loan,medium,,,,,2026-04-03T17:27:09.491899
888,Mittal Global Finance Pvt Ltd.,Credit Card,Credit Card,,,,,,,[],,,,,,,,,,False,[],"[""West Bengal""]",,0.1,gemini,https://www.mittalglobalfin.com,needs_review,low,1,credit card,medium,,,,,2026-04-03T17:27:27.084598
888,Mittal Global Finance Pvt Ltd.,Personal Loan,Personal Loan,,,,,,,[],,,,,,,,,,,[],"[""West Bengal""]",,0.1,gemini,https://www.mittalglobalfin.com,needs_review,low,1,personal loan,medium,,,,,2026-04-03T17:27:27.084712
889,Mizuho Capsave Finance Private Limited (Earlier known as Capsave Finance Private Limited)*,Supply Chain Finance,Supply Chain Finance,,,,,,,"[""business""]",,,,,,,,,,,[],"[""Delhi""]",,0.2,gemini,https://www.mizuho-cf.co.in,needs_review,low,1,supply chain finance,medium,,,,,2026-04-03T17:27:50.284689
889,Mizuho Capsave Finance Private Limited (Earlier known as Capsave Finance Private Limited)*,Working Capital,Working Capital,,,,,,,"[""business""]",,,,,,,,,,,[],"[""Delhi""]",,0.2,gemini,https://www.mizuho-cf.co.in,needs_review,low,1,working capital,medium,,,,,2026-04-03T17:27:50.284799
890,MLB Securities Private Limited (earlier known as MLB Securities Limited),EV Loan,EV Loan,,,,,,,[],,,,,,,,,,,[],[],,0.0,heuristic,https://www.mlbsecurities.com,needs_review,low,1,ev loan,medium,,,,,2026-04-03T17:28:15.565509
890,MLB Securities Private Limited (earlier known as MLB Securities Limited),Business Loan,Business Loan,,,,,,,"[""self_employed_non_professional"", ""business""]",,,,,,,,,,,[],[],,0.1,heuristic,https://www.mlbsecurities.com,needs_review,low,1,business loan,medium,,,,,2026-04-03T17:28:15.565607
890,MLB Securities Private Limited (earlier known as MLB Securities Limited),MSME Loan,MSME Loan,,,,,,,"[""self_employed_non_professional"", ""business""]",,,,,,,,,,,[],[],,0.1,heuristic,https://www.mlbsecurities.com,needs_review,low,1,msme loan,medium,,,,,2026-04-03T17:28:15.565667
890,MLB Securities Private Limited (earlier known as MLB Securities Limited),Loan Against Property,Loan Against Property,,,,,,,[],,,,,,,,,,,[],[],,0.0,heuristic,https://www.mlbsecurities.com,needs_review,low,1,loan against property,medium,,,,,2026-04-03T17:28:15.565717
890,MLB Securities Private Limited (earlier known as MLB Securities Limited),Personal Loan,Personal Loan,,,,,,,"[""salaried"", ""self-employed""]",,,,,,,,,,,[],[],,0.1,heuristic,https://www.mlbsecurities.com,needs_review,low,1,personal loan,medium,,,,,2026-04-03T17:28:15.565766
892,Monedo Financial Services Private Limited (Formerly Kreditech Financial Services P Ltd),Education Loan,Education Loan,,,,,,,[],,,,,,,,,,,[],"[""Maharashtra""]",,0.1,gemini,https://www.monedo.in,needs_review,low,1,education loan,medium,,,,,2026-04-03T17:28:43.945903
892,Monedo Financial Services Private Limited (Formerly Kreditech Financial Services P Ltd),MSME Loan,MSME Loan,,,,,,,[],,,,,,,,,,,[],"[""Maharashtra""]",,0.1,gemini,https://www.monedo.in,needs_review,low,1,msme loan,medium,,,,,2026-04-03T17:28:43.946014
892,Monedo Financial Services Private Limited (Formerly Kreditech Financial Services P Ltd),Supply Chain Finance,Supply Chain Finance,,,,,,,[],,,,,,,,,,,[],"[""Maharashtra""]",,0.1,gemini,https://www.monedo.in,needs_review,low,1,supply chain finance,medium,,,,,2026-04-03T17:28:43.946082
893,Moneyboxx Finance Limited,Business Loan,Business Loan,0.5,10.0,,,25,58,"[""business"", ""self_employed_professional"", ""self_employed_non_professional""]",,,2,,,12,36,,,False,[],"[""Andhra Pradesh"", ""Bihar"", ""Chhattisgarh"", ""Delhi"", ""Gujarat"", ""Haryana"", ""Karnataka"", ""Madhya Pradesh"", ""Punjab"", ""Rajasthan""]",,0.6,gemini,https://moneyboxxfinance.com,pending,medium,1,business loan,low,True,True,True,,2026-04-03T17:29:10.332912
893,Moneyboxx Finance Limited,Home Loan,Home Loan,5.0,50.0,,,21,60,"[""salaried"", ""self-employed""]",15.0,,,,,,240,,,True,[],"[""Andhra Pradesh"", ""Bihar"", ""Chhattisgarh"", ""Delhi"", ""Gujarat"", ""Haryana"", ""Karnataka"", ""Madhya Pradesh"", ""Punjab"", ""Rajasthan""]",,0.5,gemini,https://moneyboxxfinance.com,needs_review,medium,1,home loan,low,True,True,,,2026-04-03T17:29:10.333054
894,Moneygear Fintech Private Limited,Gold Loan,Gold Loan,,,,,18,,[],,,,,,,,,,True,[],[],,0.0,gemini,https://www.moneygear.in,needs_review,low,1,gold loan,medium,True,True,,,2026-04-03T17:29:30.281160
894,Moneygear Fintech Private Limited,Personal Loan,Personal Loan,,,,,21,60,"[""salaried"", ""self-employed""]",15.0,,,,,,,,,False,[],[],,0.1,gemini,https://www.moneygear.in,needs_review,low,1,personal loan,medium,True,True,,,2026-04-03T17:29:30.281282
894,Moneygear Fintech Private Limited,Vehicle Loan,Vehicle Loan,,,,,21,65,"[""salaried"", ""self-employed""]",20.0,,,,,,,,,True,"[""vehicle""]",[],,0.1,gemini,https://www.moneygear.in,needs_review,low,1,vehicle loan,medium,True,True,,,2026-04-03T17:29:30.281362
895,Moneymart Securities Pvt Ltd,MSME Loan,MSME Loan,,500.0,,,,,"[""business""]",,50.0,3,,,,,,,False,[],[],Minimum 21 years and maximum 65 years at the time of loan maturity. Valid business registration and necessary licenses required. Audited financial statements for the last 2 years required.,0.3,gemini,https://www.moneymartspl.com,needs_review,low,1,msme loan,medium,True,True,,2,2026-04-03T17:29:55.563419
896,Moneyplus Financial Services Limited (Earlier known as Moneyplus Financial Services Private Limited),Working Capital,Working Capital,,,,,,,"[""self_employed_non_professional"", ""business""]",,,,,,,,,,,[],[],,0.1,heuristic,https://moneyplus.co.in,needs_review,low,1,working capital,medium,,,,,2026-04-03T17:30:39.884923
896,Moneyplus Financial Services Limited (Earlier known as Moneyplus Financial Services Private Limited),Home Loan,Home Loan,,,,,,,[],,,,,,,,,,,[],[],,0.0,heuristic,https://moneyplus.co.in,needs_review,low,1,home loan,medium,,,,,2026-04-03T17:30:39.885026
896,Moneyplus Financial Services Limited (Earlier known as Moneyplus Financial Services Private Limited),Vehicle Loan,Vehicle Loan,,,,,,,[],,,,,,,,,,,[],[],,0.0,heuristic,https://moneyplus.co.in,needs_review,low,1,vehicle loan,medium,,,,,2026-04-03T17:30:39.885088
896,Moneyplus Financial Services Limited (Earlier known as Moneyplus Financial Services Private Limited),Loan Against Property,Loan Against Property,,,,,,,[],,,,,,,,,,,[],[],,0.0,heuristic,https://moneyplus.co.in,needs_review,low,1,loan against property,medium,,,,,2026-04-03T17:30:39.885141
896,Moneyplus Financial Services Limited (Earlier known as Moneyplus Financial Services Private Limited),Personal Loan,Personal Loan,,,,,,,"[""salaried"", ""self-employed""]",,,,,,,,,,,[],[],,0.1,heuristic,https://moneyplus.co.in,needs_review,low,1,personal loan,medium,,,,,2026-04-03T17:30:39.885196
897,Moneyx Finserve Private Limited,MSME Loan,MSME Loan,,,,,,,"[""self_employed_non_professional"", ""business""]",,,,,,,,,,,[],[],,0.1,heuristic,https://moneyxfinserve.com,needs_review,low,1,msme loan,medium,,,,,2026-04-03T17:31:02.635436
897,Moneyx Finserve Private Limited,Loan Against Property,Loan Against Property,,,,,,,[],,,,,,,,,,,[],[],,0.0,heuristic,https://moneyxfinserve.com,needs_review,low,1,loan against property,medium,,,,,2026-04-03T17:31:02.635547
897,Moneyx Finserve Private Limited,Business Loan,Business Loan,,,,,,,"[""self_employed_non_professional"", ""business""]",,,,,,,,,,,[],[],,0.1,heuristic,https://moneyxfinserve.com,needs_review,low,1,business loan,medium,,,,,2026-04-03T17:31:02.635618
898,Moonbeam Finvest -Lease Ltd.,Business Loan,Business Loan,,,,,,,[],,,,,,,,,,,[],"[""Delhi""]",,0.1,gemini,https://www.moonbeamfinvest.com,needs_review,low,1,business loan,medium,,,,,2026-04-03T17:31:21.171998
898,Moonbeam Finvest -Lease Ltd.,Personal Loan,Personal Loan,,,,,,,[],,,,,,,,,,,[],"[""Delhi""]",,0.1,gemini,https://www.moonbeamfinvest.com,needs_review,low,1,personal loan,medium,,,,,2026-04-03T17:31:21.172104
899,Mosurachi India Finance Pvt. Ltd.,Working Capital,Working Capital,,,,,,,"[""self_employed_non_professional"", ""business""]",,,,,,,,,,,[],[],,0.1,heuristic,https://www.mosurachi.com,needs_review,low,1,working capital,medium,,,,,2026-04-03T17:31:49.959279
899,Mosurachi India Finance Pvt. Ltd.,Business Loan,Business Loan,,,,,,,"[""self_employed_non_professional"", ""business""]",,,,,,,,,,,[],[],,0.1,heuristic,https://www.mosurachi.com,needs_review,low,1,business loan,medium,,,,,2026-04-03T17:31:49.959378
899,Mosurachi India Finance Pvt. Ltd.,Home Loan,Home Loan,,,,,,,[],,,,,,,,,,,[],[],,0.0,heuristic,https://www.mosurachi.com,needs_review,low,1,home loan,medium,,,,,2026-04-03T17:31:49.959433
899,Mosurachi India Finance Pvt. Ltd.,Gold Loan,Gold Loan,,,,,,,[],,,,,,,,,,,[],[],,0.0,heuristic,https://www.mosurachi.com,needs_review,low,1,gold loan,medium,,,,,2026-04-03T17:31:49.959479
899,Mosurachi India Finance Pvt. Ltd.,Vehicle Loan,Vehicle Loan,,,,,,,[],,,,,,,,,,,[],[],,0.0,heuristic,https://www.mosurachi.com,needs_review,low,1,vehicle loan,medium,,,,,2026-04-03T17:31:49.959524
899,Mosurachi India Finance Pvt. Ltd.,Personal Loan,Personal Loan,,,,,,,"[""salaried"", ""self-employed""]",,,,,,,,,,,[],[],,0.1,heuristic,https://www.mosurachi.com,needs_review,low,1,personal loan,medium,,,,,2026-04-03T17:31:49.959570
900,Moulin Commercial Ltd.,Rural Loan,Rural Loan,,,,,,,[],,,,,,,,,,,[],"[""Delhi""]",,0.1,gemini,https://www.moulin.co.in,needs_review,low,1,rural loan,medium,,,,,2026-04-03T17:32:02.449018
901,Mount Shikhar Financial Services Limited,Personal Loan,Personal Loan,,,,,,,[],,,,,,,,,,False,[],"[""Delhi""]",,0.1,gemini,https://www.mountshikhar.com,needs_review,low,1,personal loan,medium,,,,,2026-04-03T17:32:24.042859
902,Mpokket  Financial  Services Private Limited,Personal Loan,Personal Loan,,4.5,,,18,,"[""student"", ""salaried""]",9.0,,,,48.0,2,4,,True,False,[],[],Available for college students enrolled in a recognized university/college and salaried individuals. Must have a valid bank account.,0.6,gemini,https://www.mpokket.in,pending,medium,1,personal loan,low,True,True,False,,2026-04-03T17:32:51.814361
903,Mrunal Agency & Financials Private Limited,MSME Loan,MSME Loan,,,,,,,[],,,,,,,,,,,[],"[""Gujarat""]",,0.1,gemini,https://www.instafinancials.com/company/mrunal-agency-and-financials-private-limited-U65910GJ1996PTC029846,needs_review,low,1,msme loan,medium,,,,,2026-04-03T17:33:02.613315
904,Msfin Credits Pvt. Ltd.,Business Loan,Business Loan,,10.0,,,,,"[""business"", ""self-employed""]",,,2,,,,,,,,[],"[""Rajasthan""]",Consistent revenue and profitability.,0.4,gemini,https://msfin.in,needs_review,low,1,business loan,medium,True,True,,2,2026-04-03T17:33:31.882936
904,Msfin Credits Pvt. Ltd.,Micro Loan,Micro Loan,,1.0,,,18,60,"[""salaried"", ""self-employed"", ""business""]",,,,,,,,,,,[],"[""Rajasthan""]",Regular source of income.,0.4,gemini,https://msfin.in,needs_review,low,1,micro loan,medium,True,True,,,2026-04-03T17:33:31.883060
904,Msfin Credits Pvt. Ltd.,Personal Loan,Personal Loan,,5.0,,,21,60,"[""salaried"", ""self-employed""]",,,,,,,,,,False,[],"[""Rajasthan""]",Regular and stable source of income.,0.4,gemini,https://msfin.in,needs_review,low,1,personal loan,medium,True,True,,,2026-04-03T17:33:31.883139
904,Msfin Credits Pvt. Ltd.,Two Wheeler Loan,Two Wheeler Loan,,,,,18,65,"[""salaried"", ""self-employed"", ""business""]",,,,,,,,,,True,[],"[""Rajasthan""]",Regular source of income.,0.3,gemini,https://msfin.in,needs_review,low,1,two wheeler loan,medium,True,True,,,2026-04-03T17:33:31.883208
904,Msfin Credits Pvt. Ltd.,Vehicle Loan,Vehicle Loan,,,,,21,65,"[""salaried"", ""self-employed"", ""business""]",,,,,,,,,,True,"[""vehicle""]","[""Rajasthan""]",Regular source of income.,0.3,gemini,https://msfin.in,needs_review,low,1,vehicle loan,medium,True,True,,,2026-04-03T17:33:31.883271
905,Multiline Share Mercantile Pvt.Ltd,Business Loan,Business Loan,,,,,,,[],,,,,,,,,,,[],"[""Delhi""]",,0.1,gemini,https://multilinefinance.com,needs_review,low,1,business loan,medium,,,,,2026-04-03T17:33:55.403696
905,Multiline Share Mercantile Pvt.Ltd,Consumer Durable Loan,Consumer Durable Loan,,,,,,,[],,,,,,,,,,,[],"[""Delhi""]",,0.1,gemini,https://multilinefinance.com,needs_review,low,1,consumer durable loan,medium,,,,,2026-04-03T17:33:55.403808
905,Multiline Share Mercantile Pvt.Ltd,Personal Loan,Personal Loan,,,,,,,[],,,,,,,,,,,[],"[""Delhi""]",,0.1,gemini,https://multilinefinance.com,needs_review,low,1,personal loan,medium,,,,,2026-04-03T17:33:55.403877
905,Multiline Share Mercantile Pvt.Ltd,Rural Loan,Rural Loan,,,,,,,[],,,,,,,,,,,[],"[""Delhi""]",,0.1,gemini,https://multilinefinance.com,needs_review,low,1,rural loan,medium,,,,,2026-04-03T17:33:55.403934
905,Multiline Share Mercantile Pvt.Ltd,Two Wheeler Loan,Two Wheeler Loan,,,,,,,[],,,,,,,,,,,[],"[""Delhi""]",,0.1,gemini,https://multilinefinance.com,needs_review,low,1,two wheeler loan,medium,,,,,2026-04-03T17:33:55.403989
906,Muthalagu Finance Private Limited,Gold Loan,Gold Loan,,,,,18,,[],,,,,,,,,,True,[],"[""Tamil Nadu""]",Indian citizen,0.2,gemini,https://muthalagufinance.in,needs_review,low,1,gold loan,medium,True,True,,,2026-04-03T17:34:15.096208
907,Muthoot Capital Services Ltd.,Two Wheeler Loan,Two Wheeler Loan,,,,,,,"[""salaried"", ""self-employed""]",,,,,,,48,,,True,[],"[""Gujarat"", ""Kerala"", ""Rajasthan""]",Loans up to 100% of the vehicle value.,0.4,gemini,https://www.muthootcap.com,needs_review,medium,1,two wheeler loan,low,,,,,2026-04-03T17:34:38.452147
907,Muthoot Capital Services Ltd.,Rural Loan,Rural Loan,,,,,,,"[""agriculture"", ""business""]",,,,,,,,,,,[],"[""Gujarat"", ""Kerala"", ""Rajasthan""]","Aimed at empowering farmers, small business owners, and individuals in rural areas.",0.3,gemini,https://www.muthootcap.com,needs_review,low,1,rural loan,medium,,,,,2026-04-03T17:34:38.452259
908,Muthoot Finance  Limited,Business Loan,Business Loan,,,,,,,"[""self_employed_non_professional"", ""business""]",,,,,,,,,,,[],[],,0.1,heuristic,https://www.muthootfinance.com,needs_review,low,1,business loan,medium,,,,,2026-04-03T17:35:10.373642
908,Muthoot Finance  Limited,MSME Loan,MSME Loan,,,,,,,"[""self_employed_non_professional"", ""business""]",,,,,,,,,,,[],[],,0.1,heuristic,https://www.muthootfinance.com,needs_review,low,1,msme loan,medium,,,,,2026-04-03T17:35:10.373784
908,Muthoot Finance  Limited,Microfinance,Microfinance,,,,,,,[],,,,,,,,,,,[],[],,0.0,heuristic,https://www.muthootfinance.com,needs_review,low,1,microfinance,medium,,,,,2026-04-03T17:35:10.373841
908,Muthoot Finance  Limited,Vehicle Loan,Vehicle Loan,,,,,,,[],,,,,,,,,,,[],[],,0.0,heuristic,https://www.muthootfinance.com,needs_review,low,1,vehicle loan,medium,,,,,2026-04-03T17:35:10.373947
908,Muthoot Finance  Limited,Gold Loan,Gold Loan,,,,,,,[],,,,,,,,,,,[],[],,0.0,heuristic,https://www.muthootfinance.com,needs_review,low,1,gold loan,medium,,,,,2026-04-03T17:35:10.373999
908,Muthoot Finance  Limited,Loan Against Property,Loan Against Property,,,,,,,[],,,,,,,,,,,[],[],,0.0,heuristic,https://www.muthootfinance.com,needs_review,low,1,loan against property,medium,,,,,2026-04-03T17:35:10.374045
908,Muthoot Finance  Limited,Personal Loan,Personal Loan,,,,,,,"[""salaried"", ""self-employed""]",,,,,,,,,,,[],[],,0.1,heuristic,https://www.muthootfinance.com,needs_review,low,1,personal loan,medium,,,,,2026-04-03T17:35:10.374098
908,Muthoot Finance  Limited,Rural Loan,Rural Loan,,,,,,,"[""agriculture""]",,,,,,,,,,,[],[],,0.1,heuristic,https://www.muthootfinance.com,needs_review,low,1,rural loan,medium,,,,,2026-04-03T17:35:10.374148
909,Muthoot Mercantile Limited,Gold Loan,Gold Loan,,,,,,,[],,,,,,,,,,True,[],"[""Kerala""]",,0.1,gemini,https://muthootenterprises.com,needs_review,low,1,gold loan,medium,,,,,2026-04-03T17:35:30.495217
909,Muthoot Mercantile Limited,Rural Loan,Rural Loan,,,,,,,[],,,,,,,,,,,[],"[""Kerala""]",,0.1,gemini,https://muthootenterprises.com,needs_review,low,1,rural loan,medium,,,,,2026-04-03T17:35:30.495330
910,Muthoot Money Pvt. Ltd. (Formerly Known as Moneylyne Financing and Trading (Pvt) Ltd),Gold Loan,Gold Loan,,,,,,,[],,,,,,,,,,True,[],"[""Kerala"", ""Telangana""]",Instant cash against gold ornaments with minimum documentation.,0.2,gemini,https://muthootmoney.in/muthoot-money/muthoot-money,needs_review,low,1,gold loan,medium,,,,,2026-04-03T17:35:46.116223
910,Muthoot Money Pvt. Ltd. (Formerly Known as Moneylyne Financing and Trading (Pvt) Ltd),Two Wheeler Loan,Two Wheeler Loan,,,,,,,[],,,,,,,,,,True,[],"[""Kerala"", ""Telangana""]",Finance your dream two-wheeler with an easy and hassle-free process.,0.2,gemini,https://muthootmoney.in/muthoot-money/muthoot-money,needs_review,low,1,two wheeler loan,medium,,,,,2026-04-03T17:35:46.116374
910,Muthoot Money Pvt. Ltd. (Formerly Known as Moneylyne Financing and Trading (Pvt) Ltd),Vehicle Loan,Vehicle Loan,,,,,,,[],,,,,,,,,,True,"[""vehicle""]","[""Kerala"", ""Telangana""]",Finance your dream vehicle with an easy and hassle-free process.,0.2,gemini,https://muthootmoney.in/muthoot-money/muthoot-money,needs_review,low,1,vehicle loan,medium,,,,,2026-04-03T17:35:46.116451
911,Muthoottu Mini Financiers Limited,Gold Loan,Gold Loan,0.1,100.0,,,18,,[],,,,9.99,,,12,,True,True,[],"[""Kerala"", ""Karnataka"", ""Andhra Pradesh"", ""Telangana"", ""Tamil Nadu"", ""Maharashtra"", ""Gujarat"", ""Delhi"", ""Haryana"", ""Puducherry"", ""Goa""]",,0.5,gemini,https://www.muthoottumini.com,needs_review,low,1,gold loan,medium,True,True,,,2026-04-03T17:42:36.439992
911,Muthoottu Mini Financiers Limited,Microfinance Loan,Microfinance,0.1,1.0,,,18,,"[""business""]",,,,,,,,,,False,[],"[""Kerala"", ""Karnataka"", ""Andhra Pradesh"", ""Telangana"", ""Tamil Nadu"", ""Maharashtra"", ""Gujarat"", ""Delhi"", ""Haryana"", ""Puducherry"", ""Goa""]",Exclusively for women entrepreneurs; Loans for income-generating activities,0.5,gemini,https://www.muthoottumini.com,needs_review,low,1,microfinance loan,medium,True,True,,,2026-04-03T17:42:36.440992
912,Mynakam General Finance (P)Ltd,Business Loan,Business Loan,,,,,,,"[""self_employed_non_professional"", ""business""]",,,,,,,,,,,[],[],,0.1,heuristic,https://mynakam.com,needs_review,low,1,business loan,medium,,,,,2026-04-03T17:43:09.314493
912,Mynakam General Finance (P)Ltd,Gold Loan,Gold Loan,,,,,,,[],,,,,,,,,,,[],[],,0.0,heuristic,https://mynakam.com,needs_review,low,1,gold loan,medium,,,,,2026-04-03T17:43:09.314637
912,Mynakam General Finance (P)Ltd,Vehicle Loan,Vehicle Loan,,,,,,,[],,,,,,,,,,,[],[],,0.0,heuristic,https://mynakam.com,needs_review,low,1,vehicle loan,medium,,,,,2026-04-03T17:43:09.314989
912,Mynakam General Finance (P)Ltd,Personal Loan,Personal Loan,,,,,,,"[""salaried"", ""self-employed""]",,,,,,,,,,,[],[],,0.1,heuristic,https://mynakam.com,needs_review,low,1,personal loan,medium,,,,,2026-04-03T17:43:09.315045
912,Mynakam General Finance (P)Ltd,Rural Loan,Rural Loan,,,,,,,"[""agriculture""]",,,,,,,,,,,[],[],,0.1,heuristic,https://mynakam.com,needs_review,low,1,rural loan,medium,,,,,2026-04-03T17:43:09.315093
913,Nabkisan Finance Limited,Agriculture Loan,Agriculture Loan,,,,,,,"[""agriculture""]",,,,,,,,,,,[],"[""Andhra Pradesh"", ""Tamil Nadu"", ""Telangana""]",,0.2,gemini,https://www.nabkisan.org,needs_review,low,1,agriculture loan,medium,,,,,2026-04-03T17:43:27.400109
913,Nabkisan Finance Limited,Microfinance,Microfinance,,,,,,,[],,,,,,,,,,,[],"[""Andhra Pradesh"", ""Tamil Nadu"", ""Telangana""]",,0.1,gemini,https://www.nabkisan.org,needs_review,low,1,microfinance,medium,,,,,2026-04-03T17:43:27.400322
915,Nahar Credits Private Limited,Consumer Durable Loan,Consumer Durable Loan,,,,,,,[],,,,,,,,,,,[],"[""Karnataka""]",,0.1,gemini,https://www.naharcredits.in,needs_review,low,1,consumer durable loan,medium,,,,,2026-04-03T17:43:52.907244
915,Nahar Credits Private Limited,Personal Loan,Personal Loan,,,,,,,[],,,,,,,,,,,[],"[""Karnataka""]",,0.1,gemini,https://www.naharcredits.in,needs_review,low,1,personal loan,medium,,,,,2026-04-03T17:43:52.907375
917,Naini Credit Services Limited,Business Loan,Business Loan,,,,,,,"[""self_employed_non_professional"", ""business""]",,,,,,,,,,,[],[],,0.1,heuristic,https://nainifincap.com,needs_review,low,1,business loan,medium,,,,,2026-04-03T17:44:44.794089
917,Naini Credit Services Limited,Two Wheeler Loan,Two Wheeler Loan,,,,,,,[],,,,,,,,,,,[],[],,0.0,heuristic,https://nainifincap.com,needs_review,low,1,two wheeler loan,medium,,,,,2026-04-03T17:44:44.794466
917,Naini Credit Services Limited,Vehicle Loan,Vehicle Loan,,,,,,,[],,,,,,,,,,,[],[],,0.0,heuristic,https://nainifincap.com,needs_review,low,1,vehicle loan,medium,,,,,2026-04-03T17:44:44.794586
917,Naini Credit Services Limited,Personal Loan,Personal Loan,,,,,,,"[""salaried"", ""self-employed""]",,,,,,,,,,,[],[],,0.1,heuristic,https://nainifincap.com,needs_review,low,1,personal loan,medium,,,,,2026-04-03T17:44:44.794686
917,Naini Credit Services Limited,Rural Loan,Rural Loan,,,,,,,"[""agriculture""]",,,,,,,,,,,[],[],,0.1,heuristic,https://nainifincap.com,needs_review,low,1,rural loan,medium,,,,,2026-04-03T17:44:44.794775
918,Narainsons Investments Finance & Consultancy Pvt. Ltd.,Business Loan,Business Loan,,500.0,,,21,65,"[""business""]",,12.0,3,,,,60,,True,False,[],"[""Delhi""]",,0.4,gemini,https://narainsons.com,needs_review,medium,1,business loan,low,True,True,True,2,2026-04-03T17:45:02.128762
918,Narainsons Investments Finance & Consultancy Pvt. Ltd.,Personal Loan,Personal Loan,,25.0,,,21,60,"[""salaried"", ""self-employed""]",20.0,,,,,,60,,True,False,[],"[""Delhi""]",,0.4,gemini,https://narainsons.com,needs_review,medium,1,personal loan,low,True,True,False,2,2026-04-03T17:45:02.128879
920,Navaka Social Business Fund Private Limited (Earlier known as Yunus Social Business Fund Bengaluru Private Limited),Microfinance,Microfinance,,,,,,,[],,,,,,,,,,,[],"[""Karnataka""]",,0.1,gemini,https://socialbusiness.fund,needs_review,low,1,microfinance,medium,,,,,2026-04-03T17:45:46.723026
920,Navaka Social Business Fund Private Limited (Earlier known as Yunus Social Business Fund Bengaluru Private Limited),Rural Loan,Rural Loan,,,,,,,[],,,,,,,,,,,[],"[""Karnataka""]",,0.1,gemini,https://socialbusiness.fund,needs_review,low,1,rural loan,medium,,,,,2026-04-03T17:45:46.723135
920,Navaka Social Business Fund Private Limited (Earlier known as Yunus Social Business Fund Bengaluru Private Limited),Working Capital,Working Capital,,,,,,,"[""business""]",,,,,,,,,,,[],"[""Karnataka""]",,0.2,gemini,https://socialbusiness.fund,needs_review,low,1,working capital,medium,,,,,2026-04-03T17:45:46.723199
921,Navin Brothers (P) Ltd,MSME Loan,MSME Loan,,50.0,,,21,65,"[""business""]",,,3,,,,,,,,[],[],Business must be profitable for the last 2 years,0.3,gemini,https://navinbros.in,needs_review,low,1,msme loan,medium,True,True,True,2,2026-04-03T17:47:10.533242
921,Navin Brothers (P) Ltd,Personal Loan,Personal Loan,,10.0,,,21,60,"[""salaried"", ""self-employed""]",20.0,,,,,,,,,,[],[],,0.2,gemini,https://navinbros.in,needs_review,low,1,personal loan,medium,True,True,False,2,2026-04-03T17:47:10.533403
922,Navkar Infin Pvt Ltd.,Business Loan,Business Loan,,,,,,,[],,,,,,,,,,,[],[],,0.0,gemini,https://navkarfinances.com,needs_review,low,1,business loan,medium,,,,,2026-04-03T17:47:39.843261
922,Navkar Infin Pvt Ltd.,Personal Loan,Personal Loan,,,,,,,[],,,,,,,,,,,[],[],,0.0,gemini,https://navkarfinances.com,needs_review,low,1,personal loan,medium,,,,,2026-04-03T17:47:39.843371
922,Navkar Infin Pvt Ltd.,Home Loan,Home Loan,,,,,,,[],,,,,,,,,,,[],[],,0.0,gemini,https://navkarfinances.com,needs_review,low,1,home loan,medium,,,,,2026-04-03T17:47:39.843432
922,Navkar Infin Pvt Ltd.,Loan Against Property,Loan Against Property,,,,,,,[],,,,,,,,,,,[],[],,0.0,gemini,https://navkarfinances.com,needs_review,low,1,loan against property,medium,,,,,2026-04-03T17:47:39.843484
922,Navkar Infin Pvt Ltd.,Gold Loan,Gold Loan,,,,,,,[],,,,,,,,,,True,"[""gold""]",[],,0.0,gemini,https://navkarfinances.com,needs_review,low,1,gold loan,medium,,,,,2026-04-03T17:47:39.843537
922,Navkar Infin Pvt Ltd.,Education Loan,Education Loan,,,,,,,"[""student""]",,,,,,,,,,,[],[],,0.1,gemini,https://navkarfinances.com,needs_review,low,1,education loan,medium,,,,,2026-04-03T17:47:39.843589
922,Navkar Infin Pvt Ltd.,Vehicle Loan,Vehicle Loan,,,,,,,[],,,,,,,,,,True,"[""vehicle""]",[],,0.0,gemini,https://navkarfinances.com,needs_review,low,1,vehicle loan,medium,,,,,2026-04-03T17:47:39.843642
922,Navkar Infin Pvt Ltd.,Credit Card,Credit Card,,,,,,,[],,,,,,,,,,False,[],[],,0.0,gemini,https://navkarfinances.com,needs_review,low,1,credit card,medium,,,,,2026-04-03T17:47:39.843688
923,Navkar Nivesh Private Limited,MSME Loan,MSME Loan,,,,,,,"[""business"", ""self-employed""]",,,,,,,,,,,[],"[""Maharashtra""]",,0.2,gemini,https://navkarnivesh.com,needs_review,low,1,msme loan,medium,,,,,2026-04-03T17:47:59.922040
924,NCML Finance Private Limited,Rural Loan,Rural Loan,,,,,,,"[""agriculture""]",,,,,,,,,,,[],"[""Delhi"", ""Maharashtra""]",,0.2,gemini,https://www.ncml.com,needs_review,low,1,rural loan,medium,,,,,2026-04-03T17:48:13.131544
924,NCML Finance Private Limited,Supply Chain Finance,Supply Chain Finance,,,,,,,"[""business""]",,,,,,,,,,,[],"[""Delhi"", ""Maharashtra""]",,0.2,gemini,https://www.ncml.com,needs_review,low,1,supply chain finance,medium,,,,,2026-04-03T17:48:13.131855
925,Neelachal Marketing (P) Ltd,Business Loan,Business Loan,,,,,,,"[""self_employed_non_professional"", ""business""]",,,,,,,,,,,[],[],,0.1,heuristic,https://neelachalfinance.com,needs_review,low,1,business loan,medium,,,,,2026-04-03T17:48:43.023405
925,Neelachal Marketing (P) Ltd,Home Loan,Home Loan,,,,,,,[],,,,,,,,,,,[],[],,0.0,heuristic,https://neelachalfinance.com,needs_review,low,1,home loan,medium,,,,,2026-04-03T17:48:43.023531
925,Neelachal Marketing (P) Ltd,Vehicle Loan,Vehicle Loan,,,,,,,[],,,,,,,,,,,[],[],,0.0,heuristic,https://neelachalfinance.com,needs_review,low,1,vehicle loan,medium,,,,,2026-04-03T17:48:43.023623
925,Neelachal Marketing (P) Ltd,Loan Against Property,Loan Against Property,,,,,,,[],,,,,,,,,,,[],[],,0.0,heuristic,https://neelachalfinance.com,needs_review,low,1,loan against property,medium,,,,,2026-04-03T17:48:43.023750
925,Neelachal Marketing (P) Ltd,Personal Loan,Personal Loan,,,,,,,"[""salaried"", ""self-employed""]",,,,,,,,,,,[],[],,0.1,heuristic,https://neelachalfinance.com,needs_review,low,1,personal loan,medium,,,,,2026-04-03T17:48:43.023849
926,Neelanchal Holdings Pvt. Ltd.,Business Loan,Business Loan,,,,,,,"[""business"", ""self-employed""]",,,2,,,,,,,,[],[],,0.1,gemini,https://neelanchal.in,needs_review,low,1,business loan,medium,True,True,True,2,2026-04-03T17:51:04.848967
926,Neelanchal Holdings Pvt. Ltd.,Microfinance Loan,Microfinance,,,,,,,"[""self_employed_non_professional"", ""business"", ""agriculture""]",,,,,,,,,,False,[],[],Applicants should be residents of rural or semi-urban areas.,0.2,gemini,https://neelanchal.in,needs_review,low,1,microfinance loan,medium,,True,,,2026-04-03T17:51:04.849137
926,Neelanchal Holdings Pvt. Ltd.,Vehicle Loan,Vehicle Loan,,,,,21,,"[""salaried"", ""self-employed"", ""business""]",,,,,,,,,,True,"[""vehicle""]",[],,0.1,gemini,https://neelanchal.in,needs_review,low,1,vehicle loan,medium,True,True,,,2026-04-03T17:51:04.849269
927,Neelanchal Udyog Ltd.,Microfinance,Microfinance,,,,,,,[],,,,,,,,,,,[],[],,0.0,heuristic,https://neelanchal.in,needs_review,low,1,microfinance,medium,,,,,2026-04-03T17:53:05.439103
927,Neelanchal Udyog Ltd.,MSME Loan,MSME Loan,,,,,,,"[""self_employed_non_professional"", ""business""]",,,,,,,,,,,[],[],,0.1,heuristic,https://neelanchal.in,needs_review,low,1,msme loan,medium,,,,,2026-04-03T17:53:05.439240
927,Neelanchal Udyog Ltd.,Vehicle Loan,Vehicle Loan,,,,,,,[],,,,,,,,,,,[],[],,0.0,heuristic,https://neelanchal.in,needs_review,low,1,vehicle loan,medium,,,,,2026-04-03T17:53:05.439335
927,Neelanchal Udyog Ltd.,Business Loan,Business Loan,,,,,,,"[""self_employed_non_professional"", ""business""]",,,,,,,,,,,[],[],,0.1,heuristic,https://neelanchal.in,needs_review,low,1,business loan,medium,,,,,2026-04-03T17:53:05.439453
928,Neuzen Finance Private Limited (Formerly known as Umang Trading Private Limited),Working Capital,Working Capital,,,,,,,"[""self_employed_non_professional"", ""business""]",,,,,,,,,,,[],[],,0.1,heuristic,https://neuzen.in,needs_review,low,1,working capital,medium,,,,,2026-04-03T17:53:28.798711
928,Neuzen Finance Private Limited (Formerly known as Umang Trading Private Limited),Business Loan,Business Loan,,,,,,,"[""self_employed_non_professional"", ""business""]",,,,,,,,,,,[],[],,0.1,heuristic,https://neuzen.in,needs_review,low,1,business loan,medium,,,,,2026-04-03T17:53:28.798891
928,Neuzen Finance Private Limited (Formerly known as Umang Trading Private Limited),Home Loan,Home Loan,,,,,,,[],,,,,,,,,,,[],[],,0.0,heuristic,https://neuzen.in,needs_review,low,1,home loan,medium,,,,,2026-04-03T17:53:28.799003
928,Neuzen Finance Private Limited (Formerly known as Umang Trading Private Limited),Vehicle Loan,Vehicle Loan,,,,,,,[],,,,,,,,,,,[],[],,0.0,heuristic,https://neuzen.in,needs_review,low,1,vehicle loan,medium,,,,,2026-04-03T17:53:28.799157
928,Neuzen Finance Private Limited (Formerly known as Umang Trading Private Limited),Personal Loan,Personal Loan,,,,,,,"[""salaried"", ""self-employed""]",,,,,,,,,,,[],[],,0.1,heuristic,https://neuzen.in,needs_review,low,1,personal loan,medium,,,,,2026-04-03T17:53:28.799277
929,Nidhi Lakshmi Finance Private Limited,Home Loan,Home Loan,,,,,,,[],,,,,,,,,,True,[],"[""Rajasthan""]",,0.1,gemini,https://www.nidhilakshmi.com,needs_review,low,1,home loan,medium,True,True,False,,2026-04-03T17:53:49.683568
929,Nidhi Lakshmi Finance Private Limited,Loan Against Property,Loan Against Property,,,,,,,[],,,,,,,,,,True,[],"[""Rajasthan""]",,0.1,gemini,https://www.nidhilakshmi.com,needs_review,low,1,loan against property,medium,True,True,False,,2026-04-03T17:53:49.683786
929,Nidhi Lakshmi Finance Private Limited,MSME Loan,MSME Loan,,,,,,,"[""business"", ""self_employed_professional"", ""self_employed_non_professional""]",,,,,,,,,,,[],"[""Rajasthan""]",,0.2,gemini,https://www.nidhilakshmi.com,needs_review,low,1,msme loan,medium,True,True,True,,2026-04-03T17:53:49.683922
929,Nidhi Lakshmi Finance Private Limited,Micro Loan,Micro Loan,,,,,,,[],,,,,,,,,,False,[],"[""Rajasthan""]",,0.1,gemini,https://www.nidhilakshmi.com,needs_review,low,1,micro loan,medium,True,True,False,,2026-04-03T17:53:49.684022
929,Nidhi Lakshmi Finance Private Limited,Rural Loan,Rural Loan,,,,,,,"[""agriculture"", ""business"", ""self_employed_non_professional""]",,,,,,,,,,,[],"[""Rajasthan""]",,0.2,gemini,https://www.nidhilakshmi.com,needs_review,low,1,rural loan,medium,True,True,False,,2026-04-03T17:53:49.684158
930,Nightingale Finvest Pvt. Ltd.,MSME Loan,MSME Loan,,,,,,,[],,,,,,,,,,,[],"[""Assam""]",,0.1,gemini,https://nightingalefinvest.in,needs_review,low,1,msme loan,medium,,,,,2026-04-03T17:54:32.442137
930,Nightingale Finvest Pvt. Ltd.,Micro Loan,Micro Loan,,,,,,,[],,,,,,,,,,,[],"[""Assam""]",,0.1,gemini,https://nightingalefinvest.in,needs_review,low,1,micro loan,medium,,,,,2026-04-03T17:54:32.442282
930,Nightingale Finvest Pvt. Ltd.,Microfinance,Microfinance,,,,,,,[],,,,,,,,,,,[],"[""Assam""]",,0.1,gemini,https://nightingalefinvest.in,needs_review,low,1,microfinance,medium,,,,,2026-04-03T17:54:32.442385
930,Nightingale Finvest Pvt. Ltd.,Rural Loan,Rural Loan,,,,,,,[],,,,,,,,,,,[],"[""Assam""]",,0.1,gemini,https://nightingalefinvest.in,needs_review,low,1,rural loan,medium,,,,,2026-04-03T17:54:32.442480
930,Nightingale Finvest Pvt. Ltd.,Working Capital,Working Capital,,,,,,,[],,,,,,,,,,,[],"[""Assam""]",,0.1,gemini,https://nightingalefinvest.in,needs_review,low,1,working capital,medium,,,,,2026-04-03T17:54:32.442571
931,Nipha Finance Private Limited,Micro Loan,Microfinance,,,,,,,[],,,,,,,,,,,[],"[""Gujarat"", ""Jharkhand"", ""Maharashtra"", ""Tamil Nadu"", ""West Bengal""]",,0.1,gemini,https://www.niphaindia.com/group-company,needs_review,low,1,micro loan,medium,,,,,2026-04-03T17:54:50.792001
931,Nipha Finance Private Limited,Microfinance,Microfinance,,,,,,,[],,,,,,,,,,,[],"[""Gujarat"", ""Jharkhand"", ""Maharashtra"", ""Tamil Nadu"", ""West Bengal""]",,0.1,gemini,https://www.niphaindia.com/group-company,needs_review,low,1,microfinance,medium,,,,,2026-04-03T17:54:50.792130
931,Nipha Finance Private Limited,Supply Chain Finance,Supply Chain Finance,,,,,,,[],,,,,,,,,,,[],"[""Gujarat"", ""Jharkhand"", ""Maharashtra"", ""Tamil Nadu"", ""West Bengal""]",,0.1,gemini,https://www.niphaindia.com/group-company,needs_review,low,1,supply chain finance,medium,,,,,2026-04-03T17:54:50.792231
933,Nipun Securities Ltd.,Rural Loan,Rural Loan,,,,,,,[],,,,,,,,,,,[],"[""Gujarat""]",,0.1,gemini,https://www.nipunfinserv.com/TermsConditions,needs_review,low,1,rural loan,medium,,,,,2026-04-03T17:55:09.298059
934,Nirala Leasing & Finance Company Private Limited,Home Loan,Home Loan,,,,,,,[],,,,,,,,,,,[],[],,0.0,gemini,https://company.vakilsearch.com/nirala-leasing-and-finance-company-private-limited/U99999MH1996PTC102636,needs_review,low,1,home loan,medium,,,,,2026-04-03T17:55:37.560134
935,Nitstone Finserv Private Limited,Working Capital,Working Capital,,,,,,,"[""self_employed_non_professional"", ""business""]",,,,,,,,,,,[],[],,0.1,heuristic,https://www.nitstone.com,needs_review,low,1,working capital,medium,,,,,2026-04-03T17:56:07.130165
935,Nitstone Finserv Private Limited,Business Loan,Business Loan,,,,,,,"[""self_employed_non_professional"", ""business""]",,,,,,,,,,,[],[],,0.1,heuristic,https://www.nitstone.com,needs_review,low,1,business loan,medium,,,,,2026-04-03T17:56:07.130282
935,Nitstone Finserv Private Limited,MSME Loan,MSME Loan,,,,,,,"[""self_employed_non_professional"", ""business""]",,,,,,,,,,,[],[],,0.1,heuristic,https://www.nitstone.com,needs_review,low,1,msme loan,medium,,,,,2026-04-03T17:56:07.130414
935,Nitstone Finserv Private Limited,Gold Loan,Gold Loan,,,,,,,[],,,,,,,,,,,[],[],,0.0,heuristic,https://www.nitstone.com,needs_review,low,1,gold loan,medium,,,,,2026-04-03T17:56:07.130482
935,Nitstone Finserv Private Limited,Consumer Durable Loan,Consumer Durable Loan,,,,,,,"[""salaried"", ""self-employed""]",,,,,,,,,,,[],[],,0.1,heuristic,https://www.nitstone.com,needs_review,low,1,consumer durable loan,medium,,,,,2026-04-03T17:56:07.130562
935,Nitstone Finserv Private Limited,Education Loan,Education Loan,,,,,,,"[""salaried"", ""self-employed""]",,,,,,,,,,,[],[],,0.1,heuristic,https://www.nitstone.com,needs_review,low,1,education loan,medium,,,,,2026-04-03T17:56:07.130646
935,Nitstone Finserv Private Limited,Loan Against Property,Loan Against Property,,,,,,,[],,,,,,,,,,,[],[],,0.0,heuristic,https://www.nitstone.com,needs_review,low,1,loan against property,medium,,,,,2026-04-03T17:56:07.130722
935,Nitstone Finserv Private Limited,Personal Loan,Personal Loan,,,,,,,"[""salaried"", ""self-employed""]",,,,,,,,,,,[],[],,0.1,heuristic,https://www.nitstone.com,needs_review,low,1,personal loan,medium,,,,,2026-04-03T17:56:07.130781
935,Nitstone Finserv Private Limited,Rural Loan,Rural Loan,,,,,,,"[""agriculture""]",,,,,,,,,,,[],[],,0.1,heuristic,https://www.nitstone.com,needs_review,low,1,rural loan,medium,,,,,2026-04-03T17:56:07.130834
936,Nixa Fincap Private Limited (Earlier known as Xander Finance Private Limited),MSME Loan,MSME Loan,,500.0,,,,,"[""business""]",,50.0,3,,,,60,,,,[],"[""Delhi""]","Offers both secured and unsecured loan options. Applicable for Proprietorship, Partnership, Private Limited Company, LLP.",0.5,gemini,https://nixafincap.com,needs_review,low,1,msme loan,medium,True,True,True,2,2026-04-03T17:56:23.489941
938,NKC Finance Private Limited,Business Loan,Business Loan,,,,,,,[],,,,,,,,,,,[],[],,0.0,gemini,https://www.nkcfinance.com,needs_review,low,1,business loan,medium,,,,,2026-04-03T17:57:09.610460
938,NKC Finance Private Limited,Education Loan,Education Loan,,,,,,,[],,,,,,,,,,,[],[],,0.0,gemini,https://www.nkcfinance.com,needs_review,low,1,education loan,medium,,,,,2026-04-03T17:57:09.610556
938,NKC Finance Private Limited,Loan Against Property,Loan Against Property,,,,,,,[],,,,,,,,,,True,[],[],,0.0,gemini,https://www.nkcfinance.com,needs_review,low,1,loan against property,medium,,,,,2026-04-03T17:57:09.610611
938,NKC Finance Private Limited,MSME Loan,MSME Loan,,,,,,,[],,,,,,,,,,,[],[],,0.0,gemini,https://www.nkcfinance.com,needs_review,low,1,msme loan,medium,,,,,2026-04-03T17:57:09.610658
938,NKC Finance Private Limited,Personal Loan,Personal Loan,,,,,,,[],,,,,,,,,,False,[],[],,0.0,gemini,https://www.nkcfinance.com,needs_review,low,1,personal loan,medium,,,,,2026-04-03T17:57:09.610702
938,NKC Finance Private Limited,Two Wheeler Loan,Two Wheeler Loan,,,,,,,[],,,,,,,,,,True,[],[],,0.0,gemini,https://www.nkcfinance.com,needs_review,low,1,two wheeler loan,medium,,,,,2026-04-03T17:57:09.610748
938,NKC Finance Private Limited,Vehicle Loan,Vehicle Loan,,,,,,,[],,,,,,,,,,True,[],[],,0.0,gemini,https://www.nkcfinance.com,needs_review,low,1,vehicle loan,medium,,,,,2026-04-03T17:57:09.610801
938,NKC Finance Private Limited,Working Capital,Working Capital,,,,,,,[],,,,,,,,,,,[],[],,0.0,gemini,https://www.nkcfinance.com,needs_review,low,1,working capital,medium,,,,,2026-04-03T17:57:09.610893
939,North East Hire Purchase Company (India) Pvt Ltd.,Business Loan,Business Loan,,,,,,,"[""self_employed_non_professional"", ""business""]",,,,,,,,,,,[],[],,0.1,heuristic,https://www.north-east.in,needs_review,low,1,business loan,medium,,,,,2026-04-03T17:57:37.030114
939,North East Hire Purchase Company (India) Pvt Ltd.,MSME Loan,MSME Loan,,,,,,,"[""self_employed_non_professional"", ""business""]",,,,,,,,,,,[],[],,0.1,heuristic,https://www.north-east.in,needs_review,low,1,msme loan,medium,,,,,2026-04-03T17:57:37.030225
939,North East Hire Purchase Company (India) Pvt Ltd.,Vehicle Loan,Vehicle Loan,,,,,,,[],,,,,,,,,,,[],[],,0.0,heuristic,https://www.north-east.in,needs_review,low,1,vehicle loan,medium,,,,,2026-04-03T17:57:37.030282
939,North East Hire Purchase Company (India) Pvt Ltd.,Loan Against Property,Loan Against Property,,,,,,,[],,,,,,,,,,,[],[],,0.0,heuristic,https://www.north-east.in,needs_review,low,1,loan against property,medium,,,,,2026-04-03T17:57:37.030333
939,North East Hire Purchase Company (India) Pvt Ltd.,Personal Loan,Personal Loan,,,,,,,"[""salaried"", ""self-employed""]",,,,,,,,,,,[],[],,0.1,heuristic,https://www.north-east.in,needs_review,low,1,personal loan,medium,,,,,2026-04-03T17:57:37.030383
940,Northern Projects Ltd,EV Loan,EV Loan,,,,,,,[],,,,,,,,,,,[],[],,0.0,heuristic,https://www.northernproj.co.in,needs_review,low,1,ev loan,medium,,,,,2026-04-03T17:58:04.996939
940,Northern Projects Ltd,Business Loan,Business Loan,,,,,,,"[""self_employed_non_professional"", ""business""]",,,,,,,,,,,[],[],,0.1,heuristic,https://www.northernproj.co.in,needs_review,low,1,business loan,medium,,,,,2026-04-03T17:58:04.997049
940,Northern Projects Ltd,MSME Loan,MSME Loan,,,,,,,"[""self_employed_non_professional"", ""business""]",,,,,,,,,,,[],[],,0.1,heuristic,https://www.northernproj.co.in,needs_review,low,1,msme loan,medium,,,,,2026-04-03T17:58:04.997115
940,Northern Projects Ltd,Home Loan,Home Loan,,,,,,,[],,,,,,,,,,,[],[],,0.0,heuristic,https://www.northernproj.co.in,needs_review,low,1,home loan,medium,,,,,2026-04-03T17:58:04.997168
940,Northern Projects Ltd,Two Wheeler Loan,Two Wheeler Loan,,,,,,,[],,,,,,,,,,,[],[],,0.0,heuristic,https://www.northernproj.co.in,needs_review,low,1,two wheeler loan,medium,,,,,2026-04-03T17:58:04.997262
940,Northern Projects Ltd,Vehicle Loan,Vehicle Loan,,,,,,,[],,,,,,,,,,,[],[],,0.0,heuristic,https://www.northernproj.co.in,needs_review,low,1,vehicle loan,medium,,,,,2026-04-03T17:58:04.997347
941,Northlink Fiscal & Capital Services Ltd.,MSME Loan,MSME Loan,,,,,,,[],,,,,,,,,,,[],"[""Punjab""]",,0.1,gemini,https://www.northlink.co.in,needs_review,low,1,msme loan,medium,,,,,2026-04-03T17:58:26.337365
942,Nsmk Investments Pvt. Ltd.,Business Loan,Business Loan,,,,,,,[],,,,,,,,,,,[],[],,0.0,gemini,https://www.nsmkinvestments.in,needs_review,low,1,business loan,medium,,,,,2026-04-03T17:58:40.714852
942,Nsmk Investments Pvt. Ltd.,Gold Loan,Gold Loan,,,,,,,[],,,,,,,,,,True,[],[],,0.0,gemini,https://www.nsmkinvestments.in,needs_review,low,1,gold loan,medium,,,,,2026-04-03T17:58:40.714983
942,Nsmk Investments Pvt. Ltd.,Personal Loan,Personal Loan,,,,,,,[],,,,,,,,,,False,[],[],,0.0,gemini,https://www.nsmkinvestments.in,needs_review,low,1,personal loan,medium,,,,,2026-04-03T17:58:40.715079
942,Nsmk Investments Pvt. Ltd.,Supply Chain Finance,Supply Chain Finance,,,,,,,"[""business""]",,,,,,,,,,,[],[],Includes vendor financing and dealer financing.,0.2,gemini,https://www.nsmkinvestments.in,needs_review,low,1,supply chain finance,medium,,,,,2026-04-03T17:58:40.715157
943,Oleevia Grameen Credits Private Limited (Earlier known as Shree Ganesh Stock Private Limited),Microfinance Loan,Rural Loan,,0.5,,,,,"[""self_employed_non_professional"", ""business""]",,,,,,12,24,,,,[],"[""Kerala""]","Women entrepreneurs, Joint Liability Group (JLG) members",0.6,gemini,https://oleeviagrameencredits.com,pending,medium,1,microfinance loan,low,True,True,,,2026-04-03T17:59:10.864138
943,Oleevia Grameen Credits Private Limited (Earlier known as Shree Ganesh Stock Private Limited),Gold Loan,Gold Loan,,,,,18,,[],,,,,,,,,,True,"[""gold""]","[""Kerala""]",,0.1,gemini,https://oleeviagrameencredits.com,needs_review,low,1,gold loan,medium,True,True,,,2026-04-03T17:59:10.864276
943,Oleevia Grameen Credits Private Limited (Earlier known as Shree Ganesh Stock Private Limited),Business Loan,Business Loan,,10.0,,,,,"[""business"", ""self_employed_professional"", ""self_employed_non_professional""]",,,,,,,,,,,[],"[""Kerala""]","Available for Small and medium enterprises (SMEs), Proprietorships, Partnerships, Private Limited Companies",0.4,gemini,https://oleeviagrameencredits.com,needs_review,low,1,business loan,medium,True,True,,,2026-04-03T17:59:10.864375
943,Oleevia Grameen Credits Private Limited (Earlier known as Shree Ganesh Stock Private Limited),Personal Loan,Personal Loan,,5.0,,,,,"[""salaried"", ""self_employed_professional""]",,,,,,,,,,,[],"[""Kerala""]",,0.3,gemini,https://oleeviagrameencredits.com,needs_review,low,1,personal loan,medium,True,True,,,2026-04-03T17:59:10.864455
943,Oleevia Grameen Credits Private Limited (Earlier known as Shree Ganesh Stock Private Limited),Vehicle Loan,Vehicle Loan,,,,,,,"[""salaried"", ""self-employed"", ""business""]",,,,,,,,,,True,"[""vehicle""]","[""Kerala""]",,0.2,gemini,https://oleeviagrameencredits.com,needs_review,low,1,vehicle loan,medium,True,True,,,2026-04-03T17:59:10.864528
944,Olympiaa Financiers Karur Private Limited,Home Loan,Home Loan,,,,,,,"[""salaried"", ""self-employed""]",,,,,,,,,,True,[],"[""Tamil Nadu""]",Salaried and Self-employed individuals are eligible for Home Loan.,0.3,gemini,http://www.olympiaafinanciers.com,needs_review,low,1,home loan,medium,,,,,2026-04-03T18:00:09.895535
944,Olympiaa Financiers Karur Private Limited,Business Loan,Business Loan,,,,,,,"[""self-employed"", ""business""]",,,,,,,,,,True,"[""property""]","[""Tamil Nadu""]","Self-employed individuals, Proprietorships, Partnership Firms, Private Limited Companies, Public Limited Companies, Trusts and Societies are eligible for Business Loan.",0.3,gemini,http://www.olympiaafinanciers.com,needs_review,low,1,business loan,medium,,,,,2026-04-03T18:00:09.895677
944,Olympiaa Financiers Karur Private Limited,Gold Loan,Gold Loan,,,,,,,[],,,,,,,,,,True,[],"[""Tamil Nadu""]",Individuals are eligible for Gold Loan.,0.2,gemini,http://www.olympiaafinanciers.com,needs_review,low,1,gold loan,medium,,,,,2026-04-03T18:00:09.895756
944,Olympiaa Financiers Karur Private Limited,Vehicle Loan,Vehicle Loan,,,,,,,"[""salaried"", ""self-employed""]",,,,,,,,,,True,"[""vehicle""]","[""Tamil Nadu""]",Salaried and Self-employed individuals are eligible for Vehicle Loan.,0.3,gemini,http://www.olympiaafinanciers.com,needs_review,low,1,vehicle loan,medium,,,,,2026-04-03T18:00:09.895865
945,Omega Trade Enterprises Ltd,MSME Loan,MSME Loan,,,,,,,[],,,,,,,,,,,[],"[""West Bengal""]",,0.1,gemini,https://www.indiratrade.com/company-profile/board-members/omegatradeenter,needs_review,low,1,msme loan,medium,,,,,2026-04-03T18:00:18.323509
946,Omkaar Finmax Private Limited,Business Loan,Business Loan,,,,,,,"[""business"", ""self-employed""]",,,,,,,,,,,[],"[""Uttar Pradesh""]",,0.2,gemini,https://omkaar.in,needs_review,low,1,business loan,medium,,,,,2026-04-03T18:00:49.959497
946,Omkaar Finmax Private Limited,Personal Loan,Personal Loan,,,,,,,"[""salaried"", ""self-employed""]",,,,,,,,,,False,[],"[""Uttar Pradesh""]",,0.2,gemini,https://omkaar.in,needs_review,low,1,personal loan,medium,,,,,2026-04-03T18:00:49.959686
946,Omkaar Finmax Private Limited,Supply Chain Finance,Supply Chain Finance,,,,,,,"[""business""]",,,,,,,,,,,[],"[""Uttar Pradesh""]",,0.2,gemini,https://omkaar.in,needs_review,low,1,supply chain finance,medium,,,,,2026-04-03T18:00:49.959793
946,Omkaar Finmax Private Limited,Working Capital,Working Capital,,,,,,,"[""business""]",,,,,,,,,,,[],"[""Uttar Pradesh""]",,0.2,gemini,https://omkaar.in,needs_review,low,1,working capital,medium,,,,,2026-04-03T18:00:49.959867
949,Orchid Securities (P) Ltd.,Rural Loan,Rural Loan,,,,,,,[],,,,,,,,,,,[],"[""Gujarat"", ""Kerala"", ""West Bengal""]",,0.1,gemini,https://www.orchidsecuritiesltd.com,needs_review,low,1,rural loan,medium,,,,,2026-04-03T18:01:26.471552
950,Oriental Finstock Services  Pvt.Ltd,Business Loan,Business Loan,,50.0,650,,21,65,"[""business""]",,10.0,3,,,,60,,,False,[],"[""Gujarat""]",,0.5,gemini,https://www.orientalfinstock.com,needs_review,medium,1,business loan,low,True,True,True,2,2026-04-03T18:01:49.199522
950,Oriental Finstock Services  Pvt.Ltd,Loan Against Property,Loan Against Property,,500.0,650,,21,65,"[""salaried"", ""self-employed"", ""business""]",,,,,,,180,,,True,[],"[""Gujarat""]",,0.5,gemini,https://www.orientalfinstock.com,needs_review,medium,1,loan against property,low,True,True,,2,2026-04-03T18:01:49.199660
950,Oriental Finstock Services  Pvt.Ltd,MSME Loan,MSME Loan,,100.0,650,,21,65,"[""business""]",,5.0,2,,,,84,,,False,[],"[""Gujarat""]",,0.5,gemini,https://www.orientalfinstock.com,needs_review,medium,1,msme loan,low,True,True,True,2,2026-04-03T18:01:49.199742
950,Oriental Finstock Services  Pvt.Ltd,Microfinance,Microfinance,,1.0,,,18,60,[],,,,,,,24,,,False,[],"[""Gujarat""]","Available for women entrepreneurs, Self-help groups (SHGs), Joint Liability Groups (JLGs). No CIBIL score required for first-time borrowers.",0.4,gemini,https://www.orientalfinstock.com,needs_review,medium,1,microfinance,low,,True,,,2026-04-03T18:01:49.199809
950,Oriental Finstock Services  Pvt.Ltd,Personal Loan,Personal Loan,,10.0,700,,21,60,"[""salaried"", ""self_employed_professional""]",20.0,,,,,,60,,,False,[],"[""Gujarat""]",,0.5,gemini,https://www.orientalfinstock.com,needs_review,medium,1,personal loan,low,True,True,,1,2026-04-03T18:01:49.199884
951,Osprey Finvest  Pvt Ltd,Home Loan,Home Loan,,,,,,,[],,,,,,,,,,True,[],"[""West Bengal""]",,0.1,gemini,http://www.osprey-finvest-pl.cc,needs_review,low,1,home loan,medium,,,,,2026-04-03T18:02:29.513530
952,Oxyzo Financial Services Limited,Business Loan,Business Loan,,,,,,,"[""business""]",,,,,,,,,,,[],"[""Haryana""]",,0.2,gemini,https://www.oxyzo.in,needs_review,low,1,business loan,medium,,,,,2026-04-03T18:02:53.035780
952,Oxyzo Financial Services Limited,Loan Against Property,Loan Against Property,,,,,,,"[""business""]",,,,,,,,,,True,"[""property""]","[""Haryana""]",,0.2,gemini,https://www.oxyzo.in,needs_review,low,1,loan against property,medium,,,,,2026-04-03T18:02:53.035920
952,Oxyzo Financial Services Limited,Supply Chain Finance,Supply Chain Finance,,,,,,,"[""business""]",,,,,,,,,,,[],"[""Haryana""]",,0.2,gemini,https://www.oxyzo.in,needs_review,low,1,supply chain finance,medium,,,,,2026-04-03T18:02:53.035995
952,Oxyzo Financial Services Limited,Working Capital Loan,Working Capital,,,,,,,"[""business""]",,,,,,,,,,,[],"[""Haryana""]",,0.2,gemini,https://www.oxyzo.in,needs_review,low,1,working capital loan,medium,,,,,2026-04-03T18:02:53.042804
953,P G Commercials Pvt. Ltd.,MSME Loan,MSME Loan,,,,,,,"[""business""]",,,,,,,,,,,[],"[""Delhi""]",,0.2,gemini,https://vanicommercials.com,needs_review,low,1,msme loan,medium,,,,,2026-04-03T18:03:14.790215
953,P G Commercials Pvt. Ltd.,Personal Loan,Personal Loan,,,,,,,[],,,,,,,,,,,[],"[""Delhi""]",,0.1,gemini,https://vanicommercials.com,needs_review,low,1,personal loan,medium,,,,,2026-04-03T18:03:14.790372
953,P G Commercials Pvt. Ltd.,Rural Loan,Rural Loan,,,,,,,"[""agriculture""]",,,,,,,,,,,[],"[""Delhi""]",,0.2,gemini,https://vanicommercials.com,needs_review,low,1,rural loan,medium,,,,,2026-04-03T18:03:14.790455
954,P G Nahar Finance Limited,Consumer Durable Loan,Consumer Durable Loan,,1.0,,,21,60,"[""salaried"", ""self-employed""]",,,,,,,12,,,False,[],"[""Karnataka""]",,0.4,gemini,https://www.naharcredits.in,needs_review,medium,1,consumer durable loan,low,True,True,False,,2026-04-03T18:03:32.871979
954,P G Nahar Finance Limited,Personal Loan,Personal Loan,,5.0,,,21,60,"[""salaried"", ""self-employed""]",,,,,,,36,,,False,[],"[""Karnataka""]",,0.4,gemini,https://www.naharcredits.in,needs_review,medium,1,personal loan,low,True,True,False,,2026-04-03T18:03:32.872216
955,P J Credit Capital Ltd.,Business Loan,Business Loan,,50.0,,,,,"[""business"", ""self_employed_professional""]",,,,,,,36,,True,False,[],"[""Gujarat"", ""Madhya Pradesh""]",MSMEs with a stable income and good credit history.,0.5,gemini,https://pjcreditcapital.in,needs_review,medium,1,business loan,low,True,True,,,2026-04-03T18:03:56.869792
955,P J Credit Capital Ltd.,Personal Loan,Personal Loan,,10.0,,,,,"[""salaried"", ""self_employed_professional""]",,,,,,,60,,True,False,[],"[""Gujarat"", ""Madhya Pradesh""]",Individuals with a regular income source.,0.5,gemini,https://pjcreditcapital.in,needs_review,medium,1,personal loan,low,True,True,,,2026-04-03T18:03:56.869944
955,P J Credit Capital Ltd.,Rural Loan,Rural Loan,,,,,,,"[""agriculture"", ""business"", ""self-employed""]",,,,,,,,,True,,[],"[""Gujarat"", ""Madhya Pradesh""]","Farmers, rural entrepreneurs, and individuals engaged in agriculture and allied activities.",0.3,gemini,https://pjcreditcapital.in,needs_review,low,1,rural loan,medium,True,True,,,2026-04-03T18:03:56.870052
956,Paisalo Digital Limited,MSME Loan,MSME Loan,,,,,,,[],,,,,,,,,,,[],"[""Delhi""]",,0.1,gemini,https://www.paisalo.in,needs_review,low,1,msme loan,medium,,,,,2026-04-03T18:04:18.482307
956,Paisalo Digital Limited,Two Wheeler Loan,Two Wheeler Loan,,,,,,,[],,,,,,,,,,,[],"[""Delhi""]",,0.1,gemini,https://www.paisalo.in,needs_review,low,1,two wheeler loan,medium,,,,,2026-04-03T18:04:18.482461
957,Pallonji Leasing Private Limited,MSME Loan,MSME Loan,,,,,,,"[""business""]",,,,,,,,,,,[],[],"Financial assistance to Micro, Small, and Medium Enterprises (MSMEs) for working capital, expansion, or purchasing new equipment.",0.2,gemini,https://www.mpallonjigroup.com/pallonji-leasing.html,needs_review,low,1,msme loan,medium,,,,,2026-04-03T18:04:30.796369
957,Pallonji Leasing Private Limited,Vehicle Loan,Vehicle Loan,,,,,,,[],,,,,,,,,,,[],[],"Loans for new cars, commercial vehicles, two-wheelers, and heavy commercial vehicles.",0.1,gemini,https://www.mpallonjigroup.com/pallonji-leasing.html,needs_review,low,1,vehicle loan,medium,,,,,2026-04-03T18:04:30.796528
958,Pam Fincap Pvt. Ltd.,Business Loan,Business Loan,,,,,,,"[""self_employed_non_professional"", ""business""]",,,,,,,,,,,[],[],,0.1,heuristic,https://www.pamfincap.com,needs_review,low,1,business loan,medium,,,,,2026-04-03T18:04:58.153143
958,Pam Fincap Pvt. Ltd.,MSME Loan,MSME Loan,,,,,,,"[""self_employed_non_professional"", ""business""]",,,,,,,,,,,[],[],,0.1,heuristic,https://www.pamfincap.com,needs_review,low,1,msme loan,medium,,,,,2026-04-03T18:04:58.153298
958,Pam Fincap Pvt. Ltd.,Home Loan,Home Loan,,,,,,,[],,,,,,,,,,,[],[],,0.0,heuristic,https://www.pamfincap.com,needs_review,low,1,home loan,medium,,,,,2026-04-03T18:04:58.153365
958,Pam Fincap Pvt. Ltd.,Consumer Durable Loan,Consumer Durable Loan,,,,,,,"[""salaried"", ""self-employed""]",,,,,,,,,,,[],[],,0.1,heuristic,https://www.pamfincap.com,needs_review,low,1,consumer durable loan,medium,,,,,2026-04-03T18:04:58.153423
958,Pam Fincap Pvt. Ltd.,Education Loan,Education Loan,,,,,,,"[""salaried"", ""self-employed""]",,,,,,,,,,,[],[],,0.1,heuristic,https://www.pamfincap.com,needs_review,low,1,education loan,medium,,,,,2026-04-03T18:04:58.153478
958,Pam Fincap Pvt. Ltd.,Vehicle Loan,Vehicle Loan,,,,,,,[],,,,,,,,,,,[],[],,0.0,heuristic,https://www.pamfincap.com,needs_review,low,1,vehicle loan,medium,,,,,2026-04-03T18:04:58.153569
958,Pam Fincap Pvt. Ltd.,Personal Loan,Personal Loan,,,,,,,"[""salaried"", ""self-employed""]",,,,,,,,,,,[],[],,0.1,heuristic,https://www.pamfincap.com,needs_review,low,1,personal loan,medium,,,,,2026-04-03T18:04:58.153635
958,Pam Fincap Pvt. Ltd.,Rural Loan,Rural Loan,,,,,,,"[""agriculture""]",,,,,,,,,,,[],[],,0.1,heuristic,https://www.pamfincap.com,needs_review,low,1,rural loan,medium,,,,,2026-04-03T18:04:58.153688
959,Pandarakalam Finance Private Limited,Gold Loan,Gold Loan,,100.0,,,18,,[],,,,,,,,,,True,"[""gold""]","[""Kerala""]",,0.2,gemini,https://www.pandarakalamfinance.com,needs_review,low,1,gold loan,medium,True,True,,,2026-04-03T18:05:16.234210
960,Pandinadu Finance Company Private Limited,Gold Loan,Gold Loan,,,,,18,,[],,,,,,,,,,True,[],[],Any individual above 18 years of age with valid KYC documents and owning gold ornaments can avail a gold loan.,0.1,gemini,https://pandinadufinance.com,needs_review,low,1,gold loan,medium,True,True,,,2026-04-03T18:05:59.765861
960,Pandinadu Finance Company Private Limited,Home Loan,Home Loan,,,,,21,65,"[""salaried"", ""self-employed""]",,,,,,,,,,True,"[""property""]",[],Salaried and self-employed individuals with a stable income and good credit history are eligible. Maximum age 65 years at loan maturity.,0.2,gemini,https://pandinadufinance.com,needs_review,low,1,home loan,medium,True,True,,,2026-04-03T18:05:59.766026
960,Pandinadu Finance Company Private Limited,Personal Loan,Personal Loan,,,,,21,60,"[""salaried"", ""self-employed""]",,,,,,,,,,False,[],[],Salaried and self-employed individuals with a regular source of income and a good credit score.,0.2,gemini,https://pandinadufinance.com,needs_review,low,1,personal loan,medium,True,True,,,2026-04-03T18:05:59.766149
960,Pandinadu Finance Company Private Limited,Vehicle Loan,Vehicle Loan,,,,,21,65,"[""salaried"", ""self-employed""]",,,,,,,,,,True,"[""vehicle""]",[],Salaried and self-employed individuals with a stable income. Maximum age 65 years at loan maturity.,0.2,gemini,https://pandinadufinance.com,needs_review,low,1,vehicle loan,medium,True,True,,,2026-04-03T18:05:59.766267
962,Parishek Finance Private Limited,Business Loan,Business Loan,,50.0,650,,21,65,"[""business""]",,12.0,3,,,,60,,True,False,[],"[""Delhi""]",,0.5,gemini,https://parishekfinance.com,needs_review,medium,1,business loan,low,True,True,True,2,2026-04-03T18:06:48.917763
962,Parishek Finance Private Limited,Personal Loan,Personal Loan,,10.0,680,,21,60,"[""salaried"", ""self-employed""]",20.0,,,,,,48,,True,False,[],"[""Delhi""]",,0.5,gemini,https://parishekfinance.com,needs_review,medium,1,personal loan,low,True,True,False,,2026-04-03T18:06:48.917949
962,Parishek Finance Private Limited,Vehicle Loan,Vehicle Loan,,25.0,700,,21,65,"[""salaried"", ""self-employed""]",25.0,,,,,,84,,True,True,"[""vehicle""]","[""Delhi""]",,0.5,gemini,https://parishekfinance.com,needs_review,medium,1,vehicle loan,low,True,True,False,,2026-04-03T18:06:48.918087
963,Parker Financial Services Private Limited,Rural Loan,Rural Loan,,,,,,,[],,,,,,,,,,,[],[],,0.0,gemini,https://parkerfinancial.com.au,needs_review,low,1,rural loan,medium,,,,,2026-04-03T18:07:06.307847
964,Parrami Finance Pvt Ltd,Business Loan,Business Loan,,,,,,,"[""business"", ""self-employed""]",,,,,,,,,,,[],"[""Maharashtra""]",,0.2,gemini,https://www.parrami.com,needs_review,low,1,business loan,medium,,,,,2026-04-03T18:07:23.218104
964,Parrami Finance Pvt Ltd,MSME Loan,MSME Loan,,,,,,,"[""business"", ""self-employed""]",,,,,,,,,,,[],"[""Maharashtra""]",,0.2,gemini,https://www.parrami.com,needs_review,low,1,msme loan,medium,,,,,2026-04-03T18:07:23.218235
965,Parshwa Credit And Finance Private Limited,Business Loan,Business Loan,,,,,,,[],,,,,,,,,,,[],"[""Andhra Pradesh"", ""Rajasthan"", ""Telangana""]",,0.1,gemini,https://eipo.parshwaconsultancy.in/IPO/IPODetail/752,needs_review,low,1,business loan,medium,,,,,2026-04-03T18:07:40.650637
965,Parshwa Credit And Finance Private Limited,Gold Loan,Gold Loan,,,,,,,[],,,,,,,,,,True,"[""gold""]","[""Andhra Pradesh"", ""Rajasthan"", ""Telangana""]",,0.1,gemini,https://eipo.parshwaconsultancy.in/IPO/IPODetail/752,needs_review,low,1,gold loan,medium,,,,,2026-04-03T18:07:40.650807
965,Parshwa Credit And Finance Private Limited,Home Loan,Home Loan,,,,,,,[],,,,,,,,,,True,"[""property""]","[""Andhra Pradesh"", ""Rajasthan"", ""Telangana""]",,0.1,gemini,https://eipo.parshwaconsultancy.in/IPO/IPODetail/752,needs_review,low,1,home loan,medium,,,,,2026-04-03T18:07:40.651054
965,Parshwa Credit And Finance Private Limited,Loan Against Property,Loan Against Property,,,,,,,[],,,,,,,,,,True,"[""property""]","[""Andhra Pradesh"", ""Rajasthan"", ""Telangana""]",,0.1,gemini,https://eipo.parshwaconsultancy.in/IPO/IPODetail/752,needs_review,low,1,loan against property,medium,,,,,2026-04-03T18:07:40.651158
965,Parshwa Credit And Finance Private Limited,MSME Loan,MSME Loan,,,,,,,[],,,,,,,,,,,[],"[""Andhra Pradesh"", ""Rajasthan"", ""Telangana""]",,0.1,gemini,https://eipo.parshwaconsultancy.in/IPO/IPODetail/752,needs_review,low,1,msme loan,medium,,,,,2026-04-03T18:07:40.651267
966,Paul Merchants Finance Private Limited  (Formerly known as Paul Fincap Pvt. Ltd.),Gold Loan,Gold Loan,,,,,18,,"[""salaried"", ""self-employed"", ""business"", ""agriculture""]",,,,,,,,,,True,[],"[""Chandigarh""]",,0.2,gemini,https://www.paulmerchants.net/paulmerchants/services,needs_review,low,1,gold loan,medium,True,True,,,2026-04-03T18:08:01.512480
967,Pavandham Investments & Finance Company Private Limited,Business Loan,Business Loan,,,,,,,[],,,,,,,,,,,[],[],,0.0,gemini,https://www.pavandhamin.com,needs_review,low,1,business loan,medium,,,,,2026-04-03T18:11:37.648121
967,Pavandham Investments & Finance Company Private Limited,Personal Loan,Personal Loan,,,,,,,[],,,,,,,,,,,[],[],,0.0,gemini,https://www.pavandhamin.com,needs_review,low,1,personal loan,medium,,,,,2026-04-03T18:11:37.648237
967,Pavandham Investments & Finance Company Private Limited,Vehicle Loan,Vehicle Loan,,,,,,,[],,,,,,,,,,,[],[],,0.0,gemini,https://www.pavandhamin.com,needs_review,low,1,vehicle loan,medium,,,,,2026-04-03T18:11:37.648298
968,Payme India Financial Services Private Limited,MSME Loan,MSME Loan,,10.0,650,,21,60,"[""business""]",,12.0,1,18.0,,,12,3.0,True,False,[],"[""Delhi""]",,0.6,gemini,https://www.paymeindia.in,pending,medium,1,msme loan,low,,,True,2,2026-04-03T18:11:58.831272
969,Peak Mercantiles Pvt. Ltd,MSME Loan,MSME Loan,,,,,,,[],,,,,,,,,,,[],[],,0.0,gemini,https://peak-mercantiles-pvt-ltd.charteredone.com/U65993WB1982PTC035174,needs_review,low,1,msme loan,medium,,,,,2026-04-03T18:12:08.447389
970,Perfect Capital Services Limited,Loan Against Property,Loan Against Property,,,,,,,[],,,,,,,,,,True,"[""property""]","[""Delhi""]",,0.1,gemini,https://perfectgroup.org,needs_review,low,1,loan against property,medium,,,,,2026-04-03T18:12:33.725573
970,Perfect Capital Services Limited,Two Wheeler Loan,Two Wheeler Loan,,,,,,,[],,,,,,,,,,True,[],"[""Delhi""]",,0.1,gemini,https://perfectgroup.org,needs_review,low,1,two wheeler loan,medium,,,,,2026-04-03T18:12:33.725726
970,Perfect Capital Services Limited,Vehicle Loan,Vehicle Loan,,,,,,,[],,,,,,,,,,True,"[""vehicle""]","[""Delhi""]",,0.1,gemini,https://perfectgroup.org,needs_review,low,1,vehicle loan,medium,,,,,2026-04-03T18:12:33.725812
971,Perfect Homfin Private Limited,Personal Loan,Personal Loan,,,,,,,[],,,,,,,,,,,[],"[""Delhi""]",,0.1,gemini,https://perfecthomfin.in,needs_review,low,1,personal loan,medium,,,,,2026-04-03T18:12:49.865272
971,Perfect Homfin Private Limited,Rural Loan,Rural Loan,,,,,,,[],,,,,,,,,,,[],"[""Delhi""]",,0.1,gemini,https://perfecthomfin.in,needs_review,low,1,rural loan,medium,,,,,2026-04-03T18:12:49.865318
972,Phillip Finance & Investment Services India Private Limited,Home Loan,Home Loan,,,,,,,[],,,,,,,,,,,[],"[""Maharashtra""]",,0.1,gemini,https://www.phillip.com.sg/global-network,needs_review,low,1,home loan,medium,,,,,2026-04-03T18:13:00.824484
972,Phillip Finance & Investment Services India Private Limited,Rural Loan,Rural Loan,,,,,,,[],,,,,,,,,,,[],"[""Maharashtra""]",,0.1,gemini,https://www.phillip.com.sg/global-network,needs_review,low,1,rural loan,medium,,,,,2026-04-03T18:13:00.824622
975,Piyush Mercantile Private Limited,Personal Loan,Personal Loan,,,,,,,"[""salaried"", ""self-employed""]",,,,,,,,,,,[],[],,0.1,heuristic,https://piyushlimited.in,needs_review,low,1,personal loan,medium,,,,,2026-04-03T18:14:27.634736
975,Piyush Mercantile Private Limited,MSME Loan,MSME Loan,,,,,,,"[""self_employed_non_professional"", ""business""]",,,,,,,,,,,[],[],,0.1,heuristic,https://piyushlimited.in,needs_review,low,1,msme loan,medium,,,,,2026-04-03T18:14:27.634855
975,Piyush Mercantile Private Limited,Working Capital,Working Capital,,,,,,,"[""self_employed_non_professional"", ""business""]",,,,,,,,,,,[],[],,0.1,heuristic,https://piyushlimited.in,needs_review,low,1,working capital,medium,,,,,2026-04-03T18:14:27.634920
975,Piyush Mercantile Private Limited,Business Loan,Business Loan,,,,,,,"[""self_employed_non_professional"", ""business""]",,,,,,,,,,,[],[],,0.1,heuristic,https://piyushlimited.in,needs_review,low,1,business loan,medium,,,,,2026-04-03T18:14:27.634975
976,Piyush Securities P Ltd,Business Loan,Business Loan,,,,,,,"[""business""]",,,3,,,,,,,,[],[],"Legal Entity: Registered business entity (Proprietorship, Partnership, Private Limited Company, etc.).",0.2,gemini,https://piyushlimited.in,needs_review,low,1,business loan,medium,True,True,True,2,2026-04-03T18:15:01.941484
976,Piyush Securities P Ltd,MSME Loan,MSME Loan,,,,,,,"[""business""]",,,2,,,,,,,,[],[],"MSME Classification: Registered as a Micro, Small, or Medium Enterprise.",0.2,gemini,https://piyushlimited.in,needs_review,low,1,msme loan,medium,True,True,True,2,2026-04-03T18:15:01.941596
976,Piyush Securities P Ltd,Personal Loan,Personal Loan,,,,,21,,"[""salaried"", ""self-employed""]",,,,,,,,,,,[],[],,0.1,gemini,https://piyushlimited.in,needs_review,low,1,personal loan,medium,True,True,,,2026-04-03T18:15:01.941666
978,PRABHAT FINANCE PRIVATE LIMITED,MSME Loan,MSME Loan,,,,,,,"[""business""]",,,,,,,,,,,[],"[""Uttar Pradesh""]",,0.2,gemini,https://www.prabhatsecuritiesltd.co.in,needs_review,low,1,msme loan,medium,,,,,2026-04-03T18:15:47.005264
978,PRABHAT FINANCE PRIVATE LIMITED,Rural Loan,Rural Loan,,,,,,,[],,,,,,,,,,,[],"[""Uttar Pradesh""]",,0.1,gemini,https://www.prabhatsecuritiesltd.co.in,needs_review,low,1,rural loan,medium,,,,,2026-04-03T18:15:47.005336
978,PRABHAT FINANCE PRIVATE LIMITED,Working Capital Loan,Working Capital,,,,,,,"[""business""]",,,,,,,,,,,[],"[""Uttar Pradesh""]",,0.2,gemini,https://www.prabhatsecuritiesltd.co.in,needs_review,low,1,working capital loan,medium,,,,,2026-04-03T18:15:47.005370
979,Prabhat Securities Ltd.,MSME Loan,MSME Loan,,,,,,,[],,,,,,,,,,,[],"[""Uttar Pradesh""]",,0.1,gemini,https://www.prabhatsecuritiesltd.co.in,needs_review,low,1,msme loan,medium,,,,,2026-04-03T18:16:08.929810
979,Prabhat Securities Ltd.,Rural Loan,Rural Loan,,,,,,,[],,,,,,,,,,,[],"[""Uttar Pradesh""]",,0.1,gemini,https://www.prabhatsecuritiesltd.co.in,needs_review,low,1,rural loan,medium,,,,,2026-04-03T18:16:08.929895
979,Prabhat Securities Ltd.,Working Capital,Working Capital,,,,,,,[],,,,,,,,,,,[],"[""Uttar Pradesh""]",,0.1,gemini,https://www.prabhatsecuritiesltd.co.in,needs_review,low,1,working capital,medium,,,,,2026-04-03T18:16:08.929922
980,Prabhu Finsec Pvt. Ltd.,Personal Loan,Personal Loan,,5.0,650,,21,58,"[""salaried""]",15.0,,,,,,36,,,False,[],"[""Delhi""]",Minimum 1 year of total work experience and 6 months in the current organization.,0.6,gemini,https://www.prabhufinsec.com,pending,medium,1,personal loan,low,True,True,,,2026-04-03T18:16:21.558400
981,Pradakshana Fintech P Limited,Business Loan,Business Loan,,,,,,,[],,,,,,,,,,,[],"[""Chhattisgarh"", ""Karnataka"", ""Madhya Pradesh"", ""Maharashtra"", ""Odisha"", ""Tamil Nadu"", ""Telangana""]",,0.1,gemini,https://pradakshana.com,needs_review,low,1,business loan,medium,,,,,2026-04-03T18:16:43.472385
981,Pradakshana Fintech P Limited,MSME Loan,MSME Loan,,,,,,,[],,,,,,,,,,,[],"[""Chhattisgarh"", ""Karnataka"", ""Madhya Pradesh"", ""Maharashtra"", ""Odisha"", ""Tamil Nadu"", ""Telangana""]",,0.1,gemini,https://pradakshana.com,needs_review,low,1,msme loan,medium,,,,,2026-04-03T18:16:43.472606
981,Pradakshana Fintech P Limited,Personal Loan,Personal Loan,,,,,,,[],,,,,,,,,,,[],"[""Chhattisgarh"", ""Karnataka"", ""Madhya Pradesh"", ""Maharashtra"", ""Odisha"", ""Tamil Nadu"", ""Telangana""]",,0.1,gemini,https://pradakshana.com,needs_review,low,1,personal loan,medium,,,,,2026-04-03T18:16:43.472692
982,Prateek Securities Private Ltd.,Business Loan,Business Loan,,,,,,,"[""business""]",,,,,,,,,,,[],"[""Delhi""]",,0.2,gemini,https://prateeksecurities.in,needs_review,low,1,business loan,medium,True,True,,,2026-04-03T18:17:02.770994
982,Prateek Securities Private Ltd.,Personal Loan,Personal Loan,,,,,,,[],,,,,,,,,,,[],"[""Delhi""]",,0.1,gemini,https://prateeksecurities.in,needs_review,low,1,personal loan,medium,True,True,,,2026-04-03T18:17:02.771105
982,Prateek Securities Private Ltd.,Supply Chain Finance,Supply Chain Finance,,,,,,,"[""business""]",,,,,,,,,,,[],"[""Delhi""]",,0.2,gemini,https://prateeksecurities.in,needs_review,low,1,supply chain finance,medium,True,True,,,2026-04-03T18:17:02.771176
983,Pratush Commercial (P) Ltd,None,MSME Loan,,,,,,,[],,,,,,,,,,,[],[],,0.0,gemini,https://pratush-commercial-pvt-ltd.charteredone.com/U67120WB1991PTC051195,needs_review,low,1,none,medium,,,,,2026-04-03T18:17:13.161654
984,Pravik Finance And Investment Company Private Ltd.,Personal Loan,Personal Loan,,,,,,,[],,,,,,,,,,,[],"[""Maharashtra""]",,0.1,gemini,https://www.pravikfinance.com,needs_review,low,1,personal loan,medium,,,,,2026-04-03T18:17:26.993568
985,Premier Credit Capital Ltd,Working Capital,Working Capital,,,,,,,"[""self_employed_non_professional"", ""business""]",,,,,,,,,,,[],[],,0.1,heuristic,https://www.premiercapitalservices.in,needs_review,low,1,working capital,medium,,,,,2026-04-03T18:17:55.177309
985,Premier Credit Capital Ltd,Business Loan,Business Loan,,,,,,,"[""self_employed_non_professional"", ""business""]",,,,,,,,,,,[],[],,0.1,heuristic,https://www.premiercapitalservices.in,needs_review,low,1,business loan,medium,,,,,2026-04-03T18:17:55.177473
985,Premier Credit Capital Ltd,MSME Loan,MSME Loan,,,,,,,"[""self_employed_non_professional"", ""business""]",,,,,,,,,,,[],[],,0.1,heuristic,https://www.premiercapitalservices.in,needs_review,low,1,msme loan,medium,,,,,2026-04-03T18:17:55.177597
985,Premier Credit Capital Ltd,Loan Against Property,Loan Against Property,,,,,,,[],,,,,,,,,,,[],[],,0.0,heuristic,https://www.premiercapitalservices.in,needs_review,low,1,loan against property,medium,,,,,2026-04-03T18:17:55.177662
985,Premier Credit Capital Ltd,Personal Loan,Personal Loan,,,,,,,"[""salaried"", ""self-employed""]",,,,,,,,,,,[],[],,0.1,heuristic,https://www.premiercapitalservices.in,needs_review,low,1,personal loan,medium,,,,,2026-04-03T18:17:55.177849
986,Priha Finlease Private Limited,Business Loan,Business Loan,,,,,,,"[""business""]",,,,,,,,,,,[],"[""Rajasthan""]",,0.2,gemini,https://www.prihafinlease.com,needs_review,low,1,business loan,medium,,,,,2026-04-03T18:18:20.273469
986,Priha Finlease Private Limited,Home Loan,Home Loan,,,,,,,"[""salaried"", ""self-employed""]",,,,,,,,,,True,"[""property""]","[""Rajasthan""]",,0.2,gemini,https://www.prihafinlease.com,needs_review,low,1,home loan,medium,,,,,2026-04-03T18:18:20.273582
986,Priha Finlease Private Limited,Personal Loan,Personal Loan,,,,,,,"[""salaried"", ""self-employed""]",,,,,,,,,,False,[],"[""Rajasthan""]",,0.2,gemini,https://www.prihafinlease.com,needs_review,low,1,personal loan,medium,,,,,2026-04-03T18:18:20.273648
987,Prime Finvest & Leasing Ltd,Supply Chain Finance,Supply Chain Finance,,,,,,,[],,,,,,,,,,,[],[],,0.0,gemini,https://primefinvest.com,needs_review,low,1,supply chain finance,medium,,,,,2026-04-03T18:18:53.720362
987,Prime Finvest & Leasing Ltd,MSME Loan,MSME Loan,,,,,,,[],,,,,,,,,,,[],[],,0.0,gemini,https://primefinvest.com,needs_review,low,1,msme loan,medium,,,,,2026-04-03T18:18:53.720473
988,Progfin Private Limited (Formerly Hytone Holdings Pvt Ltd),MSME Loan,MSME Loan,,50.0,,,,,"[""business""]",,20.0,3,,,,,,,,[],"[""Delhi""]","Business Type: Proprietorship, Partnership, Private Limited Company",0.4,gemini,https://www.progfin.com,needs_review,low,1,msme loan,medium,True,True,,2,2026-04-03T18:19:13.874195
988,Progfin Private Limited (Formerly Hytone Holdings Pvt Ltd),Working Capital Loan,Working Capital,,,,,,,"[""business""]",,15.0,2,,,,,,,,[],"[""Delhi""]","Business Type: Proprietorship, Partnership, Private Limited Company",0.3,gemini,https://www.progfin.com,needs_review,low,1,working capital loan,medium,True,True,,2,2026-04-03T18:19:13.874333
989,Progressive Finlease Limited,MSME Loan,MSME Loan,1.0,50.0,,,21,65,"[""business""]",,10.0,2,12.0,,,36,,,False,[],"[""Delhi""]",,0.6,gemini,https://www.progressivefinlease.in,pending,low,1,msme loan,medium,True,True,True,,2026-04-03T18:19:35.010121
990,Prolend Finserve Private Limited,Gold Loan,Gold Loan,,,,,,,[],,,,,,,,,,True,"[""gold""]",[],Loan amount depends on the value of your gold.,0.1,gemini,http://prolendfinserv.com,needs_review,low,1,gold loan,medium,,,,,2026-04-03T18:21:31.633490
990,Prolend Finserve Private Limited,Personal Loan,Personal Loan,,,,,,,[],,,,,,,,,,False,[],[],,0.0,gemini,http://prolendfinserv.com,needs_review,low,1,personal loan,medium,,,,,2026-04-03T18:21:31.633605
991,Puja Corporation Limited,Personal Loan,Personal Loan,,,,,,,"[""salaried"", ""self-employed""]",,,,,,,,,,,[],[],,0.1,heuristic,https://www.pujatrades.com,needs_review,low,1,personal loan,medium,,,,,2026-04-03T18:21:58.830288
991,Puja Corporation Limited,MSME Loan,MSME Loan,,,,,,,"[""self_employed_non_professional"", ""business""]",,,,,,,,,,,[],[],,0.1,heuristic,https://www.pujatrades.com,needs_review,low,1,msme loan,medium,,,,,2026-04-03T18:21:58.830330
991,Puja Corporation Limited,Working Capital,Working Capital,,,,,,,"[""self_employed_non_professional"", ""business""]",,,,,,,,,,,[],[],,0.1,heuristic,https://www.pujatrades.com,needs_review,low,1,working capital,medium,,,,,2026-04-03T18:21:58.830375
992,Puja Trades & Investments Private Limited,Personal Loan,Personal Loan,,,,,,,"[""salaried"", ""self-employed""]",,,,,,,,,,,[],[],,0.1,heuristic,https://www.pujatrades.com,needs_review,low,1,personal loan,medium,,,,,2026-04-03T18:22:21.897079
992,Puja Trades & Investments Private Limited,MSME Loan,MSME Loan,,,,,,,"[""self_employed_non_professional"", ""business""]",,,,,,,,,,,[],[],,0.1,heuristic,https://www.pujatrades.com,needs_review,low,1,msme loan,medium,,,,,2026-04-03T18:22:21.897204
992,Puja Trades & Investments Private Limited,Working Capital,Working Capital,,,,,,,"[""self_employed_non_professional"", ""business""]",,,,,,,,,,,[],[],,0.1,heuristic,https://www.pujatrades.com,needs_review,low,1,working capital,medium,,,,,2026-04-03T18:22:21.897277
992,Puja Trades & Investments Private Limited,Business Loan,Business Loan,,,,,,,"[""self_employed_non_professional"", ""business""]",,,,,,,,,,,[],[],,0.1,heuristic,https://www.pujatrades.com,needs_review,low,1,business loan,medium,,,,,2026-04-03T18:22:21.897341
993,Pulyanthope Benefit Fund Limited,Gold Loan,Gold Loan,,,,,,,[],,,,,,,,,,True,"[""gold""]","[""Kerala"", ""Tamil Nadu""]",,0.1,gemini,https://www.pulyanthope.com,needs_review,low,1,gold loan,medium,,,,,2026-04-03T18:22:37.855452
994,Purvaja Fincap Private Limited (Formerly Purvaja Investments Private Limited),Business Loan,Business Loan,,,,,,,"[""self_employed_non_professional"", ""business""]",,,,,,,,,,,[],[],,0.1,heuristic,https://www.purvajafin.com,needs_review,low,1,business loan,medium,,,,,2026-04-03T18:23:33.885751
994,Purvaja Fincap Private Limited (Formerly Purvaja Investments Private Limited),Gold Loan,Gold Loan,,,,,,,[],,,,,,,,,,,[],[],,0.0,heuristic,https://www.purvajafin.com,needs_review,low,1,gold loan,medium,,,,,2026-04-03T18:23:33.885846
994,Purvaja Fincap Private Limited (Formerly Purvaja Investments Private Limited),Vehicle Loan,Vehicle Loan,,,,,,,[],,,,,,,,,,,[],[],,0.0,heuristic,https://www.purvajafin.com,needs_review,low,1,vehicle loan,medium,,,,,2026-04-03T18:23:33.885901
994,Purvaja Fincap Private Limited (Formerly Purvaja Investments Private Limited),Micro Loan,Micro Loan,,,,,,,[],,,,,,,,,,,[],[],,0.0,heuristic,https://www.purvajafin.com,needs_review,low,1,micro loan,medium,,,,,2026-04-03T18:23:33.885951
994,Purvaja Fincap Private Limited (Formerly Purvaja Investments Private Limited),Personal Loan,Personal Loan,,,,,,,"[""salaried"", ""self-employed""]",,,,,,,,,,,[],[],,0.1,heuristic,https://www.purvajafin.com,needs_review,low,1,personal loan,medium,,,,,2026-04-03T18:23:33.886004
994,Purvaja Fincap Private Limited (Formerly Purvaja Investments Private Limited),Rural Loan,Rural Loan,,,,,,,"[""agriculture""]",,,,,,,,,,,[],[],,0.1,heuristic,https://www.purvajafin.com,needs_review,low,1,rural loan,medium,,,,,2026-04-03T18:23:33.886054
995,Pyramid Distributors & Sales Pvt Ltd,Working Capital,Working Capital,,,,,,,[],,,,,,,,,,,[],"[""Goa""]",,0.1,gemini,https://www.pyramidfinance.com,needs_review,low,1,working capital,medium,,,,,2026-04-03T18:23:55.225153
996,Pyramid Finserve Private Limited,Business Loan,Business Loan,,,,,,,[],,,,,,,,,,,[],"[""Rajasthan""]",,0.1,gemini,https://www.pyramidfinserve.com,needs_review,low,1,business loan,medium,,,,,2026-04-03T18:24:24.747875
996,Pyramid Finserve Private Limited,Home Loan,Home Loan,,,,,,,[],,,,,,,,,,,[],"[""Rajasthan""]",,0.1,gemini,https://www.pyramidfinserve.com,needs_review,low,1,home loan,medium,,,,,2026-04-03T18:24:24.747952
996,Pyramid Finserve Private Limited,Loan Against Property,Loan Against Property,,,,,,,[],,,,,,,,,,True,[],"[""Rajasthan""]",,0.1,gemini,https://www.pyramidfinserve.com,needs_review,low,1,loan against property,medium,,,,,2026-04-03T18:24:24.747989
996,Pyramid Finserve Private Limited,Personal Loan,Personal Loan,,,,,,,[],,,,,,,,,,False,[],"[""Rajasthan""]",,0.1,gemini,https://www.pyramidfinserve.com,needs_review,low,1,personal loan,medium,,,,,2026-04-03T18:24:24.748016
996,Pyramid Finserve Private Limited,Two Wheeler Loan,Two Wheeler Loan,,,,,,,[],,,,,,,,,,True,[],"[""Rajasthan""]",,0.1,gemini,https://www.pyramidfinserve.com,needs_review,low,1,two wheeler loan,medium,,,,,2026-04-03T18:24:24.748071
996,Pyramid Finserve Private Limited,Vehicle Loan,Vehicle Loan,,,,,,,[],,,,,,,,,,True,"[""vehicle""]","[""Rajasthan""]",,0.1,gemini,https://www.pyramidfinserve.com,needs_review,low,1,vehicle loan,medium,,,,,2026-04-03T18:24:24.748113
996,Pyramid Finserve Private Limited,Working Capital,Working Capital,,,,,,,[],,,,,,,,,,,[],"[""Rajasthan""]",,0.1,gemini,https://www.pyramidfinserve.com,needs_review,low,1,working capital,medium,,,,,2026-04-03T18:24:24.748154
997,"Quick Infin Limited,",Working Capital,Working Capital,,,,,,,"[""self_employed_non_professional"", ""business""]",,,,,,,,,,,[],[],,0.1,heuristic,https://www.quickfinindia.in,needs_review,low,1,working capital,medium,,,,,2026-04-03T18:25:27.090978
997,"Quick Infin Limited,",Business Loan,Business Loan,,,,,,,"[""self_employed_non_professional"", ""business""]",,,,,,,,,,,[],[],,0.1,heuristic,https://www.quickfinindia.in,needs_review,low,1,business loan,medium,,,,,2026-04-03T18:25:27.091402
997,"Quick Infin Limited,",MSME Loan,MSME Loan,,,,,,,"[""self_employed_non_professional"", ""business""]",,,,,,,,,,,[],[],,0.1,heuristic,https://www.quickfinindia.in,needs_review,low,1,msme loan,medium,,,,,2026-04-03T18:25:27.091728
997,"Quick Infin Limited,",Home Loan,Home Loan,,,,,,,[],,,,,,,,,,,[],[],,0.0,heuristic,https://www.quickfinindia.in,needs_review,low,1,home loan,medium,,,,,2026-04-03T18:25:27.091915
997,"Quick Infin Limited,",Gold Loan,Gold Loan,,,,,,,[],,,,,,,,,,,[],[],,0.0,heuristic,https://www.quickfinindia.in,needs_review,low,1,gold loan,medium,,,,,2026-04-03T18:25:27.092007
997,"Quick Infin Limited,",Vehicle Loan,Vehicle Loan,,,,,,,[],,,,,,,,,,,[],[],,0.0,heuristic,https://www.quickfinindia.in,needs_review,low,1,vehicle loan,medium,,,,,2026-04-03T18:25:27.092082
997,"Quick Infin Limited,",Education Loan,Education Loan,,,,,,,"[""salaried"", ""self-employed""]",,,,,,,,,,,[],[],,0.1,heuristic,https://www.quickfinindia.in,needs_review,low,1,education loan,medium,,,,,2026-04-03T18:25:27.092161
997,"Quick Infin Limited,",Loan Against Property,Loan Against Property,,,,,,,[],,,,,,,,,,,[],[],,0.0,heuristic,https://www.quickfinindia.in,needs_review,low,1,loan against property,medium,,,,,2026-04-03T18:25:27.092224
997,"Quick Infin Limited,",Personal Loan,Personal Loan,,,,,,,"[""salaried"", ""self-employed""]",,,,,,,,,,,[],[],,0.1,heuristic,https://www.quickfinindia.in,needs_review,low,1,personal loan,medium,,,,,2026-04-03T18:25:27.092289
998,Quick Investment (India)Ltd.,Microfinance,Microfinance,,,,,,,[],,,,,,,,,,,[],[],,0.0,gemini,https://www.quickcompany.in/articles/non-banking-financial-company-nbfc,needs_review,low,1,microfinance,medium,,,,,2026-04-03T18:25:35.160723
999,Rachit Capital Services Pvt.Ltd,Unsecured Business Loan,Business Loan,,,,,,,"[""business""]",,,,,,,,,,False,[],"[""Delhi""]",Loans for small and medium-sized enterprises (SMEs) and MSMEs.,0.3,gemini,https://rachitfinancialservices.com,needs_review,low,1,unsecured business loan,medium,,,,,2026-04-03T18:25:51.333175
1000,Radhya Micro Finance Private Limited,Microfinance,Microfinance,,,,,,,[],,,,,,,,,,,[],[],,0.0,heuristic,https://radhyafinance.com,needs_review,low,1,microfinance,medium,,,,,2026-04-03T18:26:16.880675
1000,Radhya Micro Finance Private Limited,MSME Loan,MSME Loan,,,,,,,"[""self_employed_non_professional"", ""business""]",,,,,,,,,,,[],[],,0.1,heuristic,https://radhyafinance.com,needs_review,low,1,msme loan,medium,,,,,2026-04-03T18:26:16.880826
1000,Radhya Micro Finance Private Limited,Rural Loan,Rural Loan,,,,,,,"[""agriculture""]",,,,,,,,,,,[],[],,0.1,heuristic,https://radhyafinance.com,needs_review,low,1,rural loan,medium,,,,,2026-04-03T18:26:16.880896
1001,Ragini Merchants Pvt Ltd,MSME Loan,MSME Loan,,50.0,,,25,65,"[""business""]",,10.0,3,,,,36,,,False,[],[],"Business should be profitable for the last 2 years. Available for Proprietorship, Partnership, Private Limited Company, or LLP.",0.4,gemini,https://raginifin.com,needs_review,low,1,msme loan,medium,True,True,True,2,2026-04-03T18:26:39.766204
1002,Rajeev Trading & Holdings (P) Ltd,Home Loan,Home Loan,,,,,,,[],,,,,,,,,,,[],"[""Andhra Pradesh"", ""Bihar"", ""Delhi"", ""Gujarat"", ""Haryana"", ""Karnataka"", ""Maharashtra"", ""Punjab"", ""Rajasthan"", ""Tamil Nadu""]",,0.1,gemini,https://carajeev.com/resources/Forms/NBFC_Forms/NBFC_Forms.aspx,needs_review,low,1,home loan,medium,,,,,2026-04-03T18:26:53.588616
1002,Rajeev Trading & Holdings (P) Ltd,Vehicle Loan,Vehicle Loan,,,,,,,[],,,,,,,,,,,[],"[""Andhra Pradesh"", ""Bihar"", ""Delhi"", ""Gujarat"", ""Haryana"", ""Karnataka"", ""Maharashtra"", ""Punjab"", ""Rajasthan"", ""Tamil Nadu""]",,0.1,gemini,https://carajeev.com/resources/Forms/NBFC_Forms/NBFC_Forms.aspx,needs_review,low,1,vehicle loan,medium,,,,,2026-04-03T18:26:53.588744
1003,Rajgarhia Auto Finance (P) Ltd,Two Wheeler Loan,Two Wheeler Loan,,,,,18,65,"[""salaried"", ""self-employed""]",,,,,,,36,,,True,[],[],,0.2,gemini,https://ravisagarautofinance.com,needs_review,medium,1,two wheeler loan,low,True,True,,,2026-04-03T18:27:49.111044
1003,Rajgarhia Auto Finance (P) Ltd,Vehicle Loan,Vehicle Loan,,,,,18,65,"[""salaried"", ""self-employed""]",,,,,,,60,,,True,"[""vehicle""]",[],,0.2,gemini,https://ravisagarautofinance.com,needs_review,medium,1,vehicle loan,low,True,True,,,2026-04-03T18:27:49.111186
1004,Rajput Leasing And Finance Limited,Business Loan,Business Loan,,,,,,,[],,,,,,,,,,,[],[],,0.0,gemini,https://www.rajputfintsech.com,needs_review,low,1,business loan,medium,,,,,2026-04-03T18:28:04.474395
1004,Rajput Leasing And Finance Limited,MSME Loan,MSME Loan,,,,,,,[],,,,,,,,,,,[],[],,0.0,gemini,https://www.rajputfintsech.com,needs_review,low,1,msme loan,medium,,,,,2026-04-03T18:28:04.474571
1004,Rajput Leasing And Finance Limited,Personal Loan,Personal Loan,,,,,,,[],,,,,,,,,,,[],[],,0.0,gemini,https://www.rajputfintsech.com,needs_review,low,1,personal loan,medium,,,,,2026-04-03T18:28:04.474687
1004,Rajput Leasing And Finance Limited,Working Capital,Working Capital,,,,,,,[],,,,,,,,,,,[],[],,0.0,gemini,https://www.rajputfintsech.com,needs_review,low,1,working capital,medium,,,,,2026-04-03T18:28:04.474865
1005,Rajsi Infin Consultants Pvt. Ltd.,Business Loan,Business Loan,,,,,,,[],,,,,,,,,,,[],"[""Delhi""]",,0.1,gemini,https://www.rajsiinfin.com,needs_review,low,1,business loan,medium,,,,,2026-04-03T18:28:26.128491
1005,Rajsi Infin Consultants Pvt. Ltd.,Loan Against Property,Loan Against Property,,,,,,,[],,,,,,,,,,True,"[""property""]","[""Delhi""]",,0.1,gemini,https://www.rajsiinfin.com,needs_review,low,1,loan against property,medium,,,,,2026-04-03T18:28:26.128669
1005,Rajsi Infin Consultants Pvt. Ltd.,Personal Loan,Personal Loan,,,,,,,[],,,,,,,,,,,[],"[""Delhi""]",,0.1,gemini,https://www.rajsiinfin.com,needs_review,low,1,personal loan,medium,,,,,2026-04-03T18:28:26.128796
1005,Rajsi Infin Consultants Pvt. Ltd.,Working Capital,Working Capital,,,,,,,[],,,,,,,,,,,[],"[""Delhi""]",,0.1,gemini,https://www.rajsiinfin.com,needs_review,low,1,working capital,medium,,,,,2026-04-03T18:28:26.129064
1006,Raju Investments Pvt. Ltd.,Education Loan,Education Loan,,,,,,,[],,,,,,,,,,,[],"[""Telangana""]",,0.1,gemini,https://venkatarajuinvestments.com/blogs,needs_review,low,1,education loan,medium,,,,,2026-04-03T18:28:42.558013
1006,Raju Investments Pvt. Ltd.,MSME Loan,MSME Loan,,,,,,,[],,,,,,,,,,,[],"[""Telangana""]",,0.1,gemini,https://venkatarajuinvestments.com/blogs,needs_review,low,1,msme loan,medium,,,,,2026-04-03T18:28:42.558133
1006,Raju Investments Pvt. Ltd.,Rural Loan,Rural Loan,,,,,,,[],,,,,,,,,,,[],"[""Telangana""]",,0.1,gemini,https://venkatarajuinvestments.com/blogs,needs_review,low,1,rural loan,medium,,,,,2026-04-03T18:28:42.558200
1008,Randar Business (P) Ltd,Home Loan,Home Loan,,,,,,,[],,,,,,,,,,,[],"[""Andhra Pradesh"", ""Bihar"", ""Delhi"", ""Gujarat"", ""Haryana"", ""Karnataka"", ""Maharashtra"", ""Punjab"", ""Rajasthan"", ""Tamil Nadu""]",,0.1,gemini,https://randarca.com,needs_review,low,1,home loan,medium,,,,,2026-04-03T18:29:12.317979
1008,Randar Business (P) Ltd,Vehicle Loan,Vehicle Loan,,,,,,,[],,,,,,,,,,,[],"[""Andhra Pradesh"", ""Bihar"", ""Delhi"", ""Gujarat"", ""Haryana"", ""Karnataka"", ""Maharashtra"", ""Punjab"", ""Rajasthan"", ""Tamil Nadu""]",,0.1,gemini,https://randarca.com,needs_review,low,1,vehicle loan,medium,,,,,2026-04-03T18:29:12.318092
1009,Rander Corporation Limited,Business Loan,Business Loan,,,,,,,"[""business""]",,,,,,,,,,,[],"[""Maharashtra""]",,0.2,gemini,https://randergroup.com,needs_review,low,1,business loan,medium,,,,,2026-04-03T18:29:45.108934
1010,Rang De P2P Financial Services Limited,Business Loan,Business Loan,,,,,,,"[""self_employed_non_professional"", ""business""]",,,,,,,,,,,[],[],,0.1,heuristic,https://rangde.in,needs_review,low,1,business loan,medium,,,,,2026-04-03T18:30:25.407641
1010,Rang De P2P Financial Services Limited,MSME Loan,MSME Loan,,,,,,,"[""self_employed_non_professional"", ""business""]",,,,,,,,,,,[],[],,0.1,heuristic,https://rangde.in,needs_review,low,1,msme loan,medium,,,,,2026-04-03T18:30:25.407889
1010,Rang De P2P Financial Services Limited,Agriculture Loan,Agriculture Loan,,,,,,,"[""agriculture""]",,,,,,,,,,,[],[],,0.1,heuristic,https://rangde.in,needs_review,low,1,agriculture loan,medium,,,,,2026-04-03T18:30:25.407957
1010,Rang De P2P Financial Services Limited,Credit Card,Credit Card,,,,,,,[],,,,,,,,,,,[],[],,0.0,heuristic,https://rangde.in,needs_review,low,1,credit card,medium,,,,,2026-04-03T18:30:25.408007
1010,Rang De P2P Financial Services Limited,Education Loan,Education Loan,,,,,,,"[""salaried"", ""self-employed""]",,,,,,,,,,,[],[],,0.1,heuristic,https://rangde.in,needs_review,low,1,education loan,medium,,,,,2026-04-03T18:30:25.408076
1010,Rang De P2P Financial Services Limited,Micro Loan,Micro Loan,,,,,,,[],,,,,,,,,,,[],[],,0.0,heuristic,https://rangde.in,needs_review,low,1,micro loan,medium,,,,,2026-04-03T18:30:25.408146
1012,Ranisati Constructions Co Pvt Ltd,Rural Loan,Rural Loan,,,,,,,[],,,,,,,,,,,[],[],,0.0,gemini,https://shreeranisati.com,needs_review,low,1,rural loan,medium,,,,,2026-04-03T18:30:48.465636
1013,Ranisati Mercantiles Pvt. Ltd,Rural Loan,Rural Loan,,,,,,,[],,,,,,,,,,,[],[],,0.0,gemini,https://shreeranisati.com,needs_review,low,1,rural loan,medium,,,,,2026-04-03T18:30:59.354910
1014,Ranisati Niryat (P) Ltd,Rural Loan,Rural Loan,,,,,,,[],,,,,,,,,,,[],[],,0.0,gemini,https://shreeranisati.com,needs_review,low,1,rural loan,medium,,,,,2026-04-03T18:31:08.884427
1015,Ranisati Properties Private Limited (Earlier known as Ranisati Properties Limited),Rural Loan,Rural Loan,,,,,18,,"[""agriculture"", ""business""]",,,,,,,,,,True,[],[],"Residents of rural and semi-urban areas. Available for farmers, agriculturists, rural entrepreneurs, small business owners, Self-Help Groups (SHGs), and Joint Liability Groups (JLGs).",0.2,gemini,https://shreeranisati.com,needs_review,low,1,rural loan,medium,True,True,,,2026-04-03T18:31:23.349332
1017,Ranni General Finance & Hire Purchase Ltd.,Vehicle Loan,Vehicle Loan,,,,,,,[],,,,,,,,,,,[],"[""Kerala""]",,0.1,gemini,https://rannigeneralfinance.com,needs_review,low,1,vehicle loan,medium,,,,,2026-04-03T18:31:44.026378
1018,Rasalika Trading & Investment Company Pvt.Ltd.,Home Loan,Home Loan,,,,,,,[],,,,,,,,,,,[],"[""Delhi"", ""Tamil Nadu""]",,0.1,gemini,https://company.vakilsearch.com/rasalika-trading-and-investment-company-private-limited/U74899DL1987PTC028059,needs_review,low,1,home loan,medium,,,,,2026-04-03T18:31:54.068530
1019,Rashmi Commercial Co Ltd,Personal Loan,Personal Loan,,5.0,,,21,60,"[""salaried"", ""self_employed_professional""]",15.0,,,,,,,,,False,[],"[""West Bengal""]","Indian Citizen, Minimum 1 year of work experience",0.4,gemini,https://www.rashmigroup.com/instant-loan-online-177,needs_review,low,1,personal loan,medium,True,True,,,2026-04-03T18:32:15.196923
1019,Rashmi Commercial Co Ltd,Rural Loan,Rural Loan,,,,,,,"[""agriculture"", ""self_employed_non_professional""]",,,,,,,,,,,[],"[""West Bengal""]","Indian Citizen, Residing in rural or semi-urban areas, Engaged in agriculture or allied activities, or small-scale rural enterprises",0.3,gemini,https://www.rashmigroup.com/instant-loan-online-177,needs_review,low,1,rural loan,medium,True,True,,,2026-04-03T18:32:15.197095
1019,Rashmi Commercial Co Ltd,Vehicle Loan,Vehicle Loan,,,,,21,60,"[""salaried"", ""self-employed""]",15.0,,,,,,,,,True,"[""vehicle""]","[""West Bengal""]","Indian Citizen, Minimum 1 year of work experience/business vintage",0.3,gemini,https://www.rashmigroup.com/instant-loan-online-177,needs_review,low,1,vehicle loan,medium,True,True,,,2026-04-03T18:32:15.197179
1020,Rashmi Properties & Investments Ltd,Rural Loan,Rural Loan,,,,,,,[],,,,,,,,,,,[],"[""Arunachal Pradesh"", ""Gujarat"", ""Himachal Pradesh"", ""Jharkhand"", ""Odisha"", ""Tamil Nadu"", ""West Bengal""]",,0.1,gemini,https://www.rashmigroup.com,needs_review,low,1,rural loan,medium,,,,,2026-04-03T18:32:35.687427
1021,Rathi Financial Services Ltd,Business Loan,Business Loan,,,,,21,65,"[""business""]",,,2,,,,,,,,[],[],,0.1,gemini,https://www.rathi.com/grp/index.php,needs_review,low,1,business loan,medium,True,True,True,2,2026-04-03T18:33:01.113262
1021,Rathi Financial Services Ltd,Loan Against Property,Loan Against Property,,,,,21,65,"[""salaried"", ""self-employed""]",,,,,,,,,,True,[],[],,0.1,gemini,https://www.rathi.com/grp/index.php,needs_review,low,1,loan against property,medium,True,True,,,2026-04-03T18:33:01.113423
1021,Rathi Financial Services Ltd,Working Capital,Working Capital,,,,,21,65,"[""business""]",,,2,,,,,,,,[],[],,0.1,gemini,https://www.rathi.com/grp/index.php,needs_review,low,1,working capital,medium,True,True,True,2,2026-04-03T18:33:01.113514
1022,Ravisagar Auto Finance Private Limited,Two Wheeler Loan,Two Wheeler Loan,,,,,,,[],,,,,,,,,,,[],[],,0.0,gemini,https://ravisagarautofinance.com,needs_review,low,1,two wheeler loan,medium,,,,,2026-04-03T18:33:20.952325
1022,Ravisagar Auto Finance Private Limited,Vehicle Loan,Vehicle Loan,,,,,,,[],,,,,,,,,,,[],[],,0.0,gemini,https://ravisagarautofinance.com,needs_review,low,1,vehicle loan,medium,,,,,2026-04-03T18:33:20.952449
1023,Apollo Trading and Finance Private Limited,Personal Loan - Salaried,Personal Loan,,,,,21,60,"[""salaried""]",15.0,,,,,,,,,False,[],"[""Maharashtra""]",,0.2,gemini,https://www.apollofinvest.com,needs_review,low,1,personal loan salaried,medium,,,,,2026-04-03T18:33:42.233106
1023,Apollo Trading and Finance Private Limited,Personal Loan - Self-Employed,Personal Loan,,,,,21,60,"[""self-employed""]",20.0,,,,,,,,,False,[],"[""Maharashtra""]",,0.2,gemini,https://www.apollofinvest.com,needs_review,low,1,personal loan self employed,medium,,,,,2026-04-03T18:33:42.233235
1024,Redux Credit Finance Private Limited,Personal Loan,Personal Loan,,,,,,,[],,,,,,,,,,,[],"[""Delhi""]",,0.1,gemini,https://www.reduxfinance.org/grievance,needs_review,low,1,personal loan,medium,,,,,2026-04-03T18:33:52.953399
1025,Regent Finlease Private Limited,Personal Loan,Personal Loan,,,,,,,"[""salaried"", ""self-employed""]",,,,,,,,,,,[],[],,0.1,heuristic,https://rgfinlease.com,needs_review,low,1,personal loan,medium,,,,,2026-04-03T18:34:24.662339
1025,Regent Finlease Private Limited,MSME Loan,MSME Loan,,,,,,,"[""self_employed_non_professional"", ""business""]",,,,,,,,,,,[],[],,0.1,heuristic,https://rgfinlease.com,needs_review,low,1,msme loan,medium,,,,,2026-04-03T18:34:24.662466
1025,Regent Finlease Private Limited,Working Capital,Working Capital,,,,,,,"[""self_employed_non_professional"", ""business""]",,,,,,,,,,,[],[],,0.1,heuristic,https://rgfinlease.com,needs_review,low,1,working capital,medium,,,,,2026-04-03T18:34:24.662530
1025,Regent Finlease Private Limited,Business Loan,Business Loan,,,,,,,"[""self_employed_non_professional"", ""business""]",,,,,,,,,,,[],[],,0.1,heuristic,https://rgfinlease.com,needs_review,low,1,business loan,medium,,,,,2026-04-03T18:34:24.662577
1026,Religare Enterprises Limited,Rural Loan,Rural Loan,,,,,,,[],,,,,,,,,,,[],"[""Delhi""]",,0.1,gemini,https://www.religare.com/business,needs_review,low,1,rural loan,medium,,,,,2026-04-03T18:34:35.947847
1027,Repco Micro Finance Limited,Micro Finance Loan,Microfinance,0.1,0.75,,,18,59,"[""business""]",,,,22.0,22.0,12,24,1.0,True,False,[],"[""Tamil Nadu"", ""Andhra Pradesh"", ""Telangana"", ""Karnataka"", ""Kerala"", ""Puducherry"", ""Maharashtra"", ""Gujarat"", ""Madhya Pradesh"", ""Uttar Pradesh"", ""Rajasthan"", ""Odisha"", ""West Bengal"", ""Bihar"", ""Jharkhand"", ""Chhattisgarh"", ""Uttarakhand"", ""Haryana"", ""Punjab"", ""Himachal Pradesh"", ""Delhi"", ""Assam"", ""Tripura"", ""Meghalaya"", ""Mizoram"", ""Nagaland"", ""Arunachal Pradesh"", ""Manipur""]",Eligible for women only. Loans provided through the Joint Liability Group (JLG) model for income generating activities.,0.9,gemini,https://www.repcomicrofin.co.in,pending,medium,1,micro finance loan,low,,,,,2026-04-03T18:35:10.883521
1027,Repco Micro Finance Limited,MSME Loan,MSME Loan,0.5,5.0,,,21,60,"[""business""]",,,2,24.0,24.0,12,36,1.0,,,[],"[""Tamil Nadu"", ""Andhra Pradesh"", ""Telangana"", ""Karnataka"", ""Kerala"", ""Puducherry"", ""Maharashtra"", ""Gujarat"", ""Madhya Pradesh"", ""Uttar Pradesh"", ""Rajasthan"", ""Odisha"", ""West Bengal"", ""Bihar"", ""Jharkhand"", ""Chhattisgarh"", ""Uttarakhand"", ""Haryana"", ""Punjab"", ""Himachal Pradesh"", ""Delhi"", ""Assam"", ""Tripura"", ""Meghalaya"", ""Mizoram"", ""Nagaland"", ""Arunachal Pradesh"", ""Manipur""]","Eligible for individuals, proprietorships, partnerships, and private limited companies. For working capital and capital expenditure requirements.",0.9,gemini,https://www.repcomicrofin.co.in,pending,medium,1,msme loan,low,,,,,2026-04-03T18:35:10.883685
1028,Rexcin Finance Pvt. Ltd.,MSME Loan,MSME Loan,,,,,,,"[""business""]",,,,,,,,,,,[],"[""Delhi""]",,0.2,gemini,https://rexcinfin.com,needs_review,low,1,msme loan,medium,True,True,True,,2026-04-03T18:35:28.792500
1028,Rexcin Finance Pvt. Ltd.,Personal Loan,Personal Loan,,,,,,,"[""salaried"", ""self-employed""]",,,,,,,,,,False,[],"[""Delhi""]",,0.2,gemini,https://rexcinfin.com,needs_review,low,1,personal loan,medium,True,True,False,,2026-04-03T18:35:28.792606
1028,Rexcin Finance Pvt. Ltd.,Working Capital Loan,Working Capital,,,,,,,"[""business""]",,,,,,,,,,,[],"[""Delhi""]",,0.2,gemini,https://rexcinfin.com,needs_review,low,1,working capital loan,medium,True,True,True,,2026-04-03T18:35:28.792683
1029,Rgg Vyapaar Pvt Ltd,Personal Loan,Personal Loan,,,,,,,[],,,,,,,,,,,[],"[""Andaman and Nicobar Islands"", ""Andhra Pradesh"", ""Arunachal Pradesh"", ""Assam"", ""Bihar"", ""Chandigarh"", ""Chhattisgarh"", ""Goa"", ""Gujarat"", ""Haryana""]",,0.1,gemini,https://storrosevyapaar.com,needs_review,low,1,personal loan,medium,,,,,2026-04-03T18:35:47.880568
1029,Rgg Vyapaar Pvt Ltd,Rural Loan,Rural Loan,,,,,,,[],,,,,,,,,,,[],"[""Andaman and Nicobar Islands"", ""Andhra Pradesh"", ""Arunachal Pradesh"", ""Assam"", ""Bihar"", ""Chandigarh"", ""Chhattisgarh"", ""Goa"", ""Gujarat"", ""Haryana""]",,0.1,gemini,https://storrosevyapaar.com,needs_review,low,1,rural loan,medium,,,,,2026-04-03T18:35:47.880666
1030,Richa Holdings Limited,Microfinance,Microfinance,,,,,,,"[""self_employed_non_professional"", ""business""]",,,,,,,,,,,[],[],"Tailored to support low-income individuals, self-help groups (SHGs), and small businesses in rural and semi-urban areas. Focus on women entrepreneurs. Group Lending Model.",0.2,gemini,https://richaholdings.com,needs_review,low,1,microfinance,medium,,,,,2026-04-03T18:36:10.757243
1030,Richa Holdings Limited,Working Capital Loan,Working Capital,,,,,,,"[""business""]",,,,,,,,,,False,[],[],"Designed to help businesses manage their day-to-day operations, bridge cash flow gaps, and seize growth opportunities. For small enterprises or growing corporations.",0.2,gemini,https://richaholdings.com,needs_review,low,1,working capital loan,medium,,,,,2026-04-03T18:36:10.757463
1031,Richcredit Finance Private Limited,Working Capital,Working Capital,,,,,,,"[""self_employed_non_professional"", ""business""]",,,,,,,,,,,[],[],,0.1,heuristic,https://www.richcredit.in,needs_review,low,1,working capital,medium,,,,,2026-04-03T18:36:44.632916
1031,Richcredit Finance Private Limited,Business Loan,Business Loan,,,,,,,"[""self_employed_non_professional"", ""business""]",,,,,,,,,,,[],[],,0.1,heuristic,https://www.richcredit.in,needs_review,low,1,business loan,medium,,,,,2026-04-03T18:36:44.633035
1031,Richcredit Finance Private Limited,MSME Loan,MSME Loan,,,,,,,"[""self_employed_non_professional"", ""business""]",,,,,,,,,,,[],[],,0.1,heuristic,https://www.richcredit.in,needs_review,low,1,msme loan,medium,,,,,2026-04-03T18:36:44.633105
1031,Richcredit Finance Private Limited,Personal Loan,Personal Loan,,,,,,,"[""salaried"", ""self-employed""]",,,,,,,,,,,[],[],,0.1,heuristic,https://www.richcredit.in,needs_review,low,1,personal loan,medium,,,,,2026-04-03T18:36:44.633165
1031,Richcredit Finance Private Limited,Rural Loan,Rural Loan,,,,,,,"[""agriculture""]",,,,,,,,,,,[],[],,0.1,heuristic,https://www.richcredit.in,needs_review,low,1,rural loan,medium,,,,,2026-04-03T18:36:44.633222
1032,Riddhi Securities Limited,Business Loan,Business Loan,,,,,,,"[""self_employed_non_professional"", ""business""]",,,,,,,,,,,[],[],,0.1,heuristic,https://riddhifinserv.com,needs_review,low,1,business loan,medium,,,,,2026-04-03T18:37:25.599704
1032,Riddhi Securities Limited,Home Loan,Home Loan,,,,,,,[],,,,,,,,,,,[],[],,0.0,heuristic,https://riddhifinserv.com,needs_review,low,1,home loan,medium,,,,,2026-04-03T18:37:25.599822
1032,Riddhi Securities Limited,Vehicle Loan,Vehicle Loan,,,,,,,[],,,,,,,,,,,[],[],,0.0,heuristic,https://riddhifinserv.com,needs_review,low,1,vehicle loan,medium,,,,,2026-04-03T18:37:25.599893
1032,Riddhi Securities Limited,Personal Loan,Personal Loan,,,,,,,"[""salaried"", ""self-employed""]",,,,,,,,,,,[],[],,0.1,heuristic,https://riddhifinserv.com,needs_review,low,1,personal loan,medium,,,,,2026-04-03T18:37:25.599960
1032,Riddhi Securities Limited,Rural Loan,Rural Loan,,,,,,,"[""agriculture""]",,,,,,,,,,,[],[],,0.1,heuristic,https://riddhifinserv.com,needs_review,low,1,rural loan,medium,,,,,2026-04-03T18:37:25.600020
1034,Rita Finance And Leasing Limited,Rural Loan,Rural Loan,,,,,,,[],,,,,,,,,,,[],"[""Delhi""]",,0.1,gemini,https://www.ritafinance.in,needs_review,low,1,rural loan,medium,,,,,2026-04-03T18:38:13.264698
1035,Ritwik Finance Enterprises (P) Ltd,Business Loan,Business Loan,,,,,,,[],,,,,,,,,,,[],"[""Rajasthan""]",,0.1,gemini,https://www.ritwikfinance.com/index.htm,needs_review,low,1,business loan,medium,,,,,2026-04-03T18:38:31.027741
1035,Ritwik Finance Enterprises (P) Ltd,Home Loan,Home Loan,,,,,,,[],,,,,,,,,,,[],"[""Rajasthan""]",,0.1,gemini,https://www.ritwikfinance.com/index.htm,needs_review,low,1,home loan,medium,,,,,2026-04-03T18:38:31.027851
1035,Ritwik Finance Enterprises (P) Ltd,MSME Loan,MSME Loan,,,,,,,[],,,,,,,,,,,[],"[""Rajasthan""]",,0.1,gemini,https://www.ritwikfinance.com/index.htm,needs_review,low,1,msme loan,medium,,,,,2026-04-03T18:38:31.027912
1035,Ritwik Finance Enterprises (P) Ltd,Personal Loan,Personal Loan,,,,,,,[],,,,,,,,,,,[],"[""Rajasthan""]",,0.1,gemini,https://www.ritwikfinance.com/index.htm,needs_review,low,1,personal loan,medium,,,,,2026-04-03T18:38:31.027972
1035,Ritwik Finance Enterprises (P) Ltd,Vehicle Loan,Vehicle Loan,,,,,,,[],,,,,,,,,,,[],"[""Rajasthan""]",,0.1,gemini,https://www.ritwikfinance.com/index.htm,needs_review,low,1,vehicle loan,medium,,,,,2026-04-03T18:38:31.028025
1036,RKG Finvest Ltd.,Education Loan,Education Loan,,50.0,,,18,35,"[""student""]",,,,,,,180,,,True,[],"[""Delhi""]",Co-applicant (parent/guardian) with a stable income is required. No collateral required for loans up to ₹7.5 Lakhs.,0.5,gemini,https://rkgfinvest.com,needs_review,medium,1,education loan,low,True,True,False,,2026-04-03T18:38:58.718629
1036,RKG Finvest Ltd.,Personal Loan,Personal Loan,,10.0,,,21,60,"[""salaried"", ""self-employed""]",20.0,,,,,,60,,,False,[],"[""Delhi""]",,0.4,gemini,https://rkgfinvest.com,needs_review,medium,1,personal loan,low,True,True,False,,2026-04-03T18:38:58.718791
1037,Rockland Finstock Limited,MSME Loan,MSME Loan,,,,,21,65,"[""business""]",,,2,,,,,,,,[],"[""Delhi""]",,0.2,gemini,https://www.rocklandfinstock.com,needs_review,low,1,msme loan,medium,True,True,True,2,2026-04-03T18:39:27.988205
1037,Rockland Finstock Limited,Personal Loan,Personal Loan,,,,,21,60,"[""salaried"", ""self_employed_professional""]",25.0,,,,,,,,,False,[],"[""Delhi""]",,0.2,gemini,https://www.rocklandfinstock.com,needs_review,low,1,personal loan,medium,True,True,,2,2026-04-03T18:39:27.988397
1037,Rockland Finstock Limited,Vehicle Loan,Vehicle Loan,,,,,21,65,"[""salaried"", ""self_employed_professional"", ""business""]",20.0,5.0,,,,,,,,True,"[""vehicle""]","[""Delhi""]",,0.2,gemini,https://www.rocklandfinstock.com,needs_review,low,1,vehicle loan,medium,True,True,,2,2026-04-03T18:39:27.988572
1038,Rohan Techno Commercial Pvt Ltd,Business Loan,Business Loan,,,,,,,"[""self_employed_non_professional"", ""business""]",,,,,,,,,,,[],[],,0.1,heuristic,https://www.arohan.in,needs_review,low,1,business loan,medium,,,,,2026-04-03T18:40:00.840951
1038,Rohan Techno Commercial Pvt Ltd,MSME Loan,MSME Loan,,,,,,,"[""self_employed_non_professional"", ""business""]",,,,,,,,,,,[],[],,0.1,heuristic,https://www.arohan.in,needs_review,low,1,msme loan,medium,,,,,2026-04-03T18:40:00.841053
1038,Rohan Techno Commercial Pvt Ltd,Microfinance,Microfinance,,,,,,,[],,,,,,,,,,,[],[],,0.0,heuristic,https://www.arohan.in,needs_review,low,1,microfinance,medium,,,,,2026-04-03T18:40:00.841186
1038,Rohan Techno Commercial Pvt Ltd,Micro Loan,Micro Loan,,,,,,,[],,,,,,,,,,,[],[],,0.0,heuristic,https://www.arohan.in,needs_review,low,1,micro loan,medium,,,,,2026-04-03T18:40:00.841256
1038,Rohan Techno Commercial Pvt Ltd,Rural Loan,Rural Loan,,,,,,,"[""agriculture""]",,,,,,,,,,,[],[],,0.1,heuristic,https://www.arohan.in,needs_review,low,1,rural loan,medium,,,,,2026-04-03T18:40:00.841315
1039,Rosy Commercial (P) Ltd,Credit Card,Credit Card,,,,,,,[],,,,,,,,,,,[],"[""Andaman and Nicobar Islands"", ""Andhra Pradesh"", ""Arunachal Pradesh"", ""Assam"", ""Bihar"", ""Chandigarh"", ""Chhattisgarh"", ""Dadra and Nagar Haveli"", ""Delhi"", ""Goa""]",,0.1,gemini,https://rosyjaiswal.com,needs_review,low,1,credit card,medium,,,,,2026-04-03T18:40:28.001306
1039,Rosy Commercial (P) Ltd,Gold Loan,Gold Loan,,,,,,,[],,,,,,,,,,,[],"[""Andaman and Nicobar Islands"", ""Andhra Pradesh"", ""Arunachal Pradesh"", ""Assam"", ""Bihar"", ""Chandigarh"", ""Chhattisgarh"", ""Dadra and Nagar Haveli"", ""Delhi"", ""Goa""]",,0.1,gemini,https://rosyjaiswal.com,needs_review,low,1,gold loan,medium,,,,,2026-04-03T18:40:28.001487
1039,Rosy Commercial (P) Ltd,Home Loan,Home Loan,,,,,,,[],,,,,,,,,,,[],"[""Andaman and Nicobar Islands"", ""Andhra Pradesh"", ""Arunachal Pradesh"", ""Assam"", ""Bihar"", ""Chandigarh"", ""Chhattisgarh"", ""Dadra and Nagar Haveli"", ""Delhi"", ""Goa""]",,0.1,gemini,https://rosyjaiswal.com,needs_review,low,1,home loan,medium,,,,,2026-04-03T18:40:28.001650
1039,Rosy Commercial (P) Ltd,MSME Loan,MSME Loan,,,,,,,[],,,,,,,,,,,[],"[""Andaman and Nicobar Islands"", ""Andhra Pradesh"", ""Arunachal Pradesh"", ""Assam"", ""Bihar"", ""Chandigarh"", ""Chhattisgarh"", ""Dadra and Nagar Haveli"", ""Delhi"", ""Goa""]",,0.1,gemini,https://rosyjaiswal.com,needs_review,low,1,msme loan,medium,,,,,2026-04-03T18:40:28.001773
1039,Rosy Commercial (P) Ltd,Vehicle Loan,Vehicle Loan,,,,,,,[],,,,,,,,,,,[],"[""Andaman and Nicobar Islands"", ""Andhra Pradesh"", ""Arunachal Pradesh"", ""Assam"", ""Bihar"", ""Chandigarh"", ""Chhattisgarh"", ""Dadra and Nagar Haveli"", ""Delhi"", ""Goa""]",,0.1,gemini,https://rosyjaiswal.com,needs_review,low,1,vehicle loan,medium,,,,,2026-04-03T18:40:28.001888
1040,Rover Finance Limited,Vehicle Loan,Vehicle Loan,,,,,,,[],,,,,,,,,,True,"[""vehicle""]",[],,0.0,gemini,https://roverfinance.in,needs_review,low,1,vehicle loan,medium,,,,,2026-04-03T18:40:40.842164
1041,Royal Instalments Limited,MSME Loan,MSME Loan,,,,,,,[],,,,14.0,24.0,12,60,,True,,[],"[""West Bengal""]",,0.5,gemini,https://royalsec.in/interest_rate_policy.php,needs_review,medium,1,msme loan,low,,,,,2026-04-03T18:40:57.133808
1042,Royal Securities  Ltd.,Personal Loan,Personal Loan,,,,,,,[],,,,,,,,,,,[],"[""West Bengal""]",,0.1,gemini,https://royalsec.in,needs_review,low,1,personal loan,medium,,,,,2026-04-03T18:41:07.677954
1043,RRB Securities Ltd.,Microfinance,Microfinance,,,,,,,[],,,,,,,,,,,[],[],,0.0,gemini,https://rrb.iitk.ac.in/sathee-railway-exams/student-corner/general-knowledge/indian-economy/non-banking-financial-companies,needs_review,low,1,microfinance,medium,,,,,2026-04-03T18:41:19.822141
1043,RRB Securities Ltd.,Rural Loan,Rural Loan,,,,,,,[],,,,,,,,,,,[],[],,0.0,gemini,https://rrb.iitk.ac.in/sathee-railway-exams/student-corner/general-knowledge/indian-economy/non-banking-financial-companies,needs_review,low,1,rural loan,medium,,,,,2026-04-03T18:41:19.822292
1044,RSD Finance Ltd,Rural Loan,Rural Loan,,,,,18,65,"[""agriculture"", ""business"", ""salaried""]",,,,,,,,,,,[],[],"Applicants must be residents of rural or semi-urban areas. Purpose of loan: Agriculture, allied activities, small business, education, healthcare, etc.",0.2,gemini,https://www.rsdfinancelimited.com,needs_review,low,1,rural loan,medium,True,True,,,2026-04-03T18:41:45.136011
1045,Ruloans Financial Services Pvt Ltd,Credit Card,Credit Card,,,,,,,[],,,,,,,,,,False,[],[],,0.0,gemini,https://www.ruloans.com,needs_review,low,1,credit card,medium,True,True,,,2026-04-03T18:42:06.123678
1047,Rupitol Finance Pvt. Ltd.,Business Loan,Business Loan,,,,,,,"[""business""]",,,,,,,,,,,[],"[""Gujarat"", ""Madhya Pradesh"", ""Rajasthan""]",,0.2,gemini,https://www.rupitol.com,needs_review,low,1,business loan,medium,True,True,True,,2026-04-03T18:42:40.113849
1047,Rupitol Finance Pvt. Ltd.,Home Loan,Home Loan,,,,,,,"[""salaried"", ""self-employed""]",,,,,,,,,,True,[],"[""Gujarat"", ""Madhya Pradesh"", ""Rajasthan""]",,0.2,gemini,https://www.rupitol.com,needs_review,low,1,home loan,medium,True,True,,,2026-04-03T18:42:40.114029
1047,Rupitol Finance Pvt. Ltd.,Loan Against Property,Loan Against Property,,,,,,,"[""salaried"", ""self-employed""]",,,,,,,,,,True,[],"[""Gujarat"", ""Madhya Pradesh"", ""Rajasthan""]",,0.2,gemini,https://www.rupitol.com,needs_review,low,1,loan against property,medium,True,True,,,2026-04-03T18:42:40.114309
1048,Rushika Capital Private Limited,Business Loan,Business Loan,,,,,,,[],,,,,,,,,,,[],[],,0.0,gemini,https://rushikacapital.com,needs_review,low,1,business loan,medium,,,,,2026-04-03T18:43:14.070138
1048,Rushika Capital Private Limited,Personal Loan,Personal Loan,,,,,,,[],,,,,,,,,,,[],[],,0.0,gemini,https://rushikacapital.com,needs_review,low,1,personal loan,medium,,,,,2026-04-03T18:43:14.070386
1048,Rushika Capital Private Limited,Two Wheeler Loan,Two Wheeler Loan,,,,,,,[],,,,,,,,,,,[],[],,0.0,gemini,https://rushikacapital.com,needs_review,low,1,two wheeler loan,medium,,,,,2026-04-03T18:43:14.070495
1049,S K Dudhoria  Holdings  Pvt.  Ltd.,Home Loan,Home Loan,,,,,,,[],,,,,,,,,,,[],"[""Andhra Pradesh"", ""Bihar"", ""Delhi"", ""Gujarat"", ""Haryana"", ""Karnataka"", ""Maharashtra"", ""Punjab"", ""Rajasthan"", ""Tamil Nadu""]",,0.1,gemini,https://dudhoria.in,needs_review,low,1,home loan,medium,,,,,2026-04-03T18:43:32.827160
1049,S K Dudhoria  Holdings  Pvt.  Ltd.,Vehicle Loan,Vehicle Loan,,,,,,,[],,,,,,,,,,,[],"[""Andhra Pradesh"", ""Bihar"", ""Delhi"", ""Gujarat"", ""Haryana"", ""Karnataka"", ""Maharashtra"", ""Punjab"", ""Rajasthan"", ""Tamil Nadu""]",,0.1,gemini,https://dudhoria.in,needs_review,low,1,vehicle loan,medium,,,,,2026-04-03T18:43:32.827325
1050,S.U.Securities Pvt. Ltd.,Business Loan,Business Loan,,,,,,,[],,,,,,,,,,,[],"[""Delhi""]",,0.1,gemini,https://www.susecurities.com,needs_review,low,1,business loan,medium,,,,,2026-04-03T18:43:48.214116
1050,S.U.Securities Pvt. Ltd.,MSME Loan,MSME Loan,,,,,,,[],,,,,,,,,,,[],"[""Delhi""]",,0.1,gemini,https://www.susecurities.com,needs_review,low,1,msme loan,medium,,,,,2026-04-03T18:43:48.214198
1050,S.U.Securities Pvt. Ltd.,Personal Loan,Personal Loan,,,,,,,[],,,,,,,,,,,[],"[""Delhi""]",,0.1,gemini,https://www.susecurities.com,needs_review,low,1,personal loan,medium,,,,,2026-04-03T18:43:48.214252
1050,S.U.Securities Pvt. Ltd.,Working Capital,Working Capital,,,,,,,[],,,,,,,,,,,[],"[""Delhi""]",,0.1,gemini,https://www.susecurities.com,needs_review,low,1,working capital,medium,,,,,2026-04-03T18:43:48.214302
1051,Saarathi Finance and Credit Private Limited,MSME Loan,MSME Loan,,10.0,,,,,"[""business""]",,10.0,3,,,,36,,,,[],"[""Andhra Pradesh"", ""Karnataka"", ""Maharashtra"", ""Rajasthan"", ""Tamil Nadu"", ""Telangana"", ""Uttar Pradesh""]",,0.4,gemini,https://www.saarathifinance.com,needs_review,medium,1,msme loan,low,True,True,True,2,2026-04-03T18:44:13.991388
1051,Saarathi Finance and Credit Private Limited,Rural Loan,Rural Loan,,5.0,,,21,60,"[""salaried"", ""self-employed""]",,,,,,,24,,,,[],"[""Andhra Pradesh"", ""Karnataka"", ""Maharashtra"", ""Rajasthan"", ""Tamil Nadu"", ""Telangana"", ""Uttar Pradesh""]",Resident of rural/semi-urban area,0.5,gemini,https://www.saarathifinance.com,needs_review,medium,1,rural loan,low,True,True,,,2026-04-03T18:44:13.991651
1052,Sabharwal Finance And Estates Private Limited,Business Loan,Business Loan,,,,,,,[],,,,,,,,,,,[],[],,0.0,gemini,https://www.sabharwalfinance.in,needs_review,low,1,business loan,medium,,,,,2026-04-03T18:44:31.767824
1052,Sabharwal Finance And Estates Private Limited,MSME Loan,MSME Loan,,,,,,,[],,,,,,,,,,,[],[],,0.0,gemini,https://www.sabharwalfinance.in,needs_review,low,1,msme loan,medium,,,,,2026-04-03T18:44:31.767957
1053,Sabrimala Fintech Private Limited,Business Loan,Business Loan,,,,,,,"[""business""]",,,2,,,,,,,False,[],"[""Haryana"", ""Odisha""]",,0.2,gemini,https://sabrimalafintech.com,needs_review,low,1,business loan,medium,True,True,True,2,2026-04-03T18:45:47.415236
1053,Sabrimala Fintech Private Limited,MSME Loan,MSME Loan,,,,,,,"[""business""]",,,2,,,,,,,False,[],"[""Haryana"", ""Odisha""]","Business must be classified as a Micro, Small, or Medium Enterprise as per government guidelines.",0.3,gemini,https://sabrimalafintech.com,needs_review,low,1,msme loan,medium,True,True,True,2,2026-04-03T18:45:47.415429
1053,Sabrimala Fintech Private Limited,Working Capital,Working Capital,,,,,,,"[""business""]",,,2,,,,,,,False,[],"[""Haryana"", ""Odisha""]",,0.2,gemini,https://sabrimalafintech.com,needs_review,low,1,working capital,medium,True,True,True,2,2026-04-03T18:45:47.415575
1054,Sachdeva Land & Finance Private Limited,Home Loan,Home Loan,,,,,,,[],,,,,,,,,,,[],"[""Andhra Pradesh"", ""Bihar"", ""Delhi"", ""Gujarat"", ""Haryana"", ""Karnataka"", ""Maharashtra"", ""Punjab"", ""Rajasthan"", ""Tamil Nadu""]",,0.1,gemini,https://guptasachdeva.com,needs_review,low,1,home loan,medium,,,,,2026-04-03T18:46:12.942637
1054,Sachdeva Land & Finance Private Limited,Vehicle Loan,Vehicle Loan,,,,,,,[],,,,,,,,,,,[],"[""Andhra Pradesh"", ""Bihar"", ""Delhi"", ""Gujarat"", ""Haryana"", ""Karnataka"", ""Maharashtra"", ""Punjab"", ""Rajasthan"", ""Tamil Nadu""]",,0.1,gemini,https://guptasachdeva.com,needs_review,low,1,vehicle loan,medium,,,,,2026-04-03T18:46:12.942780
1055,Sahib Finlease Ltd.,Business Loan,Business Loan,,,,,,,[],,,,,,,,,,,[],"[""Delhi""]",,0.1,gemini,https://www.sahibfinlease.com,needs_review,low,1,business loan,medium,,,,,2026-04-03T18:46:29.561720
1055,Sahib Finlease Ltd.,Loan Against Property,Loan Against Property,,,,,,,[],,,,,,,,,,True,"[""property""]","[""Delhi""]",,0.1,gemini,https://www.sahibfinlease.com,needs_review,low,1,loan against property,medium,,,,,2026-04-03T18:46:29.561868
1055,Sahib Finlease Ltd.,MSME Loan,MSME Loan,,,,,,,[],,,,,,,,,,,[],"[""Delhi""]",,0.1,gemini,https://www.sahibfinlease.com,needs_review,low,1,msme loan,medium,,,,,2026-04-03T18:46:29.561976
1055,Sahib Finlease Ltd.,Personal Loan,Personal Loan,,,,,,,[],,,,,,,,,,,[],"[""Delhi""]",,0.1,gemini,https://www.sahibfinlease.com,needs_review,low,1,personal loan,medium,,,,,2026-04-03T18:46:29.562089
1056,Sahyog Fincap Private Limited,Business Loan,Business Loan,,,,,,,"[""self_employed_non_professional"", ""business""]",,,,,,,,,,,[],[],,0.1,heuristic,https://sahyogfincap.com,needs_review,low,1,business loan,medium,,,,,2026-04-03T18:47:05.274052
1056,Sahyog Fincap Private Limited,MSME Loan,MSME Loan,,,,,,,"[""self_employed_non_professional"", ""business""]",,,,,,,,,,,[],[],,0.1,heuristic,https://sahyogfincap.com,needs_review,low,1,msme loan,medium,,,,,2026-04-03T18:47:05.274181
1056,Sahyog Fincap Private Limited,Home Loan,Home Loan,,,,,,,[],,,,,,,,,,,[],[],,0.0,heuristic,https://sahyogfincap.com,needs_review,low,1,home loan,medium,,,,,2026-04-03T18:47:05.274247
1056,Sahyog Fincap Private Limited,Two Wheeler Loan,Two Wheeler Loan,,,,,,,[],,,,,,,,,,,[],[],,0.0,heuristic,https://sahyogfincap.com,needs_review,low,1,two wheeler loan,medium,,,,,2026-04-03T18:47:05.274305
1056,Sahyog Fincap Private Limited,Vehicle Loan,Vehicle Loan,,,,,,,[],,,,,,,,,,,[],[],,0.0,heuristic,https://sahyogfincap.com,needs_review,low,1,vehicle loan,medium,,,,,2026-04-03T18:47:05.274367
1056,Sahyog Fincap Private Limited,Personal Loan,Personal Loan,,,,,,,"[""salaried"", ""self-employed""]",,,,,,,,,,,[],[],,0.1,heuristic,https://sahyogfincap.com,needs_review,low,1,personal loan,medium,,,,,2026-04-03T18:47:05.274424
1057,Sajilee Credit And Investment Private Limited (Old Name Sri Bhagavathi Finance Private Limited),Business Loan,Business Loan,,,,,,,"[""self_employed_non_professional"", ""business""]",,,,,,,,,,,[],[],,0.1,heuristic,https://sajileegroup.com/credit.php,needs_review,low,1,business loan,medium,,,,,2026-04-03T18:47:30.183849
1057,Sajilee Credit And Investment Private Limited (Old Name Sri Bhagavathi Finance Private Limited),MSME Loan,MSME Loan,,,,,,,"[""self_employed_non_professional"", ""business""]",,,,,,,,,,,[],[],,0.1,heuristic,https://sajileegroup.com/credit.php,needs_review,low,1,msme loan,medium,,,,,2026-04-03T18:47:30.183961
1057,Sajilee Credit And Investment Private Limited (Old Name Sri Bhagavathi Finance Private Limited),Home Loan,Home Loan,,,,,,,[],,,,,,,,,,,[],[],,0.0,heuristic,https://sajileegroup.com/credit.php,needs_review,low,1,home loan,medium,,,,,2026-04-03T18:47:30.184017
1057,Sajilee Credit And Investment Private Limited (Old Name Sri Bhagavathi Finance Private Limited),Credit Card,Credit Card,,,,,,,[],,,,,,,,,,,[],[],,0.0,heuristic,https://sajileegroup.com/credit.php,needs_review,low,1,credit card,medium,,,,,2026-04-03T18:47:30.184064
1057,Sajilee Credit And Investment Private Limited (Old Name Sri Bhagavathi Finance Private Limited),Gold Loan,Gold Loan,,,,,,,[],,,,,,,,,,,[],[],,0.0,heuristic,https://sajileegroup.com/credit.php,needs_review,low,1,gold loan,medium,,,,,2026-04-03T18:47:30.184172
1057,Sajilee Credit And Investment Private Limited (Old Name Sri Bhagavathi Finance Private Limited),Vehicle Loan,Vehicle Loan,,,,,,,[],,,,,,,,,,,[],[],,0.0,heuristic,https://sajileegroup.com/credit.php,needs_review,low,1,vehicle loan,medium,,,,,2026-04-03T18:47:30.184223
1057,Sajilee Credit And Investment Private Limited (Old Name Sri Bhagavathi Finance Private Limited),Education Loan,Education Loan,,,,,,,"[""salaried"", ""self-employed""]",,,,,,,,,,,[],[],,0.1,heuristic,https://sajileegroup.com/credit.php,needs_review,low,1,education loan,medium,,,,,2026-04-03T18:47:30.184319
1057,Sajilee Credit And Investment Private Limited (Old Name Sri Bhagavathi Finance Private Limited),Loan Against Property,Loan Against Property,,,,,,,[],,,,,,,,,,,[],[],,0.0,heuristic,https://sajileegroup.com/credit.php,needs_review,low,1,loan against property,medium,,,,,2026-04-03T18:47:30.184372
1057,Sajilee Credit And Investment Private Limited (Old Name Sri Bhagavathi Finance Private Limited),Personal Loan,Personal Loan,,,,,,,"[""salaried"", ""self-employed""]",,,,,,,,,,,[],[],,0.1,heuristic,https://sajileegroup.com/credit.php,needs_review,low,1,personal loan,medium,,,,,2026-04-03T18:47:30.184418
1057,Sajilee Credit And Investment Private Limited (Old Name Sri Bhagavathi Finance Private Limited),Rural Loan,Rural Loan,,,,,,,"[""agriculture""]",,,,,,,,,,,[],[],,0.1,heuristic,https://sajileegroup.com/credit.php,needs_review,low,1,rural loan,medium,,,,,2026-04-03T18:47:30.184462
1058,Sakthi Finance Limited,Personal Loan,Personal Loan,,,,,,,"[""salaried"", ""self-employed""]",,,,,,,,,,,[],[],,0.1,heuristic,https://sakthifinance.com,needs_review,low,1,personal loan,medium,,,,,2026-04-03T18:48:13.115575
1058,Sakthi Finance Limited,Vehicle Loan,Vehicle Loan,,,,,,,[],,,,,,,,,,,[],[],,0.0,heuristic,https://sakthifinance.com,needs_review,low,1,vehicle loan,medium,,,,,2026-04-03T18:48:13.115660
1058,Sakthi Finance Limited,Business Loan,Business Loan,,,,,,,"[""self_employed_non_professional"", ""business""]",,,,,,,,,,,[],[],,0.1,heuristic,https://sakthifinance.com,needs_review,low,1,business loan,medium,,,,,2026-04-03T18:48:13.115761
1059,Samaaru Finance Private Limited,Agriculture Loan,Agriculture Loan,,,,,18,65,"[""agriculture""]",,,,,,,,,,True,[],[],Proof of income or agricultural produce required.,0.2,gemini,https://www.samaaru.com,needs_review,low,1,agriculture loan,medium,True,True,,,2026-04-03T18:48:32.375301
1059,Samaaru Finance Private Limited,MSME Loan,MSME Loan,,,,,21,65,"[""business""]",,,2,,,,,,,,[],[],Proof of income and financial statements required.,0.2,gemini,https://www.samaaru.com,needs_review,low,1,msme loan,medium,True,True,,,2026-04-03T18:48:32.375498
1060,Samay Commercial Pvt Ltd,Working Capital,Working Capital,,,,,,,"[""self_employed_non_professional"", ""business""]",,,,,,,,,,,[],[],,0.1,heuristic,http://www.samayfinserv.com,needs_review,low,1,working capital,medium,,,,,2026-04-03T18:49:04.035391
1060,Samay Commercial Pvt Ltd,Business Loan,Business Loan,,,,,,,"[""self_employed_non_professional"", ""business""]",,,,,,,,,,,[],[],,0.1,heuristic,http://www.samayfinserv.com,needs_review,low,1,business loan,medium,,,,,2026-04-03T18:49:04.035553
1060,Samay Commercial Pvt Ltd,MSME Loan,MSME Loan,,,,,,,"[""self_employed_non_professional"", ""business""]",,,,,,,,,,,[],[],,0.1,heuristic,http://www.samayfinserv.com,needs_review,low,1,msme loan,medium,,,,,2026-04-03T18:49:04.035655
1060,Samay Commercial Pvt Ltd,Home Loan,Home Loan,,,,,,,[],,,,,,,,,,,[],[],,0.0,heuristic,http://www.samayfinserv.com,needs_review,low,1,home loan,medium,,,,,2026-04-03T18:49:04.035745
1060,Samay Commercial Pvt Ltd,Vehicle Loan,Vehicle Loan,,,,,,,[],,,,,,,,,,,[],[],,0.0,heuristic,http://www.samayfinserv.com,needs_review,low,1,vehicle loan,medium,,,,,2026-04-03T18:49:04.036544
1060,Samay Commercial Pvt Ltd,Loan Against Property,Loan Against Property,,,,,,,[],,,,,,,,,,,[],[],,0.0,heuristic,http://www.samayfinserv.com,needs_review,low,1,loan against property,medium,,,,,2026-04-03T18:49:04.036727
1060,Samay Commercial Pvt Ltd,Personal Loan,Personal Loan,,,,,,,"[""salaried"", ""self-employed""]",,,,,,,,,,,[],[],,0.1,heuristic,http://www.samayfinserv.com,needs_review,low,1,personal loan,medium,,,,,2026-04-03T18:49:04.037337
1061,Sampark Consultants Ltd,MSME Loan,MSME Loan,,,,,,,[],,,,,,,,,,,[],"[""Bihar"", ""Delhi"", ""Odisha""]",,0.1,gemini,http://samparkfin.in,needs_review,low,1,msme loan,medium,,,,,2026-04-03T18:49:59.678410
1062,Sampat Marketing Co.(P) Ltd,Business Loan,Business Loan,,,,,,,"[""business""]",,,,,,,,,,,[],"[""Gujarat""]",,0.2,gemini,https://sampati.co.in,needs_review,low,1,business loan,medium,,,,,2026-04-03T18:50:22.574404
1063,Sampati Securities Limited,Business Loan,Business Loan,,50.0,,,21,65,"[""business"", ""self_employed_professional"", ""self_employed_non_professional""]",,10.0,3,,,,36,,,False,[],"[""Gujarat""]",,0.4,gemini,https://sampati.co.in,needs_review,medium,1,business loan,low,True,True,True,2,2026-04-03T18:50:46.227610
1064,Samrat Fincap Private Limited,Gold Loan,Gold Loan,,,,,18,,[],,,,,,,,,,True,[],"[""Karnataka""]",,0.1,gemini,https://www.samratfincap.com,needs_review,low,1,gold loan,medium,True,True,,,2026-04-03T18:51:05.421848
1064,Samrat Fincap Private Limited,Home Loan,Home Loan,,,,,18,70,"[""salaried"", ""self-employed""]",,,,,,,,,,True,"[""property""]","[""Karnataka""]",,0.2,gemini,https://www.samratfincap.com,needs_review,low,1,home loan,medium,True,True,,,2026-04-03T18:51:05.422001
1064,Samrat Fincap Private Limited,Loan Against Property,Loan Against Property,,,,,18,70,"[""salaried"", ""self-employed""]",,,,,,,,,,True,[],"[""Karnataka""]",,0.2,gemini,https://www.samratfincap.com,needs_review,low,1,loan against property,medium,True,True,,,2026-04-03T18:51:05.422088
1064,Samrat Fincap Private Limited,Two Wheeler Loan,Two Wheeler Loan,,,,,18,65,"[""salaried"", ""self-employed""]",,,,,,,,,,True,[],"[""Karnataka""]",,0.2,gemini,https://www.samratfincap.com,needs_review,low,1,two wheeler loan,medium,True,True,,,2026-04-03T18:51:05.422165
1065,Samrat Finvestors Pvt Ltd,Gold Loan,Gold Loan,,,,,,,[],,,,,,,,,,True,"[""gold""]","[""Karnataka""]",,0.1,gemini,https://www.samratfincap.com,needs_review,low,1,gold loan,medium,,,,,2026-04-03T18:51:19.659461
1065,Samrat Finvestors Pvt Ltd,Home Loan,Home Loan,,,,,,,[],,,,,,,,,,True,"[""property""]","[""Karnataka""]",,0.1,gemini,https://www.samratfincap.com,needs_review,low,1,home loan,medium,,,,,2026-04-03T18:51:19.659603
1065,Samrat Finvestors Pvt Ltd,Loan Against Property,Loan Against Property,,,,,,,[],,,,,,,,,,True,"[""property""]","[""Karnataka""]",,0.1,gemini,https://www.samratfincap.com,needs_review,low,1,loan against property,medium,,,,,2026-04-03T18:51:19.659673
1065,Samrat Finvestors Pvt Ltd,Two Wheeler Loan,Two Wheeler Loan,,,,,,,[],,,,,,,,,,True,[],"[""Karnataka""]",,0.1,gemini,https://www.samratfincap.com,needs_review,low,1,two wheeler loan,medium,,,,,2026-04-03T18:51:19.659730
1066,Samruthi Fincredit Private Limited,Working Capital,Working Capital,,,,,,,"[""self_employed_non_professional"", ""business""]",,,,,,,,,,,[],[],,0.1,heuristic,https://samruthi.com,needs_review,low,1,working capital,medium,,,,,2026-04-03T18:51:55.353707
1066,Samruthi Fincredit Private Limited,Business Loan,Business Loan,,,,,,,"[""self_employed_non_professional"", ""business""]",,,,,,,,,,,[],[],,0.1,heuristic,https://samruthi.com,needs_review,low,1,business loan,medium,,,,,2026-04-03T18:51:55.353815
1066,Samruthi Fincredit Private Limited,MSME Loan,MSME Loan,,,,,,,"[""self_employed_non_professional"", ""business""]",,,,,,,,,,,[],[],,0.1,heuristic,https://samruthi.com,needs_review,low,1,msme loan,medium,,,,,2026-04-03T18:51:55.353876
1066,Samruthi Fincredit Private Limited,Micro Loan,Micro Loan,,,,,,,[],,,,,,,,,,,[],[],,0.0,heuristic,https://samruthi.com,needs_review,low,1,micro loan,medium,,,,,2026-04-03T18:51:55.354031
1066,Samruthi Fincredit Private Limited,Loan Against Property,Loan Against Property,,,,,,,[],,,,,,,,,,,[],[],,0.0,heuristic,https://samruthi.com,needs_review,low,1,loan against property,medium,,,,,2026-04-03T18:51:55.354126
1067,Sanghamithra Rural Financial services,Microfinance,Microfinance,,,,,,,"[""self_employed_non_professional"", ""business""]",,,,,,,,,,,[],"[""Karnataka""]",Available to women entrepreneurs in rural and semi-urban areas for starting or expanding businesses.,0.3,gemini,https://sanghamithra.org,needs_review,low,1,microfinance,medium,,,,,2026-04-03T18:52:30.605318
1068,Sanvin Fincap Pvt. Ltd.,Gold Loan,Gold Loan,,,,,18,,[],,,,,,,,,,True,[],"[""Delhi""]",,0.1,gemini,https://www.sanvinfincap.com,needs_review,low,1,gold loan,medium,True,True,,,2026-04-03T18:52:59.184922
1069,Sarala Development & Microfinance Private Limited,Microfinance,Microfinance,,1.0,,,,,"[""agriculture"", ""business"", ""self_employed_non_professional""]",,,,,,12,24,,,False,[],"[""Assam"", ""Bihar"", ""Jharkhand"", ""Sikkim"", ""West Bengal""]","Women from low-income households, part of a Joint Liability Group (JLG).",0.6,gemini,https://sarala.co.in,pending,medium,1,microfinance,low,,,,,2026-04-03T18:53:34.300662
1069,Sarala Development & Microfinance Private Limited,Rural Loan,Rural Loan,,0.5,,,,,"[""agriculture"", ""business"", ""self_employed_non_professional""]",,,,,,6,18,,,False,[],"[""Assam"", ""Bihar"", ""Jharkhand"", ""Sikkim"", ""West Bengal""]","Rural residents, small farmers, engaged in agricultural or allied activities.",0.6,gemini,https://sarala.co.in,pending,medium,1,rural loan,low,,,,,2026-04-03T18:53:34.300831
1070,Saraogi Commercial (P) Ltd,Business Loan,Business Loan,,50.0,,,,,"[""business"", ""self_employed_professional"", ""self_employed_non_professional""]",,,2,12.0,,,60,2.0,,False,[],"[""Bihar"", ""Delhi"", ""West Bengal""]",,0.5,gemini,https://saraogiuduog.com,needs_review,medium,1,business loan,low,True,True,,,2026-04-03T18:54:01.428805
1070,Saraogi Commercial (P) Ltd,MSME Loan,MSME Loan,,25.0,,,,,"[""business""]",,,1,,,,,,,False,[],"[""Bihar"", ""Delhi"", ""West Bengal""]",,0.3,gemini,https://saraogiuduog.com,needs_review,low,1,msme loan,medium,True,True,,,2026-04-03T18:54:01.429027
1070,Saraogi Commercial (P) Ltd,Personal Loan,Personal Loan,,10.0,,,,,"[""salaried"", ""self_employed_professional""]",,,,,,,36,,,False,[],"[""Bihar"", ""Delhi"", ""West Bengal""]",,0.4,gemini,https://saraogiuduog.com,needs_review,medium,1,personal loan,low,True,True,,,2026-04-03T18:54:01.429193
1071,Saraogi Viniyog (P) Ltd,Business Loan,Business Loan,,,,,21,65,"[""business""]",,10.0,2,,,,,,,False,[],"[""Bihar"", ""Delhi"", ""West Bengal""]",,0.2,gemini,https://saraogiuduog.com,needs_review,low,1,business loan,medium,True,True,,2,2026-04-03T18:54:34.704472
1071,Saraogi Viniyog (P) Ltd,MSME Loan,MSME Loan,,,,,21,65,"[""business""]",,,1,,,,,,,False,[],"[""Bihar"", ""Delhi"", ""West Bengal""]",Business must be registered as an MSME.,0.3,gemini,https://saraogiuduog.com,needs_review,low,1,msme loan,medium,True,True,,2,2026-04-03T18:54:34.705227
1071,Saraogi Viniyog (P) Ltd,Personal Loan,Personal Loan,,,,,21,60,"[""salaried"", ""self_employed_professional""]",25.0,,,,,,,,,False,[],"[""Bihar"", ""Delhi"", ""West Bengal""]",,0.2,gemini,https://saraogiuduog.com,needs_review,low,1,personal loan,medium,True,True,,,2026-04-03T18:54:34.705424
1073,Sark Commercial Co (P) Ltd,Home Loan,Home Loan,,,,,,,[],,,,,,,,,,,[],"[""Andaman and Nicobar Islands"", ""Andhra Pradesh"", ""Arunachal Pradesh"", ""Assam"", ""Bihar"", ""Chandigarh"", ""Chhattisgarh"", ""Dadra and Nagar Haveli"", ""Delhi"", ""Goa""]",,0.1,gemini,https://sarkandco.in,needs_review,low,1,home loan,medium,,,,,2026-04-03T18:55:12.620778
1073,Sark Commercial Co (P) Ltd,MSME Loan,MSME Loan,,,,,,,[],,,,,,,,,,,[],"[""Andaman and Nicobar Islands"", ""Andhra Pradesh"", ""Arunachal Pradesh"", ""Assam"", ""Bihar"", ""Chandigarh"", ""Chhattisgarh"", ""Dadra and Nagar Haveli"", ""Delhi"", ""Goa""]",,0.1,gemini,https://sarkandco.in,needs_review,low,1,msme loan,medium,,,,,2026-04-03T18:55:12.620921
1073,Sark Commercial Co (P) Ltd,Vehicle Loan,Vehicle Loan,,,,,,,[],,,,,,,,,,,[],"[""Andaman and Nicobar Islands"", ""Andhra Pradesh"", ""Arunachal Pradesh"", ""Assam"", ""Bihar"", ""Chandigarh"", ""Chhattisgarh"", ""Dadra and Nagar Haveli"", ""Delhi"", ""Goa""]",,0.1,gemini,https://sarkandco.in,needs_review,low,1,vehicle loan,medium,,,,,2026-04-03T18:55:12.621030
1074,Sarva Commercial Pvt. Ltd.,Gold Loan,Gold Loan,,,,,,,[],,,,,,,,,,True,"[""gold""]","[""Delhi""]",,0.1,gemini,https://sarvasvacapital.com/home,needs_review,low,1,gold loan,medium,,,,,2026-04-03T18:55:24.944510
1074,Sarva Commercial Pvt. Ltd.,Rural Loan,Rural Loan,,,,,,,[],,,,,,,,,,,[],"[""Delhi""]",,0.1,gemini,https://sarvasvacapital.com/home,needs_review,low,1,rural loan,medium,,,,,2026-04-03T18:55:24.944643
1075,Sarvodaya Nano Finance Limited,Microfinance Loan,Microfinance,,0.5,,,18,59,"[""self_employed_non_professional""]",,,,,,12,24,,,,[],"[""Tamil Nadu"", ""Puducherry""]",Women from low-income households.,0.6,gemini,http://sarvodayanano.in,pending,medium,1,microfinance loan,low,,,,,2026-04-03T18:55:42.872136
1076,Satin Creditcare Network Limited,Microfinance,Microfinance,,,,,,,"[""self_employed_non_professional"", ""business""]",,,,,,,,,,False,[],"[""Delhi"", ""Haryana"", ""Karnataka""]","Offered to women entrepreneurs from economically and socially deprived sections of society, organized into Joint Liability Groups (JLGs).",0.3,gemini,https://satincreditcare.com,needs_review,low,1,microfinance,medium,True,True,,,2026-04-03T18:56:15.717631
1076,Satin Creditcare Network Limited,Rural Loan,Rural Loan,,,,,,,"[""agriculture"", ""business"", ""self_employed_non_professional""]",,,,,,,,,,,[],"[""Delhi"", ""Haryana"", ""Karnataka""]","Offered to rural households for various income-generating activities, including agriculture, livestock, and small businesses.",0.3,gemini,https://satincreditcare.com,needs_review,low,1,rural loan,medium,True,True,,,2026-04-03T18:56:15.717770
1077,Satsai Finlease Pvt. Ltd.,Business Loan,Business Loan,,,,,,,[],,,,,,,,,,,[],"[""Delhi""]",,0.1,gemini,https://www.satsaifinlease.com,needs_review,low,1,business loan,medium,,,,,2026-04-03T18:56:31.178164
1078,Satya Microcapital Limited,Working Capital,Working Capital,,,,,,,"[""self_employed_non_professional"", ""business""]",,,,,,,,,,,[],[],,0.1,heuristic,https://satyamicrocapital.com,needs_review,low,1,working capital,medium,,,,,2026-04-03T18:57:22.076702
1078,Satya Microcapital Limited,Business Loan,Business Loan,,,,,,,"[""self_employed_non_professional"", ""business""]",,,,,,,,,,,[],[],,0.1,heuristic,https://satyamicrocapital.com,needs_review,low,1,business loan,medium,,,,,2026-04-03T18:57:22.076977
1078,Satya Microcapital Limited,MSME Loan,MSME Loan,,,,,,,"[""self_employed_non_professional"", ""business""]",,,,,,,,,,,[],[],,0.1,heuristic,https://satyamicrocapital.com,needs_review,low,1,msme loan,medium,,,,,2026-04-03T18:57:22.077100
1078,Satya Microcapital Limited,Microfinance,Microfinance,,,,,,,[],,,,,,,,,,,[],[],,0.0,heuristic,https://satyamicrocapital.com,needs_review,low,1,microfinance,medium,,,,,2026-04-03T18:57:22.077275
1078,Satya Microcapital Limited,Rural Loan,Rural Loan,,,,,,,"[""agriculture""]",,,,,,,,,,,[],[],,0.1,heuristic,https://satyamicrocapital.com,needs_review,low,1,rural loan,medium,,,,,2026-04-03T18:57:22.077374
1079,Satyatej Vyapaar Pvt Ltd,Personal Loan,Personal Loan,,,,,,,"[""salaried"", ""self-employed""]",,,,,,,,,,False,[],"[""Karnataka"", ""West Bengal""]",,0.2,gemini,https://vaibhav-vyapaar.com,needs_review,low,1,personal loan,medium,True,True,False,,2026-04-03T18:57:37.263649
1080,Saumya Consultants Ltd,Rural Loan,Rural Loan,,,,,,,[],,,,,,,,,,,[],[],,0.0,gemini,https://saumyaconsultants.com,needs_review,low,1,rural loan,medium,,,,,2026-04-03T18:57:59.399889
1081,Savantika Vanijya Pvt. Ltd.,Personal Loan,Personal Loan,,,,,,,[],,,,,,,,,,,[],"[""Delhi"", ""Gujarat""]",,0.1,gemini,https://www.savantika.com,needs_review,low,1,personal loan,medium,,,,,2026-04-03T18:58:24.125539
1081,Savantika Vanijya Pvt. Ltd.,Rural Loan,Rural Loan,,,,,,,[],,,,,,,,,,,[],"[""Delhi"", ""Gujarat""]",,0.1,gemini,https://www.savantika.com,needs_review,low,1,rural loan,medium,,,,,2026-04-03T18:58:24.125656
1082,Savery Transport Finance Limited,MSME Loan,MSME Loan,,,,,,,"[""business""]",,,,,,,,,,,[],"[""Chandigarh""]",,0.2,gemini,https://savery.co.in,needs_review,low,1,msme loan,medium,,,,,2026-04-03T18:58:44.982810
1082,Savery Transport Finance Limited,Two Wheeler Loan,Two Wheeler Loan,,,,,,,"[""salaried"", ""self_employed_professional""]",,,,,,,,,,True,[],"[""Chandigarh""]",,0.2,gemini,https://savery.co.in,needs_review,low,1,two wheeler loan,medium,,,,,2026-04-03T18:58:44.982893
1083,Sayyam Investments Pvt. Ltd.,Business Loan,Business Loan,,,,,,,[],,,,,,,,,,,[],"[""Assam"", ""Karnataka""]",,0.1,gemini,https://www.sayyaminvestments.in,needs_review,low,1,business loan,medium,,,,,2026-04-03T18:59:04.624470
1083,Sayyam Investments Pvt. Ltd.,MSME Loan,MSME Loan,,,,,,,[],,,,,,,,,,,[],"[""Assam"", ""Karnataka""]",,0.1,gemini,https://www.sayyaminvestments.in,needs_review,low,1,msme loan,medium,,,,,2026-04-03T18:59:04.624604
1083,Sayyam Investments Pvt. Ltd.,Personal Loan,Personal Loan,,,,,,,[],,,,,,,,,,,[],"[""Assam"", ""Karnataka""]",,0.1,gemini,https://www.sayyaminvestments.in,needs_review,low,1,personal loan,medium,,,,,2026-04-03T18:59:04.624787
1084,SBFC Finance Limited,Gold Loan,Gold Loan,,,,,,,[],,,,,,,,,,True,[],"[""Andhra Pradesh"", ""Assam"", ""Bihar"", ""Delhi"", ""Gujarat"", ""Haryana"", ""Himachal Pradesh"", ""Karnataka"", ""Madhya Pradesh"", ""Maharashtra""]",,0.1,gemini,https://www.sbfc.com,needs_review,low,1,gold loan,medium,True,True,,,2026-04-03T18:59:25.303593
1084,SBFC Finance Limited,MSME Loan,MSME Loan,,,,,,,"[""business""]",,,,,,,,,,,[],"[""Andhra Pradesh"", ""Assam"", ""Bihar"", ""Delhi"", ""Gujarat"", ""Haryana"", ""Himachal Pradesh"", ""Karnataka"", ""Madhya Pradesh"", ""Maharashtra""]",,0.2,gemini,https://www.sbfc.com,needs_review,low,1,msme loan,medium,True,True,True,,2026-04-03T18:59:25.303742
1085,Scintilla Commercial & Credit Ltd,Rural Loan,Rural Loan,,,,,,,"[""agriculture"", ""business""]",,,,,,,,,,,[],[],"Individuals, farmers, and small businesses operating in rural areas are eligible to apply.",0.2,gemini,https://www.scintilla.co.in,needs_review,low,1,rural loan,medium,,,,,2026-04-03T18:59:57.736807
1086,Scoreme Account Aggregation Solutions Private Limited,Credit Card,Credit Card,,,,,,,[],,,,,,,,,,,[],"[""Haryana""]",,0.1,gemini,https://www.scoremeaa.com,needs_review,low,1,credit card,medium,,,,,2026-04-03T19:00:08.624226
1087,Scud Finlease Ltd.,MSME Loan,MSME Loan,,,,,,,"[""self_employed_non_professional"", ""business""]",,,,,,,,,,,[],[],,0.1,heuristic,https://www.superiorfinlease.com,needs_review,low,1,msme loan,medium,,,,,2026-04-03T19:00:46.230076
1087,Scud Finlease Ltd.,Education Loan,Education Loan,,,,,,,"[""salaried"", ""self-employed""]",,,,,,,,,,,[],[],,0.1,heuristic,https://www.superiorfinlease.com,needs_review,low,1,education loan,medium,,,,,2026-04-03T19:00:46.230220
1087,Scud Finlease Ltd.,Business Loan,Business Loan,,,,,,,"[""self_employed_non_professional"", ""business""]",,,,,,,,,,,[],[],,0.1,heuristic,https://www.superiorfinlease.com,needs_review,low,1,business loan,medium,,,,,2026-04-03T19:00:46.230848
1088,Servitium Micro Finance Private Limited,MSME Loan,MSME Loan,,,,,,,"[""business"", ""self-employed""]",,,,,,,,,,,[],"[""Punjab"", ""West Bengal""]",,0.2,gemini,https://servitium.in,needs_review,low,1,msme loan,medium,,,,,2026-04-03T19:01:18.977109
1088,Servitium Micro Finance Private Limited,Rural Loan,Rural Loan,,,,,,,"[""agriculture"", ""self-employed"", ""business""]",,,,,,,,,,,[],"[""Punjab"", ""West Bengal""]",,0.2,gemini,https://servitium.in,needs_review,low,1,rural loan,medium,,,,,2026-04-03T19:01:18.977223
1089,Setia Auto Finance Private Ltd.,Loan Against Property,Loan Against Property,,,,,,,[],,,,,,,,,,True,[],"[""Madhya Pradesh""]",,0.1,gemini,https://www.setiafinance.com,needs_review,low,1,loan against property,medium,,,,,2026-04-03T19:01:39.186419
1089,Setia Auto Finance Private Ltd.,MSME Loan,MSME Loan,,,,,,,"[""business"", ""self-employed""]",,,,,,,,,,,[],"[""Madhya Pradesh""]",,0.2,gemini,https://www.setiafinance.com,needs_review,low,1,msme loan,medium,,,,,2026-04-03T19:01:39.186530
1089,Setia Auto Finance Private Ltd.,Vehicle Loan,Vehicle Loan,,,,,,,[],,,,,,,,,,True,"[""vehicle""]","[""Madhya Pradesh""]",,0.1,gemini,https://www.setiafinance.com,needs_review,low,1,vehicle loan,medium,,,,,2026-04-03T19:01:39.186596
1090,Seyad Shariat Finance Limited,Loan Against Property,Loan Against Property,,,,,21,65,"[""salaried"", ""self-employed""]",,,,,,,,,,True,[],[],Property should be free from any encumbrances.,0.2,gemini,https://shariatfinance.com,needs_review,low,1,loan against property,medium,True,True,,,2026-04-03T19:02:10.037495
1090,Seyad Shariat Finance Limited,Vehicle Loan,Vehicle Loan,,,,,21,65,"[""salaried"", ""self-employed""]",,,,,,,,,,True,[],[],Stable income source required.,0.2,gemini,https://shariatfinance.com,needs_review,low,1,vehicle loan,medium,True,True,,,2026-04-03T19:02:10.037643
1091,SGS Fintech Private Limited,Business Loan,Business Loan,,50.0,,,,,"[""business"", ""self_employed_professional"", ""self_employed_non_professional""]",,10.0,2,,,,36,,,False,[],"[""Delhi""]",,0.4,gemini,https://sgsfintech.com,needs_review,medium,1,business loan,low,,,,,2026-04-03T19:02:55.828849
1091,SGS Fintech Private Limited,MSME Loan,MSME Loan,,50.0,,,,,"[""business"", ""self_employed_professional"", ""self_employed_non_professional""]",,10.0,2,,,,36,,,False,[],"[""Delhi""]",,0.4,gemini,https://sgsfintech.com,needs_review,medium,1,msme loan,low,,,,,2026-04-03T19:02:55.828943
1091,SGS Fintech Private Limited,Working Capital Loan,Working Capital,,50.0,,,,,"[""business""]",,10.0,2,,,,12,,,False,[],"[""Delhi""]",,0.4,gemini,https://sgsfintech.com,needs_review,medium,1,working capital loan,low,,,,,2026-04-03T19:02:55.829446
1092,Shabros Fin-Vest Private Limited,Business Loan,Business Loan,,,,,,,[],,,,,,,,,,,[],"[""Delhi""]",,0.1,gemini,https://www.shabrosfinvest.com,needs_review,low,1,business loan,medium,,,,,2026-04-03T19:03:15.185583
1092,Shabros Fin-Vest Private Limited,Gold Loan,Gold Loan,,,,,,,[],,,,,,,,,,True,"[""gold""]","[""Delhi""]",,0.1,gemini,https://www.shabrosfinvest.com,needs_review,low,1,gold loan,medium,,,,,2026-04-03T19:03:15.185714
1092,Shabros Fin-Vest Private Limited,Home Loan,Home Loan,,,,,,,[],,,,,,,,,,True,"[""property""]","[""Delhi""]",,0.1,gemini,https://www.shabrosfinvest.com,needs_review,low,1,home loan,medium,,,,,2026-04-03T19:03:15.185793
1092,Shabros Fin-Vest Private Limited,Loan Against Property,Loan Against Property,,,,,,,[],,,,,,,,,,True,"[""property""]","[""Delhi""]",,0.1,gemini,https://www.shabrosfinvest.com,needs_review,low,1,loan against property,medium,,,,,2026-04-03T19:03:15.185862
1092,Shabros Fin-Vest Private Limited,Personal Loan,Personal Loan,,,,,,,[],,,,,,,,,,,[],"[""Delhi""]",,0.1,gemini,https://www.shabrosfinvest.com,needs_review,low,1,personal loan,medium,,,,,2026-04-03T19:03:15.185926
1093,Shakti Suppliers Pvt Ltd,Credit Card,Credit Card,,,,,,,[],,,,,,,,,,,[],"[""Delhi""]",,0.1,gemini,https://www.retailershakti.com,needs_review,low,1,credit card,medium,,,,,2026-04-03T19:03:32.737618
1093,Shakti Suppliers Pvt Ltd,Supply Chain Finance,Supply Chain Finance,,,,,,,[],,,,,,,,,,,[],"[""Delhi""]",,0.1,gemini,https://www.retailershakti.com,needs_review,low,1,supply chain finance,medium,,,,,2026-04-03T19:03:32.737787
1093,Shakti Suppliers Pvt Ltd,Working Capital,Working Capital,,,,,,,[],,,,,,,,,,,[],"[""Delhi""]",,0.1,gemini,https://www.retailershakti.com,needs_review,low,1,working capital,medium,,,,,2026-04-03T19:03:32.737908
1094,Shalibhadra Capital Market Limited,Consumer Durable Loan,Consumer Durable Loan,,,,,,,"[""salaried"", ""self-employed""]",,,,,,,,,,False,[],"[""Gujarat"", ""Madhya Pradesh"", ""Maharashtra"", ""Rajasthan""]",,0.2,gemini,https://www.shalibhadrafinance.com,needs_review,low,1,consumer durable loan,medium,True,True,,,2026-04-03T19:03:55.916150
1094,Shalibhadra Capital Market Limited,Two Wheeler Loan,Two Wheeler Loan,,,,,,,"[""salaried"", ""self-employed""]",,,,,,,,,,False,[],"[""Gujarat"", ""Madhya Pradesh"", ""Maharashtra"", ""Rajasthan""]",,0.2,gemini,https://www.shalibhadrafinance.com,needs_review,low,1,two wheeler loan,medium,True,True,,,2026-04-03T19:03:55.916288
1094,Shalibhadra Capital Market Limited,Vehicle Loan,Vehicle Loan,,,,,,,"[""salaried"", ""self-employed""]",,,,,,,,,,False,[],"[""Gujarat"", ""Madhya Pradesh"", ""Maharashtra"", ""Rajasthan""]",,0.2,gemini,https://www.shalibhadrafinance.com,needs_review,low,1,vehicle loan,medium,True,True,,,2026-04-03T19:03:55.916386
1095,Share Microfin Ltd,Microfinance,Microfinance,,,,,,,[],,,,,,,,,,,[],"[""Gujarat"", ""Odisha"", ""Telangana"", ""West Bengal""]",,0.1,gemini,https://www.sharemicrofin.com,needs_review,low,1,microfinance,medium,,,,,2026-04-03T19:04:12.297756
1096,Shine Blue Hire Purchase Private Limited,MSME Loan,MSME Loan,,,,,,,[],,,,,,,,,,,[],"[""Rajasthan""]",,0.1,gemini,https://www.shinebluehpl.com,needs_review,low,1,msme loan,medium,,,,,2026-04-03T19:04:34.218706
1096,Shine Blue Hire Purchase Private Limited,Working Capital,Working Capital,,,,,,,[],,,,,,,,,,,[],"[""Rajasthan""]",,0.1,gemini,https://www.shinebluehpl.com,needs_review,low,1,working capital,medium,,,,,2026-04-03T19:04:34.218840
1097,Shradha Projects Ltd,Business Loan,Business Loan,,,,,,,[],,,,,,,,,,,[],"[""West Bengal""]",,0.1,gemini,https://www.shradhaprojects.com,needs_review,low,1,business loan,medium,,,,,2026-04-03T19:04:52.590712
1097,Shradha Projects Ltd,Loan Against Property,Loan Against Property,,,,,,,[],,,,,,,,,,True,"[""property""]","[""West Bengal""]",,0.1,gemini,https://www.shradhaprojects.com,needs_review,low,1,loan against property,medium,,,,,2026-04-03T19:04:52.590855
1097,Shradha Projects Ltd,MSME Loan,MSME Loan,,,,,,,[],,,,,,,,,,,[],"[""West Bengal""]",,0.1,gemini,https://www.shradhaprojects.com,needs_review,low,1,msme loan,medium,,,,,2026-04-03T19:04:52.590959
1097,Shradha Projects Ltd,Personal Loan,Personal Loan,,,,,,,[],,,,,,,,,,,[],"[""West Bengal""]",,0.1,gemini,https://www.shradhaprojects.com,needs_review,low,1,personal loan,medium,,,,,2026-04-03T19:04:52.591055
1098,Shree Marikamba Micro Finance Private Limited,Microfinance,Microfinance,,,,,,,[],,,,,,,,,,,[],[],,0.0,heuristic,https://shreemarikambafinance.in,needs_review,low,1,microfinance,medium,,,,,2026-04-03T19:05:17.968619
1100,"Shree Shyam  Management  &  Investment  Pvt, Ltd.",MSME Loan,MSME Loan,,,,,,,"[""self_employed_non_professional"", ""business""]",,,,,,,,,,,[],[],,0.1,heuristic,https://shreesmi.in,needs_review,low,1,msme loan,medium,,,,,2026-04-03T19:05:53.432788
1100,"Shree Shyam  Management  &  Investment  Pvt, Ltd.",Agriculture Loan,Agriculture Loan,,,,,,,"[""agriculture""]",,,,,,,,,,,[],[],,0.1,heuristic,https://shreesmi.in,needs_review,low,1,agriculture loan,medium,,,,,2026-04-03T19:05:53.432861
1100,"Shree Shyam  Management  &  Investment  Pvt, Ltd.",Vehicle Loan,Vehicle Loan,,,,,,,[],,,,,,,,,,,[],[],,0.0,heuristic,https://shreesmi.in,needs_review,low,1,vehicle loan,medium,,,,,2026-04-03T19:05:53.432912
1100,"Shree Shyam  Management  &  Investment  Pvt, Ltd.",Loan Against Property,Loan Against Property,,,,,,,[],,,,,,,,,,,[],[],,0.0,heuristic,https://shreesmi.in,needs_review,low,1,loan against property,medium,,,,,2026-04-03T19:05:53.432958
1101,Shree Shyam Financial Consultants Pvt Ltd,Agriculture Loan,Agriculture Loan,,,,,,,"[""agriculture""]",,,,,,,,,,,[],"[""Gujarat"", ""Karnataka"", ""Rajasthan"", ""West Bengal""]",,0.2,gemini,https://shreesmi.in,needs_review,low,1,agriculture loan,medium,,,,,2026-04-03T19:06:18.500652
1101,Shree Shyam Financial Consultants Pvt Ltd,Loan Against Property,Loan Against Property,,,,,,,[],,,,,,,,,,True,"[""property""]","[""Gujarat"", ""Karnataka"", ""Rajasthan"", ""West Bengal""]",,0.1,gemini,https://shreesmi.in,needs_review,low,1,loan against property,medium,,,,,2026-04-03T19:06:18.500811
1101,Shree Shyam Financial Consultants Pvt Ltd,MSME Loan,MSME Loan,,,,,,,"[""business""]",,,,,,,,,,,[],"[""Gujarat"", ""Karnataka"", ""Rajasthan"", ""West Bengal""]",,0.2,gemini,https://shreesmi.in,needs_review,low,1,msme loan,medium,,,,,2026-04-03T19:06:18.500930
1101,Shree Shyam Financial Consultants Pvt Ltd,Vehicle Loan,Vehicle Loan,,,,,,,[],,,,,,,,,,True,"[""vehicle""]","[""Gujarat"", ""Karnataka"", ""Rajasthan"", ""West Bengal""]",,0.1,gemini,https://shreesmi.in,needs_review,low,1,vehicle loan,medium,,,,,2026-04-03T19:06:18.501000
1102,Shree Shyam Promoters (P) Ltd.,Agriculture Loan,Agriculture Loan,,,,,,,"[""agriculture""]",,,,,,,,,,,[],"[""Gujarat"", ""Karnataka"", ""Rajasthan"", ""West Bengal""]",,0.2,gemini,https://shreesmi.in,needs_review,low,1,agriculture loan,medium,,,,,2026-04-03T19:06:38.315356
1102,Shree Shyam Promoters (P) Ltd.,Loan Against Property,Loan Against Property,,,,,,,[],,,,,,,,,,True,"[""property""]","[""Gujarat"", ""Karnataka"", ""Rajasthan"", ""West Bengal""]",,0.1,gemini,https://shreesmi.in,needs_review,low,1,loan against property,medium,,,,,2026-04-03T19:06:38.315496
1102,Shree Shyam Promoters (P) Ltd.,MSME Loan,MSME Loan,,,,,,,"[""business"", ""self_employed_professional"", ""self_employed_non_professional""]",,,,,,,,,,,[],"[""Gujarat"", ""Karnataka"", ""Rajasthan"", ""West Bengal""]",,0.2,gemini,https://shreesmi.in,needs_review,low,1,msme loan,medium,,,,,2026-04-03T19:06:38.315746
1102,Shree Shyam Promoters (P) Ltd.,Vehicle Loan,Vehicle Loan,,,,,,,[],,,,,,,,,,True,"[""vehicle""]","[""Gujarat"", ""Karnataka"", ""Rajasthan"", ""West Bengal""]",,0.1,gemini,https://shreesmi.in,needs_review,low,1,vehicle loan,medium,,,,,2026-04-03T19:06:38.315863
1104,Shree Vishnupriya Finance & Leasing Pvt. Ltd.,Working Capital,Working Capital,,,,,,,"[""self_employed_non_professional"", ""business""]",,,,,,,,,,,[],[],,0.1,heuristic,https://shreevishnufinance.com,needs_review,low,1,working capital,medium,,,,,2026-04-03T19:07:20.655114
1104,Shree Vishnupriya Finance & Leasing Pvt. Ltd.,MSME Loan,MSME Loan,,,,,,,"[""self_employed_non_professional"", ""business""]",,,,,,,,,,,[],[],,0.1,heuristic,https://shreevishnufinance.com,needs_review,low,1,msme loan,medium,,,,,2026-04-03T19:07:20.655255
1104,Shree Vishnupriya Finance & Leasing Pvt. Ltd.,Home Loan,Home Loan,,,,,,,[],,,,,,,,,,,[],[],,0.0,heuristic,https://shreevishnufinance.com,needs_review,low,1,home loan,medium,,,,,2026-04-03T19:07:20.655356
1104,Shree Vishnupriya Finance & Leasing Pvt. Ltd.,Loan Against Property,Loan Against Property,,,,,,,[],,,,,,,,,,,[],[],,0.0,heuristic,https://shreevishnufinance.com,needs_review,low,1,loan against property,medium,,,,,2026-04-03T19:07:20.655455
1104,Shree Vishnupriya Finance & Leasing Pvt. Ltd.,Personal Loan,Personal Loan,,,,,,,"[""salaried"", ""self-employed""]",,,,,,,,,,,[],[],,0.1,heuristic,https://shreevishnufinance.com,needs_review,low,1,personal loan,medium,,,,,2026-04-03T19:07:20.655570
1104,Shree Vishnupriya Finance & Leasing Pvt. Ltd.,Rural Loan,Rural Loan,,,,,,,"[""agriculture""]",,,,,,,,,,,[],[],,0.1,heuristic,https://shreevishnufinance.com,needs_review,low,1,rural loan,medium,,,,,2026-04-03T19:07:20.655669
1105,Shreem Finance And Investments Private Limited,Business Loan,Business Loan,,,,,,,[],,,,,,,,,,,[],"[""Maharashtra""]",,0.1,gemini,https://shreemcorporate.com,needs_review,low,1,business loan,medium,,,,,2026-04-03T19:07:48.038074
1105,Shreem Finance And Investments Private Limited,Personal Loan,Personal Loan,,,,,,,[],,,,,,,,,,,[],"[""Maharashtra""]",,0.1,gemini,https://shreemcorporate.com,needs_review,low,1,personal loan,medium,,,,,2026-04-03T19:07:48.038198
1105,Shreem Finance And Investments Private Limited,Home Loan,Home Loan,,,,,,,[],,,,,,,,,,,[],"[""Maharashtra""]",,0.1,gemini,https://shreemcorporate.com,needs_review,low,1,home loan,medium,,,,,2026-04-03T19:07:48.038264
1105,Shreem Finance And Investments Private Limited,Loan Against Property,Loan Against Property,,,,,,,[],,,,,,,,,,True,[],"[""Maharashtra""]",,0.1,gemini,https://shreemcorporate.com,needs_review,low,1,loan against property,medium,,,,,2026-04-03T19:07:48.038322
1105,Shreem Finance And Investments Private Limited,MSME Loan,MSME Loan,,,,,,,[],,,,,,,,,,,[],"[""Maharashtra""]",,0.1,gemini,https://shreemcorporate.com,needs_review,low,1,msme loan,medium,,,,,2026-04-03T19:07:48.038639
1105,Shreem Finance And Investments Private Limited,Working Capital,Working Capital,,,,,,,[],,,,,,,,,,,[],"[""Maharashtra""]",,0.1,gemini,https://shreemcorporate.com,needs_review,low,1,working capital,medium,,,,,2026-04-03T19:07:48.038718
1105,Shreem Finance And Investments Private Limited,Education Loan,Education Loan,,,,,,,[],,,,,,,,,,,[],"[""Maharashtra""]",,0.1,gemini,https://shreemcorporate.com,needs_review,low,1,education loan,medium,,,,,2026-04-03T19:07:48.038777
1105,Shreem Finance And Investments Private Limited,Credit Card,Credit Card,,,,,,,[],,,,,,,,,,,[],"[""Maharashtra""]",,0.1,gemini,https://shreemcorporate.com,needs_review,low,1,credit card,medium,,,,,2026-04-03T19:07:48.038840
1106,Shreepati Capital And Finance Private Limited,MSME Loan,MSME Loan,,,,,,,[],,,,,,,,,,,[],[],,0.0,gemini,https://shreepatihcapital.com,needs_review,low,1,msme loan,medium,,,,,2026-04-03T19:08:08.882941
1106,Shreepati Capital And Finance Private Limited,Microfinance,Microfinance,,,,,,,[],,,,,,,,,,,[],[],,0.0,gemini,https://shreepatihcapital.com,needs_review,low,1,microfinance,medium,,,,,2026-04-03T19:08:08.883056
1106,Shreepati Capital And Finance Private Limited,Working Capital,Working Capital,,,,,,,[],,,,,,,,,,,[],[],,0.0,gemini,https://shreepatihcapital.com,needs_review,low,1,working capital,medium,,,,,2026-04-03T19:08:08.883134
1107,Shriram Credit Company Limited,Two Wheeler Loan,Two Wheeler Loan,,,,,,,[],,,,,,,,,,True,[],"[""Andhra Pradesh"", ""Bihar"", ""Chandigarh"", ""Chhattisgarh"", ""Delhi"", ""Goa"", ""Gujarat"", ""Haryana"", ""Himachal Pradesh"", ""Jharkhand""]",,0.1,gemini,https://www.shriramfortune.in,needs_review,low,1,two wheeler loan,medium,True,True,False,,2026-04-03T19:08:29.821374
1108,Shubh Surya Easyloans Private Limited,Business Loan,Business Loan,,,,,,,"[""business""]",,,,,,,,,,,[],[],,0.1,gemini,https://www.shubhsurya.com,needs_review,low,1,business loan,medium,True,True,True,2,2026-04-03T19:08:52.384715
1111,Silver Star Finance & Leasing Ltd,Rural Loan,Rural Loan,,,,,,,[],,,,,,,,,,,[],"[""Madhya Pradesh""]",,0.1,gemini,https://www.starfinance.co.in,needs_review,low,1,rural loan,medium,,,,,2026-04-03T19:13:11.028669
1111,Silver Star Finance & Leasing Ltd,Two Wheeler Loan,Two Wheeler Loan,,,,,,,[],,,,,,,,,,,[],"[""Madhya Pradesh""]",,0.1,gemini,https://www.starfinance.co.in,needs_review,low,1,two wheeler loan,medium,,,,,2026-04-03T19:13:11.028826
1111,Silver Star Finance & Leasing Ltd,Vehicle Loan,Vehicle Loan,,,,,,,[],,,,,,,,,,,[],"[""Madhya Pradesh""]",,0.1,gemini,https://www.starfinance.co.in,needs_review,low,1,vehicle loan,medium,,,,,2026-04-03T19:13:11.028946
1112,Sindhuja Microcredit Private Limited,Microfinance Loan,Microfinance,0.1,0.75,,,,,"[""business""]",,,,,,12,24,,,False,[],"[""Andhra Pradesh"", ""Maharashtra"", ""Telangana"", ""Uttar Pradesh""]","Women entrepreneurs from low-income households, engaged in income-generating activities.",0.7,gemini,https://sindhujamicrocredit.com,pending,medium,1,microfinance loan,low,,,,,2026-04-03T19:13:32.325328
1112,Sindhuja Microcredit Private Limited,MSME Loan,MSME Loan,0.5,5.0,,,,,"[""business""]",,,,,,,,,,True,[],"[""Andhra Pradesh"", ""Maharashtra"", ""Telangana"", ""Uttar Pradesh""]","Small and medium enterprises, with a focus on women-led businesses.",0.5,gemini,https://sindhujamicrocredit.com,needs_review,low,1,msme loan,medium,,,,,2026-04-03T19:13:32.325487
1113,Singhvi Finlease (India) Limited,Business Loan,Business Loan,,,,,,,"[""business""]",,,2,,,,,,,,[],[],,0.1,gemini,https://singhvifintech.in,needs_review,low,1,business loan,medium,True,True,True,2,2026-04-03T19:13:53.526823
1113,Singhvi Finlease (India) Limited,Working Capital Loan,Working Capital,,,,,,,"[""business""]",,,2,,,,,,,,[],[],,0.1,gemini,https://singhvifintech.in,needs_review,low,1,working capital loan,medium,True,True,True,2,2026-04-03T19:13:53.526952
1114,Sipani Hire Purchase And Finance Company Private Limited,Home Loan,Home Loan,,,,,,,[],,,,,,,,,,,[],"[""Andaman and Nicobar Islands"", ""Andhra Pradesh"", ""Arunachal Pradesh"", ""Assam"", ""Bihar"", ""Chandigarh"", ""Chhattisgarh"", ""Dadra and Nagar Haveli"", ""Delhi"", ""Goa""]",,0.1,gemini,https://www.cavksipani.com,needs_review,low,1,home loan,medium,,,,,2026-04-03T19:14:16.036283
1114,Sipani Hire Purchase And Finance Company Private Limited,MSME Loan,MSME Loan,,,,,,,[],,,,,,,,,,,[],"[""Andaman and Nicobar Islands"", ""Andhra Pradesh"", ""Arunachal Pradesh"", ""Assam"", ""Bihar"", ""Chandigarh"", ""Chhattisgarh"", ""Dadra and Nagar Haveli"", ""Delhi"", ""Goa""]",,0.1,gemini,https://www.cavksipani.com,needs_review,low,1,msme loan,medium,,,,,2026-04-03T19:14:16.036427
1114,Sipani Hire Purchase And Finance Company Private Limited,Vehicle Loan,Vehicle Loan,,,,,,,[],,,,,,,,,,,[],"[""Andaman and Nicobar Islands"", ""Andhra Pradesh"", ""Arunachal Pradesh"", ""Assam"", ""Bihar"", ""Chandigarh"", ""Chhattisgarh"", ""Dadra and Nagar Haveli"", ""Delhi"", ""Goa""]",,0.1,gemini,https://www.cavksipani.com,needs_review,low,1,vehicle loan,medium,,,,,2026-04-03T19:14:16.036501
1114,Sipani Hire Purchase And Finance Company Private Limited,Working Capital,Working Capital,,,,,,,[],,,,,,,,,,,[],"[""Andaman and Nicobar Islands"", ""Andhra Pradesh"", ""Arunachal Pradesh"", ""Assam"", ""Bihar"", ""Chandigarh"", ""Chhattisgarh"", ""Dadra and Nagar Haveli"", ""Delhi"", ""Goa""]",,0.1,gemini,https://www.cavksipani.com,needs_review,low,1,working capital,medium,,,,,2026-04-03T19:14:16.036571
1115,Siri Infinlease Pvt. Ltd.,MSME Loan,MSME Loan,,50.0,650,,21,65,"[""business"", ""self_employed_professional"", ""self_employed_non_professional""]",,12.0,3,18.0,,,36,,,,[],"[""Delhi""]",,0.6,gemini,https://yakshinfinlease.com,pending,low,1,msme loan,high,True,True,True,2,2026-04-03T19:14:38.867977
1116,Sirsa Deposits And Advances  Ltd,Personal Loan,Personal Loan,,,,,,,"[""salaried"", ""self-employed""]",,,,,,,,,,,[],[],,0.1,heuristic,https://www.sirsadepositsadvances.com,needs_review,low,1,personal loan,medium,,,,,2026-04-03T19:15:22.356028
1116,Sirsa Deposits And Advances  Ltd,MSME Loan,MSME Loan,,,,,,,"[""self_employed_non_professional"", ""business""]",,,,,,,,,,,[],[],,0.1,heuristic,https://www.sirsadepositsadvances.com,needs_review,low,1,msme loan,medium,,,,,2026-04-03T19:15:22.356208
1117,Sita Enterprises Ltd.,MSME Loan,MSME Loan,,50.0,,,25,65,"[""business""]",,10.0,3,,,,36,,,False,[],"[""Delhi"", ""Haryana"", ""Uttar Pradesh"", ""Rajasthan""]","Proprietorships, Partnerships, Private Limited Companies, and LLPs are eligible.",0.5,gemini,https://www.sitaenterprises.com,needs_review,low,1,msme loan,medium,True,True,True,2,2026-04-03T19:15:52.498796
1118,Smeintellect Growth Capital Private Limited,MSME Loan,MSME Loan,,10.0,,,21,65,"[""business""]",,10.0,2,,,,36,,,,[],"[""Karnataka""]","Available for Proprietorship, Partnership, Private Limited Company.",0.5,gemini,https://smeintellect.in,needs_review,medium,1,msme loan,low,True,True,True,2,2026-04-03T19:16:32.454970
1118,Smeintellect Growth Capital Private Limited,Rural Loan,Rural Loan,,5.0,,,21,60,"[""agriculture"", ""business"", ""salaried""]",,,,,,,24,,,,[],"[""Karnataka""]",Applicant must be residing in rural or semi-urban areas of Karnataka.,0.5,gemini,https://smeintellect.in,needs_review,medium,1,rural loan,low,True,True,,,2026-04-03T19:16:32.455109
1118,Smeintellect Growth Capital Private Limited,Working Capital Loan,Working Capital,,15.0,,,25,65,"[""business""]",,20.0,3,,,,12,,,,[],"[""Karnataka""]","Available for Proprietorship, Partnership, Private Limited Company.",0.5,gemini,https://smeintellect.in,needs_review,medium,1,working capital loan,low,True,True,True,3,2026-04-03T19:16:32.455191
1120,Solomon Capital Private Limited,Home Loan,Home Loan,,,,,,,[],,,,,,,,,,,[],"[""Haryana""]",,0.1,gemini,https://solomonfintech.com,needs_review,low,1,home loan,medium,,,,,2026-04-03T19:17:04.868735
1120,Solomon Capital Private Limited,Personal Loan,Personal Loan,,,,,,,[],,,,,,,,,,,[],"[""Haryana""]",,0.1,gemini,https://solomonfintech.com,needs_review,low,1,personal loan,medium,,,,,2026-04-03T19:17:04.868846
1120,Solomon Capital Private Limited,Rural Loan,Rural Loan,,,,,,,[],,,,,,,,,,,[],"[""Haryana""]",,0.1,gemini,https://solomonfintech.com,needs_review,low,1,rural loan,medium,,,,,2026-04-03T19:17:04.868930
1120,Solomon Capital Private Limited,Vehicle Loan,Vehicle Loan,,,,,,,[],,,,,,,,,,,[],"[""Haryana""]",,0.1,gemini,https://solomonfintech.com,needs_review,low,1,vehicle loan,medium,,,,,2026-04-03T19:17:04.869010
1121,Sonal Mercantile Ltd.,Business Loan,Business Loan,,,,,,,"[""business"", ""self-employed""]",,,,,,,,,,,[],"[""Delhi""]",,0.2,gemini,https://www.sonalmercantile.in,needs_review,low,1,business loan,medium,,,,,2026-04-03T19:17:38.068184
1121,Sonal Mercantile Ltd.,Personal Loan,Personal Loan,,,,,,,"[""salaried"", ""self-employed""]",,,,,,,,,,,[],"[""Delhi""]",,0.2,gemini,https://www.sonalmercantile.in,needs_review,low,1,personal loan,medium,,,,,2026-04-03T19:17:38.068367
1122,Sonal Tie Up Pvt Ltd,Business Loan,Business Loan,,50.0,,,21,65,"[""business""]",,12.0,3,,,,,,True,False,[],"[""Delhi""]",,0.3,gemini,https://www.sonalmercantile.in,needs_review,low,1,business loan,medium,True,True,True,2,2026-04-03T19:18:02.538170
1122,Sonal Tie Up Pvt Ltd,Personal Loan,Personal Loan,,10.0,,,21,60,"[""salaried"", ""self-employed""]",25.0,,,,,,,,True,False,[],"[""Delhi""]",,0.3,gemini,https://www.sonalmercantile.in,needs_review,low,1,personal loan,medium,True,True,False,2,2026-04-03T19:18:02.538328
1123,South India Finvest Private Limited,MSME Loan,MSME Loan,,,,,,,"[""self_employed_non_professional"", ""business""]",,,,,,,,,,,[],[],,0.1,heuristic,https://southindiafinvest.com,needs_review,low,1,msme loan,medium,,,,,2026-04-03T19:18:29.552048
1123,South India Finvest Private Limited,Microfinance,Microfinance,,,,,,,[],,,,,,,,,,,[],[],,0.0,heuristic,https://southindiafinvest.com,needs_review,low,1,microfinance,medium,,,,,2026-04-03T19:18:29.552192
1123,South India Finvest Private Limited,Consumer Durable Loan,Consumer Durable Loan,,,,,,,"[""salaried"", ""self-employed""]",,,,,,,,,,,[],[],,0.1,heuristic,https://southindiafinvest.com,needs_review,low,1,consumer durable loan,medium,,,,,2026-04-03T19:18:29.552327
1123,South India Finvest Private Limited,Education Loan,Education Loan,,,,,,,"[""salaried"", ""self-employed""]",,,,,,,,,,,[],[],,0.1,heuristic,https://southindiafinvest.com,needs_review,low,1,education loan,medium,,,,,2026-04-03T19:18:29.552423
1123,South India Finvest Private Limited,Micro Loan,Micro Loan,,,,,,,[],,,,,,,,,,,[],[],,0.0,heuristic,https://southindiafinvest.com,needs_review,low,1,micro loan,medium,,,,,2026-04-03T19:18:29.552509
1123,South India Finvest Private Limited,Two Wheeler Loan,Two Wheeler Loan,,,,,,,[],,,,,,,,,,,[],[],,0.0,heuristic,https://southindiafinvest.com,needs_review,low,1,two wheeler loan,medium,,,,,2026-04-03T19:18:29.552591
1123,South India Finvest Private Limited,Personal Loan,Personal Loan,,,,,,,"[""salaried"", ""self-employed""]",,,,,,,,,,,[],[],,0.1,heuristic,https://southindiafinvest.com,needs_review,low,1,personal loan,medium,,,,,2026-04-03T19:18:29.552676
1124,South Indian Credits Limited (Earlier known as South Indian Trading Syndicate (Kottapadi) Limited),MSME Loan,MSME Loan,,,,,,,"[""self_employed_non_professional"", ""business""]",,,,,,,,,,,[],[],,0.1,heuristic,https://southindiancredits.com,needs_review,low,1,msme loan,medium,,,,,2026-04-03T19:19:07.345141
1124,South Indian Credits Limited (Earlier known as South Indian Trading Syndicate (Kottapadi) Limited),Gold Loan,Gold Loan,,,,,,,[],,,,,,,,,,,[],[],,0.0,heuristic,https://southindiancredits.com,needs_review,low,1,gold loan,medium,,,,,2026-04-03T19:19:07.345304
1124,South Indian Credits Limited (Earlier known as South Indian Trading Syndicate (Kottapadi) Limited),Microfinance,Microfinance,,,,,,,[],,,,,,,,,,,[],[],,0.0,heuristic,https://southindiancredits.com,needs_review,low,1,microfinance,medium,,,,,2026-04-03T19:19:07.345441
1124,South Indian Credits Limited (Earlier known as South Indian Trading Syndicate (Kottapadi) Limited),Personal Loan,Personal Loan,,,,,,,"[""salaried"", ""self-employed""]",,,,,,,,,,,[],[],,0.1,heuristic,https://southindiancredits.com,needs_review,low,1,personal loan,medium,,,,,2026-04-03T19:19:07.345541
1124,South Indian Credits Limited (Earlier known as South Indian Trading Syndicate (Kottapadi) Limited),Rural Loan,Rural Loan,,,,,,,"[""agriculture""]",,,,,,,,,,,[],[],,0.1,heuristic,https://southindiancredits.com,needs_review,low,1,rural loan,medium,,,,,2026-04-03T19:19:07.345636
1125,Spheeti Fintech Private Limited,Credit Card,Credit Card,,,,,,,[],,,,,,,,,,,[],"[""Maharashtra""]",,0.1,gemini,https://spheetifintech.com,needs_review,low,1,credit card,medium,,,,,2026-04-03T19:19:30.315042
1126,Spinny Capital Private Limited,Spinny Assured Car Loan,Vehicle Loan,,,,,,,"[""salaried"", ""self-employed""]",,,,,,,72,,,True,[],"[""Chandigarh"", ""Delhi""]",Available for Spinny Assured cars only. Loan amount up to 100% of the car value.,0.4,gemini,https://www.spinny.com,needs_review,medium,1,spinny assured car loan,low,True,True,,,2026-04-03T19:19:57.532526
1127,Srestha Finvest Limited,MSME Loan,MSME Loan,,,,,,,[],,,,,,,,,,,[],"[""Tamil Nadu""]",,0.1,gemini,https://www.srestha.co.in/who.php,needs_review,low,1,msme loan,medium,,,,,2026-04-03T19:20:12.152488
1128,"Sri Mahaveer Auto Finance (Madras) Private Limited (Earlier known as Sri Mahaveer Auto Finance (Madras) Limited, Chennai)",Vehicle Loan,Vehicle Loan,,,,,21,65,"[""salaried"", ""self-employed""]",,,,,,,,,,True,[],"[""Andhra Pradesh"", ""Karnataka"", ""Puducherry"", ""Tamil Nadu"", ""Telangana""]","Available for new and used vehicles including cars, bikes, and commercial vehicles.",0.3,gemini,https://mahaveerfinance.com,needs_review,low,1,vehicle loan,medium,True,True,,,2026-04-03T19:20:33.105747
1129,SRM Share & Finance Brokers  Pvt. Ltd.,Rural Loan,Rural Loan,,,,,,,[],,,,,,,,,,,[],"[""Jammu & Kashmir"", ""Ladakh"", ""Maharashtra""]",,0.1,gemini,https://www.sharekhan.com/stock/srm-contractors-ltd,needs_review,low,1,rural loan,medium,,,,,2026-04-03T19:20:45.741886
1130,SSA Finserv Private Limited,MSME Loan,MSME Loan,,50.0,650,,21,65,"[""business""]",,10.0,3,,,,36,,,False,[],[],,0.4,gemini,https://www.ssafinserv.com,needs_review,medium,1,msme loan,low,True,True,True,2,2026-04-03T19:21:06.603517
1130,SSA Finserv Private Limited,Personal Loan,Personal Loan,,10.0,700,,21,60,"[""salaried"", ""self-employed""]",20.0,,,,,,60,,,False,[],[],,0.4,gemini,https://www.ssafinserv.com,needs_review,medium,1,personal loan,low,True,True,,2,2026-04-03T19:21:06.603685
1131,Standard Capital Markets Ltd.,Business Loan,Business Loan,,,,,,,[],,,,,,,,,,,[],[],,0.0,gemini,https://standardcapital.in,needs_review,low,1,business loan,medium,,,,,2026-04-03T19:21:58.874022
1131,Standard Capital Markets Ltd.,Gold Loan,Gold Loan,,,,,,,[],,,,,,,,,,True,[],[],,0.0,gemini,https://standardcapital.in,needs_review,low,1,gold loan,medium,,,,,2026-04-03T19:21:58.874101
1131,Standard Capital Markets Ltd.,Home Loan,Home Loan,,,,,,,[],,,,,,,,,,True,[],[],,0.0,gemini,https://standardcapital.in,needs_review,low,1,home loan,medium,,,,,2026-04-03T19:21:58.874296
1131,Standard Capital Markets Ltd.,Loan Against Property,Loan Against Property,,,,,,,[],,,,,,,,,,True,[],[],,0.0,gemini,https://standardcapital.in,needs_review,low,1,loan against property,medium,,,,,2026-04-03T19:21:58.874387
1131,Standard Capital Markets Ltd.,Personal Loan,Personal Loan,,,,,,,[],,,,,,,,,,False,[],[],,0.0,gemini,https://standardcapital.in,needs_review,low,1,personal loan,medium,,,,,2026-04-03T19:21:58.874443
1131,Standard Capital Markets Ltd.,Supply Chain Finance,Supply Chain Finance,,,,,,,[],,,,,,,,,,,[],[],,0.0,gemini,https://standardcapital.in,needs_review,low,1,supply chain finance,medium,,,,,2026-04-03T19:21:58.874494
1131,Standard Capital Markets Ltd.,Working Capital,Working Capital,,,,,,,[],,,,,,,,,,,[],[],,0.0,gemini,https://standardcapital.in,needs_review,low,1,working capital,medium,,,,,2026-04-03T19:21:58.874841
1132,Star Trafin (P) Ltd,Gold Loan,Gold Loan,,,,,,,[],,,,,,,,,,True,"[""gold""]","[""West Bengal""]",,0.1,gemini,https://www.startrafin.com,needs_review,low,1,gold loan,medium,,,,,2026-04-03T19:22:15.044911
1133,Starlit Pharmaceuticals Pvt. Ltd.,Business Loan,Business Loan,,,,,,,[],,,,,,,,,,,[],"[""Delhi""]",,0.1,gemini,https://www.starlitfinance.com,needs_review,low,1,business loan,medium,,,,,2026-04-03T19:22:39.875658
1133,Starlit Pharmaceuticals Pvt. Ltd.,Loan Against Property,Loan Against Property,,,,,,,[],,,,,,,,,,True,"[""property""]","[""Delhi""]",,0.1,gemini,https://www.starlitfinance.com,needs_review,low,1,loan against property,medium,,,,,2026-04-03T19:22:39.875803
1133,Starlit Pharmaceuticals Pvt. Ltd.,MSME Loan,MSME Loan,,,,,,,[],,,,,,,,,,,[],"[""Delhi""]",,0.1,gemini,https://www.starlitfinance.com,needs_review,low,1,msme loan,medium,,,,,2026-04-03T19:22:39.875904
1133,Starlit Pharmaceuticals Pvt. Ltd.,Personal Loan,Personal Loan,,,,,,,[],,,,,,,,,,,[],"[""Delhi""]",,0.1,gemini,https://www.starlitfinance.com,needs_review,low,1,personal loan,medium,,,,,2026-04-03T19:22:39.875999
1133,Starlit Pharmaceuticals Pvt. Ltd.,Working Capital,Working Capital,,,,,,,[],,,,,,,,,,,[],"[""Delhi""]",,0.1,gemini,https://www.starlitfinance.com,needs_review,low,1,working capital,medium,,,,,2026-04-03T19:22:39.876090
1134,Stellar Investments Ltd.,MSME Loan,MSME Loan,,,,,,,[],,,,,,,,,,,[],"[""Delhi""]",,0.1,gemini,https://www.stellarinvestments.in,needs_review,low,1,msme loan,medium,,,,,2026-04-03T19:22:58.857504
1135,Storrose Vyapaar (P) Ltd,Personal Loan,Personal Loan,,,,,,,[],,,,,,,,,,,[],"[""Andaman and Nicobar Islands"", ""Andhra Pradesh"", ""Arunachal Pradesh"", ""Assam"", ""Bihar"", ""Chandigarh"", ""Chhattisgarh"", ""Goa"", ""Gujarat"", ""Haryana""]",,0.1,gemini,https://www.storrosevyapaar.com,needs_review,low,1,personal loan,medium,,,,,2026-04-03T19:23:15.964192
1135,Storrose Vyapaar (P) Ltd,Rural Loan,Rural Loan,,,,,,,[],,,,,,,,,,,[],"[""Andaman and Nicobar Islands"", ""Andhra Pradesh"", ""Arunachal Pradesh"", ""Assam"", ""Bihar"", ""Chandigarh"", ""Chhattisgarh"", ""Goa"", ""Gujarat"", ""Haryana""]",,0.1,gemini,https://www.storrosevyapaar.com,needs_review,low,1,rural loan,medium,,,,,2026-04-03T19:23:15.964328
1136,Subhlakshmi Finance Private Limited (Old Name - Pepsu Capital Services Private Limited),Business Loan,Business Loan,0.5,10.0,,,,,"[""business""]",,,2,,,,36,,,False,[],"[""Bihar"", ""Delhi"", ""Haryana"", ""Himachal Pradesh"", ""Madhya Pradesh"", ""Punjab"", ""Rajasthan"", ""Uttar Pradesh""]",For Small Business Owners,0.6,gemini,https://www.subhlakshmi.in,pending,medium,1,business loan,low,True,True,,,2026-04-03T19:23:37.862338
1136,Subhlakshmi Finance Private Limited (Old Name - Pepsu Capital Services Private Limited),Home Loan,Home Loan,5.0,50.0,,,,,"[""salaried"", ""self-employed""]",,,,,,,240,,,True,[],"[""Bihar"", ""Delhi"", ""Haryana"", ""Himachal Pradesh"", ""Madhya Pradesh"", ""Punjab"", ""Rajasthan"", ""Uttar Pradesh""]",,0.5,gemini,https://www.subhlakshmi.in,needs_review,medium,1,home loan,low,True,True,,,2026-04-03T19:23:37.862554
1136,Subhlakshmi Finance Private Limited (Old Name - Pepsu Capital Services Private Limited),Loan Against Property,Loan Against Property,5.0,100.0,,,,,"[""salaried"", ""self-employed""]",,,,,,,180,,,True,[],"[""Bihar"", ""Delhi"", ""Haryana"", ""Himachal Pradesh"", ""Madhya Pradesh"", ""Punjab"", ""Rajasthan"", ""Uttar Pradesh""]",,0.5,gemini,https://www.subhlakshmi.in,needs_review,medium,1,loan against property,low,True,True,,,2026-04-03T19:23:37.862731
1137,Subitha Leasing Company Ltd.,Micro Loan,Micro Loan,,,,,,,"[""self-employed"", ""business""]",,,,,,,,,,,[],[],"Designed to help individuals and small businesses access credit for various purposes, including income-generating activities, education, healthcare, and housing.",0.2,gemini,https://subithaleasing.in,needs_review,low,1,micro loan,medium,,,,,2026-04-03T19:24:01.672743
1137,Subitha Leasing Company Ltd.,Vehicle Loan,Vehicle Loan,,,,,,,"[""salaried"", ""self-employed"", ""business""]",,,,,,,,,,True,"[""vehicle""]",[],"For the purchase of new and used vehicles. Financing for a wide range of vehicles, including two-wheelers, cars, SUVs, commercial vehicles, and more.",0.2,gemini,https://subithaleasing.in,needs_review,low,1,vehicle loan,medium,,,,,2026-04-03T19:24:01.672902
1138,Suganmul Dugar Finance Limited,EV Loan,EV Loan,,,,,,,[],,,,,,,,,,,[],"[""Gujarat"", ""Karnataka"", ""Madhya Pradesh"", ""Maharashtra"", ""Rajasthan"", ""Tamil Nadu""]",,0.1,gemini,https://dugar.co.in,needs_review,low,1,ev loan,medium,,,,,2026-04-03T19:24:28.735954
1138,Suganmul Dugar Finance Limited,Home Loan,Home Loan,,,,,,,[],,,,,,,,,,,[],"[""Gujarat"", ""Karnataka"", ""Madhya Pradesh"", ""Maharashtra"", ""Rajasthan"", ""Tamil Nadu""]",,0.1,gemini,https://dugar.co.in,needs_review,low,1,home loan,medium,,,,,2026-04-03T19:24:28.736201
1138,Suganmul Dugar Finance Limited,Loan Against Property,Loan Against Property,,,,,,,[],,,,,,,,,,,[],"[""Gujarat"", ""Karnataka"", ""Madhya Pradesh"", ""Maharashtra"", ""Rajasthan"", ""Tamil Nadu""]",,0.1,gemini,https://dugar.co.in,needs_review,low,1,loan against property,medium,,,,,2026-04-03T19:24:28.736349
1138,Suganmul Dugar Finance Limited,MSME Loan,MSME Loan,,,,,,,[],,,,,,,,,,,[],"[""Gujarat"", ""Karnataka"", ""Madhya Pradesh"", ""Maharashtra"", ""Rajasthan"", ""Tamil Nadu""]",,0.1,gemini,https://dugar.co.in,needs_review,low,1,msme loan,medium,,,,,2026-04-03T19:24:28.736466
1138,Suganmul Dugar Finance Limited,Vehicle Loan,Vehicle Loan,,,,,,,[],,,,,,,,,,,[],"[""Gujarat"", ""Karnataka"", ""Madhya Pradesh"", ""Maharashtra"", ""Rajasthan"", ""Tamil Nadu""]",,0.1,gemini,https://dugar.co.in,needs_review,low,1,vehicle loan,medium,,,,,2026-04-03T19:24:28.736632
1139,Sulabh Engineers & Services Ltd,Business Loan,Business Loan,,,,,,,[],,,,,,,,,,,[],"[""Uttar Pradesh""]",,0.1,gemini,https://www.sulabh.org.in,needs_review,low,1,business loan,medium,,,,,2026-04-03T19:24:51.166585
1139,Sulabh Engineers & Services Ltd,MSME Loan,MSME Loan,,,,,,,[],,,,,,,,,,,[],"[""Uttar Pradesh""]",,0.1,gemini,https://www.sulabh.org.in,needs_review,low,1,msme loan,medium,,,,,2026-04-03T19:24:51.166681
1139,Sulabh Engineers & Services Ltd,Rural Loan,Rural Loan,,,,,,,[],,,,,,,,,,,[],"[""Uttar Pradesh""]",,0.1,gemini,https://www.sulabh.org.in,needs_review,low,1,rural loan,medium,,,,,2026-04-03T19:24:51.166734
1139,Sulabh Engineers & Services Ltd,Working Capital,Working Capital,,,,,,,[],,,,,,,,,,,[],"[""Uttar Pradesh""]",,0.1,gemini,https://www.sulabh.org.in,needs_review,low,1,working capital,medium,,,,,2026-04-03T19:24:51.166779
1141,Sunita Finlease Ltd.,Business Loan,Business Loan,,50.0,,,21,65,"[""business""]",,,2,,,,,,,,[],"[""Chhattisgarh""]",,0.3,gemini,https://www.sunitafinance.com,needs_review,low,1,business loan,medium,True,True,True,2,2026-04-03T19:25:33.021859
1141,Sunita Finlease Ltd.,MSME Loan,MSME Loan,,25.0,,,21,65,"[""business""]",,,1,,,,,,,,[],"[""Chhattisgarh""]",Valid MSME registration,0.4,gemini,https://www.sunitafinance.com,needs_review,low,1,msme loan,medium,True,True,True,2,2026-04-03T19:25:33.022008
1141,Sunita Finlease Ltd.,Personal Loan,Personal Loan,,10.0,,,21,60,"[""salaried"", ""self-employed""]",,,,,,,,,,False,[],"[""Chhattisgarh""]",,0.3,gemini,https://www.sunitafinance.com,needs_review,low,1,personal loan,medium,True,True,,,2026-04-03T19:25:33.022115
1142,Sunlog Credits Pvt. Ltd.,Personal Loan,Personal Loan,,5.0,650,,21,60,"[""salaried"", ""self-employed""]",15.0,,,,,,,,,False,[],"[""Delhi""]","Minimum 1 year work experience for Salaried, Minimum 2 years work experience for Self-Employed. Minimum monthly income ₹15,000 for Salaried, ₹20,000 for Self-Employed.",0.5,gemini,https://www.sunlogcredits.com,needs_review,medium,1,personal loan,low,True,True,False,,2026-04-03T19:25:55.705816
1143,Sunshine Fintrade Pvt Ltd,Personal Loan,Personal Loan,,5.0,,,21,60,"[""salaried"", ""self-employed""]",20.0,,,,,,,,,False,[],"[""Delhi""]",,0.3,gemini,https://www.sunshinecapital.in,needs_review,low,1,personal loan,medium,True,True,,2,2026-04-03T19:26:26.662172
1144,Sunshine Finvest Private Limited,Personal Loan,Personal Loan,,,,,,,[],,,,,,,,,,,[],"[""Delhi""]",,0.1,gemini,https://www.sunshinecapital.in,needs_review,low,1,personal loan,medium,,,,,2026-04-03T19:26:54.740550
1145,Superior Finlease Ltd.,Business Loan,Business Loan,,,,,,,"[""business""]",,,,,,,,,,,[],"[""Delhi""]",,0.2,gemini,https://www.superiorfinlease.com,needs_review,low,1,business loan,medium,,,,,2026-04-03T19:27:24.762641
1145,Superior Finlease Ltd.,Education Loan,Education Loan,,,,,,,[],,,,,,,,,,,[],"[""Delhi""]",,0.1,gemini,https://www.superiorfinlease.com,needs_review,low,1,education loan,medium,,,,,2026-04-03T19:27:24.762774
1145,Superior Finlease Ltd.,MSME Loan,MSME Loan,,,,,,,"[""business""]",,,,,,,,,,,[],"[""Delhi""]",,0.2,gemini,https://www.superiorfinlease.com,needs_review,low,1,msme loan,medium,,,,,2026-04-03T19:27:24.762871
1146,Surjit Hire Purchase Private Ltd. (Made Pvt Wef 6.3.2019),Rural Loan,Rural Loan,,,,,,,[],,,,,,,,,,,[],"[""Uttar Pradesh""]",,0.1,gemini,https://www.surjitfinance.com,needs_review,low,1,rural loan,medium,,,,,2026-04-03T19:27:40.967815
1147,Survika Traders (P) Ltd,Personal Loan,Personal Loan,,,,,,,"[""salaried"", ""self-employed""]",,,,,,,,,,,[],[],,0.1,heuristic,https://www.survikatraders.com,needs_review,low,1,personal loan,medium,,,,,2026-04-03T19:28:04.878435
1147,Survika Traders (P) Ltd,MSME Loan,MSME Loan,,,,,,,"[""self_employed_non_professional"", ""business""]",,,,,,,,,,,[],[],,0.1,heuristic,https://www.survikatraders.com,needs_review,low,1,msme loan,medium,,,,,2026-04-03T19:28:04.878523
1147,Survika Traders (P) Ltd,Supply Chain Finance,Supply Chain Finance,,,,,,,"[""self_employed_non_professional"", ""business""]",,,,,,,,,,,[],[],,0.1,heuristic,https://www.survikatraders.com,needs_review,low,1,supply chain finance,medium,,,,,2026-04-03T19:28:04.878585
1147,Survika Traders (P) Ltd,Working Capital,Working Capital,,,,,,,"[""self_employed_non_professional"", ""business""]",,,,,,,,,,,[],[],,0.1,heuristic,https://www.survikatraders.com,needs_review,low,1,working capital,medium,,,,,2026-04-03T19:28:04.878640
1148,Sushil Securities (P) Ltd,Rural Loan,Rural Loan,,,,,,,[],,,,,,,,,,,[],[],,0.0,gemini,https://www.sushilfinance.com,needs_review,low,1,rural loan,medium,,,,,2026-04-03T19:28:24.532059
1149,Suvidha Securities Private Limited,Business Loan,Business Loan,,,,,,,"[""business""]",,,,,,,,,,False,[],"[""Uttar Pradesh""]",,0.2,gemini,https://suvidhaacredit.com,needs_review,low,1,business loan,medium,,,,,2026-04-03T19:28:41.244769
1149,Suvidha Securities Private Limited,Personal Loan,Personal Loan,,,,,,,"[""salaried"", ""self-employed""]",,,,,,,,,,,[],"[""Uttar Pradesh""]",,0.2,gemini,https://suvidhaacredit.com,needs_review,low,1,personal loan,medium,,,,,2026-04-03T19:28:41.244888
1150,Svakarma Finance Private Limited,Business Loan,Business Loan,,25.0,650,,25,65,"[""business""]",,10.0,3,,,,36,,,False,[],[],,0.4,gemini,https://www.svakarma.com,needs_review,medium,1,business loan,low,True,True,True,2,2026-04-03T19:28:58.339011
1151,Svamaan Financial Services Private Limited,Microfinance,Microfinance,,,,,,,"[""self-employed"", ""business""]",,,,,,,,,,,[],"[""Bihar"", ""Haryana"", ""Jharkhand"", ""Karnataka"", ""Madhya Pradesh"", ""Maharashtra"", ""Odisha"", ""Rajasthan"", ""Tamil Nadu"", ""Telangana""]",,0.2,gemini,https://www.svamaan.in,needs_review,low,1,microfinance,medium,,,,,2026-04-03T19:29:23.621344
1152,Svasti Micro Finance Pvt Ltd,Rural Loan,Rural Loan,,,,,,,"[""self_employed_non_professional""]",,,,,,,,,,False,[],"[""Chhattisgarh"", ""Goa"", ""Gujarat"", ""Madhya Pradesh"", ""Maharashtra"", ""Rajasthan"", ""Tamil Nadu"", ""Uttar Pradesh""]",Available to women entrepreneurs in rural and semi-urban areas.,0.3,gemini,https://www.svasti.in,needs_review,low,1,rural loan,medium,,,,,2026-04-03T19:29:47.784632
1153,Swagat Hire Purchase & Finance Co Pvt Ltd,Business Loan,Business Loan,,,,,,,[],,,,,,,,,,,[],"[""Uttar Pradesh""]",,0.1,gemini,https://swagat.mitrsewa.com,needs_review,low,1,business loan,medium,,,,,2026-04-03T19:30:11.136688
1153,Swagat Hire Purchase & Finance Co Pvt Ltd,Consumer Durable Loan,Consumer Durable Loan,,,,,,,[],,,,,,,,,,,[],"[""Uttar Pradesh""]",,0.1,gemini,https://swagat.mitrsewa.com,needs_review,low,1,consumer durable loan,medium,,,,,2026-04-03T19:30:11.136802
1153,Swagat Hire Purchase & Finance Co Pvt Ltd,Gold Loan,Gold Loan,,,,,,,[],,,,,,,,,,True,"[""gold""]","[""Uttar Pradesh""]",,0.1,gemini,https://swagat.mitrsewa.com,needs_review,low,1,gold loan,medium,,,,,2026-04-03T19:30:11.136876
1153,Swagat Hire Purchase & Finance Co Pvt Ltd,Home Loan,Home Loan,,,,,,,[],,,,,,,,,,True,"[""property""]","[""Uttar Pradesh""]",,0.1,gemini,https://swagat.mitrsewa.com,needs_review,low,1,home loan,medium,,,,,2026-04-03T19:30:11.136935
1153,Swagat Hire Purchase & Finance Co Pvt Ltd,Loan Against Property,Loan Against Property,,,,,,,[],,,,,,,,,,True,"[""property""]","[""Uttar Pradesh""]",,0.1,gemini,https://swagat.mitrsewa.com,needs_review,low,1,loan against property,medium,,,,,2026-04-03T19:30:11.137004
1153,Swagat Hire Purchase & Finance Co Pvt Ltd,MSME Loan,MSME Loan,,,,,,,[],,,,,,,,,,,[],"[""Uttar Pradesh""]",,0.1,gemini,https://swagat.mitrsewa.com,needs_review,low,1,msme loan,medium,,,,,2026-04-03T19:30:11.137279
1153,Swagat Hire Purchase & Finance Co Pvt Ltd,Personal Loan,Personal Loan,,,,,,,[],,,,,,,,,,False,[],"[""Uttar Pradesh""]",,0.1,gemini,https://swagat.mitrsewa.com,needs_review,low,1,personal loan,medium,,,,,2026-04-03T19:30:11.137403
1153,Swagat Hire Purchase & Finance Co Pvt Ltd,Vehicle Loan,Vehicle Loan,,,,,,,[],,,,,,,,,,True,"[""vehicle""]","[""Uttar Pradesh""]",,0.1,gemini,https://swagat.mitrsewa.com,needs_review,low,1,vehicle loan,medium,,,,,2026-04-03T19:30:11.137484
1154,Swarnodhayam Credits Private Limited,Microfinance,Microfinance,,,,,,,[],,,,,,,,,,,[],[],,0.0,heuristic,https://www.swarnodhayam.com,needs_review,low,1,microfinance,medium,,,,,2026-04-03T19:30:46.690519
1154,Swarnodhayam Credits Private Limited,MSME Loan,MSME Loan,,,,,,,"[""self_employed_non_professional"", ""business""]",,,,,,,,,,,[],[],,0.1,heuristic,https://www.swarnodhayam.com,needs_review,low,1,msme loan,medium,,,,,2026-04-03T19:30:46.690667
1154,Swarnodhayam Credits Private Limited,Working Capital,Working Capital,,,,,,,"[""self_employed_non_professional"", ""business""]",,,,,,,,,,,[],[],,0.1,heuristic,https://www.swarnodhayam.com,needs_review,low,1,working capital,medium,,,,,2026-04-03T19:30:46.690773
1154,Swarnodhayam Credits Private Limited,Business Loan,Business Loan,,,,,,,"[""self_employed_non_professional"", ""business""]",,,,,,,,,,,[],[],,0.1,heuristic,https://www.swarnodhayam.com,needs_review,low,1,business loan,medium,,,,,2026-04-03T19:30:46.690867
1155,Tapstart Capital Private Limited,Personal Loan,Personal Loan,,,,,,,[],,,,,,,,,,False,[],"[""Karnataka""]",,0.1,gemini,https://tapstart.in,needs_review,low,1,personal loan,medium,True,True,False,,2026-04-03T19:31:05.376344
1156,Tattva Fincorp Limited,Business Loan,Business Loan,,,,,,,"[""self_employed_non_professional"", ""business""]",,,,,,,,,,,[],[],,0.1,heuristic,https://www.tattvafincorp.com,needs_review,low,1,business loan,medium,,,,,2026-04-03T19:31:35.744356
1156,Tattva Fincorp Limited,MSME Loan,MSME Loan,,,,,,,"[""self_employed_non_professional"", ""business""]",,,,,,,,,,,[],[],,0.1,heuristic,https://www.tattvafincorp.com,needs_review,low,1,msme loan,medium,,,,,2026-04-03T19:31:35.744440
1156,Tattva Fincorp Limited,Home Loan,Home Loan,,,,,,,[],,,,,,,,,,,[],[],,0.0,heuristic,https://www.tattvafincorp.com,needs_review,low,1,home loan,medium,,,,,2026-04-03T19:31:35.744494
1156,Tattva Fincorp Limited,Gold Loan,Gold Loan,,,,,,,[],,,,,,,,,,,[],[],,0.0,heuristic,https://www.tattvafincorp.com,needs_review,low,1,gold loan,medium,,,,,2026-04-03T19:31:35.744544
1156,Tattva Fincorp Limited,Consumer Durable Loan,Consumer Durable Loan,,,,,,,"[""salaried"", ""self-employed""]",,,,,,,,,,,[],[],,0.1,heuristic,https://www.tattvafincorp.com,needs_review,low,1,consumer durable loan,medium,,,,,2026-04-03T19:31:35.744597
1156,Tattva Fincorp Limited,Two Wheeler Loan,Two Wheeler Loan,,,,,,,[],,,,,,,,,,,[],[],,0.0,heuristic,https://www.tattvafincorp.com,needs_review,low,1,two wheeler loan,medium,,,,,2026-04-03T19:31:35.744647
1156,Tattva Fincorp Limited,Vehicle Loan,Vehicle Loan,,,,,,,[],,,,,,,,,,,[],[],,0.0,heuristic,https://www.tattvafincorp.com,needs_review,low,1,vehicle loan,medium,,,,,2026-04-03T19:31:35.744689
1156,Tattva Fincorp Limited,Loan Against Property,Loan Against Property,,,,,,,[],,,,,,,,,,,[],[],,0.0,heuristic,https://www.tattvafincorp.com,needs_review,low,1,loan against property,medium,,,,,2026-04-03T19:31:35.744766
1156,Tattva Fincorp Limited,Personal Loan,Personal Loan,,,,,,,"[""salaried"", ""self-employed""]",,,,,,,,,,,[],[],,0.1,heuristic,https://www.tattvafincorp.com,needs_review,low,1,personal loan,medium,,,,,2026-04-03T19:31:35.744820
1157,Team India Guaranty Limited (Earlier known as Times Guaranty Limited),Loan Against Property,Loan Against Property,,,,,21,65,"[""salaried"", ""self_employed_professional"", ""business""]",,,,,,,,,,True,[],[],Applicant must be the legal owner of the property being mortgaged.,0.2,gemini,https://www.teamindiaguarantylimited.com,needs_review,low,1,loan against property,medium,True,True,True,,2026-04-03T19:32:00.418594
1157,Team India Guaranty Limited (Earlier known as Times Guaranty Limited),Supply Chain Finance,Supply Chain Finance,,,,,,,"[""business""]",,,,,,,,,,,[],[],Typically offered to established businesses with a strong track record and a well-defined supply chain. A clear and verifiable relationship between buyers and suppliers is essential.,0.2,gemini,https://www.teamindiaguarantylimited.com,needs_review,low,1,supply chain finance,medium,True,True,True,,2026-04-03T19:32:00.418763
1157,Team India Guaranty Limited (Earlier known as Times Guaranty Limited),Working Capital,Working Capital,,,,,,,"[""business""]",,,,,,,,,,,[],[],"Available to registered businesses, including proprietorships, partnerships, and companies. A minimum business vintage is generally required. Applicants should exhibit sound financial health, including consistent revenue and profitability.",0.2,gemini,https://www.teamindiaguarantylimited.com,needs_review,low,1,working capital,medium,True,True,True,,2026-04-03T19:32:00.418861
1158,Techaviom Finance Private Limited,Business Loan,Business Loan,,50.0,650,,21,65,"[""self-employed"", ""business""]",,12.0,3,18.0,,,36,3.0,True,False,[],"[""Delhi""]",,0.6,gemini,https://www.techaviom.in,pending,medium,1,business loan,low,True,True,True,2,2026-04-03T19:32:24.258653
1159,"Telecom Finance (India) Limited,",EV Loan,EV Loan,,,,,,,[],,,,,,,,,,,[],[],,0.0,heuristic,https://www.bhartitelecom.in,needs_review,low,1,ev loan,medium,,,,,2026-04-03T20:40:07.163608
1159,"Telecom Finance (India) Limited,",Business Loan,Business Loan,,,,,,,"[""self_employed_non_professional"", ""business""]",,,,,,,,,,,[],[],,0.1,heuristic,https://www.bhartitelecom.in,needs_review,low,1,business loan,medium,,,,,2026-04-03T20:40:07.163946
1159,"Telecom Finance (India) Limited,",Consumer Durable Loan,Consumer Durable Loan,,,,,,,"[""salaried"", ""self-employed""]",,,,,,,,,,,[],[],,0.1,heuristic,https://www.bhartitelecom.in,needs_review,low,1,consumer durable loan,medium,,,,,2026-04-03T20:40:07.164208
1159,"Telecom Finance (India) Limited,",Home Loan,Home Loan,,,,,,,[],,,,,,,,,,,[],[],,0.0,heuristic,https://www.bhartitelecom.in,needs_review,low,1,home loan,medium,,,,,2026-04-03T20:40:07.164308
1159,"Telecom Finance (India) Limited,",Vehicle Loan,Vehicle Loan,,,,,,,[],,,,,,,,,,,[],[],,0.0,heuristic,https://www.bhartitelecom.in,needs_review,low,1,vehicle loan,medium,,,,,2026-04-03T20:40:07.164381
1159,"Telecom Finance (India) Limited,",Working Capital,Working Capital,,,,,,,"[""self_employed_non_professional"", ""business""]",,,,,,,,,,,[],[],,0.1,heuristic,https://www.bhartitelecom.in,needs_review,low,1,working capital,medium,,,,,2026-04-03T20:40:07.164478
1159,"Telecom Finance (India) Limited,",Personal Loan,Personal Loan,,,,,,,"[""salaried"", ""self-employed""]",,,,,,,,,,,[],[],,0.1,heuristic,https://www.bhartitelecom.in,needs_review,low,1,personal loan,medium,,,,,2026-04-03T20:40:07.164549
1159,"Telecom Finance (India) Limited,",Rural Loan,Rural Loan,,,,,,,"[""agriculture""]",,,,,,,,,,,[],[],,0.1,heuristic,https://www.bhartitelecom.in,needs_review,low,1,rural loan,medium,,,,,2026-04-03T20:40:07.164610
1159,"Telecom Finance (India) Limited,",Loan Against Property,Loan Against Property,,,,,,,[],,,,,,,,,,,[],[],,0.0,heuristic,https://www.bhartitelecom.in,needs_review,low,1,loan against property,medium,,,,,2026-04-03T20:40:07.164669
1159,"Telecom Finance (India) Limited,",Gold Loan,Gold Loan,,,,,,,[],,,,,,,,,,,[],[],,0.0,heuristic,https://www.bhartitelecom.in,needs_review,low,1,gold loan,medium,,,,,2026-04-03T20:40:07.164728
1159,"Telecom Finance (India) Limited,",MSME Loan,MSME Loan,,,,,,,"[""self_employed_non_professional"", ""business""]",,,,,,,,,,,[],[],,0.1,heuristic,https://www.bhartitelecom.in,needs_review,low,1,msme loan,medium,,,,,2026-04-03T20:40:07.164788
1159,"Telecom Finance (India) Limited,",Microfinance,Microfinance,,,,,,,[],,,,,,,,,,,[],[],,0.0,heuristic,https://www.bhartitelecom.in,needs_review,low,1,microfinance,medium,,,,,2026-04-03T20:40:07.164848
1159,"Telecom Finance (India) Limited,",Credit Card,Credit Card,,,,,,,[],,,,,,,,,,,[],[],,0.0,heuristic,https://www.bhartitelecom.in,needs_review,low,1,credit card,medium,,,,,2026-04-03T20:40:07.164905
1159,"Telecom Finance (India) Limited,",Supply Chain Finance,Supply Chain Finance,,,,,,,"[""self_employed_non_professional"", ""business""]",,,,,,,,,,,[],[],,0.1,heuristic,https://www.bhartitelecom.in,needs_review,low,1,supply chain finance,medium,,,,,2026-04-03T20:40:07.164961
1159,"Telecom Finance (India) Limited,",Education Loan,Education Loan,,,,,,,"[""salaried"", ""self-employed""]",,,,,,,,,,,[],[],,0.1,heuristic,https://www.bhartitelecom.in,needs_review,low,1,education loan,medium,,,,,2026-04-03T20:40:07.165019
1159,"Telecom Finance (India) Limited,",Two Wheeler Loan,Two Wheeler Loan,,,,,,,[],,,,,,,,,,,[],[],,0.0,heuristic,https://www.bhartitelecom.in,needs_review,low,1,two wheeler loan,medium,,,,,2026-04-03T20:40:07.165078
1160,Tenmark Capital Private Limited,Gold Loan,Gold Loan,,,,,18,,[],,,,,,,,,,True,[],"[""Tamil Nadu""]",,0.1,gemini,https://tenmarkcapital.com,needs_review,low,1,gold loan,medium,True,True,,,2026-04-03T20:40:31.142808
1160,Tenmark Capital Private Limited,Personal Loan,Personal Loan,,,,,21,60,"[""salaried"", ""self-employed""]",,,,,,,,,,False,[],"[""Tamil Nadu""]",,0.2,gemini,https://tenmarkcapital.com,needs_review,low,1,personal loan,medium,True,True,,,2026-04-03T20:40:31.142963
1160,Tenmark Capital Private Limited,Rural Loan,Rural Loan,,,,,18,,"[""agriculture"", ""business""]",,,,,,,,,,,[],"[""Tamil Nadu""]",Indian Citizen residing in rural areas of Tamil Nadu,0.3,gemini,https://tenmarkcapital.com,needs_review,low,1,rural loan,medium,True,True,,,2026-04-03T20:40:31.143068
1161,Thanvir Bros (P) Ltd,Home Loan,Home Loan,,50.0,,,21,60,"[""salaried"", ""self-employed""]",,,,,,,240,,,True,"[""property""]","[""West Bengal""]",,0.4,gemini,https://thanvirbros.in,needs_review,medium,1,home loan,low,True,True,,,2026-04-03T20:41:22.860088
1161,Thanvir Bros (P) Ltd,Personal Loan,Personal Loan,,5.0,,,21,60,"[""salaried"", ""self-employed""]",,,,,,,60,,,False,[],"[""West Bengal""]",,0.4,gemini,https://thanvirbros.in,needs_review,medium,1,personal loan,low,True,True,,,2026-04-03T20:41:22.860745
1161,Thanvir Bros (P) Ltd,Education Loan,Education Loan,,10.0,,,18,35,"[""student""]",,,,,,,84,,,True,[],"[""West Bengal""]",Income Proof of Co-applicant/Guarantor required,0.5,gemini,https://thanvirbros.in,needs_review,medium,1,education loan,low,True,True,,,2026-04-03T20:41:22.861023
1162,Thirukochi Fincap Private Limited (Earlier known as Jayanth Financial Services Private Limited),Business Loan,Business Loan,,,,,,,"[""self_employed_non_professional"", ""business""]",,,,,,,,,,,[],[],,0.1,heuristic,https://thirukochifincap.com,needs_review,low,1,business loan,medium,,,,,2026-04-03T20:41:51.700760
1162,Thirukochi Fincap Private Limited (Earlier known as Jayanth Financial Services Private Limited),Home Loan,Home Loan,,,,,,,[],,,,,,,,,,,[],[],,0.0,heuristic,https://thirukochifincap.com,needs_review,low,1,home loan,medium,,,,,2026-04-03T20:41:51.700884
1162,Thirukochi Fincap Private Limited (Earlier known as Jayanth Financial Services Private Limited),Vehicle Loan,Vehicle Loan,,,,,,,[],,,,,,,,,,,[],[],,0.0,heuristic,https://thirukochifincap.com,needs_review,low,1,vehicle loan,medium,,,,,2026-04-03T20:41:51.700954
1162,Thirukochi Fincap Private Limited (Earlier known as Jayanth Financial Services Private Limited),Working Capital,Working Capital,,,,,,,"[""self_employed_non_professional"", ""business""]",,,,,,,,,,,[],[],,0.1,heuristic,https://thirukochifincap.com,needs_review,low,1,working capital,medium,,,,,2026-04-03T20:41:51.701018
1162,Thirukochi Fincap Private Limited (Earlier known as Jayanth Financial Services Private Limited),Personal Loan,Personal Loan,,,,,,,"[""salaried"", ""self-employed""]",,,,,,,,,,,[],[],,0.1,heuristic,https://thirukochifincap.com,needs_review,low,1,personal loan,medium,,,,,2026-04-03T20:41:51.701199
1162,Thirukochi Fincap Private Limited (Earlier known as Jayanth Financial Services Private Limited),Rural Loan,Rural Loan,,,,,,,"[""agriculture""]",,,,,,,,,,,[],[],,0.1,heuristic,https://thirukochifincap.com,needs_review,low,1,rural loan,medium,,,,,2026-04-03T20:41:51.701366
1162,Thirukochi Fincap Private Limited (Earlier known as Jayanth Financial Services Private Limited),Two Wheeler Loan,Two Wheeler Loan,,,,,,,[],,,,,,,,,,,[],[],,0.0,heuristic,https://thirukochifincap.com,needs_review,low,1,two wheeler loan,medium,,,,,2026-04-03T20:41:51.701450
1162,Thirukochi Fincap Private Limited (Earlier known as Jayanth Financial Services Private Limited),Gold Loan,Gold Loan,,,,,,,[],,,,,,,,,,,[],[],,0.0,heuristic,https://thirukochifincap.com,needs_review,low,1,gold loan,medium,,,,,2026-04-03T20:41:51.701517
1162,Thirukochi Fincap Private Limited (Earlier known as Jayanth Financial Services Private Limited),MSME Loan,MSME Loan,,,,,,,"[""self_employed_non_professional"", ""business""]",,,,,,,,,,,[],[],,0.1,heuristic,https://thirukochifincap.com,needs_review,low,1,msme loan,medium,,,,,2026-04-03T20:41:51.701582
1162,Thirukochi Fincap Private Limited (Earlier known as Jayanth Financial Services Private Limited),Microfinance,Microfinance,,,,,,,[],,,,,,,,,,,[],[],,0.0,heuristic,https://thirukochifincap.com,needs_review,low,1,microfinance,medium,,,,,2026-04-03T20:41:51.701644
1162,Thirukochi Fincap Private Limited (Earlier known as Jayanth Financial Services Private Limited),Education Loan,Education Loan,,,,,,,"[""salaried"", ""self-employed""]",,,,,,,,,,,[],[],,0.1,heuristic,https://thirukochifincap.com,needs_review,low,1,education loan,medium,,,,,2026-04-03T20:41:51.701707
1162,Thirukochi Fincap Private Limited (Earlier known as Jayanth Financial Services Private Limited),Agriculture Loan,Agriculture Loan,,,,,,,"[""agriculture""]",,,,,,,,,,,[],[],,0.1,heuristic,https://thirukochifincap.com,needs_review,low,1,agriculture loan,medium,,,,,2026-04-03T20:41:51.701768
1163,Tina Finlease Pvt.Ltd.,Business Loan,Business Loan,,,,,,,"[""self_employed_non_professional"", ""business""]",,,,,,,,,,,[],[],,0.1,heuristic,https://www.chintamanifinlease.com,needs_review,low,1,business loan,medium,,,,,2026-04-03T20:42:20.533927
1163,Tina Finlease Pvt.Ltd.,Vehicle Loan,Vehicle Loan,,,,,,,[],,,,,,,,,,,[],[],,0.0,heuristic,https://www.chintamanifinlease.com,needs_review,low,1,vehicle loan,medium,,,,,2026-04-03T20:42:20.534473
1163,Tina Finlease Pvt.Ltd.,Personal Loan,Personal Loan,,,,,,,"[""salaried"", ""self-employed""]",,,,,,,,,,,[],[],,0.1,heuristic,https://www.chintamanifinlease.com,needs_review,low,1,personal loan,medium,,,,,2026-04-03T20:42:20.534666
1163,Tina Finlease Pvt.Ltd.,Rural Loan,Rural Loan,,,,,,,"[""agriculture""]",,,,,,,,,,,[],[],,0.1,heuristic,https://www.chintamanifinlease.com,needs_review,low,1,rural loan,medium,,,,,2026-04-03T20:42:20.534821
1163,Tina Finlease Pvt.Ltd.,Loan Against Property,Loan Against Property,,,,,,,[],,,,,,,,,,,[],[],,0.0,heuristic,https://www.chintamanifinlease.com,needs_review,low,1,loan against property,medium,,,,,2026-04-03T20:42:20.535665
1163,Tina Finlease Pvt.Ltd.,Gold Loan,Gold Loan,,,,,,,[],,,,,,,,,,,[],[],,0.0,heuristic,https://www.chintamanifinlease.com,needs_review,low,1,gold loan,medium,,,,,2026-04-03T20:42:20.535894
1163,Tina Finlease Pvt.Ltd.,MSME Loan,MSME Loan,,,,,,,"[""self_employed_non_professional"", ""business""]",,,,,,,,,,,[],[],,0.1,heuristic,https://www.chintamanifinlease.com,needs_review,low,1,msme loan,medium,,,,,2026-04-03T20:42:20.535984
1164,Tirumala Holdings (P) Ltd,Loan Against Property,Loan Against Property,,,,,,,[],,,,,,,,,,,[],[],,0.0,heuristic,https://tirumalafinance.com,needs_review,low,1,loan against property,medium,,,,,2026-04-03T20:42:47.211378
1164,Tirumala Holdings (P) Ltd,Working Capital,Working Capital,,,,,,,"[""self_employed_non_professional"", ""business""]",,,,,,,,,,,[],[],,0.1,heuristic,https://tirumalafinance.com,needs_review,low,1,working capital,medium,,,,,2026-04-03T20:42:47.211504
1165,Tirumala Vintra (P) Ltd (Name as per MCA - Tirumala Irons Private Limited),Business Loan,Business Loan,,50.0,650,,21,65,"[""business""]",,10.0,3,,,,36,,,False,[],"[""Rajasthan""]",Business should be profitable for the last 2 years.,0.6,gemini,https://tirumalafinance.com,pending,low,1,business loan,high,True,True,True,2,2026-04-03T20:43:07.181364
1165,Tirumala Vintra (P) Ltd (Name as per MCA - Tirumala Irons Private Limited),MSME Loan,MSME Loan,,50.0,650,,21,65,"[""business""]",,10.0,3,,,,36,,,False,[],"[""Rajasthan""]",Business should be profitable for the last 2 years.,0.6,gemini,https://tirumalafinance.com,pending,low,1,msme loan,high,True,True,True,2,2026-04-03T20:43:07.181550
1166,Todi Investments Ltd,Home Loan,Home Loan,,,,,,,[],,,,,,,,,,True,[],[],,0.0,gemini,https://www.todiinvestors.com,needs_review,low,1,home loan,medium,,,,,2026-04-03T20:43:28.361992
1166,Todi Investments Ltd,Working Capital Loan,Working Capital,,,,,,,"[""business""]",,,,,,,,,,,[],[],,0.1,gemini,https://www.todiinvestors.com,needs_review,low,1,working capital loan,medium,,,,,2026-04-03T20:43:28.362130
1167,Track Fin-Ed (P) Ltd,Personal Loan,Personal Loan,,,,,,,[],,,,,,,,,,,[],"[""Andhra Pradesh"", ""Arunachal Pradesh"", ""Assam"", ""Bihar"", ""Chandigarh"", ""Chhattisgarh"", ""Delhi"", ""Goa"", ""Gujarat"", ""Haryana""]",,0.1,gemini,https://timesofindia.indiatimes.com/india/ed-slaps-rs-2100cr-fine-on-nbfc-for-loan-app-with-chinese-links/articleshow/114130856.cms,needs_review,low,1,personal loan,medium,,,,,2026-04-03T20:43:39.452904
1168,Tradewell Capfin Private Limited,Personal Loan,Personal Loan,,5.0,,,21,60,"[""salaried"", ""self-employed""]",20.0,,,,,,,,,False,[],"[""Telangana""]",Indian Citizen,0.4,gemini,https://www.tradewellcapfin.com,needs_review,low,1,personal loan,medium,True,True,False,,2026-04-03T20:43:56.731007
1168,Tradewell Capfin Private Limited,Working Capital Loan,Working Capital,,10.0,,,,,"[""business""]",,10.0,2,,,,,,,,[],"[""Telangana""]","Business Type: Proprietorship, Partnership, Private Limited Company",0.4,gemini,https://www.tradewellcapfin.com,needs_review,low,1,working capital loan,medium,True,True,True,,2026-04-03T20:43:56.731198
1169,Wesghats Finance Limited (Earlier known as Wesghats Micro Finance Limited),Microfinance - Group Loan,Microfinance,0.1,1.0,,,18,60,"[""business"", ""agriculture"", ""self_employed_non_professional""]",,,,,,12,24,,,False,[],"[""Tamil Nadu""]",Provided to self-help groups (SHGs) or joint liability groups (JLGs) of women. Group members collectively guarantee the repayment of the loan. Women from low-income households engaged in or planning to start income-generating activities.,0.7,gemini,https://www.wesghatslimited.in,pending,medium,1,microfinance group loan,low,,,,,2026-04-03T20:44:22.971554
1169,Wesghats Finance Limited (Earlier known as Wesghats Micro Finance Limited),Microfinance - Individual Loan,Microfinance,0.1,1.0,,,18,60,"[""business"", ""agriculture"", ""self_employed_non_professional""]",,,,,,12,24,,,False,[],"[""Tamil Nadu""]",Provided to women entrepreneurs with established businesses and a good credit history. Women from low-income households engaged in or planning to start income-generating activities.,0.7,gemini,https://www.wesghatslimited.in,pending,medium,1,microfinance individual loan,low,,,,,2026-04-03T20:44:22.971702
1170,Wise Investment (P) Ltd,Home Loan,Home Loan,,,,,21,,"[""salaried"", ""self-employed""]",,,,,,60,360,,,True,[],[],,0.3,gemini,https://wiseinvestment.in,needs_review,low,1,home loan,medium,True,True,,,2026-04-03T20:44:38.916021
1172,Yaksh Infinlease Pvt.Ltd,MSME Loan,MSME Loan,,,,,,,[],,,,,,,,,,,[],"[""Delhi""]",,0.1,gemini,https://www.yakshinfinlease.com,needs_review,low,1,msme loan,medium,,,,,2026-04-03T20:45:22.264525
1172,Yaksh Infinlease Pvt.Ltd,Personal Loan,Personal Loan,,,,,,,[],,,,,,,,,,,[],"[""Delhi""]",,0.1,gemini,https://www.yakshinfinlease.com,needs_review,low,1,personal loan,medium,,,,,2026-04-03T20:45:22.264657
1172,Yaksh Infinlease Pvt.Ltd,Working Capital Loan,Working Capital,,,,,,,[],,,,,,,,,,,[],"[""Delhi""]",,0.1,gemini,https://www.yakshinfinlease.com,needs_review,low,1,working capital loan,medium,,,,,2026-04-03T20:45:22.264735
1173,Yuvaraj Agrofin (P) Ltd,MSME Loan,MSME Loan,,,,,,,"[""self_employed_non_professional"", ""business""]",,,,,,,,,,,[],[],,0.1,heuristic,https://yuvarajfinance.in,needs_review,low,1,msme loan,medium,,,,,2026-04-03T20:45:57.770881
1173,Yuvaraj Agrofin (P) Ltd,Vehicle Loan,Vehicle Loan,,,,,,,[],,,,,,,,,,,[],[],,0.0,heuristic,https://yuvarajfinance.in,needs_review,low,1,vehicle loan,medium,,,,,2026-04-03T20:45:57.770990
1174,Yuvaraj Finance (Pvt) Ltd.,Vehicle Loan,Vehicle Loan,,,,,21,65,"[""salaried"", ""self-employed""]",15.0,,,,,,84,,,True,"[""vehicle""]",[],Maximum age of 65 years at the time of loan maturity.,0.3,gemini,https://yuvarajfinance.in,needs_review,medium,1,vehicle loan,low,True,True,,,2026-04-03T20:46:32.521420
1175,YVU Financial Services Pvt.Ltd. (Formerly known as Chand Fairdeal Financiers Pvt.Ltd.),Microfinance Loan,Microfinance,,1.0,,,18,60,"[""self_employed_non_professional"", ""business""]",,,,,,12,24,,,False,[],"[""Assam"", ""Manipur"", ""Tripura""]",Must be part of a self-help group (SHG) or joint liability group (JLG),0.6,gemini,https://www.yvumf.com,pending,medium,1,microfinance loan,low,True,True,,,2026-04-03T20:47:03.120624
1175,YVU Financial Services Pvt.Ltd. (Formerly known as Chand Fairdeal Financiers Pvt.Ltd.),Individual Loan,Personal Loan,,5.0,,,21,65,"[""salaried"", ""self-employed""]",,,,,,12,36,,,False,[],"[""Assam"", ""Manipur"", ""Tripura""]",,0.5,gemini,https://www.yvumf.com,needs_review,medium,1,individual loan,low,True,True,,,2026-04-03T20:47:03.120746
1176,Zeal Holdings Private Limited,MSME Loan,MSME Loan,,,,,,,[],,,,,,,,,,,[],"[""Delhi""]",,0.1,gemini,https://www.zealholdings.in,needs_review,low,1,msme loan,medium,,,,,2026-04-03T20:47:18.974566
1176,Zeal Holdings Private Limited,Supply Chain Finance,Supply Chain Finance,,,,,,,[],,,,,,,,,,,[],"[""Delhi""]",,0.1,gemini,https://www.zealholdings.in,needs_review,low,1,supply chain finance,medium,,,,,2026-04-03T20:47:18.974687
1176,Zeal Holdings Private Limited,Working Capital,Working Capital,,,,,,,[],,,,,,,,,,,[],"[""Delhi""]",,0.1,gemini,https://www.zealholdings.in,needs_review,low,1,working capital,medium,,,,,2026-04-03T20:47:18.974761
1178,Choraria Securities Ltd,MSME Loan,MSME Loan,,,,,,,[],,,3,,,,,,,,[],[],,0.0,gemini,https://www.chhotariasecurities.com,needs_review,low,1,msme loan,medium,True,True,True,2,2026-04-03T20:48:01.394579
1178,Choraria Securities Ltd,Personal Loan,Personal Loan,,,,,21,,"[""salaried"", ""self_employed_professional""]",,,,,,,,,,False,[],[],,0.1,gemini,https://www.chhotariasecurities.com,needs_review,low,1,personal loan,medium,True,True,,,2026-04-03T20:48:01.394689
1178,Choraria Securities Ltd,Working Capital,Working Capital,,,,,,,[],,,3,,,,,,,,[],[],,0.0,gemini,https://www.chhotariasecurities.com,needs_review,low,1,working capital,medium,True,True,True,2,2026-04-03T20:48:01.394755
1179,Clix Capital Services Private Limited,Business Loan,Business Loan,5.0,50.0,,,21,65,"[""self_employed_professional"", ""self_employed_non_professional"", ""business""]",,100.0,3,15.0,,12,36,2.5,,False,[],"[""Chandigarh"", ""Delhi""]",Business should be profitable for the last 2 years. No defaults in the last 24 months.,0.8,gemini,https://www.clix.capital,pending,medium,1,business loan,low,True,True,True,2,2026-04-03T20:48:26.483735
1180,Fraternal Investments Private Limited,Business Loan,Business Loan,,,,,,,"[""self_employed_non_professional"", ""business""]",,,,,,,,,,,[],[],,0.1,heuristic,https://www.fraternalcredit.com,needs_review,low,1,business loan,medium,,,,,2026-04-03T20:48:54.107064
1180,Fraternal Investments Private Limited,MSME Loan,MSME Loan,,,,,,,"[""self_employed_non_professional"", ""business""]",,,,,,,,,,,[],[],,0.1,heuristic,https://www.fraternalcredit.com,needs_review,low,1,msme loan,medium,,,,,2026-04-03T20:48:54.107188
1180,Fraternal Investments Private Limited,Vehicle Loan,Vehicle Loan,,,,,,,[],,,,,,,,,,,[],[],,0.0,heuristic,https://www.fraternalcredit.com,needs_review,low,1,vehicle loan,medium,,,,,2026-04-03T20:48:54.107251
1181,Giltfin Lease Ltd. (Name as per MCA - Media Matrix Worldwide Limited),MSME Loan,MSME Loan,,,,,,,"[""business""]",,,,,,,,,,,[],"[""Delhi"", ""Haryana""]",Business must be registered and operational for a minimum period. Applicant must have a good credit history. Business must meet the minimum turnover requirements. Applicant must be an Indian resident. Note: No collateral required for certain loans.,0.3,gemini,https://itlfinlease.in,needs_review,low,1,msme loan,medium,True,True,True,,2026-04-03T20:49:21.775110
1182,Lexus Agencies Pvt. Ltd.,Vehicle Loan,Vehicle Loan,,,,,,,"[""salaried"", ""self-employed"", ""business"", ""agriculture""]",,,,,,,,,,True,"[""vehicle""]","[""Andhra Pradesh"", ""Assam"", ""Bihar"", ""Chhattisgarh"", ""Delhi"", ""Goa"", ""Gujarat"", ""Haryana"", ""Himachal Pradesh"", ""Jharkhand""]",,0.2,gemini,https://lexusfinance.co.in,needs_review,low,1,vehicle loan,medium,True,True,,,2026-04-03T20:49:43.221629
1183,Taurus Commercial Services Pvt. Ltd.,Rural Loan,Rural Loan,,,,,18,,"[""agriculture"", ""business""]",,,,,,,,,,,[],"[""Maharashtra""]",Individuals and businesses residing in rural and semi-urban areas.,0.3,gemini,https://www.taurusgrp.com,needs_review,low,1,rural loan,medium,True,True,,,2026-04-03T20:50:05.716447
1184,True Credits Private Limited,Personal Loan - Cash Loan,Personal Loan,,0.5,,,18,56,"[""salaried"", ""self-employed""]",,,,28.8,,2,4,,,False,[],"[""Haryana""]",Indian resident,0.7,gemini,https://www.truecredits.in,pending,medium,1,personal loan cash loan,low,True,True,,,2026-04-03T20:50:36.015525
1184,True Credits Private Limited,Personal Loan - Level Up Loan,Personal Loan,,1.0,,,18,56,"[""salaried"", ""self-employed""]",,,,28.8,,2,6,,,False,[],"[""Haryana""]",Indian resident,0.7,gemini,https://www.truecredits.in,pending,medium,1,personal loan level up loan,low,True,True,,,2026-04-03T20:50:36.015676
1185,TSB Finance Pvt. Ltd,MSME Loan,MSME Loan,,,,,,,"[""business""]",,,2,,,,,,,True,[],"[""Delhi"", ""Punjab""]","Business must demonstrate a healthy financial track record with consistent revenue and profitability. Business must be legally registered and compliant with all regulatory requirements. A good credit score and repayment history are essential for loan approval. For larger loans, a detailed business plan/project report outlining the purpose of the loan and projected financial performance may be required. Collateral-free options are available for select schemes.",0.3,gemini,https://www.tsbfinancepvtltd.com,needs_review,low,1,msme loan,medium,True,True,,2,2026-04-03T20:50:59.564835
1187,Twi-Light Marketing Pvt. Ltd.,Business Loan,Business Loan,,,,,,,"[""business""]",,,,,,,,,,,[],"[""Delhi"", ""Gujarat"", ""Haryana"", ""Himachal Pradesh"", ""Jharkhand"", ""Madhya Pradesh"", ""Odisha"", ""Rajasthan"", ""Tamil Nadu"", ""Telangana""]",,0.2,gemini,https://www.lightfinance.com,needs_review,low,1,business loan,medium,,,,,2026-04-03T20:51:48.616108
1187,Twi-Light Marketing Pvt. Ltd.,Microfinance,Microfinance,,,,,,,[],,,,,,,,,,False,[],"[""Delhi"", ""Gujarat"", ""Haryana"", ""Himachal Pradesh"", ""Jharkhand"", ""Madhya Pradesh"", ""Odisha"", ""Rajasthan"", ""Tamil Nadu"", ""Telangana""]",,0.1,gemini,https://www.lightfinance.com,needs_review,low,1,microfinance,medium,,,,,2026-04-03T20:51:48.616232
1188,Tycoon Credit &Portfolio Ltd.,MSME Loan,MSME Loan,,,,,,,[],,,,,,,,,,,[],"[""Delhi"", ""Uttar Pradesh""]",,0.1,gemini,https://tycooncredit.in,needs_review,low,1,msme loan,medium,,,,,2026-04-03T20:52:26.639944
1188,Tycoon Credit &Portfolio Ltd.,Rural Loan,Rural Loan,,,,,,,[],,,,,,,,,,,[],"[""Delhi"", ""Uttar Pradesh""]",,0.1,gemini,https://tycooncredit.in,needs_review,low,1,rural loan,medium,,,,,2026-04-03T20:52:26.640073
1188,Tycoon Credit &Portfolio Ltd.,Credit Card,Credit Card,,,,,,,[],,,,,,,,,,,[],"[""Delhi"", ""Uttar Pradesh""]",,0.1,gemini,https://tycooncredit.in,needs_review,low,1,credit card,medium,,,,,2026-04-03T20:52:26.640146
1189,Uca Finvest Private Limited,Business Loan,Business Loan,,,,,,,"[""self_employed_non_professional"", ""business""]",,,,,,,,,,,[],[],,0.1,heuristic,https://www.ucafinvest.com,needs_review,low,1,business loan,medium,,,,,2026-04-03T20:53:01.839405
1189,Uca Finvest Private Limited,MSME Loan,MSME Loan,,,,,,,"[""self_employed_non_professional"", ""business""]",,,,,,,,,,,[],[],,0.1,heuristic,https://www.ucafinvest.com,needs_review,low,1,msme loan,medium,,,,,2026-04-03T20:53:01.839517
1189,Uca Finvest Private Limited,Personal Loan,Personal Loan,,,,,,,"[""salaried"", ""self-employed""]",,,,,,,,,,,[],[],,0.1,heuristic,https://www.ucafinvest.com,needs_review,low,1,personal loan,medium,,,,,2026-04-03T20:53:01.839585
1190,Udhyam Financial Services Private Limited,MSME Business Loan - Unsecured,MSME Loan,,50.0,,,21,65,"[""business"", ""self_employed_professional"", ""self_employed_non_professional""]",,10.0,2,,,,,,,False,[],"[""Karnataka""]",,0.3,gemini,https://udhyamfin.com,needs_review,low,1,msme business loan unsecured,medium,True,True,True,2,2026-04-03T20:53:41.971753
1190,Udhyam Financial Services Private Limited,Loan Against Property,Loan Against Property,,500.0,,,21,70,"[""salaried"", ""self-employed""]",,,,,,,180,,,True,[],"[""Karnataka""]",,0.4,gemini,https://udhyamfin.com,needs_review,medium,1,loan against property,low,True,True,,2,2026-04-03T20:53:41.971874
1191,Ujjawal Fiscal Services Pvt. Ltd.,Micro Loan,Micro Loan,,1.25,,,18,60,"[""self_employed_non_professional"", ""business"", ""agriculture""]",,,,,,,24,1.0,,False,[],"[""West Bengal""]",Available for women entrepreneurs or self-help groups,0.5,gemini,https://www.ujjawalfiscal.com,needs_review,medium,1,micro loan,low,True,True,False,,2026-04-03T20:54:18.832768
1192,Ultimate Management And Financial Services Private Limited,EV Loan,EV Loan,,,,,,,[],,,,,,,,,,,[],[],,0.0,heuristic,https://ultimatefinindia.com,needs_review,low,1,ev loan,medium,,,,,2026-04-03T20:55:00.623611
1192,Ultimate Management And Financial Services Private Limited,Business Loan,Business Loan,,,,,,,"[""self_employed_non_professional"", ""business""]",,,,,,,,,,,[],[],,0.1,heuristic,https://ultimatefinindia.com,needs_review,low,1,business loan,medium,,,,,2026-04-03T20:55:00.623773
1192,Ultimate Management And Financial Services Private Limited,Consumer Durable Loan,Consumer Durable Loan,,,,,,,"[""salaried"", ""self-employed""]",,,,,,,,,,,[],[],,0.1,heuristic,https://ultimatefinindia.com,needs_review,low,1,consumer durable loan,medium,,,,,2026-04-03T20:55:00.623847
1192,Ultimate Management And Financial Services Private Limited,Home Loan,Home Loan,,,,,,,[],,,,,,,,,,,[],[],,0.0,heuristic,https://ultimatefinindia.com,needs_review,low,1,home loan,medium,,,,,2026-04-03T20:55:00.623903
1192,Ultimate Management And Financial Services Private Limited,Vehicle Loan,Vehicle Loan,,,,,,,[],,,,,,,,,,,[],[],,0.0,heuristic,https://ultimatefinindia.com,needs_review,low,1,vehicle loan,medium,,,,,2026-04-03T20:55:00.623953
1192,Ultimate Management And Financial Services Private Limited,Working Capital,Working Capital,,,,,,,"[""self_employed_non_professional"", ""business""]",,,,,,,,,,,[],[],,0.1,heuristic,https://ultimatefinindia.com,needs_review,low,1,working capital,medium,,,,,2026-04-03T20:55:00.624011
1192,Ultimate Management And Financial Services Private Limited,Personal Loan,Personal Loan,,,,,,,"[""salaried"", ""self-employed""]",,,,,,,,,,,[],[],,0.1,heuristic,https://ultimatefinindia.com,needs_review,low,1,personal loan,medium,,,,,2026-04-03T20:55:00.624064
1192,Ultimate Management And Financial Services Private Limited,Rural Loan,Rural Loan,,,,,,,"[""agriculture""]",,,,,,,,,,,[],[],,0.1,heuristic,https://ultimatefinindia.com,needs_review,low,1,rural loan,medium,,,,,2026-04-03T20:55:00.624121
1192,Ultimate Management And Financial Services Private Limited,Supply Chain Finance,Supply Chain Finance,,,,,,,"[""self_employed_non_professional"", ""business""]",,,,,,,,,,,[],[],,0.1,heuristic,https://ultimatefinindia.com,needs_review,low,1,supply chain finance,medium,,,,,2026-04-03T20:55:00.624170
1192,Ultimate Management And Financial Services Private Limited,Loan Against Property,Loan Against Property,,,,,,,[],,,,,,,,,,,[],[],,0.0,heuristic,https://ultimatefinindia.com,needs_review,low,1,loan against property,medium,,,,,2026-04-03T20:55:00.624215
1192,Ultimate Management And Financial Services Private Limited,Gold Loan,Gold Loan,,,,,,,[],,,,,,,,,,,[],[],,0.0,heuristic,https://ultimatefinindia.com,needs_review,low,1,gold loan,medium,,,,,2026-04-03T20:55:00.624261
1192,Ultimate Management And Financial Services Private Limited,MSME Loan,MSME Loan,,,,,,,"[""self_employed_non_professional"", ""business""]",,,,,,,,,,,[],[],,0.1,heuristic,https://ultimatefinindia.com,needs_review,low,1,msme loan,medium,,,,,2026-04-03T20:55:00.624306
1192,Ultimate Management And Financial Services Private Limited,Microfinance,Microfinance,,,,,,,[],,,,,,,,,,,[],[],,0.0,heuristic,https://ultimatefinindia.com,needs_review,low,1,microfinance,medium,,,,,2026-04-03T20:55:00.624351
1192,Ultimate Management And Financial Services Private Limited,Credit Card,Credit Card,,,,,,,[],,,,,,,,,,,[],[],,0.0,heuristic,https://ultimatefinindia.com,needs_review,low,1,credit card,medium,,,,,2026-04-03T20:55:00.624397
1192,Ultimate Management And Financial Services Private Limited,Micro Loan,Micro Loan,,,,,,,[],,,,,,,,,,,[],[],,0.0,heuristic,https://ultimatefinindia.com,needs_review,low,1,micro loan,medium,,,,,2026-04-03T20:55:00.624449
1192,Ultimate Management And Financial Services Private Limited,Education Loan,Education Loan,,,,,,,"[""salaried"", ""self-employed""]",,,,,,,,,,,[],[],,0.1,heuristic,https://ultimatefinindia.com,needs_review,low,1,education loan,medium,,,,,2026-04-03T20:55:00.624501
1192,Ultimate Management And Financial Services Private Limited,Two Wheeler Loan,Two Wheeler Loan,,,,,,,[],,,,,,,,,,,[],[],,0.0,heuristic,https://ultimatefinindia.com,needs_review,low,1,two wheeler loan,medium,,,,,2026-04-03T20:55:00.624546
1193,Ultra Portfolio Management Pvt. Ltd.,Business Loan,Business Loan,,,,,,,"[""business""]",,,,,,,,,,,[],"[""Delhi""]",,0.2,gemini,https://ultraportfolio.in,needs_review,low,1,business loan,medium,,,,,2026-04-03T20:55:17.567465
1193,Ultra Portfolio Management Pvt. Ltd.,Supply Chain Finance,Supply Chain Finance,,,,,,,"[""business""]",,,,,,,,,,,[],"[""Delhi""]",,0.2,gemini,https://ultraportfolio.in,needs_review,low,1,supply chain finance,medium,,,,,2026-04-03T20:55:17.567585
1193,Ultra Portfolio Management Pvt. Ltd.,Working Capital,Working Capital,,,,,,,"[""business""]",,,,,,,,,,,[],"[""Delhi""]",,0.2,gemini,https://ultraportfolio.in,needs_review,low,1,working capital,medium,,,,,2026-04-03T20:55:17.567658
1194,Unacco Financial Services Private Limited,Microfinance Loan,Microfinance,,,,,,,"[""self_employed_non_professional"", ""business"", ""agriculture""]",,,,,,,,,,False,[],"[""Assam"", ""West Bengal""]",,0.2,gemini,https://www.unacco.in,needs_review,low,1,microfinance loan,medium,True,True,,,2026-04-03T20:55:35.849832
1195,United Credit Ltd.,Rural Loan,Rural Loan,,,,,,,[],,,,,,,,,,,[],[],,0.0,gemini,https://unitedcreditltd.com,needs_review,low,1,rural loan,medium,,,,,2026-04-03T20:56:21.411132
1196,Universal Fingrowth Private Limited,Business Loan,Business Loan,,,,,,,"[""self_employed_non_professional"", ""business""]",,,,,,,,,,,[],[],,0.1,heuristic,https://www.universalfingrowth.com,needs_review,low,1,business loan,medium,,,,,2026-04-03T20:56:46.808691
1196,Universal Fingrowth Private Limited,Working Capital,Working Capital,,,,,,,"[""self_employed_non_professional"", ""business""]",,,,,,,,,,,[],[],,0.1,heuristic,https://www.universalfingrowth.com,needs_review,low,1,working capital,medium,,,,,2026-04-03T20:56:46.808836
1196,Universal Fingrowth Private Limited,Personal Loan,Personal Loan,,,,,,,"[""salaried"", ""self-employed""]",,,,,,,,,,,[],[],,0.1,heuristic,https://www.universalfingrowth.com,needs_review,low,1,personal loan,medium,,,,,2026-04-03T20:56:46.808912
1196,Universal Fingrowth Private Limited,Rural Loan,Rural Loan,,,,,,,"[""agriculture""]",,,,,,,,,,,[],[],,0.1,heuristic,https://www.universalfingrowth.com,needs_review,low,1,rural loan,medium,,,,,2026-04-03T20:56:46.809452
1196,Universal Fingrowth Private Limited,Loan Against Property,Loan Against Property,,,,,,,[],,,,,,,,,,,[],[],,0.0,heuristic,https://www.universalfingrowth.com,needs_review,low,1,loan against property,medium,,,,,2026-04-03T20:56:46.809653
1196,Universal Fingrowth Private Limited,Gold Loan,Gold Loan,,,,,,,[],,,,,,,,,,,[],[],,0.0,heuristic,https://www.universalfingrowth.com,needs_review,low,1,gold loan,medium,,,,,2026-04-03T20:56:46.809737
1196,Universal Fingrowth Private Limited,MSME Loan,MSME Loan,,,,,,,"[""self_employed_non_professional"", ""business""]",,,,,,,,,,,[],[],,0.1,heuristic,https://www.universalfingrowth.com,needs_review,low,1,msme loan,medium,,,,,2026-04-03T20:56:46.809812
1197,Upkar Leasing & Finance Company Pvt. Ltd.,Business Loan,Business Loan,,,,,,,"[""self_employed_non_professional"", ""business""]",,,,,,,,,,,[],[],,0.1,heuristic,https://www.upkarfinance.com,needs_review,low,1,business loan,medium,,,,,2026-04-03T20:57:13.232583
1197,Upkar Leasing & Finance Company Pvt. Ltd.,Home Loan,Home Loan,,,,,,,[],,,,,,,,,,,[],[],,0.0,heuristic,https://www.upkarfinance.com,needs_review,low,1,home loan,medium,,,,,2026-04-03T20:57:13.232697
1197,Upkar Leasing & Finance Company Pvt. Ltd.,Vehicle Loan,Vehicle Loan,,,,,,,[],,,,,,,,,,,[],[],,0.0,heuristic,https://www.upkarfinance.com,needs_review,low,1,vehicle loan,medium,,,,,2026-04-03T20:57:13.232735
1197,Upkar Leasing & Finance Company Pvt. Ltd.,Personal Loan,Personal Loan,,,,,,,"[""salaried"", ""self-employed""]",,,,,,,,,,,[],[],,0.1,heuristic,https://www.upkarfinance.com,needs_review,low,1,personal loan,medium,,,,,2026-04-03T20:57:13.232762
1197,Upkar Leasing & Finance Company Pvt. Ltd.,Rural Loan,Rural Loan,,,,,,,"[""agriculture""]",,,,,,,,,,,[],[],,0.1,heuristic,https://www.upkarfinance.com,needs_review,low,1,rural loan,medium,,,,,2026-04-03T20:57:13.232787
1197,Upkar Leasing & Finance Company Pvt. Ltd.,Gold Loan,Gold Loan,,,,,,,[],,,,,,,,,,,[],[],,0.0,heuristic,https://www.upkarfinance.com,needs_review,low,1,gold loan,medium,,,,,2026-04-03T20:57:13.232808
1197,Upkar Leasing & Finance Company Pvt. Ltd.,MSME Loan,MSME Loan,,,,,,,"[""self_employed_non_professional"", ""business""]",,,,,,,,,,,[],[],,0.1,heuristic,https://www.upkarfinance.com,needs_review,low,1,msme loan,medium,,,,,2026-04-03T20:57:13.232830
1198,Uranium Finvest Company Private Limited,Home Loan,Home Loan,,,,,,,[],,,,,,,,,,,[],"[""Tamil Nadu""]",,0.1,gemini,https://company.vakilsearch.com/uranium-finvest-company-pvt-ltd/U51226WB1991PTC051831,needs_review,low,1,home loan,medium,,,,,2026-04-03T20:57:24.858026
1199,Usha Finlease India Private Limited,Business Loan,Business Loan,,50.0,,,21,65,"[""self_employed_professional"", ""self_employed_non_professional"", ""business""]",,,3,,,,60,,,False,[],"[""Rajasthan""]",,0.4,gemini,https://ushafin.com,needs_review,medium,1,business loan,low,True,True,True,2,2026-04-03T20:57:59.272157
1199,Usha Finlease India Private Limited,Loan Against Property,Loan Against Property,,500.0,,,21,65,"[""self_employed_professional"", ""self_employed_non_professional"", ""business""]",,,3,,,,180,,,True,[],"[""Rajasthan""]",,0.4,gemini,https://ushafin.com,needs_review,medium,1,loan against property,low,True,True,True,2,2026-04-03T20:57:59.272990
1199,Usha Finlease India Private Limited,MSME Loan,MSME Loan,,50.0,,,21,65,"[""self_employed_professional"", ""self_employed_non_professional"", ""business""]",,,3,,,,60,,,False,[],"[""Rajasthan""]",,0.4,gemini,https://ushafin.com,needs_review,medium,1,msme loan,low,True,True,True,2,2026-04-03T20:57:59.273227
1199,Usha Finlease India Private Limited,Working Capital Loan,Working Capital,,50.0,,,21,65,"[""self_employed_professional"", ""self_employed_non_professional"", ""business""]",,,3,,,,60,,,False,[],"[""Rajasthan""]",,0.4,gemini,https://ushafin.com,needs_review,medium,1,working capital loan,low,True,True,True,2,2026-04-03T20:57:59.273330
1200,Utkarsh Motor Finance (P) Ltd,Business Loan,Business Loan,,,,,,,"[""self_employed_non_professional"", ""business""]",,,,,,,,,,,[],[],,0.1,heuristic,https://www.utkarsh.bank.in,needs_review,low,1,business loan,medium,,,,,2026-04-03T20:58:44.932951
1200,Utkarsh Motor Finance (P) Ltd,Home Loan,Home Loan,,,,,,,[],,,,,,,,,,,[],[],,0.0,heuristic,https://www.utkarsh.bank.in,needs_review,low,1,home loan,medium,,,,,2026-04-03T20:58:44.933092
1200,Utkarsh Motor Finance (P) Ltd,Working Capital,Working Capital,,,,,,,"[""self_employed_non_professional"", ""business""]",,,,,,,,,,,[],[],,0.1,heuristic,https://www.utkarsh.bank.in,needs_review,low,1,working capital,medium,,,,,2026-04-03T20:58:44.933171
1200,Utkarsh Motor Finance (P) Ltd,Personal Loan,Personal Loan,,,,,,,"[""salaried"", ""self-employed""]",,,,,,,,,,,[],[],,0.1,heuristic,https://www.utkarsh.bank.in,needs_review,low,1,personal loan,medium,,,,,2026-04-03T20:58:44.933236
1200,Utkarsh Motor Finance (P) Ltd,Loan Against Property,Loan Against Property,,,,,,,[],,,,,,,,,,,[],[],,0.0,heuristic,https://www.utkarsh.bank.in,needs_review,low,1,loan against property,medium,,,,,2026-04-03T20:58:44.933296
1200,Utkarsh Motor Finance (P) Ltd,Gold Loan,Gold Loan,,,,,,,[],,,,,,,,,,,[],[],,0.0,heuristic,https://www.utkarsh.bank.in,needs_review,low,1,gold loan,medium,,,,,2026-04-03T20:58:44.933353
1201,Vagmi Capital Services Private Limited,MSME Loan,MSME Loan,,50.0,,,,,"[""business"", ""self_employed_professional""]",,,3,,,,,,,,[],[],,0.2,gemini,https://www.vagmicapital.com/blank-5,needs_review,low,1,msme loan,medium,,,,,2026-04-03T20:59:01.757548
1201,Vagmi Capital Services Private Limited,Vehicle Loan,Vehicle Loan,,100.0,,,,,"[""salaried"", ""self_employed_professional"", ""business""]",,,,,,,,,,True,[],[],,0.2,gemini,https://www.vagmicapital.com/blank-5,needs_review,low,1,vehicle loan,medium,,,,,2026-04-03T20:59:01.757786
1202,Vaibhav Vyapaar Pvt Ltd,Personal Loan,Personal Loan,,0.5,650,,21,58,"[""salaried"", ""self-employed""]",15.0,,,,,3,12,,,False,[],"[""Karnataka"", ""West Bengal""]",,0.6,gemini,https://www.vaibhav-vyapaar.com,pending,medium,1,personal loan,low,True,True,False,,2026-04-03T20:59:20.105019
1203,Valar Aditi Social Finance Private Ltd,Micro Loan,Micro Loan,,,,,,,"[""self_employed_non_professional"", ""business"", ""agriculture""]",,,,,,,,,,,[],"[""Puducherry"", ""Tamil Nadu""]","Designed for low-income individuals and groups, particularly women, in rural and semi-urban areas for income-generating activities and urgent financial needs.",0.3,gemini,https://valaraditi.in,needs_review,low,1,micro loan,medium,,,,,2026-04-03T21:00:09.617988
1203,Valar Aditi Social Finance Private Ltd,Microfinance,Microfinance,,,,,,,"[""self_employed_non_professional"", ""business"", ""agriculture""]",,,,,,,,,,,[],"[""Puducherry"", ""Tamil Nadu""]","Designed for low-income individuals and groups, particularly women, in rural and semi-urban areas for income-generating activities, education, healthcare, and housing.",0.3,gemini,https://valaraditi.in,needs_review,low,1,microfinance,medium,,,,,2026-04-03T21:00:09.618143
1203,Valar Aditi Social Finance Private Ltd,Rural Loan,Rural Loan,,,,,,,"[""self_employed_non_professional"", ""business"", ""agriculture""]",,,,,,,,,,,[],"[""Puducherry"", ""Tamil Nadu""]","Specifically tailored for individuals and small businesses in rural areas to support agricultural activities, small enterprises, and other income-generating initiatives.",0.3,gemini,https://valaraditi.in,needs_review,low,1,rural loan,medium,,,,,2026-04-03T21:00:09.618234
1204,Valuefin India Credit Services Private Limited,Working Capital Loan,Working Capital,,50.0,,,21,65,"[""business""]",,50.0,3,,,,12,,,,[],"[""Maharashtra""]",,0.4,gemini,https://www.valuefin.in,needs_review,medium,1,working capital loan,low,True,True,True,2,2026-04-03T21:00:26.551737
1205,Vanchinad Finance Pvt. Ltd,Consumer Durable Loan,Consumer Durable Loan,,,,,,,[],,,,,,,,,,,[],"[""Kerala"", ""Tamil Nadu""]",,0.1,gemini,https://vanchinad.com,needs_review,low,1,consumer durable loan,medium,,,,,2026-04-03T21:01:36.855135
1205,Vanchinad Finance Pvt. Ltd,Gold Loan,Gold Loan,,,,,,,[],,,,,,,,,,True,"[""gold""]","[""Kerala"", ""Tamil Nadu""]",,0.1,gemini,https://vanchinad.com,needs_review,low,1,gold loan,medium,,,,,2026-04-03T21:01:36.855280
1205,Vanchinad Finance Pvt. Ltd,Home Loan,Home Loan,,,,,,,[],,,,,,,,,,True,"[""property""]","[""Kerala"", ""Tamil Nadu""]",,0.1,gemini,https://vanchinad.com,needs_review,low,1,home loan,medium,,,,,2026-04-03T21:01:36.855401
1205,Vanchinad Finance Pvt. Ltd,Microfinance,Microfinance,,,,,,,[],,,,,,,,,,,[],"[""Kerala"", ""Tamil Nadu""]",,0.1,gemini,https://vanchinad.com,needs_review,low,1,microfinance,medium,,,,,2026-04-03T21:01:36.855481
1205,Vanchinad Finance Pvt. Ltd,Personal Loan,Personal Loan,,,,,,,[],,,,,,,,,,,[],"[""Kerala"", ""Tamil Nadu""]",,0.1,gemini,https://vanchinad.com,needs_review,low,1,personal loan,medium,,,,,2026-04-03T21:01:36.855549
1206,Vani Commercials Ltd,MSME Loan,MSME Loan,,,,,,,"[""business""]",,,,,,,,,,,[],"[""Delhi""]",,0.2,gemini,https://vanicommercials.com,needs_review,low,1,msme loan,medium,,,,,2026-04-03T21:02:13.659817
1206,Vani Commercials Ltd,Personal Loan,Personal Loan,,,,,,,"[""salaried"", ""self-employed""]",,,,,,,,,,,[],"[""Delhi""]",,0.2,gemini,https://vanicommercials.com,needs_review,low,1,personal loan,medium,,,,,2026-04-03T21:02:13.660017
1206,Vani Commercials Ltd,Rural Loan,Rural Loan,,,,,,,"[""agriculture""]",,,,,,,,,,,[],"[""Delhi""]",,0.2,gemini,https://vanicommercials.com,needs_review,low,1,rural loan,medium,,,,,2026-04-03T21:02:13.660149
1207,Vardan Securities Pvt.Ltd,Rural Loan,Rural Loan,,,,,,,[],,,,,,,,,,,[],[],,0.0,gemini,https://vardanservices.com/digital-finance-products-accounting-solutions,needs_review,low,1,rural loan,medium,,,,,2026-04-03T21:02:47.556965
1208,Vasanti Finvest Pvt Ltd,Business Loan,Business Loan,,,,,,,[],,,,,,,,,,,[],"[""Maharashtra""]",,0.1,gemini,https://www.vasantifinvest.in,needs_review,low,1,business loan,medium,,,,,2026-04-03T21:03:09.992509
1208,Vasanti Finvest Pvt Ltd,MSME Loan,MSME Loan,,,,,,,[],,,,,,,,,,,[],"[""Maharashtra""]",,0.1,gemini,https://www.vasantifinvest.in,needs_review,low,1,msme loan,medium,,,,,2026-04-03T21:03:09.992640
1209,Vayoo Nandan Finance Co. Pvt. Ltd.,Business Loan,Business Loan,,,,,,,"[""business""]",,,2,,,,,,,,[],"[""Delhi""]",Registered business entity.,0.3,gemini,https://vayoofin.com,needs_review,low,1,business loan,medium,True,True,True,2,2026-04-03T21:03:43.675493
1209,Vayoo Nandan Finance Co. Pvt. Ltd.,Microfinance,Microfinance,,,,,,,[],,,,,,,,,,False,[],"[""Delhi""]","Individuals, often women, from low-income households for income-generating activities. Participation in a self-help group (SHG) or joint liability group (JLG) may be required.",0.2,gemini,https://vayoofin.com,needs_review,low,1,microfinance,medium,True,True,,,2026-04-03T21:03:43.675567
1209,Vayoo Nandan Finance Co. Pvt. Ltd.,Personal Loan,Personal Loan,,,,,21,,"[""salaried"", ""self-employed""]",,,,,,,,,,False,[],"[""Delhi""]",Indian resident.,0.3,gemini,https://vayoofin.com,needs_review,low,1,personal loan,medium,True,True,,,2026-04-03T21:03:43.675614
1210,Venus Barter Pvt Ltd,Personal Loan,Personal Loan,,,,,,,[],,,,,,,,,,,[],"[""Gujarat"", ""West Bengal""]",,0.1,gemini,https://www.venusbarter.com,needs_review,low,1,personal loan,medium,,,,,2026-04-03T21:03:56.380238
1211,Venus Star Investments Pvt Ltd,Rural Loan,Rural Loan,,,,,,,[],,,,,,,,,,,[],"[""Bihar"", ""Delhi""]",,0.1,gemini,https://venusstarindia.com,needs_review,low,1,rural loan,medium,,,,,2026-04-03T21:04:07.426097
1212,Vibhuti Vyapaar Private Limited,Personal Loan,Personal Loan,,5.0,,,21,60,"[""salaried"", ""self-employed""]",,,,,,,36,,,False,[],"[""Karnataka"", ""West Bengal""]","Minimum income: ₹15,000 per month for salaried individuals, ₹20,000 per month for self-employed individuals.",0.5,gemini,https://www.vaibhav-vyapaar.com,needs_review,medium,1,personal loan,low,True,True,,,2026-04-03T21:04:28.115138
1213,Vikas Finance And Credit Co. (P) Ltd.,Business Loan,Business Loan,,,,,,,"[""self_employed_non_professional"", ""business""]",,,,,,,,,,,[],[],,0.1,heuristic,https://www.vikasmoney.com,needs_review,low,1,business loan,medium,,,,,2026-04-03T21:05:00.400355
1213,Vikas Finance And Credit Co. (P) Ltd.,Vehicle Loan,Vehicle Loan,,,,,,,[],,,,,,,,,,,[],[],,0.0,heuristic,https://www.vikasmoney.com,needs_review,low,1,vehicle loan,medium,,,,,2026-04-03T21:05:00.400552
1213,Vikas Finance And Credit Co. (P) Ltd.,Personal Loan,Personal Loan,,,,,,,"[""salaried"", ""self-employed""]",,,,,,,,,,,[],[],,0.1,heuristic,https://www.vikasmoney.com,needs_review,low,1,personal loan,medium,,,,,2026-04-03T21:05:00.400645
1213,Vikas Finance And Credit Co. (P) Ltd.,Loan Against Property,Loan Against Property,,,,,,,[],,,,,,,,,,,[],[],,0.0,heuristic,https://www.vikasmoney.com,needs_review,low,1,loan against property,medium,,,,,2026-04-03T21:05:00.400715
1213,Vikas Finance And Credit Co. (P) Ltd.,Gold Loan,Gold Loan,,,,,,,[],,,,,,,,,,,[],[],,0.0,heuristic,https://www.vikasmoney.com,needs_review,low,1,gold loan,medium,,,,,2026-04-03T21:05:00.400777
1214,Vishawas Finvest Private Limited,Home Loan,Home Loan,,,,,,,[],,,,,,,,,,,[],[],,0.0,heuristic,https://www.vishawasfinvest.com,needs_review,low,1,home loan,medium,,,,,2026-04-03T21:05:25.870961
1214,Vishawas Finvest Private Limited,Vehicle Loan,Vehicle Loan,,,,,,,[],,,,,,,,,,,[],[],,0.0,heuristic,https://www.vishawasfinvest.com,needs_review,low,1,vehicle loan,medium,,,,,2026-04-03T21:05:25.871082
1214,Vishawas Finvest Private Limited,Working Capital,Working Capital,,,,,,,"[""self_employed_non_professional"", ""business""]",,,,,,,,,,,[],[],,0.1,heuristic,https://www.vishawasfinvest.com,needs_review,low,1,working capital,medium,,,,,2026-04-03T21:05:25.871162
1214,Vishawas Finvest Private Limited,Personal Loan,Personal Loan,,,,,,,"[""salaried"", ""self-employed""]",,,,,,,,,,,[],[],,0.1,heuristic,https://www.vishawasfinvest.com,needs_review,low,1,personal loan,medium,,,,,2026-04-03T21:05:25.871233
1214,Vishawas Finvest Private Limited,Loan Against Property,Loan Against Property,,,,,,,[],,,,,,,,,,,[],[],,0.0,heuristic,https://www.vishawasfinvest.com,needs_review,low,1,loan against property,medium,,,,,2026-04-03T21:05:25.871295
1214,Vishawas Finvest Private Limited,MSME Loan,MSME Loan,,,,,,,"[""self_employed_non_professional"", ""business""]",,,,,,,,,,,[],[],,0.1,heuristic,https://www.vishawasfinvest.com,needs_review,low,1,msme loan,medium,,,,,2026-04-03T21:05:25.871358
1215,Vivardhana Microfinance Ltd,Microfinance,Microfinance,,,,,,,"[""self_employed_non_professional"", ""agriculture""]",,,,,,,,,,,[],[],,0.1,heuristic,https://vivardhanamfl.co.in,needs_review,low,1,microfinance,medium,,,,,2026-04-03T21:06:04.486150
1216,Vivriti Capital Limited*,Loan Against Property,Loan Against Property,,,,,,,[],,,,,,,,,,,[],"[""Delhi"", ""Gujarat"", ""Haryana"", ""Maharashtra"", ""Rajasthan"", ""West Bengal""]",,0.1,gemini,https://www.vivriticapital.com,needs_review,low,1,loan against property,medium,,,,,2026-04-03T21:06:28.868501
1216,Vivriti Capital Limited*,MSME Loan,MSME Loan,,,,,,,[],,,,,,,,,,,[],"[""Delhi"", ""Gujarat"", ""Haryana"", ""Maharashtra"", ""Rajasthan"", ""West Bengal""]",,0.1,gemini,https://www.vivriticapital.com,needs_review,low,1,msme loan,medium,,,,,2026-04-03T21:06:28.868697
1216,Vivriti Capital Limited*,Supply Chain Finance,Supply Chain Finance,,,,,,,[],,,,,,,,,,,[],"[""Delhi"", ""Gujarat"", ""Haryana"", ""Maharashtra"", ""Rajasthan"", ""West Bengal""]",,0.1,gemini,https://www.vivriticapital.com,needs_review,low,1,supply chain finance,medium,,,,,2026-04-03T21:06:28.868840
1216,Vivriti Capital Limited*,Working Capital,Working Capital,,,,,,,[],,,,,,,,,,,[],"[""Delhi"", ""Gujarat"", ""Haryana"", ""Maharashtra"", ""Rajasthan"", ""West Bengal""]",,0.1,gemini,https://www.vivriticapital.com,needs_review,low,1,working capital,medium,,,,,2026-04-03T21:06:28.868966
1217,VRA Finance and Investments Private Limited,Business Loan,Business Loan,,50.0,,,21,65,"[""business""]",,10.0,3,,,,60,,,False,[],"[""Maharashtra""]",,0.4,gemini,https://vrafinance.com,needs_review,medium,1,business loan,low,True,True,True,2,2026-04-03T21:07:01.271537
1217,VRA Finance and Investments Private Limited,Working Capital,Working Capital,,50.0,,,21,65,"[""business""]",,10.0,3,,,,60,,,False,[],"[""Maharashtra""]",,0.4,gemini,https://vrafinance.com,needs_review,medium,1,working capital,low,True,True,True,2,2026-04-03T21:07:01.271701
1218,Vrinda Finlease Limited,Rural Loan,Rural Loan,,,,,,,"[""agriculture"", ""business""]",,,,,,,,,,,[],"[""Haryana""]","Financial assistance provided to individuals, small businesses, and farmers in rural and semi-urban areas.",0.3,gemini,https://www.vrindafinlease.com,needs_review,low,1,rural loan,medium,,,,,2026-04-03T21:07:32.540545
1219,Vruksha Microfin Private Limited,Microfinance,Microfinance,,,,,,,"[""self-employed""]",,,,,,,,,,,[],[],Loans provided to women from low-income households in rural and semi-urban areas.,0.2,gemini,https://www.vrukshamicrofin.com,needs_review,low,1,microfinance,medium,,,,,2026-04-03T21:07:54.038503
1220,Waqt Finance Private Ltd.,Business Loan,Business Loan,,,,,,,[],,,,,,,,,,,[],"[""Chandigarh"", ""Delhi""]",,0.1,gemini,https://waqtfinance.com,needs_review,low,1,business loan,medium,True,True,,,2026-04-03T21:08:15.538870
1220,Waqt Finance Private Ltd.,Home Loan,Home Loan,,,,,,,[],,,,,,,,,,,[],"[""Chandigarh"", ""Delhi""]",,0.1,gemini,https://waqtfinance.com,needs_review,low,1,home loan,medium,True,True,,,2026-04-03T21:08:15.539005
1220,Waqt Finance Private Ltd.,MSME Loan,MSME Loan,,,,,,,[],,,,,,,,,,,[],"[""Chandigarh"", ""Delhi""]",,0.1,gemini,https://waqtfinance.com,needs_review,low,1,msme loan,medium,True,True,,,2026-04-03T21:08:15.539108
1220,Waqt Finance Private Ltd.,Personal Loan,Personal Loan,,,,,,,[],,,,,,,,,,,[],"[""Chandigarh"", ""Delhi""]",,0.1,gemini,https://waqtfinance.com,needs_review,low,1,personal loan,medium,True,True,,,2026-04-03T21:08:15.539178
1220,Waqt Finance Private Ltd.,Vehicle Loan,Vehicle Loan,,,,,,,[],,,,,,,,,,,[],"[""Chandigarh"", ""Delhi""]",,0.1,gemini,https://waqtfinance.com,needs_review,low,1,vehicle loan,medium,True,True,,,2026-04-03T21:08:15.539244
1221,Weekline Investment & Trading Co. Ltd.,Business Loan,Business Loan,,,,,,,[],,,,,,,,,,,[],"[""Delhi""]",,0.1,gemini,https://www.weekline.in,needs_review,low,1,business loan,medium,,,,,2026-04-03T21:08:40.739435
1221,Weekline Investment & Trading Co. Ltd.,Gold Loan,Gold Loan,,,,,,,[],,,,,,,,,,True,"[""gold""]","[""Delhi""]",,0.1,gemini,https://www.weekline.in,needs_review,low,1,gold loan,medium,,,,,2026-04-03T21:08:40.739620
1221,Weekline Investment & Trading Co. Ltd.,Personal Loan,Personal Loan,,,,,,,[],,,,,,,,,,False,[],"[""Delhi""]",,0.1,gemini,https://www.weekline.in,needs_review,low,1,personal loan,medium,,,,,2026-04-03T21:08:40.739688
1221,Weekline Investment & Trading Co. Ltd.,Working Capital,Working Capital,,,,,,,[],,,,,,,,,,,[],"[""Delhi""]",,0.1,gemini,https://www.weekline.in,needs_review,low,1,working capital,medium,,,,,2026-04-03T21:08:40.739744
549,Standard Chartered Bank,Business Loan,Business Loan,,,,,,,"[""self_employed_non_professional"", ""business""]",,,,,,,,,,,[],[],,0.1,heuristic,https://www.sc.com/in/,needs_review,low,1,business loan,medium,,,,,2026-04-03T22:29:02.882165
549,Standard Chartered Bank,Home Loan,Home Loan,,,,,,,[],,,,,,,,,,,[],[],,0.0,heuristic,https://www.sc.com/in/,needs_review,low,1,home loan,medium,,,,,2026-04-03T22:29:02.882336
549,Standard Chartered Bank,Vehicle Loan,Vehicle Loan,,,,,,,[],,,,,,,,,,,[],[],,0.0,heuristic,https://www.sc.com/in/,needs_review,low,1,vehicle loan,medium,,,,,2026-04-03T22:29:02.882419
549,Standard Chartered Bank,Working Capital,Working Capital,,,,,,,"[""self_employed_non_professional"", ""business""]",,,,,,,,,,,[],[],,0.1,heuristic,https://www.sc.com/in/,needs_review,low,1,working capital,medium,,,,,2026-04-03T22:29:02.882487
549,Standard Chartered Bank,Personal Loan,Personal Loan,,,,,,,"[""salaried"", ""self-employed""]",,,,,,,,,,,[],[],,0.1,heuristic,https://www.sc.com/in/,needs_review,low,1,personal loan,medium,,,,,2026-04-03T22:29:02.882555
549,Standard Chartered Bank,Loan Against Property,Loan Against Property,,,,,,,[],,,,,,,,,,,[],[],,0.0,heuristic,https://www.sc.com/in/,needs_review,low,1,loan against property,medium,,,,,2026-04-03T22:29:02.882628
538,Small Industries Development Bank of India,MSME Loan,MSME Loan,,,,,,,"[""business""]",,,,,,,,,,,[],"[""Uttar Pradesh""]",,0.2,gemini,https://www.sidbi.in,needs_review,low,1,msme loan,medium,True,True,True,,2026-04-03T22:18:49.576084
534,The Telangana State Cooperative Apex Bank Ltd.,Gold Loan,Gold Loan,,,,,,,[],,,,,,,,,,,[],[],,0.0,heuristic,https://tscab.org/,needs_review,low,1,gold loan,medium,,,,,2026-04-03T22:17:11.296541
547,Shinhan Bank,Education Loan,Education Loan,,,,,,,"[""salaried"", ""self-employed""]",,,,,,,,,,,[],[],,0.1,heuristic,https://www.shinhanbank.co.in/,needs_review,low,1,education loan,medium,,,,,2026-04-03T22:27:25.551112
534,The Telangana State Cooperative Apex Bank Ltd.,Agriculture Loan,Agriculture Loan,,,,,,,"[""agriculture""]",,,,,,,,,,,[],[],,0.1,heuristic,https://tscab.org/,needs_review,low,1,agriculture loan,medium,,,,,2026-04-03T22:17:11.296714
484,IDBI Bank Limited,Consumer Durable Loan,Consumer Durable Loan,,,,,,,"[""salaried"", ""self-employed""]",,,,,,,,,,,[],[],,0.1,heuristic,https://www.idbibank.in/,needs_review,low,1,consumer durable loan,medium,,,,,2026-04-03T21:29:49.878831
549,Standard Chartered Bank,Credit Card,Credit Card,,,,,,,[],,,,,,,,,,,[],[],,0.0,heuristic,https://www.sc.com/in/,needs_review,low,1,credit card,medium,,,,,2026-04-03T22:29:02.882686
480,RBL Bank Limited,Two Wheeler Loan,Two Wheeler Loan,,,,,,,[],,,,,,,,,,,[],[],,0.0,heuristic,https://www.rblbank.com/,needs_review,low,1,two wheeler loan,medium,,,,,2026-04-03T21:27:58.072019
530,The Tamil Nadu State Apex Co-operative Bank Ltd.,Microfinance,Microfinance,,,,,,,[],,,,,,,,,,,[],[],,0.0,heuristic,https://www.tnscbank.com/,needs_review,low,1,microfinance,medium,,,,,2026-04-03T22:12:33.269059
547,Shinhan Bank,Supply Chain Finance,Supply Chain Finance,,,,,,,"[""self_employed_non_professional"", ""business""]",,,,,,,,,,,[],[],,0.1,heuristic,https://www.shinhanbank.co.in/,needs_review,low,1,supply chain finance,medium,,,,,2026-04-03T22:27:25.551008
538,Small Industries Development Bank of India,Rural Loan,Rural Loan,,,,,,,"[""agriculture"", ""self_employed_non_professional""]",,,,,,,,,,,[],"[""Uttar Pradesh""]",,0.2,gemini,https://www.sidbi.in,needs_review,low,1,rural loan,medium,True,True,,,2026-04-03T22:18:49.576200
529,The Mizoram Co-operative Apex Bank Ltd.,Micro Loan,Micro Loan,,,,,,,[],,,,,,,,,,,[],[],,0.0,heuristic,https://www.mizoramapexbank.com/,needs_review,low,1,micro loan,medium,,,,,2026-04-03T22:12:09.853106
548,Sonali Bank Ltd.,Working Capital Finance,Working Capital,,,,,,,"[""business""]",,,,,,,,,,True,[],[],"Provided to various segments of the economy including MSME, Corporate, Trade & Services. Facilities are provided in the form of Cash Credit, Overdraft, Demand Loan, Letter of Credit, Bank Guarantee etc. To meet the day to day operational requirements of the business.",0.2,gemini,https://www.sonalibank.com.bd/india/,needs_review,low,1,working capital finance,medium,,,,,2026-04-03T22:27:53.866092
485,AB Bank PLC,AB Bank Supply Chain Finance,Supply Chain Finance,,,,,,,"[""business""]",,,,,,,,,,,[],[],Comprehensive solution for buyers and suppliers to optimize working capital and mitigate risks across the supply chain. Offers buyer-centric and supplier-centric solutions.,0.2,gemini,https://www.abbank.com.bd/,needs_review,low,1,ab bank supply chain finance,medium,,,,,2026-04-03T21:30:17.806082
550,Woori Bank,Term Loan,Business Loan,,,,,,,"[""business""]",,,,,,,,,,,[],[],,0.1,gemini,https://in.wooribank.com/,needs_review,low,1,term loan,medium,,,,,2026-04-03T22:32:44.453578
486,American Express Banking Corporation,American Express Platinum Travel Credit Card,Credit Card,,,,,18,,"[""salaried"", ""self-employed""]",50.0,,,,,,,,,False,[],[],Minimum annual income of ₹6.00 Lakhs for Salaried or Self-Employed individuals.,0.2,gemini,https://www.americanexpress.com/en-in/,needs_review,low,1,american express platinum travel credit card,medium,True,,,,2026-04-03T21:30:45.899971
486,American Express Banking Corporation,American Express SmartEarn Credit Card,Credit Card,,,,,18,,"[""salaried"", ""self-employed""]",37.5,,,,,,,,,False,[],[],Minimum annual income of ₹4.50 Lakhs for Salaried or Self-Employed individuals.,0.2,gemini,https://www.americanexpress.com/en-in/,needs_review,low,1,american express smartearn credit card,medium,True,,,,2026-04-03T21:30:45.900091
550,Woori Bank,Working Capital Loan,Working Capital,,,,,,,"[""business""]",,,,,,,,,,,[],[],,0.1,gemini,https://in.wooribank.com/,needs_review,low,1,working capital loan,medium,,,,,2026-04-03T22:32:44.453431
491,"Bank of Nova Scotia 93-94, 3 North Avenue, Maker Maxity, Bandra Kurla",Business Term Loan,Business Loan,,,,,,,"[""business""]",,,,,,,,,,,[],[],,0.1,gemini,https://www.scotiabank.com/in/en/business-banking.html,needs_review,low,1,business term loan,medium,,,,,2026-04-03T21:39:13.087809
510,Mashreqbank P.S.C,Working Capital Solutions,Working Capital,,,,,,,[],,,,,,,,,,,[],[],,0.0,gemini,https://www.mashreqbank.com/india/en/personal/home,needs_review,low,1,working capital solutions,medium,,,,,2026-04-03T21:52:28.310550
550,Woori Bank,Trade Finance,Supply Chain Finance,,,,,,,"[""business""]",,,,,,,,,,,[],[],,0.1,gemini,https://in.wooribank.com/,needs_review,low,1,trade finance,medium,,,,,2026-04-03T22:32:44.453656
511,Mizuho Bank Ltd,Corporate Term Loan,Business Loan,,,,,,,[],,,,,,,,,,,[],[],"Available for corporate clients for capital expenditure, business expansion, and refinancing.",0.1,gemini,https://www.mizuhobank.com/india/en/index.html,needs_review,low,1,corporate term loan,medium,,,,,2026-04-03T21:53:10.841166
507,J.P. Morgan Chase Bank N.A,Supply Chain Finance Solutions,Supply Chain Finance,,,,,,,"[""business""]",,,,,,,,,,,[],[],J.P. Morgan provides supply chain finance as part of its trade and working capital offerings for commercial clients. Detailed product specifications and eligibility are not publicly available.,0.2,gemini,https://www.jpmorgan.com/IN/en/,needs_review,low,1,supply chain finance solutions,medium,,,,,2026-04-03T21:50:59.738718
505,Industrial and Commercial Bank of China Limited,Import & Export Trade Finance,Supply Chain Finance,,,,,,,[],,,,,,,,,,,[],[],,0.0,gemini,https://www.icbc.com.cn/icbc/overseas/india/,needs_review,low,1,import & export trade finance,medium,,,,,2026-04-03T21:50:16.434492
507,J.P. Morgan Chase Bank N.A,Commercial Lending Solutions,Business Loan,,,,,,,"[""business""]",,,,,,,,,,,[],[],"J.P. Morgan provides lending solutions for commercial clients, typically large corporations and institutions, as part of a broader banking relationship. Specific eligibility criteria are not publicly disclosed.",0.2,gemini,https://www.jpmorgan.com/IN/en/,needs_review,low,1,commercial lending solutions,medium,,,,,2026-04-03T21:50:59.738487
507,J.P. Morgan Chase Bank N.A,Trade & Working Capital Solutions,Working Capital,,,,,,,"[""business""]",,,,,,,,,,,[],[],"J.P. Morgan offers trade and working capital solutions for commercial clients. Specific eligibility criteria, loan amounts, and rates are not publicly disclosed and are typically tailored to client needs.",0.2,gemini,https://www.jpmorgan.com/IN/en/,needs_review,low,1,trade & working capital solutions,medium,,,,,2026-04-03T21:50:59.738622
510,Mashreqbank P.S.C,Distributor Finance,Supply Chain Finance,,,,,,,[],,,,,,,,,,,[],[],,0.0,gemini,https://www.mashreqbank.com/india/en/personal/home,needs_review,low,1,distributor finance,medium,,,,,2026-04-03T21:52:28.310675
510,Mashreqbank P.S.C,Supplier Finance,Supply Chain Finance,,,,,,,[],,,,,,,,,,,[],[],,0.0,gemini,https://www.mashreqbank.com/india/en/personal/home,needs_review,low,1,supplier finance,medium,,,,,2026-04-03T21:52:28.310747
511,Mizuho Bank Ltd,Corporate Working Capital Loan,Working Capital,,,,,,,[],,,,,,,,,,,[],[],"Available for corporate clients to manage day-to-day operational funding requirements, including short-term loans, overdrafts, and cash credit facilities.",0.1,gemini,https://www.mizuhobank.com/india/en/index.html,needs_review,low,1,corporate working capital loan,medium,,,,,2026-04-03T21:53:10.841311
542,First Abu Dhabi Bank PJSC,Term Loans,Business Loan,,,,,,,"[""business""]",,,,,,,,,,,[],"[""Maharashtra""]",,0.2,gemini,https://www.bankfab.com/en-in/,needs_review,low,1,term loans,medium,,,,,2026-04-03T22:21:33.099332
521,United Overseas Bank Limited,Trade Finance - Import Financing,Working Capital,,,,,,,"[""business""]",,,,,,,,,,,[],[],"For businesses engaged in import activities, including Trust Receipt, Import Loan, and Shipping Guarantee.",0.2,gemini,https://www.uobgroup.com/uobindia/index.html,needs_review,low,1,trade finance import financing,medium,True,False,True,,2026-04-03T22:07:04.771931
521,United Overseas Bank Limited,Trade Finance - Export Financing,Working Capital,,,,,,,"[""business""]",,,,,,,,,,,[],[],"For businesses engaged in export activities, including Pre-shipment and Post-shipment financing.",0.2,gemini,https://www.uobgroup.com/uobindia/index.html,needs_review,low,1,trade finance export financing,medium,True,False,True,,2026-04-03T22:07:04.772065
521,United Overseas Bank Limited,Trade Finance - Bank Guarantees,Working Capital,,,,,,,"[""business""]",,,,,,,,,,,[],[],"For businesses requiring financial guarantees such as Bid Bonds, Performance Bonds, Advance Payment Guarantees, and Financial Guarantees.",0.2,gemini,https://www.uobgroup.com/uobindia/index.html,needs_review,low,1,trade finance bank guarantees,medium,True,False,True,,2026-04-03T22:07:04.772146
521,United Overseas Bank Limited,Trade Finance - Letters of Credit,Working Capital,,,,,,,"[""business""]",,,,,,,,,,,[],[],"For businesses engaged in international trade, including Import Letters of Credit and Export Letters of Credit Advising/Confirmation.",0.2,gemini,https://www.uobgroup.com/uobindia/index.html,needs_review,low,1,trade finance letters of credit,medium,True,False,True,,2026-04-03T22:07:04.772217
523,Woori Bank Unit No,Project Finance,Business Loan,,,,,,,"[""business""]",,,,,,,,,,,[],[],,0.1,gemini,https://www.wooribank.co.in/,needs_review,low,1,project finance,medium,True,False,True,,2026-04-03T22:08:05.589015
523,Woori Bank Unit No,Structured Finance,Business Loan,,,,,,,"[""business""]",,,,,,,,,,,[],[],,0.1,gemini,https://www.wooribank.co.in/,needs_review,low,1,structured finance,medium,True,False,True,,2026-04-03T22:08:05.589081
523,Woori Bank Unit No,Loan Syndication,Business Loan,,,,,,,"[""business""]",,,,,,,,,,,[],[],,0.1,gemini,https://www.wooribank.co.in/,needs_review,low,1,loan syndication,medium,True,False,True,,2026-04-03T22:08:05.589145
539,AB Bank Ltd.,AB SME Term Loan,MSME Loan,,,,,,,"[""business""]",,,2,,,,60,,,True,[],[],"Available for Proprietorship, Partnership, or Private Limited Companies. Loan for expansion, modernization, new project, or purchase of fixed assets.",0.3,gemini,https://www.abbank.com.bd/,needs_review,low,1,ab sme term loan,medium,,,,,2026-04-03T22:19:29.618787
539,AB Bank Ltd.,AB SME Working Capital Loan,Working Capital,,,,,,,"[""business""]",,,2,,,,,,,True,[],[],"Available for Proprietorship, Partnership, or Private Limited Companies. To meet working capital requirements. Can be revolving or non-revolving.",0.2,gemini,https://www.abbank.com.bd/,needs_review,low,1,ab sme working capital loan,medium,,,,,2026-04-03T22:19:29.618921
540,Bank of Ceylon,Working Capital Facilities,Working Capital,,,,,,,"[""business""]",,,,,,,,,,,[],"[""Tamil Nadu""]",Available for Corporate and SME customers.,0.3,gemini,https://www.bankofceylon.com/en/BOC-India-Operations,needs_review,low,1,working capital facilities,medium,,,,,2026-04-03T22:19:50.197691
