"id","company_name","registration_number","category","state","original_website","aum","contact_email","contact_phone","business_summary","primary_focus","validated_urls","confidence_level","data_completeness"
99,"121 Finance Private Limited (Old Name Yerrow Finance and Investments Private Limited)","ROW-1",NULL,NULL,"https://121finance.com/",NULL,NULL,NULL,"121 Finance is an RBI-registered NBFC-Factor providing fast and customised Trade Credit Finance Solutions to SMEs, supporting small ticket size trade to grow. They offer solutions to cover liquidity and risk by accelerating payments on B2B invoices. Their mission is to enable any buyer or seller across the nation to get their invoice discounted.","MSME","{products:https://121finance.com,homepage:https://121finance.com/,team:https://121finance.com/contact/,about:https://121finance.com/about-us/}","high","1.00"
100,"4Fin Finance Private Limited","ROW-4",NULL,NULL,"https://4fin.in/",NULL,NULL,NULL,"4Fin is an RBI-registered NBFC specializing in delivering innovative lending solutions catering to the diverse needs of MSMEs.","MSME","{team:https://4fin.in/contact-us/,about:https://4fin.in/about-us/,homepage:https://4fin.in/,products:https://4fin.in/working-capital/}","low","0.86"
101,"A R C Finance Ltd","ROW-27",NULL,NULL,"http://www.arcfinance.in/",NULL,NULL,NULL,"ARC Finance Ltd is a Non Deposit taking Non Banking Finance Company (NBFC) registered with the RBI, engaged primarily in advancing loans and investing/trading in securities.","MSME","{homepage:http://www.arcfinance.in/}","high","1.00"
102,"A R T Leasing Ltd","ROW-28",NULL,NULL,"http://artgroupofcompanies.in/leasing.php",NULL,NULL,NULL,"ART Leasing Ltd. is a Non-Banking Financial Company (NBFC) providing financial services, including personal loans against gold jewellery, business loans for SMEs, and instant fund transfer through various channels.","MSME","{homepage:http://artgroupofcompanies.in/leasing.php}","low","0.86"
103,"Aarchi Consultancy (P) Ltd","ROW-73",NULL,NULL,"https://aarchi-consultancy-pvt-ltd.charteredone.com/U74140WB1993PTC060953",NULL,NULL,NULL,"AARCHI CONSULTANCY PVT LTD is a private limited company providing business and management consultancy activities, including event-based compliances and tax audit services.","Not specified on website","{homepage:https://aarchi-consultancy-pvt-ltd.charteredone.com/U74140WB1993PTC060953}","low","0.71"
104,"Aashrit Capital Limited","ROW-83",NULL,NULL,"http://aashritcapital.com/",NULL,NULL,NULL,"Aashrit Capital Limited is a Non-Banking Financial Company (NBFC) engaged in the business of investment in shares and securities and providing loans and advances.","MSME","{team:http://aashritcapital.com/people-info,about:http://aashritcapital.com/company-info,homepage:http://aashritcapital.com/}","high","1.00"
105,"Aasman Kamraz Leasing & Hire Purchase Company Pvt Ltd","ROW-85",NULL,NULL,"https://company.vakilsearch.com/aasman-kamraz-leasing-hire-purchase-company-private-limited/U65921JK1997PTC001645",NULL,NULL,NULL,"The NBFC provides various company registration services, including private limited company registration, partnership firm registration, and sole proprietorship registration.","Multi-Product","{team:https://company.vakilsearch.com/aasman-kamraz-leasing-hire-purchase-company-private-limited/U65921JK1997PTC001645/partnership-firm-registration,about:https://company.vakilsearch.com,homepage:https://company.vakilsearch.com/aasman-kamraz-leasing-hire-purchase-company-private-limited/U65921JK1997PTC001645,products:https://company.vakilsearch.com/aasman-kamraz-leasing-hire-purchase-company-private-limited/U65921JK1997PTC001645/chartered-accountant-services}","medium","0.86"
106,"Abha Property Project Limited","ROW-98",NULL,NULL,"https://abhaproperty.in/",NULL,NULL,NULL,"Abha Property is a real estate development company that offers various services including property development, construction, and project management.","Not specified on website","{homepage:https://abhaproperty.in/,team:https://abhaproperty.in/contact-us/}","medium","0.86"
107,"Abhani Securities  Pvt.  Ltd.","ROW-99",NULL,NULL,"https://www.prabhatsecuritiesltd.co.in/",NULL,NULL,NULL,"Prabhat Securities Limited is a Non-Banking Financial Company (NBFC) engaged in finance, investment, and fund-based activities.","MSME","{homepage:https://www.prabhatsecuritiesltd.co.in/}","high","1.00"
108,"Abhishek Capital Services (P) Ltd","ROW-117",NULL,NULL,"http://www.abhisheksecurities.com/hdb_fin.htm",NULL,NULL,NULL,"HDB Financial Services is a leading Non-Banking Financial Company (NBFC) that caters to the growing needs of an aspirational India, serving both Retail & Commercial Clients. It provides loans for various purposes such as Consumer Loans, Enterprise Loans, and Asset Finance. The company also offers fee-based products like insurance and BPO services.","Multi-Product","{homepage:http://www.abhisheksecurities.com/hdb_fin.htm}","high","1.00"
109,"Abhiyan Capital (India) Private Limited {Earlier known as Dowell Fiscal Services Private Limited}","ROW-125",NULL,NULL,"https://www.abhiyancapital.com/",NULL,NULL,NULL,"Abhiyan Capital is a mission-driven Non-Banking Financial Company (NBFC) that specializes in providing secured business loans to micro-enterprises and self-employed individuals with informal income, often operating in underbanked markets of India. Their focus is to help businesses grow by offering credit solutions even when formal documentation is scarce. They offer loans up to ₹15 lakh for tenures of up to 7 years.","MSME","{homepage:https://www.abhiyancapital.com/}","high","1.00"
110,"ABT Finance Limited","ROW-132",NULL,NULL,"https://abt-finance-limited.charteredone.com/U65921TZ1985PLC001575",NULL,NULL,NULL,"ABT FINANCE LIMITED is a Non-government company involved in Activities Of Hire - Purchase Financing. It provides financial services and has been incorporated for 40 years. The company's authorized share capital is Rs. 81,000,000 and its paid-up capital is Rs. 75,002,000.","MSME","{homepage:https://abt-finance-limited.charteredone.com/U65921TZ1985PLC001575}","medium","0.86"
111,"Accord Securities  Ltd.","ROW-135",NULL,NULL,"https://www.accordsecurities.com/",NULL,NULL,NULL,"Accord Securities Limited is a tech-enabled Non-Banking Finance Company that provides digital lending services, offering loans with paperless documentation and fast processing. They aim to establish businesses for their clients using state-of-the-art techniques. Their services include online banking, competitive interest rates, and expert digital lending.","Multi-Product","{homepage:https://www.accordsecurities.com/}","medium","0.86"
112,"Accredit Distributors (P) Ltd","ROW-136",NULL,NULL,"https://accredit-distributors-pvt-ltd.charteredone.com/U74140WB1994PTC062186",NULL,NULL,NULL,"ACCREDIT DISTRIBUTORS PVT LTD is a private limited company that provides business and management consultancy activities, including provision of advice.","MSME","{homepage:https://accredit-distributors-pvt-ltd.charteredone.com/U74140WB1994PTC062186}","medium","0.86"
113,"Accredut Finance And Investment Private Limited","ROW-137",NULL,NULL,"https://www.accredutfinance.com/",NULL,NULL,NULL,"Accredut Finance is a Non-Banking Financial Company (NBFC) that offers a wide range of financial products tailored to meet diverse needs, including loan against property, MSME loans, working capital loans, and personal loans.","MSME","{homepage:https://www.accredutfinance.com/,products:https://www.accredutfinance.com/}","high","1.00"
114,"Ace Finlease Private Limited","ROW-141",NULL,NULL,"https://acegroup.in/companies/",NULL,NULL,NULL,"ACE Group is a diversified business group with an annual turnover of rupees 350 Crores, founded by late Sri. Leeladhar Kamath in the 60's, with interests in jewellery retailing, automobile dealership, finance, construction, and global trading.","Multi-Product","{about:https://acegroup.in/about-us/,homepage:https://acegroup.in/companies/,team:https://acegroup.in/contact-us/}","medium","0.86"
115,"Achyut & Neeta Holdings & Finance Private Limited","ROW-149",NULL,NULL,"https://www.achyutneeta.com/",NULL,NULL,NULL,"Achyut & Neeta Holdings & Finance Private Limited offers tailored loan solutions to meet diverse financial needs, providing flexible repayment terms and competitive interest rates.","Multi-Product","{homepage:https://www.achyutneeta.com/}","medium","0.86"
116,"Acsys Investments Private Limited","ROW-155",NULL,NULL,"https://www.acsysindia.com/",NULL,NULL,NULL,"Acsys Investments is an RBI-registered investment NBFC that focuses on prop investments, including equity, debt, structured products, and private equity. They invest their own funds and provide a high-quality team of analysts to understand startups' business ideas. The company aims to make quick decisions and complete paperwork for disbursement.","Multi-Product","{homepage:https://www.acsysindia.com/}","medium","0.86"
117,"Add - Truck Commercial Pvt Ltd","ROW-165",NULL,NULL,"https://asia.daimlertruck.com/en/press-releases/india/bharatbenz-customers-gain-attractive-finance-options/",NULL,NULL,NULL,"BharatBenz, a brand of commercial vehicles, has partnered with 18 leading banks/NBFCs to offer finance schemes to its customers. This partnership aims to provide greater financing flexibility and convenience to CV customers. The company's customer-centric approach is focused on providing a hassle-free buying experience.","MSME","{products:https://asia.daimlertruck.com/en/press-releases/india/bharatbenz-customers-gain-attractive-finance-options/en/,homepage:https://asia.daimlertruck.com/en/press-releases/india/bharatbenz-customers-gain-attractive-finance-options/,about:https://asia.daimlertruck.com/en/press-releases/india/bharatbenz-customers-gain-attractive-finance-options/en/about-us/,team:https://asia.daimlertruck.com/en/press-releases/india/bharatbenz-customers-gain-attractive-finance-options/en/about-us/business-unit/mftbc/management/}","high","1.00"
118,"Adhunik Investments Private Limited","ROW-172",NULL,NULL,"https://www.adhunikfinserve.com/",NULL,NULL,NULL,"Adhunik Finserve is an advisory firm providing financial services, including retail funding for businesses and individuals. They assist clients in unlocking value and exploring their full potentiality. The company offers a range of financial solutions.","Multi-Product","{homepage:https://www.adhunikfinserve.com/,team:https://www.adhunikfinserve.com/contact-us/,about:https://www.adhunikfinserve.com/about-us/}","medium","0.86"
119,"Advik Capital Ltd","ROW-205",NULL,NULL,"https://www.advik.co.in/",NULL,NULL,NULL,"ADVIK HI- TECH PVT. LTD. is a leading manufacturer of precision components and systems for automotive markets worldwide, providing technologically advanced and optimally engineered value-added products to mobility solution providers globally.","Not specified on website","{team:https://www.advik.co.in/company/leadership-team/,homepage:https://www.advik.co.in/,about:https://www.advik.co.in/company/}","low","0.71"
120,"Aeroflex Finance Private Limited","ROW-211",NULL,NULL,"https://aeroflexfinance.com/",NULL,NULL,NULL,"Aeroflex Finance Private Limited is a Non-Banking Financial Company (NBFC) providing comprehensive financial solutions to businesses and individuals. They offer various loan products, including SME/Business Loans, Working Capital Loans, Consumer Loans, and more. Their goal is to empower entrepreneurs and individuals with flexible and customized loan products.","MSME","{team:https://aeroflexfinance.com/contact-us/,products:https://aeroflexfinance.com,about:https://aeroflexfinance.com/about-us/,homepage:https://aeroflexfinance.com/}","medium","0.86"
121,"Agarwal Assignments Pvt. Ltd.","ROW-220",NULL,NULL,"https://www.agarwalassignments.com/",NULL,NULL,NULL,"Agarwal Assignments Pvt. Ltd. is an NBFC that offers lending services for individuals and businesses, with a focus on responsible lending and financial access for all.","MSME","{homepage:https://www.agarwalassignments.com/}","high","1.00"
122,"Agarwal Finestate Pvt.Ltd.","ROW-222",NULL,NULL,"https://agarwal-finestate-private-limited.charteredone.com/U65993HR1995PTC094169",NULL,NULL,NULL,"AGARWAL FINESTATE PRIVATE LIMITED is a Non-government company involved in Activities Of Chit Fund/Kuri Companies, providing financial services and products.","MSME","{homepage:https://agarwal-finestate-private-limited.charteredone.com/U65993HR1995PTC094169}","medium","0.86"
123,"Agarwal Fiscal Private Limited","ROW-223",NULL,NULL,"https://www.agarwalassignments.com/",NULL,NULL,NULL,"Agarwal Assignments Pvt. Ltd. is an NBFC that provides lending services for individuals and businesses, focusing on responsible lending and financial access for all.","MSME","{homepage:https://www.agarwalassignments.com/}","high","1.00"
124,"Agf Finlease Pvt. Ltd.","ROW-232",NULL,NULL,"https://agffinlease.com/",NULL,NULL,NULL,"AGF Finlease is an NBFC that provides digital lending services with a focus on fintech, offering various loan products and financial solutions to deserving customers.","Multi-Product","{team:https://agffinlease.com/contact-us/,homepage:https://agffinlease.com/,about:https://agffinlease.com/about-us/}","medium","0.86"
125,"Agrim Fincap Pvt.Ltd.","ROW-248",NULL,NULL,"https://agrimfincap.com/",NULL,NULL,NULL,"Agrim Fincap is a dynamic and progressive, ISO 9001 Certified, Non-Banking Financial Company (NBFC) that specializes in providing hassle-free personal and business loans with simple, streamlined processes, minimal documentation, and quick approvals.","MSME","{about:https://agrimfincap.com/about,homepage:https://agrimfincap.com/,team:https://agrimfincap.com/contact,products:https://agrimfincap.com/services}","high","1.00"
126,"Agro Indus Credits Limited (Formerly Known As Agro Indus Finance And Leasing (India)Ltd","ROW-250",NULL,NULL,"https://www.agroindus.co.in/",NULL,NULL,NULL,"Agro Indus Credits Limited is a trusted and vibrant NBFC that provides financial support to individuals, businesses, and various sectors across India. It offers gold loans, vehicle loans, mortgage loans, insurance, and mutual funds. The company aims to bring financial products within the reach of the lower middle class and economically weaker sections of society.","MSME","{about:https://www.agroindus.co.in/about-us,homepage:https://www.agroindus.co.in/,products:https://www.agroindus.co.in/services/1/Gold-Loan,team:https://www.agroindus.co.in/key-team}","high","1.00"
127,"Almondz Finanz Limited","ROW-351",NULL,NULL,"https://almondzfinanz.com/",NULL,NULL,NULL,"Almondz Finanz Limited is an RBI registered NBFC offering unsecured personal loans to meet diverse financial needs, with a customer-centric approach and competitive interest rates.","Consumer","{homepage:https://almondzfinanz.com/}","high","1.00"
128,"Alpha Alternatives Financial Services Private Limited (Formerly Provincial Finance & Leasing Company Private Limited)","ROW-358",NULL,NULL,"https://alphaalternatives.in/",NULL,NULL,NULL,"Alpha Alternatives provides financial and compliance support services to startups, including accounting, governance, due diligence, corporate secretarial, finance operations, and regulatory compliance.","MSME","{products:https://alphaalternatives.in/services/,homepage:https://alphaalternatives.in/,team:https://alphaalternatives.in/contact-us/}","medium","1.00"
129,"Alpine Commercial Co Ltd","ROW-364",NULL,NULL,"https://www.alpinecommercial.co.in/",NULL,NULL,NULL,"Alpine Commercial Co. Ltd. is an NBFC that carries on the business of investment and financial services, including lending to small businesses and retail customers.","MSME","{team:https://www.alpinecommercial.co.in/resource/Contact_Us.aspx,homepage:https://www.alpinecommercial.co.in/}","medium","0.86"
130,"Alpine Finlease Limited","ROW-365",NULL,NULL,"https://alpinefinlease.com/",NULL,NULL,NULL,"Alpine Finlease Limited is a regulated NBFC-ND providing structured lending solutions to individuals, professionals, and businesses across India with a focus on underserved segments in semi-urban and rural markets.","MSME","{about:https://alpinefinlease.com/about-us-2/,team:https://alpinefinlease.com/contact-us-2/,homepage:https://alpinefinlease.com/,products:https://alpinefinlease.com/personal-loan-2/}","high","1.00"
131,"Amar Vanijya Limited","ROW-390",NULL,NULL,"https://amarvanijya.com/",NULL,NULL,NULL,"Amar Vanijya Ltd is a Non-Banking Financial Company (NBFC) registered with the Reserve Bank of India, providing loans and advances to industrial enterprises, holding investments in various securities, and buying, selling, and investing in shares, stocks, debentures, bonds, mutual funds.","MSME","{products:https://amarvanijya.com/our-service/,team:https://amarvanijya.com/management-team/,homepage:https://amarvanijya.com/,about:https://amarvanijya.com/about-us/}","high","1.00"
132,"Amber Distributors (P) Ltd","ROW-405",NULL,NULL,"https://amberdistributors.com/",NULL,NULL,NULL,"Amber Distributors Private Limited is an RBI-registered NBFC that provides personal loan, business loan, gold loan, and financial advisory services to individuals, entrepreneurs, and businesses. The company aims to make credit accessible, simple, and stress-free. It focuses on creating meaningful financial journeys where transparency, trust, and customer well-being come first.","Multi-Product","{about:https://amberdistributors.com/about-us/,team:https://amberdistributors.com/contact-us/,products:https://amberdistributors.com/personal-loan/,homepage:https://amberdistributors.com/}","high","1.00"
133,"Ample Fincap Pvt Ltd","ROW-435",NULL,NULL,"https://www.amplefincap.com/",NULL,NULL,NULL,"Ample Fincap is a system-driven Non-Banking Financial Company (NBFC) providing efficient, transparent, and customer-friendly financial solutions since 2006. They offer various loan products for businesses, including corporate loans, solar financing, and credit information services. Their goal is to make financing simple, accessible, and impactful.","MSME","{homepage:https://www.amplefincap.com/}","medium","0.86"
134,"Amrit Trade Link (P) Ltd","ROW-444",NULL,NULL,"https://www.amrittrade.com/",NULL,NULL,NULL,"Amrit Tradelink Pvt. Ltd. is a distinguished Non-Banking Financial Corporation established in 1996, providing accessible, transparent, and responsible lending solutions to individuals and businesses.","MSME","{products:https://www.amrittrade.com/services,team:https://www.amrittrade.com/contact-us,about:https://www.amrittrade.com/about-us,homepage:https://www.amrittrade.com/}","medium","1.00"
135,"Anand Rathi Global Finance  Ltd. [Formerly - Rathi Global Finance  Ltd.]","ROW-463",NULL,NULL,"https://anandrathi.com/",NULL,NULL,NULL,"Anand Rathi Investment Services is a part of the trusted Indian Financial conglomerate Anand Rathi Group, offering tailor-made financial solutions to investors from all walks of life and life stages.","Multi-Product","{homepage:https://anandrathi.com/,team:https://anandrathi.com/contact-us,about:https://anandrathi.com/about-us}","high","1.00"
136,"Ankit Credits (P) Ltd","ROW-507",NULL,NULL,"https://ankit-credits-pvt-ltd.charteredone.com/U67120WB1988PTC044447",NULL,NULL,NULL,"ANKIT CREDITS PVT LTD is a private limited company involved in security dealing activities, such as stock broking and related activities.","MSME","{homepage:https://ankit-credits-pvt-ltd.charteredone.com/U67120WB1988PTC044447}","medium","0.86"
137,"Ankita Finvest (P)Ltd","ROW-514",NULL,NULL,"https://www.ankitafinancial.com/about.html",NULL,NULL,NULL,"ANKITA FINANCIAL SERVICES PRIVATE LIMITED is a trusted NBFC dedicated to empowering growth across India through innovative and responsible lending practices, providing tailored credit solutions for diverse business and individual needs.","MSME","{homepage:https://www.ankitafinancial.com/about.html}","medium","1.00"
138,"Annapurna Finance Private Limited.","ROW-525",NULL,NULL,"https://annapurnafinance.in/codes-policies/",NULL,NULL,NULL,"Annapurna Finance Pvt. Ltd (AFPL) provides financial assistance for economic empowerment, offering tailor-made products and services to cater to every life cycle need of clients, with a focus on economically backward clients.","MSME","{homepage:https://annapurnafinance.in/codes-policies/,about:https://annapurnafinance.in/objectives/,products:https://annapurnafinance.in/,team:https://annapurnafinance.in/management-team/}","high","1.00"
139,"Anson Fincorp Pvt. Ltd","ROW-538",NULL,NULL,"https://www.ansonfincorp.in/",NULL,NULL,NULL,"Anson Fincorp is a NonBanking Financial Company (NBFC) that provides gold-backed loans with minimal documentation, focusing on customer satisfaction and transparency. They offer secure and hassle-free gold loan services with quick approval. The company has been in operation for over 28 years.","Gold Loans","{homepage:https://www.ansonfincorp.in/}","high","1.00"
140,"Antworks P2P Financing Private Limited","ROW-550",NULL,NULL,"https://www.antworksp2p.com/",NULL,NULL,NULL,"Antworks Money is an online financial services portal offering a range of secured and unsecured loan options, P2P loans, free credit scores, and credit counseling services. The company aims to democratize the banking and consumer finance industry by providing a transparent, easily accessible, and cost-efficient platform for borrowers and lenders.","Multi-Product","{products:https://www.antworksp2p.com/,about:https://www.antworksp2p.com/about-us,team:https://www.antworksp2p.com/contact-us,homepage:https://www.antworksp2p.com/}","high","1.00"
141,"Anu Colonisers Limited","ROW-551",NULL,NULL,"https://www.anucolonisers.com/",NULL,NULL,NULL,"Anu Colonisers is a Non-Banking Finance Company (NBFC) regulated by the Reserve Bank of India (RBI), offering digital personal loans with various features and eligibility criteria.","MSME","{about:https://www.anucolonisers.com/home-about-us,team:https://www.anucolonisers.com/contactus,homepage:https://www.anucolonisers.com/,products:https://www.anucolonisers.com/digital-personal-loan}","high","1.00"
142,"Anugrah Apex Finance Private Limited","ROW-557",NULL,NULL,"https://www.apexfinancials.in/",NULL,NULL,NULL,"Apex Capital and Finance Limited is a Non-Deposit Accepting Non-Banking Finance Company (NBFC) that provides various financial services, including lending/advancing of short term and/or long term finance to individuals, firms, companies, etc.","MSME","{homepage:https://www.apexfinancials.in/}","medium","0.86"
143,"Anumati Consultancy & Services (P) Ltd","ROW-559",NULL,NULL,"https://www.anumati.co.in/",NULL,NULL,NULL,"Anumati is an account aggregator framework licensed by RBI, allowing users to link their bank accounts and control who they share data with. It provides a platform for financial institutions to access user data securely. Anumati aims to empower users to share and control their data at their fingertips.","MSME","{team:https://www.anumati.co.in/partner-with-us/,homepage:https://www.anumati.co.in/}","high","1.00"
144,"Apaar Source Finance Private Limited","ROW-575",NULL,NULL,"https://apaarfinance.com/",NULL,NULL,NULL,"Apaar Source Finance Pvt. Ltd. is a forward-thinking NBFC providing tailored loan solutions for businesses, startups, MSMEs, and individuals with flexible offerings, transparent processes, and personalized support.","MSME","{products:https://apaarfinance.com/,homepage:https://apaarfinance.com/,team:https://apaarfinance.com/contact/,about:https://apaarfinance.com/about/}","high","1.00"
145,"Aparoksha Financial Services Private Limited","ROW-582",NULL,NULL,"https://aparokshafinserv.com/About",NULL,NULL,NULL,"Aparoksha FinServ is a financial services provider offering tailored two-wheeler loans to individuals in the informal and rural sectors, aiming to enhance mobility and economic opportunity.","MSME","{homepage:https://aparokshafinserv.com/About,team:https://aparokshafinserv.com/Contact,products:https://aparokshafinserv.com}","high","1.00"
146,"Apex Capital And Finance Limited","ROW-586",NULL,NULL,"https://www.apexfinancials.in/",NULL,NULL,NULL,"Apex Capital and Finance Limited is a Non-Deposit Accepting Non-Banking Finance Company (NBFC) that offers various financial services, including lending/advancing of short term and/or long term finance to individuals, firms, companies, and other entities.","MSME","{homepage:https://www.apexfinancials.in/}","medium","0.86"
147,"Appreciate Fincaap Private Limited","ROW-601",NULL,NULL,"https://appreciatewealth.com/about-us",NULL,NULL,NULL,"Asset management company providing investment solutions, managing portfolios for individuals, institutions, and businesses.","Not specified on website","{team:https://appreciatewealth.com/us-stocks/overview/financials/asset-management,products:https://appreciatewealth.com/us-stocks/overview/communication-services/,homepage:https://appreciatewealth.com/about-us}","low","0.71"
148,"Aquila Finance Ltd.","ROW-614",NULL,NULL,"https://www.aquilafinance.co.in/contact",NULL,NULL,NULL,"Aquila Finance is an NBFC that offers various loan products, including Gold Loan, Business Loan, Mortgage Loan, and Personal Loan. The company provides financial services to retail and business customers across India.","Multi-Product","{homepage:https://www.aquilafinance.co.in/contact}","high","1.00"
149,"Aradhya Tie Up (P) Ltd","ROW-617",NULL,NULL,"https://www.aaradhyafinserv.in/products/fixed-deposits",NULL,NULL,NULL,"Aaradhya Finserv offers various financial products including Fixed Deposits, Mutual Funds, Life Insurance, Health and General Insurance, Corporate Bonds, Portfolio Management Services, Alternate Investment Funds, MF Research, Performance Comparison, and more. They are a non-banking financial company (NBFC) that provides investment options to individuals and businesses. Their primary focus is on providing fixed income instruments.","Multi-Product","{products:https://www.aaradhyafinserv.in/products/fixed-deposits/,homepage:https://www.aaradhyafinserv.in/products/fixed-deposits}","medium","0.86"
150,"Areion Finserve Pvt Ltd (Formerly Bathla And Co. Ltd.)","ROW-625",NULL,NULL,"https://www.areionfinserve.in/",NULL,NULL,NULL,"Areion Group is an NBFC providing financial advisory services, distressed industry management, and non-performing asset management to businesses.","MSME","{homepage:https://www.areionfinserve.in/}","high","1.00"
151,"Arham Credit Capital Pvt Ltd *","ROW-630",NULL,NULL,"https://arhamfinance.com/",NULL,NULL,NULL,"Arham Finance is an Indian Non-Banking Finance Company that specializes in Small and Medium Enterprises (SMEs) lending, Digital Lending and Wealth Management. It provides a full range of solutions to complement its services. The company was incorporated on 29th September 1992 and is registered at the Reserve Bank of India (RoC)-Delhi.","MSME","{homepage:https://arhamfinance.com/}","high","1.00"
152,"Arihant's Securities Limited","ROW-644",NULL,NULL,"https://kksecurities.com/fundamental.aspx?pagename=dirrpt&reptype=DIR&companycode=14090155.00",NULL,NULL,NULL,"KK Securities Limited is a non-banking financial company (NBFC) that provides various financial services, including stock broking and market information. The company's primary focus appears to be on providing market data and research to clients. No specific loan products or customer segments are mentioned.","Multi-Product","{homepage:https://kksecurities.com/fundamental.aspx?pagename=dirrpt&reptype=DIR&companycode=14090155.00}","high","1.00"
153,"Arise Investments and Capital Private Limited","ROW-646",NULL,NULL,"https://arisecapital.in/",NULL,NULL,NULL,"Arise Investments and Capital Private Limited is an RBI-registered NBFC that provides collateral-free loans to promote financial independence, focusing on empowering working women in urban and rural areas of Tamil Nadu.","SME","{homepage:https://arisecapital.in/,about:https://arisecapital.in/about,team:https://arisecapital.in/contact}","medium","1.00"
154,"Arohan Financial Services Limited","ROW-667",NULL,NULL,"https://www.arohan.in/",NULL,NULL,NULL,"Arohan provides income generating loans and other financial inclusion related products to customers who have limited or no access to financial services, focusing on low-income households with an annual household income of INR 300,000 or less.","MSME","{homepage:https://www.arohan.in/,team:https://www.arohan.in/arohan-story/our-management/,about:https://www.arohan.in/arohan-story/about-arohan/,products:https://www.arohan.in/products-services/core-products/}","high","1.00"
155,"Arpic Finance Private Limited","ROW-673",NULL,NULL,"https://www.arpicfinance.com/",NULL,NULL,NULL,"Aricp Finance is a Non-Banking Financial Company (NBFC) providing financial solutions to individuals and businesses for over 35 years. They offer personal loans, mortgage loans, JLG loans, and business loans with competitive rates and flexible tenures. Their services are designed to meet unique financial needs.","MSME","{homepage:https://www.arpicfinance.com/}","high","1.00"
156,"Art Climate Finance (India) Private Limited","ROW-678",NULL,NULL,"https://artclimatefinance.com/",NULL,NULL,NULL,"ART Climate Finance is a Non-Banking Financial Company (NBFC) focused on financing solutions for credit-constrained emerging enterprises that address climate change mitigation and adaptation. It provides tailored financing solutions for small and medium enterprises executing climate action projects. The company aims to contribute to India's long-term low-carbon development strategy.","MSME","{products:https://artclimatefinance.com,homepage:https://artclimatefinance.com/}","high","1.00"
157,"Artline Commerce Private Limited","ROW-695",NULL,NULL,"https://artline-commerce-pvt-ltd.charteredone.com/U51109WB1996PTC080243",NULL,NULL,NULL,"ARTLINE COMMERCE PVT LTD is a private limited company involved in other passenger air-transport n.e.c. It provides various financial services including tax and audit, registration, and compliances.","Not specified on website","{homepage:https://artline-commerce-pvt-ltd.charteredone.com/U51109WB1996PTC080243}","low","0.71"
158,"Arunodaya Holdings & Trading Company Private Limited","ROW-707",NULL,NULL,"https://company.vakilsearch.com/arunodaya-holdings-and-trading-co-pvt-ltd/U65990MH1992PTC065274",NULL,NULL,NULL,"The NBFC provides various company registration services, including private limited company registration, partnership firm registration, and sole proprietorship registration.","Not specified on website","{products:https://company.vakilsearch.com/arunodaya-holdings-and-trading-co-pvt-ltd/U65990MH1992PTC065274/chartered-accountant-services,about:https://company.vakilsearch.com,team:https://company.vakilsearch.com/arunodaya-holdings-and-trading-co-pvt-ltd/U65990MH1992PTC065274/partnership-firm-registration,homepage:https://company.vakilsearch.com/arunodaya-holdings-and-trading-co-pvt-ltd/U65990MH1992PTC065274}","medium","0.86"
159,"Aryakube Capital Private Limited","ROW-716",NULL,NULL,"https://aryakubecapital.in/",NULL,NULL,NULL,"Aryakube Capital is a non-deposit taking NBFC registered with RBI, specializing in fixed income and real estate financing, offering flexible funding and high-quality investment advisory services.","MSME","{homepage:https://aryakubecapital.in/}","medium","1.00"
160,"Aseem Infrastructure Finance Limited","ROW-726",NULL,NULL,"https://aseeminfra.in/",NULL,NULL,NULL,"Aseem Infra Finance is a Reserve Bank of India (RBI) registered Non-Banking Finance Company, classified as an Infrastructure Finance Company (NBFC-IFC), providing comprehensive financial solutions for infrastructure development with a focus on sustainability and environmentally conscious projects.","MSME","{homepage:https://aseeminfra.in/}","medium","1.00"
161,"Asha Apartments (P) Ltd","ROW-729",NULL,NULL,"https://www.ashaapartments.com/",NULL,NULL,NULL,"Asha Apartments Pvt Ltd is a registered non-banking financial company (NBFC) providing flexible loan options to customers, with a focus on tailoring loan amounts and competitive interest rates to individual needs.","MSME","{homepage:https://www.ashaapartments.com/}","medium","0.86"
162,"Ashika Global Finance Pvt Ltd","ROW-737",NULL,NULL,"https://www.ashikagroup.com/accl/index.html",NULL,NULL,NULL,"Ashika Credit Capital Ltd is a non-deposit taking, Non-Banking Financial Company (NBFC) registered with the RBI, offering comprehensive fund-based activities including strategic investment services, lending solutions, and derivatives trading.","MSME","{homepage:https://www.ashikagroup.com/accl/index.html}","high","1.00"
163,"Ashika Global Securities Private Limited","ROW-738",NULL,NULL,"https://www.ashikagroup.com/accl/index.html",NULL,NULL,NULL,"Ashika Credit Capital Ltd is an RBI-registered, non-deposit taking, Non-Banking Financial Company (NBFC) offering comprehensive fund-based activities, including strategic investment services and flexible intercorporate and personal lending solutions.","Multi-Product","{homepage:https://www.ashikagroup.com/accl/index.html}","high","1.00"
164,"Ashish Fiscal Services Pvt. Ltd.","ROW-743",NULL,NULL,"https://ashishbassociates.in/",NULL,NULL,NULL,"Ashish B & Associates is a CA Firm that offers integrated solutions of all indirect tax matter under one roof, exclusively engaged in providing services in respect of Indirect Tax matter of India.","Multi-Product","{about:https://ashishbassociates.in/resource/About_Us.aspx,team:https://ashishbassociates.in/resource/Partners.aspx,products:https://ashishbassociates.in/resource/Services/GST.aspx,homepage:https://ashishbassociates.in/}","medium","0.86"
165,"Ashok Investment Corporation Ltd","ROW-749",NULL,NULL,"https://ashokinvestors.com/",NULL,NULL,NULL,"Ashok Investors Trust Limited is a diversified non-banking financial services company with interests in housing finance, consumer finance and personal wealth. It is registered with RBI as a 'systemically non-important, non-deposit accepting NBFC' and has a presence in Real Estate, Pharmaceuticals, Lighting and Infrastructure & Construction Equipment Leasing. The group has a net worth of more than Rs. 150 Cr.","Multi-Product","{about:https://ashokinvestors.com/about/,homepage:https://ashokinvestors.com/,team:https://ashokinvestors.com/contact-us/}","high","1.00"
166,"Ashok Investors Trust Ltd.","ROW-750",NULL,NULL,"https://ashokinvestors.com/",NULL,NULL,NULL,"Ashok Investors Trust Limited is a diversified non-banking financial services company with interests in housing finance, consumer finance and personal wealth. It is registered with RBI as a 'systemically non-important, non-deposit accepting NBFC' and has a presence in Real Estate, Pharmaceuticals, Lighting and Infrastructure & Construction Equipment Leasing. The group has a net worth of more than Rs. 150 Cr.","Multi-Product","{about:https://ashokinvestors.com/about/,homepage:https://ashokinvestors.com/,team:https://ashokinvestors.com/contact-us/}","high","1.00"
167,"Ashutosh Autofin Pvt Ltd","ROW-760",NULL,NULL,"https://ashutoshautofin.com/",NULL,NULL,NULL,"Ashutosh Finance (India) Pvt Ltd is a Non-Banking Finance Company (NBFC) registered with the Reserve Bank of India, offering personal loans, micro-loans, and business financing options to clients across Gujarat and beyond.","MSME","{team:https://ashutoshautofin.com/partners-network,homepage:https://ashutoshautofin.com/,about:https://ashutoshautofin.com/about-us,products:https://ashutoshautofin.com/products}","high","1.00"
168,"Ashutosh Finsec Limited","ROW-761",NULL,NULL,"https://ashutoshfinsec.in/",NULL,NULL,NULL,"Ashutosh Finsec Limited is a Non Banking Finance Company that provides various loan products such as personal loans, gold loans, and vehicle loans to cater to the financial needs of individuals and businesses across India.","MSME","{homepage:https://ashutoshfinsec.in/,products:https://ashutoshfinsec.in/loans/,about:https://ashutoshfinsec.in/company-overview/,team:https://ashutoshfinsec.in/our-team/}","high","1.00"
169,"Asia Pacific Capital (India) Pvt. Ltd.","ROW-767",NULL,NULL,"https://www.asiacapital.in/",NULL,NULL,NULL,"Asia Capital Limited is a Non-Banking Finance Company (NBFC) registered with the Reserve Bank of India, providing structured term financing solutions to corporates and loans to small and medium enterprises (SMEs) in India.","MSME","{homepage:https://www.asiacapital.in/}","high","1.00"
170,"Asish Creations Private Limited","ROW-775",NULL,NULL,"https://asishcreations.com/",NULL,NULL,NULL,"Asish Creations Pvt Ltd is a Non-Deposit taking – Non Banking Financial Company (NBFC) engaged in the business of investment in shares & securities and financial activity, without any public funds or customer interface.","Not specified on website","{team:https://asishcreations.com/contact/,homepage:https://asishcreations.com/,about:https://asishcreations.com/company-profile/}","medium","0.86"
171,"Ask Financial Holdings Private Limited","ROW-777",NULL,NULL,"https://www.askfinancials.com/ask-group/about",NULL,NULL,NULL,"ASK Asset & Wealth Management Group is a renowned financial services group and a leading industry player in wealth and investment management, catering to some of the most affluent families in India. They offer various bespoke solutions and market defining strategies across listed equities, alternates, real estate private equity, hedge funds, wealth management, and more.","Multi-Product","{homepage:https://www.askfinancials.com/ask-group/about,about:https://www.askfinancials.com/ask-group/about/ask-group/home}","high","1.00"
172,"Assam Entrade Limited.","ROW-787",NULL,NULL,"https://www.assamentrade.com/",NULL,NULL,NULL,"Assamen Trade is a private limited company that provides financial services, including investor information and shareholding patterns. The company has subsidiaries such as Sumeru Commosales Private Limited and Pacific Barter Private Limited. Assamen Trade's financial statements are available on their website.","MSME","{homepage:https://www.assamentrade.com/,products:https://www.assamentrade.com/our-services/,about:https://www.assamentrade.com/about-us/,team:https://www.assamentrade.com/management-profile/}","medium","0.86"
173,"Assam Hire Purchase Company Pvt. Ltd.","ROW-788",NULL,NULL,"https://company.vakilsearch.com/assam-hire-purchase-company-private-limited/U65921AS1995PTC004460",NULL,NULL,NULL,"The NBFC provides various company registration services, including private limited company registration, partnership firm registration, and sole proprietorship registration, across India.","Multi-Product","{team:https://company.vakilsearch.com/assam-hire-purchase-company-private-limited/U65921AS1995PTC004460/partnership-firm-registration,about:https://company.vakilsearch.com,homepage:https://company.vakilsearch.com/assam-hire-purchase-company-private-limited/U65921AS1995PTC004460,products:https://company.vakilsearch.com/assam-hire-purchase-company-private-limited/U65921AS1995PTC004460/chartered-accountant-services}","medium","0.86"
174,"Asset9 Credits Limited","ROW-790",NULL,NULL,"https://asset9credits.com/",NULL,NULL,NULL,"Asset9 Credits is a non-banking financial company (NBFC) that provides various loan products, including Gold Loans, Vehicle Loans, Business Loans, and Mortgage Loans. They focus on organic growth and customer-friendly services. The company has a strong presence across Kerala and other parts of India.","Business Loan","{about:https://asset9credits.com//about/,team:https://asset9credits.com//contact-2/,homepage:https://asset9credits.com/}","low","0.86"
175,"Auric Tradefin Private Limited","ROW-840",NULL,NULL,"https://aurictradefin.com/",NULL,NULL,NULL,"Auric Tradefin is a Non-Banking Finance Company (NBFC) providing comprehensive financial solutions with over 25 years of experience. It distributes financial products and offers advisory services to clients. The company is registered under the Reserve Bank of India Act, 1934.","MSME","{homepage:https://aurictradefin.com/,team:https://aurictradefin.com/contact,about:https://aurictradefin.com/about}","high","1.00"
176,"Avon Mercantile Limited","ROW-877",NULL,NULL,"https://www.avonmercantile.co.in/",NULL,NULL,NULL,"Avon Mercantile provides tailored financial solutions to help businesses grow and succeed, offering merchant cash advances with flexible repayment options and no upfront costs.","MSME","{homepage:https://www.avonmercantile.co.in/}","high","1.00"
177,"Ayaan Finserve India Private Limited (Formerly Charat Ram Shriram Pvt. Ltd.)","ROW-889",NULL,NULL,"https://ayaanfinserve.com/",NULL,NULL,NULL,"Ayaan Finserve is a leading Non-Banking Financial Company (NBFC) in India, offering comprehensive financial services to individuals and businesses. They focus on delivering tailored financial solutions that prioritize simplicity, accessibility, and trust. Their approach combines industry expertise with innovative practices to help clients make informed financial decisions.","MSME","{about:https://ayaanfinserve.com/history/,team:https://ayaanfinserve.com/contact/,homepage:https://ayaanfinserve.com/}","high","1.00"
178,"Ayush Fiscal (P) Ltd","ROW-896",NULL,NULL,"https://www.ayushfiscal.com/",NULL,NULL,NULL,"Ayush Fiscal is an NBFC providing financing solutions to retail businesses, including pet shops, grocery stores, medicine shops, electronic shops, and mobile stores. They offer various loan products for inventory management, expansion, and modernization. The company has partnered with Ntactus Financial Services Private Limited to launch a retail-focused lending platform.","Multi-Product","{homepage:https://www.ayushfiscal.com/}","medium","0.86"
179,"Baba Lease and Investment Private Limited","ROW-934",NULL,NULL,"https://babalease.com/",NULL,NULL,NULL,"Baba Lease and Investment Pvt Ltd is an RBI Registered NBFC offering a wide range of customized financial products and services to individuals and businesses in India, with a focus on empowering financial growth through user-friendly fintech solutions.","MSME","{homepage:https://babalease.com/}","medium","1.00"
180,"Balraj Hire Purchase Pvt Ltd","ROW-1006",NULL,NULL,"http://www.balrajhire.com/Home/service",NULL,NULL,NULL,"Balraj Hire Purchase Private Limited is a Non-Banking Finance Company (NBFC) that provides various loan products for commercial vehicles, construction equipment, tractors and combines, cars, two-wheelers, mortgages, gold loans, and tyre finance. The company has been serving the requirements of transporter customers since 1990. It is registered with the Reserve Bank of India.","MSME","{homepage:http://www.balrajhire.com/Home/service}","medium","0.86"
181,"Bandhan Financial Holdings Limited","ROW-1014",NULL,NULL,"https://www.bandhanholdings.com/",NULL,NULL,NULL,"Bandhan Financial Holdings Limited is a Non-Operating Financial Holding Company (NOFHC) that acts as the holding company for its subsidiary, Bandhan Bank. It was incorporated to comply with RBI guidelines and invests entirely in equity shares of Bandhan Bank. The company's primary focus is on financial services businesses.","MSME","{team:https://www.bandhanholdings.com/contact-us/,homepage:https://www.bandhanholdings.com/,about:https://www.bandhanholdings.com/bandhanmf/about-us/}","high","1.00"
182,"Bansal In Finlease (P) Ltd.","ROW-1025",NULL,NULL,"https://www.bansalinhold.com/",NULL,NULL,NULL,"Bansal In-Hold Limited is an NBFC registered with Reserve Bank of India, providing short-term and mid-term loans to individuals and businesses. It aims to simplify finance and make borrowing fast, easy, and transparent. The company offers flexible solutions tailored to today's financial needs.","MSME","{homepage:https://www.bansalinhold.com/}","medium","0.86"
183,"Bansal In Hold Ltd.","ROW-1026",NULL,NULL,"https://www.bansalinhold.com/partner.php",NULL,NULL,NULL,"Bansal In-Hold Limited is an NBFC that provides loan products and services, partnering with Lending Service Providers (LSPs) for customer acquisition and underwriting support. It aims to simplify finance and make borrowing fast, easy, and transparent. The company is registered with the Reserve Bank of India.","MSME","{homepage:https://www.bansalinhold.com/partner.php}","medium","0.86"
184,"Banyan Ventures & Investment Private Limited","ROW-1030",NULL,NULL,"https://www.banyanventures.in/",NULL,NULL,NULL,"Banyan Ventures & Investment Private Limited is a Non Banking Financial Company (NBFC) that provides lending services to corporate sector, SMEs, and start-ups, with a focus on equipment and construction finance.","MSME","{homepage:https://www.banyanventures.in/}","medium","0.86"
185,"Barwala Leasing & Finance Pvt.Ltd","ROW-1039",NULL,NULL,"https://barwalaleasing.com/",NULL,NULL,NULL,"Barwala Leasing & Finance Pvt Ltd is a RBI registered non-deposit taking Non-Banking Financial Company (NBFC) committed to empowering individuals, small businesses, and entrepreneurs with innovative financial solutions. They offer fast, hassle-free loan approvals with minimal documentation and flexible repayment options tailored to their needs. The company aims to bridge the gap between traditional banking and real financial needs with transparent, flexible, and customer-centric services.","MSME","{team:https://barwalaleasing.com/contact,homepage:https://barwalaleasing.com/,about:https://barwalaleasing.com/about}","high","1.00"
186,"Basant Properties Ltd","ROW-1041",NULL,NULL,"https://basantglobal.com/",NULL,NULL,NULL,"Basant Global is a dynamic business conglomerate engaged in various sectors including trading, finance, real estate, and consumer services.","Multi-Product","{homepage:https://basantglobal.com/}","high","1.00"
187,"Bazaari Global Finance Limited","ROW-1056",NULL,NULL,"https://bazaarifinance.com/",NULL,NULL,NULL,"Bazaari Finance is an RBI-registered NBFC that offers comprehensive and accessible financial services to address the unique needs of Middle India. It was founded in 1995 and has shown consistent financial strength and growth. The company aims to drive upward social mobility through its lending products.","MSME","{team:https://bazaarifinance.com/investor/our_partner.php,products:https://bazaarifinance.com,about:https://bazaarifinance.com/about.php,homepage:https://bazaarifinance.com/}","high","1.00"
188,"Bazel International Limited","ROW-1057",NULL,NULL,"https://www.bazelinternationalltd.com/",NULL,NULL,NULL,"Bazel International Limited is a Non-Banking Finance Company (NBFC) that offers financial services, including credit facilities to individual and business clients.","MSME","{homepage:https://www.bazelinternationalltd.com/,about:https://www.bazelinternationalltd.com/company-profile}","high","1.00"
189,"BCL Enterprises Ltd.","ROW-1060",NULL,NULL,"https://www.bclenterprisesltd.in/",NULL,NULL,NULL,"BCL Enterprises Limited is a Non Banking Financial Company (NBFC) that offers credit facilities to individuals and business clients, providing loans for various purposes including working capital requirements.","MSME","{homepage:https://www.bclenterprisesltd.in/,about:https://www.bclenterprisesltd.in/company-profile}","high","1.00"
190,"Beacon Holdings Ltd.","ROW-1064",NULL,NULL,"http://www.beaconhl.com/service.html",NULL,NULL,NULL,"Beacon Holdings is an NBFC that provides tailored financial solutions to businesses, empowering their dreams with capital. They offer a range of services including Financial Advisory, Managements, Supply Optimization, and Hr Consulting. Their goal is to redefine the lending landscape with flexibility and innovation.","Multi-Product","{homepage:http://www.beaconhl.com/service.html}","medium","0.86"
191,"Bengal & Assam Company Limited","ROW-1088",NULL,NULL,"https://bengalassam.com/",NULL,NULL,NULL,"Bengal & Assam is a Public Limited Company that provides various financial services, including investment and credit products. The company is registered with the Reserve Bank of India as a Core Investment Company-Non Deposit Taking-Systemically Important (CIC-ND-SI). It offers a range of financial products and services to its customers.","MSME","{team:https://bengalassam.com/contact-details-of-persons-for-handling-investors-grievances/,about:https://bengalassam.com/company-policy/,homepage:https://bengalassam.com/}","high","1.00"
192,"Bengal Enterprises (P) Ltd","ROW-1090",NULL,NULL,"https://bengalassam.com/",NULL,NULL,NULL,"Bengal & Assam is a Public Limited Company that provides various financial services, including investment and credit products. The company is registered with the Reserve Bank of India as a Core Investment Company-Non Deposit Taking-Systemically Important (CIC-ND-SI). It offers a range of financial products and services to its customers.","MSME","{team:https://bengalassam.com/contact-details-of-persons-for-handling-investors-grievances/,about:https://bengalassam.com/company-policy/,homepage:https://bengalassam.com/}","high","1.00"
193,"Benzer Scrips Pvt Ltd","ROW-1099",NULL,NULL,"https://benzer-scrips-pvt-ltd.charteredone.com/U67190WB1991PTC053859",NULL,NULL,NULL,"Benzer Scrips Pvt Ltd is a private limited company that provides financial advisory services, offering activities auxiliary to financial intermediation.","MSME","{homepage:https://benzer-scrips-pvt-ltd.charteredone.com/U67190WB1991PTC053859}","medium","0.86"
194,"BFL Asset Finvest Limited","ROW-1117",NULL,NULL,"https://bflfin.com/",NULL,NULL,NULL,"BFL Asset Finvest Limited is a Non Banking Finance Company engaged in various business activities including securities investments and trading, negotiable instruments, inter corporate loans, and investments.","MSME","{about:https://bflfin.com/homepage/about-u/,homepage:https://bflfin.com/,team:https://bflfin.com/homepage/contact-us/}","high","1.00"
195,"Bhandari Consultancy And Finance Ltd","ROW-1149",NULL,NULL,"https://bhandarica.com/",NULL,NULL,NULL,"Bhandari & Associates is a chartered accountancy firm providing diverse services including accounting, auditing, taxation, and financial management.","Multi-Product","{homepage:https://bhandarica.com/,products:https://bhandarica.com/resource/Services/Audit.aspx,about:https://bhandarica.com/resource/About/About-Us.aspx,team:https://bhandarica.com/resource/Partners.aspx}","medium","0.86"
196,"Bhandari Leafin Private Limited","ROW-1151",NULL,NULL,"https://www.bhandari.group/",NULL,NULL,NULL,"Bhandari Group is a well-known group in Hyderabad with a business history since 1958, offering loans and construction services. They are registered as a Non-Deposit taking Non-Banking Finance Company with the Reserve Bank of India. The group has diversified into Construction and Real Estate Development.","MSME","{team:https://www.bhandari.group/contact,homepage:https://www.bhandari.group/,products:https://www.bhandari.group/loans,about:https://www.bhandari.group/about-us}","medium","1.00"
197,"Bharatiya Fincom Pvt. Ltd.","ROW-1164",NULL,NULL,"https://bharatiyafincom.net/",NULL,NULL,NULL,"Bharatiya Fincom Pvt. Ltd., an RBI-registered NBFC, offers a range of financial solutions to meet diverse needs, following strict regulations for safe and reliable services.","MSME","{products:https://bharatiyafincom.net/products/,about:https://bharatiyafincom.net/about-us/,team:https://bharatiyafincom.net/contact/,homepage:https://bharatiyafincom.net/}","medium","1.00"
198,"Bharuwa Financial Services Private Limited [Formerly: Good Guide Construction Pvt Ltd]","ROW-1170",NULL,NULL,"https://www.bharuwasolutions.com/financial-services",NULL,NULL,NULL,"Bharuwa Solutions provides digital enterprise transformation solutions, fueling growth with smart finance services such as co-branded credit cards, working capital lending, and rural healthcare financing.","MSME","{products:https://www.bharuwasolutions.com/financial-services/,homepage:https://www.bharuwasolutions.com/financial-services,about:https://www.bharuwasolutions.com/financial-services/about-us,team:https://www.bharuwasolutions.com/financial-services/b-hms-hospital-management-software}","medium","0.86"
199,"Bhauwala Consultancy Pvt. Ltd.","ROW-1174",NULL,NULL,"https://rajeshbhauwala.com/",NULL,NULL,NULL,"RAJESH BHAUWALA & CO is a corporate and other laws firm providing services such as audit, taxation, and project finance. They also offer calculators for various tax-related topics. The company focuses on serving clients with long-term relationships.","Not specified on website","{products:https://rajeshbhauwala.com/resource/Services/Audit.aspx,homepage:https://rajeshbhauwala.com/,about:https://rajeshbhauwala.com/resource/About-Us/about.aspx,team:https://rajeshbhauwala.com/resource/Partners.aspx}","medium","0.86"
200,"Bherudan Dugar Finance Limited","ROW-1183",NULL,NULL,"https://dugar.co.in/",NULL,NULL,NULL,"Dugar Finance & Investments Ltd is an RBI-registered NBFC providing inclusive, transparent, and customized loan solutions for individuals and businesses across India, with a strong focus on underserved and emerging markets.","MSME","{products:https://dugar.co.in/msme-loans/,homepage:https://dugar.co.in/,about:https://dugar.co.in/company-overview/,team:https://dugar.co.in/growth-partners/}","high","1.00"
201,"Bhoruka Capital Limited (Formerly Mukesh Textile Mills Limited)","ROW-1199",NULL,NULL,"https://bhorukaclassic.com/",NULL,NULL,NULL,"Bhoruka Classic Finance Pvt Ltd offers loans to pre-owned and new commercial vehicle, Passenger Car, 3 Wheeler Segment and Construction Equipment owners and/or operators in urban, suburban and rural areas in India. They provide a wide range of value added loan products and extend financial assistance against an existing, unencumbered free vehicle. The company caters to various customer profiles including First Time users & First time buyers, Captive User, Driver-turned-owner, SRTO1 and SRTO 2 (2-5 Vehicles) ","MSME","{team:https://bhorukaclassic.com/contact-us.php,products:https://bhorukaclassic.com/products.php,about:https://bhorukaclassic.com/about-us.php,homepage:https://bhorukaclassic.com/}","high","1.00"
202,"Bhoruka Classic Finance Private Limited","ROW-1200",NULL,NULL,"https://www.bhorukaclassic.com/",NULL,NULL,NULL,"Bhoruka Classic Finance Pvt Ltd is an RBI Registered NBFC providing finance to customers for purchase of new and pre-owned commercial vehicles, passenger cars, 3 wheelers, and construction equipment.","MSME","{homepage:https://www.bhorukaclassic.com/}","medium","1.00"
203,"Bhoruka Finance Corporation Of India Ltd.","ROW-1201",NULL,NULL,"https://bhorukaclassic.com/",NULL,NULL,NULL,"Bhoruka Classic Finance Pvt Ltd offers loans to pre-owned and new commercial vehicle, Passenger Car, 3 Wheeler Segment and Construction Equipment owners and/or operators in urban, suburban and rural areas in India. They provide a wide range of value added loan products and extend financial assistance against an existing, unencumbered free vehicle. The company caters to various customer profiles including First Time users & First time buyers, Captive User, Driver-turned-owner, SRTO1 and SRTO 2 (2-5 Vehicles) ","MSME","{team:https://bhorukaclassic.com/contact-us.php,products:https://bhorukaclassic.com/products.php,about:https://bhorukaclassic.com/about-us.php,homepage:https://bhorukaclassic.com/}","high","1.00"
204,"Bhoruka Investment Ltd","ROW-1202",NULL,NULL,"https://bhorukaclassic.com/",NULL,NULL,NULL,"Bhoruka Classic Finance Pvt Ltd offers loans to pre-owned and new commercial vehicle, Passenger Car, 3 Wheeler Segment and Construction Equipment owners and/or operators in urban, suburban and rural areas in India. They provide a wide range of value added loan products and extend financial assistance against an existing, unencumbered free vehicle. The company caters to various customer profiles including First Time users & First time buyers, Captive User, Driver-turned-owner, SRTO1 and SRTO 2 (2-5 Vehicles) ","MSME","{team:https://bhorukaclassic.com/contact-us.php,products:https://bhorukaclassic.com/products.php,about:https://bhorukaclassic.com/about-us.php,homepage:https://bhorukaclassic.com/}","high","1.00"
205,"Bhukhanvala  Holdings Pvt. Ltd.","ROW-1204",NULL,NULL,"https://bhukhanvala-industries-private-limited.charteredone.com/U29100MH1987PTC042304",NULL,NULL,NULL,"BHUKHANVALA INDUSTRIES PRIVATE LIMITED is a private limited company incorporated in India, involved in various business setups and compliances.","Not specified on website","{homepage:https://bhukhanvala-industries-private-limited.charteredone.com/U29100MH1987PTC042304}","medium","0.86"
206,"Bhumika Fiscal Services Private Limited","ROW-1206",NULL,NULL,"https://old.bhumikatrade.com/Services/VAS",NULL,NULL,NULL,"Bhumika Consultancy Pvt. Ltd (BCPL) is an RBI registered NBFC that offers loan against shares and property, as well as online trading services.","MSME","{team:https://old.bhumikatrade.com/Services/VAS/Home/Contact,homepage:https://old.bhumikatrade.com/Services/VAS,products:https://old.bhumikatrade.com/Services/VAS/,about:https://old.bhumikatrade.com/Services/VAS/Home/About}","low","0.86"
207,"Bihariji Commercials Ltd","ROW-1226",NULL,NULL,"https://www.biharijigroup.com/",NULL,NULL,NULL,"Bihari Ji Group is a diversified conglomerate with a diverse portfolio of companies spanning various industries, including financial services, real estate, manufacturing, and social welfare.","Multi-Product","{homepage:https://www.biharijigroup.com/}","high","1.00"
208,"Bihariji Constructions (India) Ltd","ROW-1227",NULL,NULL,"https://www.biharijigroup.com/",NULL,NULL,NULL,"Bihari Ji Group is a diversified conglomerate with a diverse portfolio of companies spanning various industries, including financial services, real estate, manufacturing, and social welfare.","Multi-Product","{homepage:https://www.biharijigroup.com/}","high","1.00"
209,"Bihariji Securities  Pvt.  Ltd.","ROW-1229",NULL,NULL,"https://www.biharijigroup.com/",NULL,NULL,NULL,"Bihari Ji Group is a diversified conglomerate with a diverse portfolio of companies spanning various industries, including financial services, real estate, manufacturing, and social welfare.","Multi-Product","{homepage:https://www.biharijigroup.com/}","high","1.00"
210,"Bindawala Banijya Ltd.","ROW-1244",NULL,NULL,"https://bindawala.com/",NULL,NULL,NULL,"Bindawala Banijya Limited is a finance company registered with the RBI as a non-deposit taking non-banking finance company (NBFC), set up in 1981, and engaged primarily in advancing loans and investing/trading in securities.","MSME","{homepage:https://bindawala.com/,about:https://bindawala.com/about/,team:https://bindawala.com/investor-contact/}","medium","0.86"
211,"Blackbuck Finserve Private Limited","ROW-1274",NULL,NULL,"https://finserve.blackbuck.com/",NULL,NULL,NULL,"Blackbuck Finserve is an NBFC providing loans for used commercial vehicles, refinancing services, and loans for first-time buyers. They offer a hassle-free experience with doorstep service and quick loan disbursal in 48 hours. Their interest rates are competitive.","MSME","{homepage:https://finserve.blackbuck.com/}","medium","1.00"
212,"BOBCARD Limited (Formerly known as BOB Financial Solutions Limited)","ROW-1313",NULL,NULL,"https://www.bobcard.co.in/",NULL,NULL,NULL,"BOBCARD is a Non-Banking Financial Company that offers an array of consumer and commercial credit cards, catering to various segments of customers with varied needs. The company has established itself as a pioneer in the space of credit cards, offering unique credit card solutions. BOBCARD's primary business deals with credit cards and merchant acquiring.","MSME","{team:https://www.bobcard.co.in/leadership,about:https://www.bobcard.co.in/about-us,homepage:https://www.bobcard.co.in/}","high","1.00"
213,"Bothra Motor Finance.Ltd.","ROW-1333",NULL,NULL,"https://www.ksbothra.com/",NULL,NULL,NULL,"The NBFC provides various financial services, including calculators for GST and tax, as well as loan calculators for home loans and auto loans. It also offers resources on accounting standards and company law. The website does not explicitly state its core business or primary focus.","Not specified on website","{homepage:https://www.ksbothra.com/,products:https://www.ksbothra.com/resource/services.aspx,team:https://www.ksbothra.com/resource/Partners.aspx,about:https://www.ksbothra.com/resources/Bulletins/Corporate_Matters/Corporate_Matters.aspx}","medium","0.86"
214,"Branch International Financial Services Private Limited","ROW-1350",NULL,NULL,"https://branchapp.in/",NULL,NULL,NULL,"Branch is an NBFC that offers digital lending services, providing loans up to ₹5,00,000 for various needs. The company aims to make lending easy and accessible through its app. It also has a partner program that enables individuals to earn commissions by referring people who need loans.","Multi-Product","{homepage:https://branchapp.in/,team:https://branchapp.in/partner_program}","high","1.00"
215,"Brics Gilt Finance Pvt. Ltd.","ROW-1356",NULL,NULL,"https://brics-securities-limited.charteredone.com/U65990MH1993PLC072800",NULL,NULL,NULL,"BRICS SECURITIES LIMITED is a private limited company incorporated in India, involved in various compliances and registrations related to corporate affairs, tax, and audit services.","Not specified on website","{homepage:https://brics-securities-limited.charteredone.com/U65990MH1993PLC072800}","medium","0.86"
216,"Brightstar Fincap Private Limited","ROW-1363",NULL,NULL,"https://www.brightstarfincap.com/",NULL,NULL,NULL,"Brightstar FinCap Private Limited is an NBFC providing financial solutions through Loans Against Property, Gold Loans, Unsecured Business Loans, Two Wheeler and Commercial Vehicle Loans, Microfinance etc. It aims to establish as a trusted partner for individuals and businesses seeking flexible and reliable funding options. The company focuses on supporting local economies with quick and easy access to funds.","MSME","{homepage:https://www.brightstarfincap.com/}","medium","0.86"
217,"Brios Finvest India Limited (Formerly Parasnath Finance (India) Limited)","ROW-1373",NULL,NULL,"https://briosfinvest.com/",NULL,NULL,NULL,"Brios Finvest India Limited is a leading NBFC specializing in corporate finance, offering financial solutions to real estate developers and businesses.","MSME","{about:https://briosfinvest.com/about-us/,homepage:https://briosfinvest.com/,products:https://briosfinvest.com/services/,team:https://briosfinvest.com/contact-us/}","medium","1.00"
218,"Brite Asbestos & Engineering (P) Ltd","ROW-1374",NULL,NULL,"https://brite-asbestos-and-engineering-pvt-ltd.charteredone.com/U26953WB1985PTC038775",NULL,NULL,NULL,"BRITE ASBESTOS & ENGINEERING PVT LTD is a private limited company involved in the manufacture of asbestos sheets. It was incorporated on April 11, 1985, and has been active for over 40 years. The company's authorized share capital is Rs. 51,040,000, while its paid-up capital is Rs. 39,862,000.","Not specified on website","{homepage:https://brite-asbestos-and-engineering-pvt-ltd.charteredone.com/U26953WB1985PTC038775}","low","0.71"
219,"Brl Finlease Ltd.","ROW-1376",NULL,NULL,"https://www.chintamanifinlease.com/",NULL,NULL,NULL,"Chintamani Finlease Ltd. is a fast-growing Non-Banking Financial Company (NBFC) in Delhi that offers Personal loans, Business loans, Gold loans, Loan Against Property and Car loans.","MSME","{team:https://www.chintamanifinlease.com/home/contact-us,homepage:https://www.chintamanifinlease.com/,products:https://www.chintamanifinlease.com/loan-detail/personal-loan-in-delhi-ncr,about:https://www.chintamanifinlease.com/home/about-us}","low","0.86"
220,"Bulti Leasing And Finance Limited","ROW-1395",NULL,NULL,"https://bultifinance.com/",NULL,NULL,NULL,"Bulti Leasing and Finance Limited is a Registered NBFC with RBI, offering various financial products.","MSME","{homepage:https://bultifinance.com/,products:https://bultifinance.com/}","medium","0.86"
221,"Burmans Finvest Private Ltd.","ROW-1400",NULL,NULL,"https://burmans-finvest-private-limited.charteredone.com/U65100DL1989PTC034593",NULL,NULL,NULL,"BURMANS FINVEST PRIVATE LIMITED is a private limited company by shares, classified as non-government company, registered at ROC Delhi. It provides various financial services including tax and audit, registration, and more.","Multi-Product","{homepage:https://burmans-finvest-private-limited.charteredone.com/U65100DL1989PTC034593}","medium","0.86"
222,"Butterfly Finstocks Pvt Ltd","ROW-1402",NULL,NULL,"https://butterflyfintech.com/",NULL,NULL,NULL,"Butterfly Fintech is an NBFC that offers loan against car products, including new and pre-owned car loans, car refinancing, balance transfer, top-up, and EMI calculators. The company provides flexible loan up to 200% of the car's value with quick approval in 24-48 hours and bank-grade encryption for security. It caters to salaried professionals, self-employed individuals, and business owners.","MSME","{homepage:https://butterflyfintech.com/}","high","1.00"
223,"Capstocks Financial Services Ltd Formerly -Mokaat Capital Limited","ROW-1469",NULL,NULL,"https://www.capstocks.com/company-profile/directors-report/Finkurve-Financial-Services-Ltd/1735",NULL,NULL,NULL,"Capstocks is a SEBI-approved Portfolio Manager providing personalised client service and investment advice to individuals and corporate. It offers portfolio management services with no entry or exit load, no lock-in period, and a minimum portfolio amount of Rs.50 lakhs.","MSME","{homepage:https://www.capstocks.com/company-profile/directors-report/Finkurve-Financial-Services-Ltd/1735,team:https://www.capstocks.com/company-profile/directors-report/Finkurve-Financial-Services-Ltd/1735/pms,about:https://www.capstocks.com/company-profile/directors-report/Finkurve-Financial-Services-Ltd/1735/,products:https://www.capstocks.com/company-profile/directors-report/Finkurve-Financial-Services-Ltd/1735/}","medium","0.86"
224,"Capwise Finance Pvt Ltd","ROW-1473",NULL,NULL,"https://www.capwise.me/",NULL,NULL,NULL,"Capwise is an NBFC that provides various financial products to businesses, including term loan, invoice discounting, venture debt, and line of credit. They offer customized debt solutions to suit specific needs, aiming to help founders secure non-dilutive capital for sustainable growth. The company has expertise in structuring debt solutions and negotiating favorable terms with top-tier lenders.","MSME","{homepage:https://www.capwise.me/}","high","1.00"
225,"Cars24 Financial Services Private Limited","ROW-1490",NULL,NULL,"https://www.cars24.com/",NULL,NULL,NULL,"Cars24 is an auto-tech company that buys, sells, and finances used cars. They aim to revolutionize mobility and positively transform lives across India and beyond through sustainability, simplicity, and scalability.","Multi-Product","{homepage:https://www.cars24.com/,team:https://www.cars24.com/contact/,about:https://www.cars24.com/about-us/,products:https://www.cars24.com/used-car-loan/}","high","1.00"
226,"Cashpor Micro Credit","ROW-1495",NULL,NULL,"https://cashpor.in/",NULL,NULL,NULL,"Cashpor Micro Credit is a Not-For-Profit Section 25 company registered with Registrar of Companies, Uttar Pradesh, under Section 25 of Companies Act, 1956, and is also registered with Reserve Bank of India as NBFC-MFI. It operates in the states of Uttar Pradesh, Bihar, Jharkhand, Chhattisgarh, Madhya Pradesh, and Odisha. The company provides micro credit services.","MSME","{homepage:https://cashpor.in/}","high","1.00"
227,"Cashtree Finance Private Limited","ROW-1496",NULL,NULL,"https://www.cashtree.co.in/",NULL,NULL,NULL,"CASHTREE Finance Pvt Ltd is an NBFC that provides various loan products for businesses, including SME Business Loans, Unsecured Business Loan, and Micro Loan (NFS). They aim to create seamless solutions for MSME finance. The company has a strong presence across India.","MSME","{homepage:https://www.cashtree.co.in/}","high","1.00"
228,"Ceejay Finance Ltd","ROW-1511",NULL,NULL,"https://www.ceejayfinance.com/",NULL,NULL,NULL,"Ceejay Finance Limited is a leading Non-Banking Financial Company (NBFC) that provides customized and flexible loans for new and used two wheeler vehicles, four wheeler loans, loan against property, and refinance on vehicles.","Multi-Product","{homepage:https://www.ceejayfinance.com/}","high","1.00"
229,"Ceejay Microfin Limited","ROW-1512",NULL,NULL,"https://www.ceejaymicrofin.com/",NULL,NULL,NULL,"Ceejay Microfin Limited is an NBFC-MFI that provides microfinance to its clients, helping them improve their standard of living. It has achieved its micro finance license from RBI in October 2017 and plans to use the existing network of Ceejay Group to bring underserved individuals into financial inclusion.","MSME","{homepage:https://www.ceejaymicrofin.com/}","high","1.00"
230,"Century Vehicleloans Private Limited","ROW-1535",NULL,NULL,"https://www.centuryvehicleloans.in/",NULL,NULL,NULL,"Century Vehicle Loans Private Limited is an RBI-registered NBFC that offers fast, simple, and transparent two-wheeler loans to individuals in Vadodara, Gujarat. The company aims to make vehicle ownership accessible and affordable for its community. It operates with a commitment to integrity, customer-centricity, accessibility, and community focus.","Vehicle","{about:https://www.centuryvehicleloans.in/about,homepage:https://www.centuryvehicleloans.in/,team:https://www.centuryvehicleloans.in/contact,products:https://www.centuryvehicleloans.in/}","high","1.00"
231,"Chaitanya India Fin Credit Private Limited","ROW-1543",NULL,NULL,"https://www.chaitanyaindia.in/",NULL,NULL,NULL,"Chaitanya India Fin Credit Private Limited is a systemically important NBFC-MFI that provides microfinance services to low-income families across India. The company aims to financially strengthen these families and has expanded its operations to 13 states. It offers various financial products, including loans and credit facilities.","MSME","{team:https://www.chaitanyaindia.in/partners-and-affiliations/,products:https://www.chaitanyaindia.in/https-www-linkedin-com-posts-m-cril_clientprotection-financialinclusion-responsiblefinance-activity-7084091577056337921-zjfiutm_sourceshareutm_mediummember_desktop/,homepage:https://www.chaitanyaindia.in/,about:https://www.chaitanyaindia.in/about-us-3/}","high","1.00"
232,"Champion Agro Finance Limited","ROW-1556",NULL,NULL,"https://championagro.com/contactus.htm",NULL,NULL,NULL,"Champion Agro Limited is an India-based firm engaged into manufacturing and exporting of various Agricultural Water Pumps and pumps spares, as well as producing branded fruits under the brand Champion Fresh.","MSME","{homepage:https://championagro.com/contactus.htm}","medium","0.86"
233,"Chanaky Capital Market Pvt. Ltd.","ROW-1558",NULL,NULL,"https://www.chanakyagroup.in/about.html",NULL,NULL,NULL,"Chanakya Financial Services is a proprietary firm established in 2006, providing various financial and investment services, including home loans, personal loans, business loans, and more. They aim to provide superior customer service with flexible repayment options and doorstep assistance. The company has expertise in the finance industry for over a decade.","SME|Business","{homepage:https://www.chanakyagroup.in/about.html}","low","0.86"
234,"Chaplot Capital Private Limited (Formerly known as Chaplot Investments Private Limited)","ROW-1577",NULL,NULL,"https://www.chaplot.in/",NULL,NULL,NULL,"Chaplot Capital is a Non-Banking Financial Company (NBFC) specializing in two-wheeler loans, aiming to make vehicle ownership accessible and affordable through flexible financing solutions.","Two-Wheeler Loans","{about:https://www.chaplot.in,team:https://www.chaplot.in,homepage:https://www.chaplot.in/,products:https://www.chaplot.in}","low","0.86"
235,"Chaplot Finance Limited","ROW-1578",NULL,NULL,"https://www.chaplot.in/",NULL,NULL,NULL,"Chaplot Capital is a Non-Banking Financial Company (NBFC) specializing in two-wheeler loans, aiming to make vehicle ownership accessible and affordable through flexible financing solutions.","Two-Wheeler Loans","{about:https://www.chaplot.in,team:https://www.chaplot.in,homepage:https://www.chaplot.in/,products:https://www.chaplot.in}","low","0.86"
236,"Chauhan Holdings (P) Ltd","ROW-1597",NULL,NULL,"https://kapoorandchauhan.in/resources/Forms/NBFC_Forms/NBFC_Forms.aspx",NULL,NULL,NULL,"Not specified on website","Not specified on website","{team:https://kapoorandchauhan.in/resources/Forms/NBFC_Forms/NBFC_Forms.aspx/resource/Partners.aspx,about:https://kapoorandchauhan.in/resources/Forms/NBFC_Forms/NBFC_Forms.aspx/resource/About_Us.aspx,homepage:https://kapoorandchauhan.in/resources/Forms/NBFC_Forms/NBFC_Forms.aspx,products:https://kapoorandchauhan.in/resources/Forms/NBFC_Forms/NBFC_Forms.aspx/resource/Services/Taxation.aspx}","low","0.57"
237,"Chemmanur Credits and Investments Limited","ROW-1609",NULL,NULL,"https://www.chemmanurcredits.com/",NULL,NULL,NULL,"Chemmanur Credits and Investments Limited offers gold loans, micro finance loans, business loans, and money transfer services. They provide secured loans with minimum documentation and flexible repayment options.","Gold Loans","{homepage:https://www.chemmanurcredits.com/,products:https://www.chemmanurcredits.com/services/gold-loan/,team:https://www.chemmanurcredits.com/investors/investor-contact/}","medium","0.86"
238,"Cheraman Financial Services Limited","ROW-1611",NULL,NULL,"https://cheraman.com/",NULL,NULL,NULL,"Cheraman Financial Services Ltd is a non-banking finance company providing innovative financial solutions to build credibility and sustainable growth. It was established with equity participation of M/s Kerala State Industrial Development Corporation (KSIDC) and private investors, mostly Gulf based NRIs.","MSME","{about:https://cheraman.com/about-us/,homepage:https://cheraman.com/,team:https://cheraman.com/contact-us/,products:https://cheraman.com/non-banking-finance-company/}","medium","0.86"
239,"Chhajer Credit & Investments Private Limited","ROW-1620",NULL,NULL,"https://chhajerandcompany.com/business-personal-loan/",NULL,NULL,NULL,"Chhajer & Company is a Chartered Accountancy firm providing services in Bank Audit, Concurrent Audit, Tax Audit, and Financial Services to clients. They also offer Business & Personal Loan facilities. The company aims to provide satisfactory solutions to problems and be the preferred business partner through integration of people, technology, and business solutions.","MSME","{homepage:https://chhajerandcompany.com/business-personal-loan/,about:https://chhajerandcompany.com/,products:https://chhajerandcompany.com/audit-assurance-services/,team:https://chhajerandcompany.com/management-consultancy/}","medium","0.86"
240,"Chhotaria Securities  Pvt.  Ltd.","ROW-1629",NULL,NULL,"https://www.chhotariasecurities.com/",NULL,NULL,NULL,"Chhotaria Securities is a trusted Non-Banking Financial Company (NBFC) committed to making personal and business finance simple, ethical, and accessible for individuals and growing enterprises across India.","MSME","{about:https://www.chhotariasecurities.com/about-us,team:https://www.chhotariasecurities.com/contactUs,homepage:https://www.chhotariasecurities.com/}","medium","1.00"
241,"Chinmay Finlease Ltd","ROW-1636",NULL,NULL,"https://www.chinmayfinlease.com/",NULL,NULL,NULL,"Chinmay Finlease Limited is a Non-Banking Finance Company registered with the Reserve Bank of India, specializing in lending short-term unsecured personal loans through its technology platform. It aims to bridge the gap in the market by providing access to credit in fair and sustainable conditions to non-prime market segment customers. The company uses advanced credit decision technology to facilitate quick loan disbursements.","Consumer","{about:https://www.chinmayfinlease.com/about,products:https://www.chinmayfinlease.com/services,team:https://www.chinmayfinlease.com/contact,homepage:https://www.chinmayfinlease.com/}","high","1.00"
242,"Chintamani Finlease Ltd.","ROW-1637",NULL,NULL,"https://www.chintamanifinlease.com/",NULL,NULL,NULL,"Chintamani Finlease Ltd. is a fast-growing Non-Banking Financial Company (NBFC) in Delhi that offers Personal loans, Business loans, Gold loans, Loan Against Property and Car loans.","MSME","{team:https://www.chintamanifinlease.com/home/contact-us,homepage:https://www.chintamanifinlease.com/,products:https://www.chintamanifinlease.com/loan-detail/personal-loan-in-delhi-ncr,about:https://www.chintamanifinlease.com/home/about-us}","low","0.86"
243,"Chintamani Holdings (P) Ltd","ROW-1638",NULL,NULL,"https://www.chintamanifinlease.com/",NULL,NULL,NULL,"Chintamani Finlease Ltd. is a fast-growing Non-Banking Financial Company (NBFC) in Delhi that offers Personal loans, Business loans, Gold loans, Loan Against Property and Car loans.","MSME","{team:https://www.chintamanifinlease.com/home/contact-us,homepage:https://www.chintamanifinlease.com/,products:https://www.chintamanifinlease.com/loan-detail/personal-loan-in-delhi-ncr,about:https://www.chintamanifinlease.com/home/about-us}","low","0.86"
244,"Chitrakut Holdings Ltd","ROW-1648",NULL,NULL,"https://www.chitrakutholdings.com/",NULL,NULL,NULL,"Chitrakut Holdings Limited is a registered Non-banking Financial Company providing various financial services. It was incorporated on July 12, 1988, and is presently listed on the Calcutta Stock Exchange Limited and Metropolitan Stock Exchange of India Limited.","MSME","{homepage:https://www.chitrakutholdings.com/}","low","0.86"
245,"Cholamandalam Investment and Finance Company Limited","ROW-1657",NULL,NULL,"https://www.cholamandalam.com/",NULL,NULL,NULL,"Cholamandalam Investment and Finance Company Limited offers a comprehensive range of financial services, including vehicle finance, home loans, loan against property, SME loans, and consumer loans. The company operates from 1757 branches across India with assets under management above INR 2,27,000+ Crore. Its mission is to enable customers enter a better life.","Multi-Product","{team:https://www.cholamandalam.com/contact-us,homepage:https://www.cholamandalam.com/,about:https://www.cholamandalam.com/about-us/vision-and-mission,products:https://www.cholamandalam.com/products/vehicle-finance}","high","1.00"
246,"Choraria Securities Ltd","ROW-1660",NULL,NULL,"https://www.chhotariasecurities.com/",NULL,NULL,NULL,"Chhotaria Securities is a trusted Non-Banking Financial Company (NBFC) committed to making personal and business finance simple, ethical, and accessible for individuals and growing enterprises across India.","MSME","{about:https://www.chhotariasecurities.com/about-us,team:https://www.chhotariasecurities.com/contactUs,homepage:https://www.chhotariasecurities.com/}","medium","1.00"
247,"Churchgate Investments & Trading Co Pvt Ltd","ROW-1671",NULL,NULL,"https://www.churchgateinvestments.com/",NULL,NULL,NULL,"Churchgate Investments & Trading Co. Pvt. Ltd. is a NBFC registered with RBI, dealing in credit lending to the Corporate world, financing for business expansion and economic growth.","MSME","{team:https://www.churchgateinvestments.com/contact-us/,homepage:https://www.churchgateinvestments.com/,products:https://www.churchgateinvestments.com/sme-finance-business-loan/}","low","0.86"
248,"CI Capital Private Limited","ROW-1673",NULL,NULL,"https://cicapitalindia.com/",NULL,NULL,NULL,"CI Capital is an RBI registered NBFC specializing in Used Car, Commercial Vehicle, and Business Loans, providing tailor-made financial support to Micro, Small and Medium Enterprises (MSMEs) through swift and transparent processes.","MSME","{homepage:https://cicapitalindia.com/,about:https://cicapitalindia.com/about,team:https://cicapitalindia.com/team,products:https://cicapitalindia.com/products}","medium","1.00"
249,"Cicago Commodities Pvt Ltd","ROW-1674",NULL,NULL,"https://cicago.co.in/terms-and-condition/",NULL,NULL,NULL,"Cicago is a Non-Banking Finance Company focused on meeting the financial needs of micro, small and medium enterprises (MSME) in India. It aims to make availing credit easy for this segment, making a positive impact on the lives of millions of Indians engaged in informal activities. The company has grown its loan book to over 1,674 crores and expanded to 215 branches across various regions.","MSME","{about:https://cicago.co.in/about-us/,products:https://cicago.co.in/msme-loans/,homepage:https://cicago.co.in/terms-and-condition/,team:https://cicago.co.in/contact-us/}","high","1.00"
250,"Cindrella Financial Services Ltd","ROW-1679",NULL,NULL,"https://cindrellafinancialservicesltd.com/",NULL,NULL,NULL,"Etsy is an online marketplace where individuals and businesses can buy and sell goods, with a focus on handmade, vintage, and unique items. The platform offers various services such as search, browsing, and purchasing options. It also provides tools for sellers to manage their listings and customer interactions.","Multi-Product","{homepage:https://cindrellafinancialservicesltd.com/,about:https://cindrellafinancialservicesltd.com/about/,products:https://cindrellafinancialservicesltd.com/,team:https://cindrellafinancialservicesltd.com/contact-us/}","medium","0.86"
251,"Circassia Pacific Finance Ltd.","ROW-1682",NULL,NULL,"http://circassiapacific.com/about.html",NULL,NULL,NULL,"Circassia Pacific Finance Limited is a Non-Banking Finance Company (NBFC) that provides secured loans to small and mid-sized corporates, as well as lending solutions to small and medium enterprises (SMEs). The company was founded in 1998 and has been registered with the Reserve Bank of India. It offers customized loan solutions for SMEs through a series of secured and unsecured loan options.","MSME","{homepage:http://circassiapacific.com/about.html}","high","1.00"
252,"Citizen Moneyline (India) Ltd.","ROW-1688",NULL,NULL,"https://citizenmoneyline.com/",NULL,NULL,NULL,"Citizen Moneyline is a Non Deposit taking Non-Banking Financial Company that provides gold loans as a security to raise capital and finance for needy individuals. The company has grown from a single branch to fifteen branches across Kerala, India, over the past thirty-six years.","Gold Loans","{homepage:https://citizenmoneyline.com/,team:https://citizenmoneyline.com/managmentteam}","high","1.00"
253,"Citra Financials Private Limited","ROW-1690",NULL,NULL,"https://www.citra.co.in/",NULL,NULL,NULL,"Citra Financial Services is an Indian Non-Banking Finance Company that deals in SME lending and digital lending, providing direct business lending and bank loan assistance to SMEs.","MSME","{homepage:https://www.citra.co.in/}","medium","1.00"
254,"Citrus Securities Private Limited","ROW-1691",NULL,NULL,"https://www.citrussecurities.com/",NULL,NULL,NULL,"Citrus Securities is a licensed brokerage firm in Hong Kong, providing securities trading and related services to clients. They offer IPO services for companies planning to list on the Hong Kong Stock Exchange, as well as debt issuance and trading services for various clients. The company also provides online trading platforms and customer support.","Multi-Product","{homepage:https://www.citrussecurities.com/,team:https://www.citrussecurities.com/contactus}","medium","0.86"
255,"Classic Growers  Ltd.","ROW-1702",NULL,NULL,"https://www.classicgrowers.in/",NULL,NULL,NULL,"Classic Growers Ltd is a Non-govt company involved in investment and finance, with authorized share capital of Rs. 60,000,000 and paid up capital also of Rs. 60,000,000.","Not specified on website","{products:https://www.classicgrowers.in/resources/Bulletins/Service_Tax/Service_Tax.aspx,team:https://www.classicgrowers.in/resources/Utilities/Limited_Liability_Partnership_Fees/Limited_Liability_Partnership_Fees.aspx,homepage:https://www.classicgrowers.in/,about:https://www.classicgrowers.in/resource/About_Us.aspx}","low","0.71"
256,"Clix Capital Services Private Limited","ROW-1719",NULL,NULL,"https://www.clix.capital/",NULL,NULL,NULL,"Clix Capital is a smart, contemporary lending firm that uses technology to make loans simpler, faster, and more accessible for customers. They offer various loan products such as unsecured business loans, business expansion loans, secured loans, and loan against property. The company aims to provide minimum paperwork, faster sanctions, and maximum peace of mind to its customers.","MSME","{products:https://www.clix.capital/business-loan/,team:https://www.clix.capital/contact-us/,about:https://www.clix.capital/about/,homepage:https://www.clix.capital/}","high","1.00"
257,"Comero Leasing & Financials Pvt. Ltd.","ROW-1735",NULL,NULL,"https://www.comero.in/about-us",NULL,NULL,NULL,"Comero Leasing & Financials provides emergency loans for personal needs, offering personalized solutions and a proven track record. They aim to empower businesses and individuals through strategic planning and financial decisions. Their goal is to provide innovative products and services catering to the evolving needs of Aspirational India.","MSME","{homepage:https://www.comero.in/about-us}","high","1.00"
258,"Comfort Fincap Limited(Formerly, Parasnath Textiles Ltd)","ROW-1738",NULL,NULL,"https://www.comfortfincap.com/",NULL,NULL,NULL,"Comfort Fincap Ltd is an NBFC offering tailored financial solutions for businesses and individuals, including loans secured by securities, consumer durable loans, and supply chain financing options.","MSME","{team:https://www.comfortfincap.com/contact-us,homepage:https://www.comfortfincap.com/,products:https://www.comfortfincap.com/loan-against-securities,about:https://www.comfortfincap.com/about}","high","1.00"
259,"Concord Marketing & Financiers Pvt. Ltd.","ROW-1759",NULL,NULL,"https://concordfintech.com/",NULL,NULL,NULL,"Concord Fintech Services provides business loans, working capital, and structured finance solutions backed by 23+ years of banking expertise.","MSME","{homepage:https://concordfintech.com/}","medium","1.00"
260,"Consortium Vyapaar Ltd","ROW-1775",NULL,NULL,"http://consortiumvyapaar.co.in/",NULL,NULL,NULL,"Consortium Vyapaar Ltd is a non-banking financial activities company that aims to establish long-term relations with its stakeholders and provide the best services. It is listed at the Calcutta Stock Exchange Limited and has subsidiaries. The company's main business activity is not specified, but it mentions being involved in non-banking financial activities.","Not specified on website","{homepage:http://consortiumvyapaar.co.in/}","low","0.71"
261,"Coracle Capital Consulting And Corporate Services Private Limited","ROW-1790",NULL,NULL,"https://www.coraclefinance.com/fair-practice-code.html",NULL,NULL,NULL,"Coracle Capital Consulting & Corporate Services is an NBFC that provides various loan products, including Micro Enterprises Loan and Business Loan, with a focus on empowering businesses and individuals.","MSME","{homepage:https://www.coraclefinance.com/fair-practice-code.html}","medium","0.86"
262,"Correo Marketings Private Limited","ROW-1804",NULL,NULL,"https://correo-marketings-pvt-ltd.charteredone.com/U66888DL1994PTC267371",NULL,NULL,NULL,"CORREO MARKETINGS PVT. LTD. is a private limited company that provides various compliance services, including event-based compliances, tax and audit services, and registration services for government schemes such as Startup India, Udyam, and ESI.","Not specified on website","{homepage:https://correo-marketings-pvt-ltd.charteredone.com/U66888DL1994PTC267371}","medium","0.86"
263,"Credit Wise Capital Private Limited","ROW-1832",NULL,NULL,"https://wise.com/",NULL,NULL,NULL,"Wise is a digital money transfer service that allows individuals and businesses to send, spend, and convert money internationally. It offers a range of features including multi-currency accounts, debit cards, and fast international transfers. Wise aims to provide transparent and cost-effective financial services for individuals and businesses.","Multi-Product","{homepage:https://wise.com/,about:https://wise.com/in/card/,team:https://wise.com/in/business/manage-team}","high","1.00"
264,"Creditaccess Grameen Limited","ROW-1833",NULL,NULL,"https://www.creditaccessgrameen.in/",NULL,NULL,NULL,"CreditAccess Grameen Limited is a leading Indian microfinance institution providing micro-loans to women customers predominantly in rural areas across India.","MSME","{homepage:https://www.creditaccessgrameen.in/,about:https://www.creditaccessgrameen.in/about-us/,team:https://www.creditaccessgrameen.in/contact/,products:https://www.creditaccessgrameen.in/products/}","high","1.00"
265,"Credright Finance Private Limited","ROW-1835",NULL,NULL,"https://www.credright.com/",NULL,NULL,NULL,"CredRight Finance is a financial technology service provider offering various loan products to retail and business customers across India.","MSME","{homepage:https://www.credright.com/}","medium","1.00"
266,"Crest Ventures Limited ( Earlier Sharyans Resources Ltd.)","ROW-1840",NULL,NULL,"https://www.crest.in/our-company",NULL,NULL,NULL,"Crest Ventures Limited is a Non-Banking Finance Company registered with The Reserve Bank of India (RBI) that uses best practices for strategic allocation of capital and resources across different asset classes to achieve superior returns with a focus on risk management and capital preservation.","Not specified on website","{products:https://www.crest.in/our-company/financial-services,homepage:https://www.crest.in/our-company,about:https://www.crest.in/our-company/cart,team:https://www.crest.in/our-company/contact-us}","medium","0.86"
267,"CRIF Connect Private Limited","ROW-1842",NULL,NULL,"https://www.crifconnect.com/",NULL,NULL,NULL,"CRIF Connect is an RBI Licensed Account Aggregator (AA) platform that helps individuals to digitally access and share their financial data from Financial Information Providers (FIPs) to Financial Information Users (FIUs) in a seamless and secure manner.","Multi-Product","{about:https://www.crifconnect.com/about-us/,team:https://www.crifconnect.com/contact-us/,products:https://www.crifconnect.com/services/for-consumers/,homepage:https://www.crifconnect.com/}","high","1.00"
268,"Criss Financial Ltd (Formerly Criss Financial Holdings Ltd)","ROW-1843",NULL,NULL,"https://crissfin.com/",NULL,NULL,NULL,"Criss Financial Limited is a non-banking financial company (NBFC) that provides small-ticket loan products to individuals and businesses, with a focus on delivering trusted financial products and services to the underserved. Their business is based on providing loans for various requirements and ensuring borrowers are not overleveraged. The company aims to become a Trusted Financier to the Aspirational Bharat.","MSME","{about:http://crissfin.com/overview,homepage:https://crissfin.com/,products:https://crissfin.com/products_details?id=893}","high","1.00"
269,"CRSP Capital Private Limited","ROW-1849",NULL,NULL,"https://crspcapital.com/",NULL,NULL,NULL,"CRSP Capital Pvt. Ltd is a Non-Banking Financial Company (NBFC) that offers financial solutions to underbanked and unbanked individuals and enterprises, focusing on empowering small-scale businesses and supporting entrepreneurship in rural communities.","MSME","{team:https://crspcapital.com/contact-us,about:https://crspcapital.com/about-us,products:https://crspcapital.com/products,homepage:https://crspcapital.com/}","high","1.00"
270,"CSL Finance Limited","ROW-1854",NULL,NULL,"https://www.cslfinance.in/how-nbfc-s-are-shaping-the-economy",NULL,NULL,NULL,"CSL Finance Limited is a Non-Banking Finance Company registered with the Reserve Bank of India and listed on both the Stock Exchanges. It provides various secured loan products to Small and Medium-Sized Enterprises (SMEs) and Real estate and non-real estate Corporates. The company aims to fulfill every entrepreneur's dreams by bridging the gap between their dreams and their financial needs.","MSME","{about:https://www.cslfinance.in/about-us,products:https://www.cslfinance.in/branch-locations,team:https://www.cslfinance.in/contact-us,homepage:https://www.cslfinance.in/how-nbfc-s-are-shaping-the-economy}","high","1.00"
271,"D D Deposits And Advances Pvt Ltd","ROW-1873",NULL,NULL,"https://aryan-deposits-and-advances-private-limited.charteredone.com/U65191WB1996PTC133875",NULL,NULL,NULL,"ARYAN DEPOSITS AND ADVANCES PRIVATE LIMITED is a private limited company that provides monetary intermediation services for commercial banks, with authorized share capital of Rs. 85,000,000 and paid-up capital of Rs. 83,826,000.","Monetary Intermediation Of Commercial Banks","{homepage:https://aryan-deposits-and-advances-private-limited.charteredone.com/U65191WB1996PTC133875}","low","0.86"
272,"D S G Investments Private Limited","ROW-1881",NULL,NULL,"https://www.dsginvest.com/Privacy-Policy.html",NULL,NULL,NULL,"D S G Investments Private Limited is a Non-Banking Financial Company (NBFC) registered with the Reserve Bank of India, offering credit and financial solutions in compliance with applicable laws and regulatory standards.","MSME","{homepage:https://www.dsginvest.com/Privacy-Policy.html}","medium","0.86"
273,"Daga Business & Credit  Pvt. Ltd.","ROW-1900",NULL,NULL,"https://www.dagabusiness.com/",NULL,NULL,NULL,"DB International is an online trading platform offering derivatives, mutual funds, and commodity trading. It provides services for NRIs and offers a range of investment options.","Not specified on website","{products:https://www.dagabusiness.com/,homepage:https://www.dagabusiness.com/}","medium","0.86"
274,"Daga Finvest (P) Ltd.","ROW-1902",NULL,NULL,"https://dagafin.com/",NULL,NULL,NULL,"Daga Mercantiles & Finance Pvt Ltd is an NBFC that offers working capital loans with flexible and accessible loan amounts ranging from ₹2,000 to ₹1,00,000. The company provides transparent repayment schedules and fast loan disbursement in three steps. It aims to provide a stress-free experience for its customers.","MSME","{homepage:https://dagafin.com/}","high","0.86"
275,"Daga Mercantiles & Finance   Pvt. Ltd.","ROW-1904",NULL,NULL,"https://dagafin.com/",NULL,NULL,NULL,"Daga Mercantiles & Finance Pvt Ltd is an NBFC that offers working capital loans with flexible and accessible loan amounts ranging from ₹2,000 to ₹1,00,000. The company provides transparent repayment schedules and fast loan processing in three steps. It aims to provide a stress-free experience for its customers.","MSME","{homepage:https://dagafin.com/}","high","0.86"
276,"Dagger Garments  Pvt.  Ltd.","ROW-1905",NULL,NULL,"https://www.daggergarments.in/",NULL,NULL,NULL,"Dagger Garments Private Limited is an RBI-registered Non-Banking Financial Company providing structured financing solutions to individuals, SMEs, and corporates across India. They offer a range of financial services including business loans, working capital finance, personal loans, loan against property, and more. Their approach is rooted in transparency, prudent risk management, and long-term relationships with clients.","SME","{homepage:https://www.daggergarments.in/,about:https://www.daggergarments.in/about,team:https://www.daggergarments.in/contact,products:https://www.daggergarments.in/services}","medium","1.00"
277,"Danta Vyapar Kendra Ltd","ROW-1923",NULL,NULL,"https://dantavyapar.com/",NULL,NULL,NULL,"Danta Vyapar is a Public Limited Company, incorporated on 20th November, 1982 under the provisions of the Companies Act, 1956, and is engaged in diversified financial activities, including investments, lending, leasing, and asset management.","MSME","{team:https://dantavyapar.com/contact-us/,homepage:https://dantavyapar.com/,products:https://dantavyapar.com/services/,about:https://dantavyapar.com/about-us/}","high","1.00"
278,"Dashami Finance Private Limited (Formerly Known As Bawa Deposits And Advances Private Limited)","ROW-1935",NULL,NULL,"https://dashami.in/",NULL,NULL,NULL,"Dashami Finance offers a wide range of financial solutions designed to meet diverse needs, from individuals seeking personal advancement to small and medium enterprises driving local economies.","MSME","{about:https://dashami.in/about/,products:https://dashami.in/services/,team:https://dashami.in/contact/,homepage:https://dashami.in/}","medium","1.00"
279,"Davinta Financial Services Private Limited","ROW-1946",NULL,NULL,"https://www.davintafinserv.com/",NULL,NULL,NULL,"Davinta Financial Services Private Limited is an NBFC that offers supply chain finance solutions, including credit programs for trade partners and retailers. The company aims to simplify and speed up business operations through its TradeMate platform. It provides a range of services, including instant sanction, automated underwriting, and real-time data analytics.","MSME","{homepage:https://www.davintafinserv.com/}","high","1.00"
280,"Decor Securities Pvt Ltd","ROW-1966",NULL,NULL,"https://decentsecurities.com/",NULL,NULL,NULL,"Decent Securities Pvt. Ltd is a Delhi-based Non-Banking Financial Company (NBFC) approved by the Reserve Bank of India, providing financial solutions to individuals and businesses through loans such as SME Loans, Business Loans, Machinery Loans, Investment Loans, Personal Loans, Home Loans, Loan Against Property, Loan Against Vehicle, E-Rickshaw Loans, and Mutual Funds.","SME","{products:https://decentsecurities.com/our-services/sme-loans,team:https://decentsecurities.com/contact-us,homepage:https://decentsecurities.com/,about:https://decentsecurities.com/about-us}","low","1.00"
281,"Deep Finance Limited","ROW-1973",NULL,NULL,"https://www.deep.com/",NULL,NULL,NULL,"DEEP is an engineering company that designs and manufactures subsea human habitats for research, conservation, and training. Their products include pilot subsea habitats, training courses, and a floating instrument platform. They aim to facilitate extended ocean research and exploration.","Multi-Product","{homepage:https://www.deep.com/,team:https://www.deep.com/contact-us/,products:https://www.deep.com/products/}","medium","0.86"
282,"Deep Fincap Private Limited","ROW-1974",NULL,NULL,"https://deepfincap.com/",NULL,NULL,NULL,"Deep Fincap Private Limited is a Non-Deposit taking RBI registered NBFC situated in Lucknow, offering MSME financing and other business finance products.","MSME","{homepage:https://deepfincap.com/,about:https://deepfincap.com/about,products:https://deepfincap.com/msme-sme-bussiness-loan,team:https://deepfincap.com/team}","high","1.00"
283,"Deep Finvest Limited","ROW-1975",NULL,NULL,"https://deepfinance.in/",NULL,NULL,NULL,"Deep Finance is a financial institution providing various types of loans and financial services to traders and individuals. It is a RBI Registered NBFC (Non-Bank Financial Company) Organization with Registration No - B-06.00186. The company aims to provide tailored financial solutions and has been in operation since 1991.","MSME","{homepage:https://deepfinance.in/}","high","1.00"
284,"Delfin International Limited","ROW-1993",NULL,NULL,"https://delfininternational.in/",NULL,NULL,NULL,"Delfin International Limited is a NBFC-ND-Type-II licensed by the Reserve Bank of India to engage in investment and credit activities, primarily focusing on investment activities with minimal loan activity.","MSME","{homepage:https://delfininternational.in/}","medium","0.86"
285,"Dev-Aashish Capital (P) Ltd","ROW-2016",NULL,NULL,"https://www.devaashish.com/",NULL,NULL,NULL,"DEV-AASHISH CAPITALS PRIVATE LIMITED is a premier provider of swift and accessible emergency loans, dedicated to assisting individuals in urgent need of financial support. Established with a vision to cater to everyone, regardless of their credit score. Our goal is to promote financial resilience through innovative solutions.","MSME","{homepage:https://www.devaashish.com/,team:https://www.devaashish.com/contact-us,about:https://www.devaashish.com/about-us,products:https://www.devaashish.com/lending-service-provider}","medium","0.86"
286,"Dhamija Finance & Leasing Limited","ROW-2037",NULL,NULL,"https://www.dhamijasukhija.com/",NULL,NULL,NULL,"The website provides various corporate services, including audit, finance, and tax services for non-residents, as well as accounting, payroll, and outsourcing services.","Not specified on website","{team:https://www.dhamijasukhija.com/resource/Partners.aspx,about:https://www.dhamijasukhija.com/resources/Bulletins/Corporate_Matters/Corporate_Matters.aspx,homepage:https://www.dhamijasukhija.com/,products:https://www.dhamijasukhija.com/resource/Services/Income_Tax.aspx}","medium","0.86"
287,"Dhani Loans and Services Limited","ROW-2047",NULL,NULL,"https://www.dhani.com/services/grievance-redressal-policy/?srsltid=AfmBOoogZVtAibwJSguukZiqoMic5dhcD_izZyiIOY0DILaFZb1etkBg",NULL,NULL,NULL,"Dhani Loans and Services Limited is an NBFC that provides loans and services to customers, with a focus on good customer service and prompt redressal of grievances. The company aims to provide quality service in the shortest possible time to attract new customers and retain existing ones. It has a structured system for grievance redressal.","MSME","{products:https://www.dhani.com/services/grievance-redressal-policy/?srsltid=AfmBOoogZVtAibwJSguukZiqoMic5dhcD_izZyiIOY0DILaFZb1etkBg/,homepage:https://www.dhani.com/services/grievance-redressal-policy/?srsltid=AfmBOoogZVtAibwJSguukZiqoMic5dhcD_izZyiIOY0DILaFZb1etkBg}","high","1.00"
288,"Dhansafal Finserve Limited (Earlier known as Luharuka Media & Infra Limited)","ROW-2054",NULL,NULL,"https://dhansafal.com/",NULL,NULL,NULL,"DhanSafal is a listed NBFC registered with the Reserve Bank of India, offering retail financial services and growing focus on MSME lending, including loans against property for business expansion and working capital.","MSME","{about:https://dhansafal.com/about-us/,team:https://dhansafal.com/team/,homepage:https://dhansafal.com/,products:https://dhansafal.com/products/}","medium","1.00"
289,"Dhanshree Motor Finance Pvt. Ltd.","ROW-2057",NULL,NULL,"https://dhanshreecapital.in/",NULL,NULL,NULL,"Dhanshree Finance is a leading RBI-registered Non-Banking Financial Company (NBFC) established in 1983, offering personal loans with interest rates starting from 7.99% p.a. and various loan products.","Multi-Product","{homepage:https://dhanshreecapital.in/,products:https://dhanshreecapital.in/apply-now.php}","high","1.00"
290,"Dhanvarsha Enterprises & Investments Private Limited","ROW-2060",NULL,NULL,"https://dhanvarsha.co/",NULL,NULL,NULL,"Dhanvarsha is an NBFC that offers various loan products, including business loans, gold loans, and personal loans. They aim to empower MSMEs and catalyse growth through their lending services. The company has a wide network of branches across India.","MSME","{homepage:https://dhanvarsha.co/}","high","1.00"
291,"Dhara Motor Finance Ltd.","ROW-2063",NULL,NULL,"https://www.dharamotor.com/",NULL,NULL,NULL,"Dhara Motor Finance Limited is a Non-Banking Finance Company that provides personalized finance for a wide range of vehicles and other assets, with a mission to provide innovative and accessible financing options for everyone, everywhere.","Vehicle","{homepage:https://www.dharamotor.com/}","high","1.00"
292,"Dhruva Capital Services Ltd.","ROW-2078",NULL,NULL,"https://dhruvacapital.com/",NULL,NULL,NULL,"Dhruva Capital is a Non-Banking Financial Company (NBFC) engaged in the business of Investment and Financing, registered with Reserve Bank of India as an NBFC.","MSME","{about:https://dhruvacapital.com/about,products:https://dhruvacapital.com/products,homepage:https://dhruvacapital.com/,team:https://dhruvacapital.com/contact}","low","0.86"
293,"Diamond Capfin Pvt. Ltd.","ROW-2083",NULL,NULL,"https://diamondcapfin.com/",NULL,NULL,NULL,"Diamond Capfin Private Limited is an NBFC that provides financial services, including private vehicle loans, commercial vehicle loans, loan against property, and two-wheeler loans. The company aims to enable people to fulfill their ambition of owning vehicles by offering flexible payment options and hassle-free eligibility criteria.","Vehicle","{homepage:https://diamondcapfin.com/,team:https://diamondcapfin.com/cms/managment-team,products:https://diamondcapfin.com/services.php,about:https://diamondcapfin.com/cms/overview}","medium","0.86"
294,"Didu Investments Pvt Ltd","ROW-2088",NULL,NULL,"https://diduinvestments.com/",NULL,NULL,NULL,"Didu Investments Pvt Ltd is a Non-Deposit taking – Non Banking Financial Company (NBFC) engaged in the business of investment in shares & securities & financial activity, with no direct loaning activity.","MSME","{team:https://diduinvestments.com/contact/,homepage:https://diduinvestments.com/,about:https://diduinvestments.com/company-profile/}","high","1.00"
295,"Diganta Investment and Finance Company Private Limited","ROW-2090",NULL,NULL,"http://digantafinance.com/",NULL,NULL,NULL,"Diganta Finance is a Non-Banking Finance Company (NBFC) that provides various financial products, including SME finance, used car finance, and moratorium guidelines. The company aims to assist customers in acquiring assets required for sustainable livelihood. It treats every customer as unique and tailors financial products to suit their needs.","SME","{about:http://digantafinance.com/about-us/,team:http://digantafinance.com/contact-us/,products:http://digantafinance.com/,homepage:http://digantafinance.com/}","medium","1.00"
296,"Digio Internet Private Limited","ROW-2092",NULL,NULL,"https://www.digio.link/about-us.html",NULL,NULL,NULL,"Digio Internet Private Limited provides a platform for secure sharing of financial data between FIP and FIU, acting as an NBFC Account Aggregator.","MSME","{homepage:https://www.digio.link/about-us.html}","medium","0.86"
297,"Digvijay Finlease Ltd","ROW-2095",NULL,NULL,"https://digvijayfin.com/",NULL,NULL,NULL,"Digvijay Finlease Limited is a Non-Deposit taking – Non Banking Financial Company (NBFC) engaged in the business of investment in shares & securities and financial activities, without any direct loaning activity.","MSME","{team:https://digvijayfin.com/contact/,homepage:https://digvijayfin.com/,about:https://digvijayfin.com/company-profile/}","high","1.00"
298,"Digvijay Tracon (P) Ltd","ROW-2096",NULL,NULL,"https://digvijayfin.com/company-profile/",NULL,NULL,NULL,"Digvijay Finlease Limited is a Non-Deposit taking – Non Banking Financial Company (NBFC) engaged in the business of investment in shares & securities and financial activity, without any Public Funds or customer interface.","MSME","{team:https://digvijayfin.com/contact/,homepage:https://digvijayfin.com/company-profile/,about:https://digvijayfin.com/company-profile/}","high","1.00"
299,"Digvijay Vinimay Pvt Ltd","ROW-2097",NULL,NULL,"https://digvijayfin.com/",NULL,NULL,NULL,"Digvijay Finlease Limited is a Non-Deposit taking – Non Banking Financial Company (NBFC) engaged in the business of investment in shares & securities and financial activities, without any direct loaning activity.","MSME","{team:https://digvijayfin.com/contact/,homepage:https://digvijayfin.com/,about:https://digvijayfin.com/company-profile/}","high","1.00"
300,"Diwakar Finvest Private Limited","ROW-2141",NULL,NULL,"https://diwakarfinvest.in/",NULL,NULL,NULL,"Diwakar Finvest Private Limited is an NBFC-CIC-ND-SI that provides various financial services, including investments and lending. It is a promoter company of Emami Ltd. and was incorporated in 1996. The company has its registered office at Emami Tower, 2nd Floor, 687, Anandapur, EM Bypass, Kolkata – 700107.","MSME","{team:https://diwakarfinvest.in/management-team,homepage:https://diwakarfinvest.in/,about:https://diwakarfinvest.in/about}","medium","0.86"
301,"Diwakar Marketing Private Limited","ROW-2142",NULL,NULL,"https://diwakarfinvest.in/",NULL,NULL,NULL,"Diwakar Finvest Private Limited is an NBFC-CIC-ND-SI that provides various financial services, including lending and investments. It is a promoter company of Emami Ltd. and has its registered office in Kolkata. The company's primary focus appears to be on lending to businesses.","MSME","{team:https://diwakarfinvest.in/management-team,homepage:https://diwakarfinvest.in/,about:https://diwakarfinvest.in/about}","medium","0.86"
302,"Diwakar Tracom Pvt.Ltd.","ROW-2143",NULL,NULL,"https://www.diwakarfinance.com/",NULL,NULL,NULL,"Diwakar Tracom Private Limited is a Non-Banking Finance company (NBFC-ND) offering financial solutions in urban and rural areas through personal loans, mortgage loans, and auto loans since 2017.","MSME","{about:https://www.diwakarfinance.com/about-us/,products:https://www.diwakarfinance.com,homepage:https://www.diwakarfinance.com/,team:https://www.diwakarfinance.com/contact-us/}","high","1.00"
303,"DKV Finlease Pvt.Ltd.","ROW-2147",NULL,NULL,"https://www.heritagefinlease.in/",NULL,NULL,NULL,"Heritage Finlease Limited is an RBI-licensed Non-Banking Financial Corporation that provides loans to dairy farmers, enabling them to own animals and supply milk to the thriving dairy industry. The company has expanded its portfolio to include mortgage loans servicing in semi-urban and rural markets. It aims to foster economic empowerment and sustainability among rural and semi-urban populations.","MSME","{about:https://www.heritagefinlease.in/about/,homepage:https://www.heritagefinlease.in/,team:https://www.heritagefinlease.in/management-team/}","high","1.00"
304,"Dravya Commercial Pvt Ltd","ROW-2179",NULL,NULL,"https://dravyafinancial.com/",NULL,NULL,NULL,"Dravya Financial Solutions Pvt Ltd is a financial services company that offers investment consulting, wealth management, and insurance services. They provide personalized advice and tailored solutions to help clients achieve their long-term financial goals. The company operates with unwavering honesty and integrity.","Multi-Product","{products:https://dravyafinancial.com/services/consulting/,about:https://dravyafinancial.com/about/,homepage:https://dravyafinancial.com/}","medium","0.86"
305,"Dream Fincap Private Limited","ROW-2181",NULL,NULL,"https://www.seedsfincap.com/",NULL,NULL,NULL,"Seeds Fincap Pvt. Ltd is a non-deposit-taking NBFC that aims to serve micro, small, and medium enterprises (MSMEs) in India by providing financing solutions.","MSME","{homepage:https://www.seedsfincap.com/}","high","1.00"
306,"Dugar Automobile Finance Pvt Ltd","ROW-2203",NULL,NULL,"https://dugar.co.in/",NULL,NULL,NULL,"Dugar Finance & Investments Ltd is an RBI-registered NBFC providing inclusive, transparent, and customized loan solutions for individuals and businesses across India, with a strong focus on underserved and emerging markets.","MSME","{products:https://dugar.co.in/msme-loans/,homepage:https://dugar.co.in/,about:https://dugar.co.in/company-overview/,team:https://dugar.co.in/growth-partners/}","high","1.00"
307,"Dugar Finance & Investments Ltd.","ROW-2205",NULL,NULL,"https://dugar.co.in/",NULL,NULL,NULL,"Dugar Finance & Investments Ltd is an RBI-registered NBFC providing inclusive, transparent, and customized loan solutions for individuals and businesses across India, with a strong focus on underserved and emerging markets.","MSME","{products:https://dugar.co.in/msme-loans/,homepage:https://dugar.co.in/,about:https://dugar.co.in/company-overview/,team:https://dugar.co.in/growth-partners/}","high","1.00"
308,"Durgesh Holdings Pvt Ltd","ROW-2212",NULL,NULL,"https://www.durgeshhold.com/",NULL,NULL,NULL,"Durgesh Holdings Private Limited is a Non-Banking Financial Company (NBFC) providing comprehensive financial solutions, including loans, investments, and insurance products. They offer flexible financing solutions for personal, business, home, and investment needs. The company combines cutting-edge technology with personalized service to deliver exceptional financial solutions.","Multi-Product","{homepage:https://www.durgeshhold.com/}","high","1.00"
309,"Durgesh Merchants Limited","ROW-2213",NULL,NULL,"https://www.durgeshmerchantsltd.webresearchfoundation.com/",NULL,NULL,NULL,"Durgesh Merchants Limited is a Non-Banking Financial Company (NBFC) involved in the financial business to carry on all or any of the business of financiers of industrials, commercials, and other enterprises.","MSME","{about:https://www.durgeshmerchantsltd.webresearchfoundation.com/company-profile,homepage:https://www.durgeshmerchantsltd.webresearchfoundation.com/}","medium","0.86"
310,"Dynamic Archistructures Ltd","ROW-2219",NULL,NULL,"https://www.dynamicarchistructures.com/",NULL,NULL,NULL,"Dynamic Archistructures Limited is an NBFC that provides various financial services, including loan products for different purposes. The company's focus is not explicitly stated on the website. It offers a range of financial products and services to its customers.","Not specified on website","{homepage:https://www.dynamicarchistructures.com/}","medium","0.86"
311,"Dynamic Fincap Private Limited","ROW-2222",NULL,NULL,"http://dynamicfincap.com/",NULL,NULL,NULL,"Dynamic Fincap Private Limited is a leading NBFC in India, offering personal loans, business loans, gold loans, housing loans, and investment advisory services to individuals and businesses.","SMEs and Corporates","{homepage:http://dynamicfincap.com/}","medium","1.00"
312,"Dynamic Finvest Services Pvt. Ltd.","ROW-2223",NULL,NULL,"https://dynamic-finvest-services-private-limited.charteredone.com/U74899DL1995PTC066684",NULL,NULL,NULL,"DYNAMIC FINVEST SERVICES PRIVATE LIMITED is a private limited company incorporated in India, involved in various compliances and registrations related to tax, audit, and other government services.","Not specified on website","{homepage:https://dynamic-finvest-services-private-limited.charteredone.com/U74899DL1995PTC066684}","medium","0.86"
313,"Dytron Finvest Pvt. Ltd. C","ROW-2228",NULL,NULL,"https://www.dytronfinvest.com/",NULL,NULL,NULL,"Dytron Finvest is a Non-Banking Financial Company (NBFC) registered with the Reserve Bank of India, offering digital lending services designed to support individuals across India. The company specializes in delivering reliable and accessible credit solutions through its authorized lending service provider, Paisa 108. Dytron Finvest focuses on enabling responsible access through transparent, compliant, and borrower-focused lending practices.","MSME","{homepage:https://www.dytronfinvest.com/,team:https://www.dytronfinvest.com/contact-us,products:https://www.dytronfinvest.com/services,about:https://www.dytronfinvest.com/about-us}","high","1.00"
314,"Earlysalary Services Private Limited (Old Name Ashish Securities Pvt. Ltd.)","ROW-2233",NULL,NULL,"https://www.earlysalary.in/",NULL,NULL,NULL,"EarlySalary Services Private Limited is a Non-Banking Financial Company (NBFC) registered with the Reserve Bank of India, providing easy financing services to various sections of the community through digital lending.","Multi-Product","{homepage:https://www.earlysalary.in/,team:https://www.earlysalary.in/our-co-lending-partners/,products:https://www.earlysalary.in/}","high","1.00"
315,"Earth India Finlease Ltd.","ROW-2236",NULL,NULL,"https://www.earthleasingfinance.com/",NULL,NULL,NULL,"Earth Leasing & Finance Private Limited is a Non-Banking Financial Company (NBFC) registered with the Reserve Bank of India, providing financial services including education loans to students and working professionals.","MSME","{homepage:https://www.earthleasingfinance.com/}","high","1.00"
316,"Earthstone Holding (Two) Private Limited","ROW-2238",NULL,NULL,"https://www.earthstonein.com/",NULL,NULL,NULL,"EARTHSTONE HOLDING (TWO) PRIVATE LIMITED is a non-banking financial institution offering various loan products, including home renovation, travel, wedding, and personal loans, with a focus on providing easy-to-manage repayment options.","Multi-Product","{homepage:https://www.earthstonein.com/}","high","1.00"
317,"Easun Capital Markets Ltd.","ROW-2250",NULL,NULL,"https://www.easuncapitalmarkets.com/",NULL,NULL,NULL,"Easun Capital Markets is an NBFC registered with the Reserve Bank of India, offering investment in shares and securities, as well as loan and advance to SMEs. The company has a long history since 1982 and provides one-stop financial services to corporate customers across various business areas. It focuses on its main line of business of investment and financing.","MSME","{homepage:https://www.easuncapitalmarkets.com/}","high","1.00"
318,"Ecomark General Finance And Lealsing Limited","ROW-2257",NULL,NULL,"https://www.ecomarkfinlet.com/",NULL,NULL,NULL,"Ecomark Finlet is a Non-Banking Finance Company (NBFC) providing loans on consumer lending, small and medium-sized enterprises (SME) lending, rural lending, and other sectors. It offers various loan products such as vehicle loans, gold loans, business loans, personal loans, microfinance, and microcredits. The company has an unparalleled expertise in the finance service industry.","Multi-Product","{homepage:https://www.ecomarkfinlet.com/}","high","0.86"
319,"Econ Super Sales Pvt Ltd","ROW-2258",NULL,NULL,"https://bfsi.economictimes.indiatimes.com/blog/how-nbfcs-are-driving-financial-inclusion-and-growth-in-rural-india/111988627",NULL,NULL,NULL,"ETBFSI.com serves financial services leaders who must balance innovation with regulation, growth with risk management, and customer service with operational efficiency. Financial services form the backbone of economic growth, enabling businesses to expand, individuals to achieve their goals, and economies to prosper.","Multi-Product","{about:https://bfsi.economictimes.indiatimes.com/about_us.php,team:https://bfsi.economictimes.indiatimes.com/contact_us.php,homepage:https://bfsi.economictimes.indiatimes.com/blog/how-nbfcs-are-driving-financial-inclusion-and-growth-in-rural-india/111988627}","medium","0.86"
320,"Ekanta Plastics Pvt Ltd","ROW-2275",NULL,NULL,"https://ekanta-plastics-pvt-ltd.charteredone.com/U51109WB1995PTC070080",NULL,NULL,NULL,"EKANTA PLASTICS PVT LTD is a private limited company involved in other passenger air-transport n.e.c. It provides various financial services including tax and audit, registration, and compliance services.","Not specified on website","{homepage:https://ekanta-plastics-pvt-ltd.charteredone.com/U51109WB1995PTC070080}","medium","0.86"
321,"Elcid Investments Ltd.","ROW-2281",NULL,NULL,"http://elcidinvestments.com/",NULL,NULL,NULL,"Elcid Investments Limited is a Non-Banking Finance Company registered with Reserve Bank of India, making investments in shares, debentures, mutual funds etc. It has two subsidiaries registered with RBI as well. The company's business is focused on investment activities.","Not specified on website","{about:http://elcidinvestments.com/about/,homepage:http://elcidinvestments.com/,team:http://elcidinvestments.com/contact/}","medium","0.86"
322,"Ellora Traders Ltd.","ROW-2301",NULL,NULL,"https://elloratraders.com/",NULL,NULL,NULL,"Ellora Traders Ltd is a Non-Banking Financial Company (NBFC) registered with the Reserve Bank of India, providing loans and advances to industrial enterprises, holding investments in various securities, and buying/selling shares, stocks, debentures, bonds, mutual funds.","MSME","{about:https://elloratraders.com/about-us/,team:https://elloratraders.com/management/,homepage:https://elloratraders.com/,products:https://elloratraders.com/our-service/}","high","1.00"
323,"Emerald Finance Limited (Formerly known as Emerald Leasing Finance and Investment Company Limited)","ROW-2311",NULL,NULL,"https://emeraldfin.com/",NULL,NULL,NULL,"Emerald Finance Limited is a dynamic company offering financial services, including early-wage access and loan solutions, with a focus on empowering individuals and businesses to achieve their dreams.","Multi-Product","{homepage:https://emeraldfin.com/,team:https://emeraldfin.com/become-a-partner/,about:https://emeraldfin.com/about/}","high","1.00"
324,"Emkay Corporate Services Pvt. Ltd.","ROW-2319",NULL,NULL,"https://www.emkayglobal.com/company-info/shareholding/emkay-global-financial-services-ltd",NULL,NULL,NULL,"Emkay Global Financial Services Ltd. is a financial services company that offers wealth management, institutional equity investment, investment management, and global investing services.","MSME","{about:https://www.emkayglobal.com/company-info/shareholding/emkay-global-financial-services-ltd/,products:https://www.emkayglobal.com/company-info/shareholding/emkay-global-financial-services-ltd/who-we-are,team:https://www.emkayglobal.com/company-info/shareholding/emkay-global-financial-services-ltd/emkay-leadership,homepage:https://www.emkayglobal.com/company-info/shareholding/emkay-global-financial-services-ltd}","medium","1.00"
325,"Emkay Merchandise Pvt Ltd","ROW-2321",NULL,NULL,"https://emkayconsultantslimited.in/about-us",NULL,NULL,NULL,"Emkay Finserv is a Non-Banking Finance Company (NBFC) providing financial services, including gold loans, silver loans, loan against mutual funds, and safe locker facility. It aims to empower unbanked customers with accessible financial opportunities. The company has over 25 years of experience and operates across multiple geographical locations.","MSME","{team:https://emkayconsultantslimited.in/contact,products:https://emkayconsultantslimited.in/services,about:https://emkayconsultantslimited.in/about-us,homepage:https://emkayconsultantslimited.in/about-us}","high","1.00"
326,"Enbee Trade & Finance Ltd","ROW-2336",NULL,NULL,"https://enbeetrade.com/",NULL,NULL,NULL,"Enbee Trade & Finance Limited provides financing for small businesses and personal needs, leveraging strong partnerships to ensure fast and transparent loan disbursements.","MSME","{homepage:https://enbeetrade.com/,products:https://enbeetrade.com/two-wheeler-loan/,about:https://enbeetrade.com/about-us,team:https://enbeetrade.com/contact/}","high","1.00"
327,"Enn Enn Capital Private Limited","ROW-2345",NULL,NULL,"https://www.ennenncorp.com/our-company/",NULL,NULL,NULL,"ENN ENN Corp Limited is a diversified organization engaged in Real Estate Development, Exports, Carbon-free Power Generation, Asset Leasing, NBFC, and management of income generating assets. The company focuses on growth through imagination, innovation, execution, management, and value creation. It aims to create the most trusted brand and gain market leader position in each sector it operates in.","Multi-Product","{team:https://www.ennenncorp.com/contact-us/,about:https://www.ennenncorp.com/our-company/,homepage:https://www.ennenncorp.com/our-company/}","high","0.86"
328,"Epic Vyapaar Private Limited","ROW-2356",NULL,NULL,"https://www.vaibhav-vyapaar.com/",NULL,NULL,NULL,"Vaibhav Vyapaar Private Limited is a leading NBFC providing various financial retail products, including personal loans and digital lending services.","MSME","{homepage:https://www.vaibhav-vyapaar.com/}","low","0.86"
329,"Epimoney Private Limited","ROW-2357",NULL,NULL,"https://www.epimoney.in/",NULL,NULL,NULL,"Epimoney Epimoney is a Non-Banking Financial Company that uses technology and data to bridge the credit gap for small businesses. It provides quick, collateral-free, and transparent funding access through its digital lending app, FlexiLoans.com, which aims to provide 'Financial Access at a click'. The company has partnered with several financial institutions to offer loans across India.","MSME","{homepage:https://www.epimoney.in/}","high","1.00"
330,"Equator Corporate Finance Private Limited","ROW-2360",NULL,NULL,"https://equator.co.in/",NULL,NULL,NULL,"Equator Financial Services Limited is a diversified financial services group that provides lending, financing, investment, and protection solutions. It was established in 1997 by experienced professionals in financial consultancy and corporate advisory, focusing on debt placement, syndication, and advisory services.","Multi-Product","{homepage:https://equator.co.in/,team:https://equator.co.in/contact/,products:https://equator.co.in/equator-financial-services-limited/,about:https://equator.co.in/about-us/}","high","1.00"
331,"ESN Finance and Capital Services Limited","ROW-2380",NULL,NULL,"https://www.esnfinance.com/",NULL,NULL,NULL,"ESN Finance and Capital Services Limited is a non-deposit taking Non-Banking Financial Company (NBFC) registered with the Reserve Bank of India, offering financial products and quality service to customers through its online platform.","Multi-Product","{homepage:https://www.esnfinance.com/,products:https://www.esnfinance.com/}","high","1.00"
332,"Everlon Financials Limited","ROW-2414",NULL,NULL,"https://everlon.in/",NULL,NULL,NULL,"Everlon Financials Limited is a BSE listed NBFC with decades of industrial and financial market experience, focusing on clean energy financing and solar power solutions.","MSME","{homepage:https://everlon.in/}","high","1.00"
333,"Excellent Fincap Private Ltd.","ROW-2422",NULL,NULL,"https://www.comfortfincap.com/",NULL,NULL,NULL,"Comfort Fincap Ltd is an NBFC offering tailored financial solutions for businesses and individuals, including loans secured by securities, consumer durable loans, and supply chain financing options.","MSME","{team:https://www.comfortfincap.com/contact-us,homepage:https://www.comfortfincap.com/,products:https://www.comfortfincap.com/loan-against-securities,about:https://www.comfortfincap.com/about}","high","1.00"
334,"Fair Connect Financial Services Private Limited","ROW-2454",NULL,NULL,"https://www.fairconnect.in/",NULL,NULL,NULL,"FairConnect Financial Services Private Limited is an NBFC that offers various loan products, including Loan Against Property (LAP), unsecured Business Loans, Channel Finance, Warehouse Finance, Gold Loans, Agriculture loans, and Vehicle Finance. The company has a wide range of experience in the financial services sector, with experts in credit analysis, risk management, and team management. It provides innovative solutions to businesses and individuals.","Multi-Product","{homepage:https://www.fairconnect.in/,team:https://www.fairconnect.in/about/management-team/,about:https://www.fairconnect.in/about/board_members/,products:https://www.fairconnect.in/nbfc/}","high","1.00"
335,"Femina Merchants (P) Ltd","ROW-2486",NULL,NULL,"https://feminafin.in/AboutUs/AboutUs",NULL,NULL,NULL,"Femina Merchants Pvt. Ltd. is a trusted NBFC offering microfinance, business loans, investment solutions, and wealth management services designed to empower individuals, entrepreneurs, and communities.","MSME","{homepage:https://feminafin.in/AboutUs/AboutUs,about:https://feminafin.in/AboutUs/AboutUs/,team:https://feminafin.in/AboutUs/AboutUs/Contact}","medium","1.00"
336,"Fexprime Finance Private Limited (formerly known as Bussan Auto Finance India Private Ltd)","ROW-2495",NULL,NULL,"https://www.fexprime.com/",NULL,NULL,NULL,"Fexprime Finance is a lending company that specializes in vehicle financing, particularly electric vehicles, and also offers personal loans. The company aims to provide accessible and personalized financial solutions to individuals and businesses. It has recently changed its name from Bussan Auto Finance India Pvt. Ltd.","Vehicle","{team:https://www.fexprime.com/management,homepage:https://www.fexprime.com/,products:https://www.fexprime.com/Service,about:https://www.fexprime.com/about-us}","medium","0.86"
337,"Finagle Financial Services Private Limited","ROW-2501",NULL,NULL,"https://www.finagle.co.in/",NULL,NULL,NULL,"Finagle Financial Services Pvt Ltd is a NBFC that provides quick, convenient, and affordable financing solutions. It was founded in 2021 and operates across various areas of business, including personal loans, education loans, business loans, commercial loans, secured loans, and unsecured loans.","Multi-Product","{homepage:https://www.finagle.co.in/}","medium","0.86"
338,"Fincfriends Private Limited (Reissued On December 24, 2018)","ROW-2508",NULL,NULL,"https://www.fincfriends.com/",NULL,NULL,NULL,"FincFriends Private Limited is a non-deposit taking non-banking financial company that provides digital lending solutions, including personal loans and credit lines, to underserved customers in India.","Multi-Product","{homepage:https://www.fincfriends.com/,about:https://www.fincfriends.com/}","high","1.00"
339,"Fincsquare Fintech Private Limited","ROW-2510",NULL,NULL,"https://www.fincsquare.com/",NULL,NULL,NULL,"FincSquare is a P2P lending platform that provides peer-to-peer loans to individuals and business loans to micro enterprises, aiming to simplify bank debt complexities with great ease.","Multi-Product","{homepage:https://www.fincsquare.com/}","high","1.00"
340,"Findoc Finvest (P) Ltd (Formerly known as Aujla Finvest Pvt Ltd and Name Changed On 8.02.2016)","ROW-2511",NULL,NULL,"https://findocfinvest.com/",NULL,NULL,NULL,"Findoc Finvest is a forward-thinking lending firm that leverages technology to simplify, expedite, and enhance accessibility to loans for its customers. It offers various loan products including business loans, loan against property, EV loans, healthcare loans, and more. The company aims to provide best-in-class service and solutions for its customers.","MSME","{homepage:https://findocfinvest.com/,team:https://findocfinvest.com/team,about:https://findocfinvest.com/about,products:https://findocfinvest.com/business-loan}","high","1.00"
341,"Finethical Trading Private Limited","ROW-2516",NULL,NULL,"https://finethical-trading-private-limited.charteredone.com/U51109WB1995PTC074092",NULL,NULL,NULL,"FINETHICAL TRADING PRIVATE LIMITED is a private limited company involved in other passenger air-transport n.e.c. It provides various financial services including tax and audit, registration, and compliance services.","Not specified on website","{homepage:https://finethical-trading-private-limited.charteredone.com/U51109WB1995PTC074092}","medium","0.86"
342,"Fingrow Investment Ventures Private Limited","ROW-2518",NULL,NULL,"https://fingrowcapital.com/about.php",NULL,NULL,NULL,"Fingrow Capital Pvt Ltd is an NBFC that offers customized finance options to small industries and businesses, focusing on providing faster, better, and cheaper financial solutions.","MSME","{homepage:https://fingrowcapital.com/about.php}","high","1.00"
343,"Finindia Credit And Finance Limited (Formerly Deepraj Investments Limited)","ROW-2519",NULL,NULL,"https://finindia.co.in/",NULL,NULL,NULL,"Finindia is an NBFC that offers various financial products including vehicle finance, personal loan, business loan, MSME business finance, equipment finance, and loan against property. The company aims to deliver innovative and customer-friendly products to cater to the growing needs of individuals and businesses in India. Finindia maintains a strong commitment to ethical conduct and transparency.","MSME","{team:https://finindia.co.in/resource/About-Us/Partners.aspx,products:https://finindia.co.in/resource/Products/E-Rickshawas.aspx,homepage:https://finindia.co.in/,about:https://finindia.co.in/resource/About-Us/Vision_Mission_Value.aspx}","high","1.00"
344,"Finvasia Financial Services Pvt Ltd","ROW-2534",NULL,NULL,"https://finvasia.com",NULL,NULL,NULL,"Finvasia Group is a global innovator leveraging engineering and technology to operate across various sectors, including finance, healthcare, technology, blockchain, and real estate. They offer a wide range of portfolio products and services, including commission-free financial ecosystems, social trading platforms, fintech solutions, and regulated blockchain-based digital payment processing solutions.","Multi-Product","{homepage:https://finvasia.com,about:https://finvasia.com/about-us,team:https://finvasia.com/management}","high","1.00"
345,"Finvent Finance And Investments Limited","ROW-2535",NULL,NULL,"http://finventfinance.com/message.php",NULL,NULL,NULL,"Finvent Finance is an NBFC that offers various loan products such as two wheeler loans, four wheeler loans, microfinance, and gold loans. They provide flexible schemes to suit customers' needs and have served around 20,000 satisfied customers. The company has a Pan Kerala Presence with 10 branches across the state.","MSME","{homepage:http://finventfinance.com/message.php}","high","1.00"
346,"Finvesco Capital India Private Limited (Buragadda Finance &Investments P.L., Buragadda Investments &Chits(P)L.)","ROW-2536",NULL,NULL,"https://finvescoholdings.com/",NULL,NULL,NULL,"Finvesco Holdings Private Limited is a Non-Deposit Taking Systemically Important – Core Investment Company that makes investments in its subsidiary company, Finvesco Capital India Private Limited, which provides a full range of services and offers innovative financial solutions to help fund investors achieve their investment goals.","MSME","{team:https://finvescoholdings.com/contact/,homepage:https://finvescoholdings.com/}","medium","0.86"
347,"Firstsource Credits Private Limited","ROW-2542",NULL,NULL,"https://firstsourcecredits.com/",NULL,NULL,NULL,"Firstsource Credits is a Non Banking Financial Company (NBFC) providing affordable and economical credit sources to individuals and businesses, with a focus on quick, secure, and trouble-free services.","MSME","{products:https://firstsourcecredits.com/products/,about:https://firstsourcecredits.com/about/,homepage:https://firstsourcecredits.com/,team:https://firstsourcecredits.com/contact/}","high","1.00"
348,"Fleeting Vyapaar  Pvt. Ltd.","ROW-2551",NULL,NULL,"https://www.vaibhav-vyapaar.com/",NULL,NULL,NULL,"Vaibhav Vyapaar Private Limited is a leading NBFC providing various financial retail products, including personal loans and digital lending services.","MSME","{homepage:https://www.vaibhav-vyapaar.com/}","medium","0.86"
349,"Flipstar Finance Limited","ROW-2558",NULL,NULL,"https://www.flipstar.in/",NULL,NULL,NULL,"Flipstar is a preeminent Non-Banking Financial Company (NBFC) offering a comprehensive range of financial solutions and services regulated by RBI directions and many other Indian laws. They provide various loan products for personal, business, and commercial needs.","Multi-Product","{homepage:https://www.flipstar.in/}","medium","1.00"
350,"Floral Vyapaar (P) Ltd","ROW-2560",NULL,NULL,"https://www.floralvyapaar.com/",NULL,NULL,NULL,"Floral Vyapar Pvt. Ltd is a private limited, non-government company registered with the Registrar of Companies, Kolkata, offering long-term and short-term investments in value-driven opportunities, including loan solutions against shares and property for growing businesses.","MSME","{team:https://www.floralvyapaar.com/about-lrsd/contact-us,homepage:https://www.floralvyapaar.com/,products:https://www.floralvyapaar.com/products/las-lap-loans,about:https://www.floralvyapaar.com/about-lrsd/about-us}","low","0.86"
351,"Fortune Portfolio Private Ltd","ROW-2584",NULL,NULL,"https://www.fortuneindia.com/opinion/the-road-ahead-for-nbfcs/103720",NULL,NULL,NULL,"Not specified on website","Not specified on website","{products:https://www.fortuneindia.com/personal-finance,homepage:https://www.fortuneindia.com/opinion/the-road-ahead-for-nbfcs/103720,about:https://www.fortuneindia.com/opinion/the-road-ahead-for-nbfcs/103720/,team:https://www.fortuneindia.com/opinion/the-road-ahead-for-nbfcs/103720/topic/wealth-management}","low","0.57"
352,"Fox Capital Private Limited","ROW-2589",NULL,NULL,"https://foxcapital.in/foxcapital/",NULL,NULL,NULL,"Fox Capital Pvt. Ltd. is a NBFC licensed by Reserve bank of India, offering various financial products such as consumer loans, durable loans, personal loans, lifestyle finance, bill discounting, and unsecured business loans to serve retail and business customers across the country.","Multi-Product","{about:https://foxcapital.in/foxcapital/,team:https://foxcapital.in/management-team/,homepage:https://foxcapital.in/foxcapital/,products:https://foxcapital.in/consumer-durable-loan/}","high","1.00"
353,"Fraternal Investments Private Limited","ROW-2595",NULL,NULL,"https://www.fraternalcredit.com/",NULL,NULL,NULL,"Fraternal Credit & Financial Services Ltd is an A Grade Non-Banking Finance Company (NBFC) providing financial assistance to vehicles, mainly used vehicles, through hire purchase loans. The company aims to cater to the economically weaker sections of society and provide excellent services with integrity. It focuses on used vehicle finance market.","MSME","{homepage:https://www.fraternalcredit.com/}","medium","0.86"
354,"Freemen Investments Private Ltd.","ROW-2597",NULL,NULL,"https://www.freemeninvestments.com/",NULL,NULL,NULL,"Freemen Investments Pvt. Ltd. is an NBFC that provides investment banking services, including buying and selling of shares, stock debentures, and other financial instruments. It aims to provide quick and affordable loans with the goal of unlocking value from gold jewellery investments. The company was founded in 1992 and is licensed by the Reserve Bank of India.","Multi-Product","{homepage:https://www.freemeninvestments.com/}","medium","0.86"
355,"Fynx Capital Limited (Earlier known as Rajath Finance Limited)","ROW-2624",NULL,NULL,"https://fynxcapital.com/",NULL,NULL,NULL,"FynX is an NBFC that provides a comprehensive suite of loans and supply chain financing solutions for MSMEs, aiming to democratize finance and empower businesses in India.","MSME","{products:https://fynxcapital.com/msme-financing/,homepage:https://fynxcapital.com/,about:https://fynxcapital.com/about/,team:https://fynxcapital.com/our-team/}","medium","1.00"
356,"Gala Finance and Investment Private Limited","ROW-2671",NULL,NULL,"https://www.galadafinance.in/",NULL,NULL,NULL,"Galada Finance is an NBFC providing asset financing solutions for automobile financing, equipment and machinery financing, insurance, and other services.","MSME","{homepage:https://www.galadafinance.in/}","medium","0.86"
357,"Galada Finance Limited","ROW-2672",NULL,NULL,"https://www.galadafinance.in/",NULL,NULL,NULL,"Galada Finance is an NBFC providing asset financing solutions for automobile, equipment and machinery financing, insurance, and other financial services.","MSME","{homepage:https://www.galadafinance.in/}","medium","0.86"
358,"Ganesh Capfin Ltd.","ROW-2691",NULL,NULL,"https://www.ganeshcapfin.in/",NULL,NULL,NULL,"Ganesh Capfin Ltd. is a Non Banking Finance Company that offers various loan products such as home loans, personal loans, business loans, auto loans, and SME loans with reasonable interest rates.","SME","{homepage:https://www.ganeshcapfin.in/}","medium","1.00"
359,"Ganesh Finstock Limited","ROW-2692",NULL,NULL,"https://ganeshleasfin.com/",NULL,NULL,NULL,"Ganesh Leasfin is a responsible Non-banking finance company (NBFC) registered with the Reserve Bank of India (RBI), offering short-term and long-term unsecured personal loans in various cities across 11 states.","Multi-Product","{team:https://ganeshleasfin.com/core-team,products:https://ganeshleasfin.com/loan-products,homepage:https://ganeshleasfin.com/,about:https://ganeshleasfin.com/about-us}","high","1.00"
360,"Ganesh Ganga Investment Pvt. Ltd.","ROW-2693",NULL,NULL,"https://www.ganeshganga.com/",NULL,NULL,NULL,"Ganesh Ganga Investment Private Limited is an RBI registered Non-Banking Financial Company offering a range of loan products for businesses and individuals, including Business Loans and Personal Loans.","MSME","{team:https://www.ganeshganga.com/contact,homepage:https://www.ganeshganga.com/}","high","1.00"
361,"Ganesh Hire Purchase & Leasing Finance Private Limited","ROW-2694",NULL,NULL,"https://ganeshleasfin.com/",NULL,NULL,NULL,"Ganesh Leasfin is a responsible Non-banking finance company (NBFC) registered with the Reserve Bank of India (RBI), offering short-term and long-term unsecured personal loans in various cities across 11 states.","MSME","{team:https://ganeshleasfin.com/core-team,products:https://ganeshleasfin.com/loan-products,homepage:https://ganeshleasfin.com/,about:https://ganeshleasfin.com/about-us}","high","1.00"
362,"Ganesh Leasfin Pvt. Ltd.","ROW-2696",NULL,NULL,"https://ganeshleasfin.com/",NULL,NULL,NULL,"Ganesh Leasfin is a responsible Non-banking finance company (NBFC) registered with the Reserve Bank of India (RBI), offering short-term and long-term unsecured personal loans in various cities across 11 states.","MSME","{team:https://ganeshleasfin.com/core-team,products:https://ganeshleasfin.com/loan-products,homepage:https://ganeshleasfin.com/,about:https://ganeshleasfin.com/about-us}","high","1.00"
363,"Gangotri Commodities & Finvest (P) Ltd","ROW-2707",NULL,NULL,"https://gangotri-commodities-and-finvest-pvt-ltd.charteredone.com/U51909WB1991PTC051698",NULL,NULL,NULL,"Gangotri Commodities & Finvest Pvt Ltd is a private limited company involved in other wholesale N.E.C. activities, with an authorized share capital of Rs. 32,000,000 and a paid-up capital of Rs. 20,996,000.","Not specified on website","{homepage:https://gangotri-commodities-and-finvest-pvt-ltd.charteredone.com/U51909WB1991PTC051698}","medium","0.86"
364,"Gangotri Holdings Private Limited","ROW-2708",NULL,NULL,"https://www.gangotri-group.com/",NULL,NULL,NULL,"Gangotri Group is a high-class real estate developer that aims to achieve high design construction excellence within a limited timeframe at competitive prices. The company has its registered office in Kolkata and focuses on building premium residential structures. It emphasizes meticulous attention to detail, cutting-edge engineering practices, and sustainable construction methods.","Not specified on website","{homepage:https://www.gangotri-group.com/}","medium","0.86"
365,"Ganodaya Finlease Ltd","ROW-2714",NULL,NULL,"https://ganodayafinlease.com/",NULL,NULL,NULL,"Ganodaya Finlease Limited is a Non-Banking Financial Company (NBFC) engaged in loan financing and investment in securities, operating as a non-deposit taking NBFC. The company has demonstrated strong financial performance and sustainable growth over the past five years. It aims to deliver reliable, transparent, and efficient financial solutions through prudent lending, strategic investments, and sound governance.","MSME","{team:https://ganodayafinlease.com/management/,homepage:https://ganodayafinlease.com/,about:https://ganodayafinlease.com/about-us/}","high","1.00"
366,"Ganpati Finlease Pvt. Ltd.","ROW-2716",NULL,NULL,"https://www.ganpatifin.in/",NULL,NULL,NULL,"Ganpati Finlease pvt Ltd is an NBFC registered with Reserve Bank of India (RBI), providing financing solutions to small and medium businesses for their business growth and to meet ancillary business requirements, along with Personal loans.","MSME","{about:https://www.ganpatifin.in/about-us/,team:https://www.ganpatifin.in/contact/,homepage:https://www.ganpatifin.in/,products:https://www.ganpatifin.in/products/}","high","1.00"
367,"Ganpati Riverside  Pvt. Ltd.","ROW-2717",NULL,NULL,"https://ganpatifinanceltd.com/",NULL,NULL,NULL,"Ganpati Finance offers personal loans ranging from ₹50,000 to ₹10,00,000 with competitive interest rates starting at 8% per annum. They provide flexible repayment tenures and easy access to funds for personal needs.","Multi-Product","{homepage:https://ganpatifinanceltd.com/}","high","1.00"
368,"Ganpati Stock Limited","ROW-2718",NULL,NULL,"https://ganpati-stock-limited.charteredone.com/U08032DL1995PLC292023",NULL,NULL,NULL,"GANPATI STOCK LIMITED is a private limited company incorporated in India, involved in various compliances and registrations with government agencies.","Not specified on website","{homepage:https://ganpati-stock-limited.charteredone.com/U08032DL1995PLC292023}","medium","0.86"
369,"Gateway Leasing Pvt Ltd","ROW-2738",NULL,NULL,"https://www.gatewayfin.in/",NULL,NULL,NULL,"Gateway Financial Services LTD is a non-deposit-taking Non-Banking Financial Company (NBFC) that provides various financial services, including lending, retail broking, and investment advisory services.","Multi-Product","{homepage:https://www.gatewayfin.in/}","high","1.00"
370,"Gavde Finance Pvt. Ltd","ROW-2750",NULL,NULL,"https://gavdefinance.com/",NULL,NULL,NULL,"Gavde Finance Pvt. Ltd is a RBI registered Non-banking Finance Company (NBFC) focused on providing Financial Services to Corporates & SMEs and Finance to SMEs.","MSME","{team:https://gavdefinance.com/contact-us-2/,about:https://gavdefinance.com/about-us/,homepage:https://gavdefinance.com/,products:https://gavdefinance.com/}","high","1.00"
371,"Geetanjali Credit And Capital Limited","ROW-2763",NULL,NULL,"https://www.geetanjalicreditcapital.in/",NULL,NULL,NULL,"Geetanjali Credit and Capital Limited is a Non-Banking Financial Company (NBFC) registered with the Reserve Bank of India, offering consulting services and financial solutions to businesses. The company provides a range of services including business consulting, financing solutions, and project management. It has been in operation for over 8 years.","MSME","{homepage:https://www.geetanjalicreditcapital.in/}","medium","0.86"
372,"Gemco Engineering Industries Limited","ROW-2767",NULL,NULL,"https://gemco-engineering-industries-ltd.charteredone.com/U74200WB2004PLC002556",NULL,NULL,NULL,"GEMCO ENGINEERING INDUSTRIES LTD is a Private Limited company incorporated in India, involved in various compliances and registrations related to corporate affairs, tax, and audit.","Not specified on website","{homepage:https://gemco-engineering-industries-ltd.charteredone.com/U74200WB2004PLC002556}","low","0.71"
373,"Gems Commercial Company Ltd","ROW-2771",NULL,NULL,"https://www.gemscommercial.co.in/",NULL,NULL,NULL,"GEMS Commercial Co. Limited is a Non-Banking Financial Company (NBFC) that provides lending and other financial services, mainly operating in two segments: Loan & Investments.","MSME","{homepage:https://www.gemscommercial.co.in/}","medium","0.86"
374,"Genesis Finance Company Limited","ROW-2775",NULL,NULL,"https://www.genesisfinance.net/",NULL,NULL,NULL,"Genesis Finance is an NBFC providing debt financing to MSMEs and consumers in India, offering various loan products such as Loan Against Property, Car Loan, Working Capital Loan, Business Loan, Home Loan, Personal Loan, and Venture Capital.","MSME","{homepage:https://www.genesisfinance.net/}","medium","1.00"
375,"Geojit Credits (P) Ltd (Formerly Known as A S R Financing & Leasing (P) Ltd)","ROW-2779",NULL,NULL,"https://www.geojitcredits.com/",NULL,NULL,NULL,"Geojit Credits Pvt. Ltd., a Non-Deposit taking Non-banking Finance Company (NBFC), provides loan against shares, mutual funds, sovereign gold bonds, and other financial products.","MSME","{homepage:https://www.geojitcredits.com/,about:https://www.geojitcredits.com/company-profile,team:https://www.geojitcredits.com/contact-us,products:https://www.geojitcredits.com/loan-against-shares}","high","0.86"
376,"Ggrace Leasing Co Pvt Ltd","ROW-2784",NULL,NULL,"https://ggraceleasing.com/",NULL,NULL,NULL,"G-Grace Leasing Company is a Non-Banking Financial Company (NBFC) that provides various financial solutions, including gold loans, vehicle loans, business loans, and personal loans. The company was founded in 2008 and has its roots in Thrissur district, Kerala. It offers quick and hassle-free financing options with competitive rates and flexible schemes.","Multi-Product","{about:https://ggraceleasing.com/about/,products:https://ggraceleasing.com/service/,team:https://ggraceleasing.com/contact-us/,homepage:https://ggraceleasing.com/}","medium","0.86"
377,"Ghalla & Bhansali Securities Pvt. Ltd,","ROW-2785",NULL,NULL,"https://www.ghallabhansali.com/",NULL,NULL,NULL,"EQUIGREEN is an NBFC that aims to create 'Green Wealth' for all stakeholders, focusing on investment banking and financial services.","MSME","{homepage:https://www.ghallabhansali.com/}","high","0.86"
378,"Ghosh Financiers & Marketiers Pvt. Ltd.","ROW-2788",NULL,NULL,"https://ghoshfundz.in/",NULL,NULL,NULL,"GHOSH Funds is an NBFC that offers various financial services including Mutual Fund, Insurance, Fixed Deposit, and more. It provides investment products with the aim of generating returns for its clients. The company focuses on providing affordable investment options to its customers.","Not specified on website","{homepage:https://ghoshfundz.in/}","medium","0.86"
379,"Giltfin Lease Ltd. (Name as per MCA - Media Matrix Worldwide Limited)","ROW-2797",NULL,NULL,"https://itlfinlease.in/",NULL,NULL,NULL,"ITL Finlease & Securities Ltd is a Non Banking Finance Company (NBFC) registered with the Reserve Bank of India, offering leasing and hire purchase activities, as well as finance and investment services.","MSME","{team:https://itlfinlease.in/index.php?p=pages/contactus,homepage:https://itlfinlease.in/,about:https://itlfinlease.in/index.php?p=pages/aboutus}","high","1.00"
380,"Ginni Fincap Pvt. Ltd.","ROW-2800",NULL,NULL,"https://www.seedsfincap.com/mission.html",NULL,NULL,NULL,"Seeds Fincap Private Limited is a Non-Banking Financial Company (NBFC) that focuses solely on lending to entrepreneurs for activities involving income generation, aiming to be the most preferred and trusted financial service partner for micro, small, and medium enterprises.","MSME","{homepage:https://www.seedsfincap.com/mission.html}","high","1.00"
381,"Gita Finvest Pvt. Ltd,","ROW-2814",NULL,NULL,"http://gitafinvest.com/",NULL,NULL,NULL,"Gita Finvest Private Limited is a non-deposit taking Non-Banking Financial Company (NBFC) registered with the Reserve Bank of India (RBI) under the NBFC Investment and Credit Company (NBFC-ICC) category, specializing in investment activities, consumer financing, and commercial lending.","Multi-Product","{homepage:http://gitafinvest.com/}","medium","0.86"
382,"Glaxo Finance Private Limited","ROW-2824",NULL,NULL,"https://www.glaxoin.com/about-us.html",NULL,NULL,NULL,"GLAXO FINANCE PRIVATE LIMITED is a non-banking financial institution that provides hassle-free loans with convenient and fast loan facilities, offering financial solutions to customers.","MSME","{homepage:https://www.glaxoin.com/about-us.html}","high","1.00"
383,"Globe Stock & Securities Ltd","ROW-2839",NULL,NULL,"https://globecapital.com/",NULL,NULL,NULL,"Globe Capital is a financial services group that offers various financial products and services, including retail investors' services, commodity trading, currency trading, portfolio management schemes, depositary services, mutual fund distribution, IPO distribution, securities lending and borrowing, corporate advisory, and international broking.","Multi-Product","{homepage:https://globecapital.com/,team:https://globecapital.com/portfolio-management-service/,products:https://globecapital.com/clearing-service/,about:https://globecapital.com/about-us/}","high","1.00"
384,"Goenka Business & Finance Ltd","ROW-2859",NULL,NULL,"https://www.goenkabusinessfinancelimited.in/",NULL,NULL,NULL,"Goenka Business & Finance Ltd is a Public Listed Company providing business finance solutions, emphasizing the importance of staying alert and safe from fraudulent loan offers.","MSME","{homepage:https://www.goenkabusinessfinancelimited.in/}","high","1.00"
385,"Goenka Holdings Pvt Ltd","ROW-2860",NULL,NULL,"https://www.goenkabusinessfinancelimited.in/",NULL,NULL,NULL,"Goenka Business & Finance Ltd is a Public Listed Company providing business finance solutions, emphasizing the importance of staying alert and safe from fraudulent loan offers.","MSME","{homepage:https://www.goenkabusinessfinancelimited.in/}","high","1.00"
386,"Goldedge Estate & Investments Ltd.","ROW-2871",NULL,NULL,"https://www.goldedgeestate.in/",NULL,NULL,NULL,"Goldedge Estate and Investments Private Limited is a non-banking financial company (NBFC) registered with the Reserve Bank of India, engaged in investment and finance activities.","Not specified on website","{homepage:https://www.goldedgeestate.in/}","medium","0.86"
387,"Golden Goenka Credit Private Limited","ROW-2873",NULL,NULL,"https://www.goldengoenka.com/",NULL,NULL,NULL,"Golden Goenka Group is a leading Financial Solution Provider in Kolkata, offering financial services such as private equity investment, term loans, and financing for businesses. The group has established various non-banking financial corporations to provide comprehensive financial solutions to individuals and organizations. With a net worth of INR 500 crore and a lending book of over INR 550 crore, the group specializes in providing strategic short-term and long-term financing.","Multi-Product","{about:https://www.goldengoenka.com/mission-vision/,team:https://www.goldengoenka.com/contact-us/,homepage:https://www.goldengoenka.com/,products:https://www.goldengoenka.com/financial-services/}","medium","0.86"
388,"Goldline Finance Pvt Ltd","ROW-2881",NULL,NULL,"https://www.goldlinefinance.in/",NULL,NULL,NULL,"Goldline Finance is a Reserve Bank of India-registered Non-Deposit Taking Non-Banking Financial Institution (NBFC) that offers personal loans and two-wheeler loans to borrowers. It uses innovative technology and credit availability to provide flexible cash loans. The company aims to become the primary choice of credit for borrowers in India.","MSME","{products:https://www.goldlinefinance.in/home,homepage:https://www.goldlinefinance.in/,team:https://www.goldlinefinance.in/digital-lending-partner}","high","1.00"
389,"Goldrock Travels (P) Ltd","ROW-2885",NULL,NULL,"https://www.goldrockinvest.in/",NULL,NULL,NULL,"Gold Rock Investments Limited is a Non-Banking Finance Company (NBFC) that provides financial services to industrial enterprises and other customers. The company was incorporated in 1978 and has been registered as an NBFC since 1981. It offers various financial products, including loans and investments.","MSME","{team:https://www.goldrockinvest.in/resource/Contact_Us.aspx,about:https://www.goldrockinvest.in/resource/About/Board_of_Directors.aspx,homepage:https://www.goldrockinvest.in/}","medium","0.86"
390,"Goodluck Advances and Finlease Limited","ROW-2904",NULL,NULL,"https://www.goodluckfinlease.com/",NULL,NULL,NULL,"Goodluck Advances and Finlease Limited is a RBI-registered Non-Banking Financial Company (NBFC) engaged in lending activities since 1995, specializing in providing accessible and reliable credit solutions to individuals and businesses through Personal Loans, Machinery & Equipment Loan, and Commercial Vehicle Loan.","MSME","{homepage:https://www.goodluckfinlease.com/,team:https://www.goodluckfinlease.com/customer-grievance/contact-us,about:https://www.goodluckfinlease.com/about/about-us,products:https://www.goodluckfinlease.com/products/loan-services}","medium","0.86"
391,"Goodluck Commercials Ltd.","ROW-2907",NULL,NULL,"https://www.goodluckfin.com/about.php",NULL,NULL,NULL,"Goodluck Financial Inclusion Pvt. Ltd. is an NBFC that provides group loans exclusively to individuals in Haryana and Western Uttar Pradesh, with no personal or business loan offerings.","MSME","{homepage:https://www.goodluckfin.com/about.php}","high","1.00"
392,"Gopal Holdings Pvt. Ltd","ROW-2925",NULL,NULL,"https://rgopal.in/",NULL,NULL,NULL,"R. Gopal & Associates is a non-banking financial company (NBFC) that provides various corporate finance services, including audit, accounting, and tax services.","Multi-Product","{products:https://rgopal.in/resource/Services/Corporate_Services.aspx,homepage:https://rgopal.in/,about:https://rgopal.in/resources/Bulletins/Corporate_Matters/Corporate_Matters.aspx,team:https://rgopal.in/resource/Partners.aspx}","medium","0.86"
393,"Gopi Securities Pvt Ltd.","ROW-2929",NULL,NULL,"https://www.gopisecurities.com/",NULL,NULL,NULL,"Gopi Securities is a technology-driven NBFC offering innovative lending solutions, including personal loans, business loans, and working capital loans, catering to individual and business clients.","Multi-Product","{homepage:https://www.gopisecurities.com/}","medium","0.86"
394,"Gove Finance Limited","ROW-2935",NULL,NULL,"https://govefinance.in/",NULL,NULL,NULL,"GOVE Finance Limited is a dynamic non-banking finance company that provides support to clientele in the commercial and passenger vehicle sector, offering financing solutions for vehicles, construction equipment, used vehicles, tractors, and buses.","Vehicle","{products:https://govefinance.in/investor-information/,homepage:https://govefinance.in/,team:https://govefinance.in/get-in-touch/,about:https://govefinance.in/about-us/}","medium","1.00"
395,"Gowra Leasing & Finance Ltd.","ROW-2939",NULL,NULL,"https://www.gowraleasing.com/",NULL,NULL,NULL,"Gowra Leasing & Finance Limited is a Non-Banking Financial Company (NBFC) registered with Reserve Bank of India, serving mid corporate and retail customers.","MSME","{homepage:https://www.gowraleasing.com/}","medium","1.00"
396,"Goyal Achal Sampatti Vikas And Niyojan Nigam Ltd","ROW-2940",NULL,NULL,"https://www.goyalassociateslimited.com/",NULL,NULL,NULL,"Goyal Associates Limited is a BSE-listed Non-Banking Financial Company (NBFC) that specializes in offering financial services to individuals, proprietary concerns, and MSMEs. They offer a broad range of financial services tailored to meet the diverse needs of their clients. The company has nearly three decades of experience in lending.","MSME","{homepage:https://www.goyalassociateslimited.com/}","medium","0.86"
397,"Goyal Commercial Private Ltd","ROW-2942",NULL,NULL,"https://www.goyalassociateslimited.com/",NULL,NULL,NULL,"Goyal Associates Limited is a BSE-listed Non-Banking Financial Company (NBFC) that specializes in offering financial services to individuals, proprietary concerns, and MSMEs. They offer a broad range of financial services tailored to meet the diverse needs of their clients. The company has nearly three decades of experience in lending to these segments.","MSME","{homepage:https://www.goyalassociateslimited.com/}","high","1.00"
398,"Gramadhar Finserve Private Limited","ROW-2952",NULL,NULL,"http://gramadhar.com/",NULL,NULL,NULL,"Gramadhar Finserve Private Limited provides credit to rural communities, aiming to enhance income and create credit history. They offer various loan products such as Business Loan, Personal loan, Vehicle Loan, and Mortgage Loans.","MSME","{homepage:http://gramadhar.com/}","medium","1.00"
399,"Great Meera Finlease Pvt.Ltd","ROW-2967",NULL,NULL,"https://www.greatmeera.in/",NULL,NULL,NULL,"Great Meera Finlease Private Limited is a non-deposit-taking NBFC that provides loans to people across various segments of society with low-interest rates and best terms. The company offers supply chain finance for MSMEs, providing adequate working capital, flexibility in repayment terms, and building strong credit footprints. Great Meera aims to grow businesses, establish brands, and prioritize customers.","MSME","{about:https://www.greatmeera.in,homepage:https://www.greatmeera.in/}","high","1.00"
400,"Growfast Securities & Credit Pvt Limited","ROW-3000",NULL,NULL,"https://growfastsec.com/",NULL,NULL,NULL,"Growfast Securities and Credit Private Limited is a Non-Banking Financial Company (NBFC) that deals in equities of unlisted, unquoted, delisted, and illiquid companies. It invests in these companies for long-term periods and follows timeless investment principles. The company values transparency and looks for promising businesses through thorough research and analysis.","MSME","{products:https://growfastsec.com/our-services/,about:https://growfastsec.com/about/,team:https://growfastsec.com/management/,homepage:https://growfastsec.com/}","high","1.00"
401,"Growth Well Finlease Pvt. Ltd.","ROW-3002",NULL,NULL,"https://growth-well-finlease-private-limited.charteredone.com/U65921DL1996PTC075842",NULL,NULL,NULL,"Growth Well Finlease Private Limited is a Non-Government Company involved in Activities Of Hire-Purchase Financing, with an authorized and paid-up capital of Rs. 9,500,000.","MSME","{homepage:https://growth-well-finlease-private-limited.charteredone.com/U65921DL1996PTC075842}","medium","0.86"
402,"Growxcd Finance Private Limited","ROW-3004",NULL,NULL,"https://growxcd.com/",NULL,NULL,NULL,"GrowXCD is an NBFC that provides financial services to MSMEs and low-income households through credit, offering loans with minimal documentation and digital processes. The company aims to improve economic well-being and empower customers to create positive impacts. It offers various loan products, including secured lending and unsecured loans.","MSME","{homepage:https://growxcd.com/}","high","1.00"
403,"Gtlaxmi Finace Private Limited","ROW-3010",NULL,NULL,"https://www.gtlaxmifinance.com/about.php",NULL,NULL,NULL,"GTLaxmi Finance Private Limited is an RBI-registered NBFC providing loans to small businesses and medium enterprises, self-employed professionals, household individuals, and salaried individuals who are unable to get financial solutions.","MSME","{homepage:https://www.gtlaxmifinance.com/about.php}","medium","0.86"
404,"Gujarat  Industrial Investment Corporation Ltd","ROW-3017",NULL,NULL,"https://slbcgujarat.in/links/government-of-gujarat-websites/",NULL,NULL,NULL,"The NBFC provides financial services, including banking and development programs, primarily for the MSME sector in Gujarat. It is an inter-institutional forum for coordination and joint implementation of development programs and policies by various financial institutions operating in the state. The SLBC aims to initiate, streamline, and accelerate development processes.","MSME","{about:https://slbcgujarat.in/about-us/background/,homepage:https://slbcgujarat.in/links/government-of-gujarat-websites/,products:https://slbcgujarat.in/financial-inclusion/sub-service-area/}","high","1.00"
405,"Hari Shankar Singhania Holdings Private Limited","ROW-3103",NULL,NULL,"https://hssholdings.co.in/",NULL,NULL,NULL,"Hari Shankar Singhania Holdings Private Limited is a Core Investment Company-Non Deposit Taking-Systemically Important (CIC-ND-SI) and is duly registered as a Non-Banking Finance Company (NBFC) with the Reserve Bank of India, New Delhi. It carries on the business to acquire, hold, underwrite, sell, buy or otherwise deal in various securities issued by itself or others.","MSME","{about:https://hssholdings.co.in/company-policies_clone/,homepage:https://hssholdings.co.in/,team:https://hssholdings.co.in/our-management/}","high","1.00"
406,"Haryana Capfin Limited","ROW-3136",NULL,NULL,"https://www.haryanacapfin.com/",NULL,NULL,NULL,"Haryana Capfin Limited is a Non Banking Financing Company (NBFC) engaged in finance and investing activities, licensed by the Reserve Bank of India. They provide financial services to various customers, including shareholders, and are part of the Rs. 4,000 Crore D. P. Jindal Group.","MSME","{homepage:https://www.haryanacapfin.com/}","high","1.00"
407,"Haryana International Capital Finance  Private Limited (Change Of  Status  From Public  Ltd. To Pvt. Ltd.)","ROW-3137",NULL,NULL,"https://www.haryanacapfin.com/",NULL,NULL,NULL,"Haryana Capfin Limited is a Non Banking Financing Company licensed by Reserve Bank of India, engaged in finance and investing activities.","MSME","{homepage:https://www.haryanacapfin.com/}","high","1.00"
408,"HB Stock Holdings Ltd.","ROW-3148",NULL,NULL,"https://www.hbstockholdings.com/",NULL,NULL,NULL,"HB Stockholdings Limited is a Non-Banking Financial Company (NBFC) that specializes in securities investment, providing reliable financial solutions since its inception in 1985. The company was initially incorporated as HB Portfolio Leasing Limited and has undergone restructuring through demergers to focus on investment services. It is registered with the Reserve Bank of India.","MSME","{team:https://www.hbstockholdings.com/contact-us/,homepage:https://www.hbstockholdings.com/,about:https://www.hbstockholdings.com/about-us/}","medium","0.86"
409,"Helpage Finlease Limited","ROW-3162",NULL,NULL,"https://www.helpagefinlease.com/",NULL,NULL,NULL,"Helpage Finlease is a non-banking financial company offering a wide range of banking and finance services to meet the needs of various sectors of the economy. It provides secured lending, stock market, asset backing funding, trading in finance market, credit facilities, and other services. The company has expertise in designing investment plans and providing structured finance transactions.","Multi-Product","{products:https://www.helpagefinlease.com/nbfc-services/,team:https://www.helpagefinlease.com/team.php,about:https://www.helpagefinlease.com/about-us.php,homepage:https://www.helpagefinlease.com/}","high","1.00"
410,"Herambha Leasing Limited","ROW-3173",NULL,NULL,"https://herambhaleasing.com/disclosures-as-required-by-rbi/",NULL,NULL,NULL,"Herambha Leasing Private Limited is an NBFC that provides consumer loans for items like TVs, two-wheelers, and mopeds to customers in smaller towns. The company was founded in 1990 as a Public Limited Company in Tumkur, Karnataka, and has expertise in Advances against Commercial vehicles. It offers various loan products.","MSME","{about:https://herambhaleasing.com/,homepage:https://herambhaleasing.com/disclosures-as-required-by-rbi/,team:https://herambhaleasing.com/contact/}","medium","0.86"
411,"Heritage Finlease Limited","ROW-3174",NULL,NULL,"https://www.heritagefinlease.in/",NULL,NULL,NULL,"Heritage Finlease Limited is an RBI-licensed Non-Banking Financial Corporation that provides loans to dairy farmers, enabling them to own animals and supply milk to the thriving dairy industry. The company has expanded its portfolio to include mortgage loans servicing in semi-urban and rural markets. It aims to foster economic empowerment and sustainability among rural and semi-urban populations.","MSME","{about:https://www.heritagefinlease.in/about/,homepage:https://www.heritagefinlease.in/,team:https://www.heritagefinlease.in/management-team/}","high","1.00"
412,"Highsky Finance & Investments (P) Ltd.","ROW-3190",NULL,NULL,"https://highskyfinancial.com/",NULL,NULL,NULL,"HighSky Financial provides various loan products for personal, business, and home needs, offering flexible terms and competitive interest rates.","Multi-Product","{homepage:https://highskyfinancial.com/}","medium","0.86"
413,"Hincon Holdings Ltd.","ROW-3217",NULL,NULL,"https://www.hinconholdings.com/",NULL,NULL,NULL,"Hincon Holdings Limited is a Non-banking Finance Company that carries on business as an investment company and other related activities.","MSME","{homepage:https://www.hinconholdings.com/}","high","1.00"
414,"Hinduja Leyland Finance Limited","ROW-3224",NULL,NULL,"https://www.hindujaleylandfinance.com/",NULL,NULL,NULL,"Hinduja Leyland Finance offers a wide range of financial products, including home loans, commercial vehicle loans, and leasing services. The company primarily addresses the housing finance needs of self-employed individuals and low- to middle-income families from semi-urban and non-metro areas. Hinduja Housing Finance is a subsidiary that specializes in home loans across various segments and regions.","MSME","{homepage:https://www.hindujaleylandfinance.com/,about:https://www.hindujaleylandfinance.com/about-us/subsidiaries.php,products:https://www.hindujaleylandfinance.com/}","high","1.00"
415,"Hindvee Small Finance Limited","ROW-3229",NULL,NULL,"https://hindvee.in/",NULL,NULL,NULL,"Hindvee Small Finance Ltd provides loan assistance and business advisory services for Micro and Small Industries and Owner/family owned business entities, helping them grow and reach larger Banks or Funds.","MSME","{products:https://hindvee.in/,team:https://hindvee.in/contact-us/,homepage:https://hindvee.in/,about:https://hindvee.in/about-us/}","medium","1.00"
416,"Hiren Holdings Private Limited","ROW-3233",NULL,NULL,"https://www.hirenjogi.com/resources/Forms/NBFC_Forms/NBFC_Forms.aspx",NULL,NULL,NULL,"Not specified on website","Not specified on website","{products:https://www.hirenjogi.com/resources/Forms/NBFC_Forms/NBFC_Forms.aspx/resource/Services/Audit.aspx,homepage:https://www.hirenjogi.com/resources/Forms/NBFC_Forms/NBFC_Forms.aspx,team:https://www.hirenjogi.com/resources/Forms/NBFC_Forms/NBFC_Forms.aspx/resource/Partners.aspx,about:https://www.hirenjogi.com/resources/Forms/NBFC_Forms/NBFC_Forms.aspx/resource/about.aspx}","low","0.57"
417,"Hiveloop Capital Private Limited","ROW-3243",NULL,NULL,"https://hiveloopcapital.com/",NULL,NULL,NULL,"Hiveloop Capital is a technology-driven NBFC that offers credit products for businesses, including trade credit and inventory financing. They are registered with the RBI as an NBFC and have a digital lending platform. The company aims to help business owners get the most out of their working capital.","MSME","{homepage:https://hiveloopcapital.com/}","high","1.00"
418,"HMT Finance Private Limited (Formerly Chandan Financiers Limited)","ROW-3245",NULL,NULL,"https://www.hmtfinance.com/",NULL,NULL,NULL,"HMT Finance is a Non-Systematically Important NBFC registered with ReserveBank of India, offering MSME Loan, Loan against Property, Micro loans and personal loans. The company operates in the state of Rajasthan from Jaipur. It provides financial solutions to customers based on their needs.","MSME","{about:https://www.hmtfinance.com/about-us/,team:https://www.hmtfinance.com/contact-us/,homepage:https://www.hmtfinance.com/,products:https://www.hmtfinance.com}","high","1.00"
419,"HSBC Investdirect Financial Services (India) Ltd. (Old Name Investsmart Financial Services Ltd.)","ROW-3268",NULL,NULL,"https://www.hsbc.co.in/hifsl/",NULL,NULL,NULL,"HSBC InvestDirect Financial Services (India) Limited provides financial services leveraging technology to deliver investment combinations, catering to businesses and individuals seeking growth opportunities.","Multi-Product","{homepage:https://www.hsbc.co.in/hifsl/}","high","1.00"
420,"ICL Fincorp Limited","ROW-3286",NULL,NULL,"https://www.iclfincorp.com/",NULL,NULL,NULL,"ICL Fincorp is a leading RBI-registered non-banking financial company (NBFC) offering various loan products, including Gold Loans, Business Loans, MSME Loans, Personal Loans, and Investments.","MSME","{products:https://www.iclfincorp.com/services/Gold-Loan,homepage:https://www.iclfincorp.com/,team:https://www.iclfincorp.com/contact-us,about:https://www.iclfincorp.com/overview}","medium","1.00"
421,"IDF Financial Services Private Limited","ROW-3290",NULL,NULL,"https://www.idf-finance.in/",NULL,NULL,NULL,"The NBFC provides microfinance and allied financial services, offering loans to meet emergent consumption needs of existing mSHG members with a limit of Rs.5,000-Rs.10,000/-, as well as insurance products.","MSME","{homepage:https://www.idf-finance.in/}","low","0.86"
422,"IFCI Venture Capital Funds Ltd.","ROW-3296",NULL,NULL,"https://www.ifciventure.com/",NULL,NULL,NULL,"IFCI Venture Capital Funds Ltd. is a venture capital subsidiary of IFCI Ltd., providing funding for various projects and businesses, including government schemes and scheduled castes.","Multi-Product","{homepage:https://www.ifciventure.com/}","medium","0.86"
423,"IFIN Securities Finance Limited","ROW-3298",NULL,NULL,"https://www.ifinltd.in/Career/Overview",NULL,NULL,NULL,"IFCI Financial Services Ltd provides a wide range of financial products and services, including stock broking, investment banking, mutual fund distribution & advisory services, depository participant services, insurance products distribution.","Multi-Product","{homepage:https://www.ifinltd.in/Career/Overview,about:https://www.ifinltd.in/Career/Overview/default,team:https://www.ifinltd.in/Career/Overview/contactus,products:https://www.ifinltd.in/Career/Overview/OtherServices/FinancialService/EquityRetail}","high","1.00"
424,"IFL Promoters Ltd.","ROW-3300",NULL,NULL,"https://iflpromotersltd.in/terms-condition/",NULL,NULL,NULL,"IFL Promoters Ltd is a financial enterprise operating since 1992, providing business and corporate funding solutions including Bridge Funding, Quick Funding, Corporate Funding, and Instant Secured Funding across various regions.","MSME","{homepage:https://iflpromotersltd.in/terms-condition/}","medium","1.00"
425,"IIFL Finance Limited","ROW-3303",NULL,NULL,"https://www.iifl.com/",NULL,NULL,NULL,"IIFL Finance Limited provides a diverse range of loans and mortgages, including home loans, gold loans, business loans, micro finance, developer & construction finance, and capital market finance.","MSME","{homepage:https://www.iifl.com/,about:https://www.iifl.com/finance/about-us,team:https://www.iifl.com/gold-loans/partners,products:https://www.iifl.com/search/results?keys=business+loan}","medium","1.00"
426,"IIFL Samasta Finance Limited (Formerly Samasta Microfinance Limited)","ROW-3304",NULL,NULL,"https://iiflsamasta.com/",NULL,NULL,NULL,"IIFL Samasta Finance Limited is a leading microfinance institution in India, providing innovative and affordable financial products to underserved women primarily in rural and semi-urban areas.","MSME","{products:https://iiflsamasta.com/product/,team:https://iiflsamasta.com/careers/,homepage:https://iiflsamasta.com/,about:https://iiflsamasta.com/about-us/}","low","0.86"
427,"Impact Corporate Investments Private Limited","ROW-3319",NULL,NULL,"https://www.impactcorporatein.com/",NULL,NULL,NULL,"IMPACT CORPORATE INVESTMENTS PRIVATE LIMITED is a non-banking financial institution offering various loan products, including home renovation, travel, wedding, and auto loans, to meet diverse financial needs. They provide tailored credit solutions with decades of combined experience in the financial sector. The company has emerged as a leading non-bank financial institution in India.","Multi-Product","{homepage:https://www.impactcorporatein.com/}","medium","0.86"
428,"Impressive Heights Finstock Limited ( Formerly Known As Eden Finstock Limted)","ROW-3323",NULL,NULL,"https://www.impressiveheights.com/",NULL,NULL,NULL,"Impressive Heights Finstock Limited is a leading loan management company that offers financial solutions to drive credit penetration and financial inclusion. They provide loans at lowest rates of interest, flexible loans according to business needs, and aim to become India's leading finance company.","MSME","{team:https://www.impressiveheights.com/contact-us/,products:https://www.impressiveheights.com/services/,about:https://www.impressiveheights.com/about-us/,homepage:https://www.impressiveheights.com/}","medium","1.00"
429,"Inani Commodities & Finance Limited (Formerly Inani Cap-Fin Ltd.)","ROW-3326",NULL,NULL,"https://www.inanisec.in/product-and-services/financial-planning-services.aspx",NULL,NULL,NULL,"Inani Securities Limited is a leading stock broking and financial services firm in India, offering wealth generation solutions to individuals and institutions through its customer-centric approach.","Multi-Product","{team:https://www.inanisec.in/contact-us.aspx,about:https://www.inanisec.in/aboutus.aspx,homepage:https://www.inanisec.in/product-and-services/financial-planning-services.aspx}","high","1.00"
430,"Indcredit Fincap Private Limited","ROW-3334",NULL,NULL,"https://indcredit.com/",NULL,NULL,NULL,"INDcredit is a non-deposit-taking NBFC offering loan against mutual funds with a 100% digital process, no income proof needed, and lower interest rates than other common loan options.","Multi-Product","{homepage:https://indcredit.com/}","high","1.00"
431,"Indianivesh Capitals Limited","ROW-3358",NULL,NULL,"https://www.indianivesh.in/",NULL,NULL,NULL,"IndiaNivesh is a full-fledged financial services company offering various financial solutions, including research and institutional research, wealth research, technical research, fundamental research, markets, equity derivatives, mutual funds, currency commodities, IPOs, and more. The company aims to provide customized and innovative financial solutions while managing internal and external risks and challenges.","Multi-Product","{products:https://www.indianivesh.in/portfolio-management-services-new,homepage:https://www.indianivesh.in/,about:https://www.indianivesh.in/who-we-are,team:https://www.indianivesh.in/media-contact}","high","1.00"
432,"Indianivesh Ltd.","ROW-3359",NULL,NULL,"https://www.indianivesh.in/",NULL,NULL,NULL,"IndiaNivesh is a full-fledged financial services company offering various financial solutions, including research and institutional research, wealth research, technical research, fundamental research, markets, equity derivatives, mutual funds, currency commodities, IPOs, tools, charting risk profiler goal planning retirement plan child education world tour child wedding dream home buy car SIP calculator knowledge bank blog investment banking market commentary media room press release print coverage online coverage TV coverage media kit media contact careers jobs life @ IndiaNivesh home.","Multi-Product","{products:https://www.indianivesh.in/portfolio-management-services-new,homepage:https://www.indianivesh.in/,about:https://www.indianivesh.in/who-we-are,team:https://www.indianivesh.in/media-contact}","high","1.00"
433,"Indifi Capital Private Limited (Formerly Riviera Investors Private Limited)","ROW-3361",NULL,NULL,"https://www.indifi.com/",NULL,NULL,NULL,"Indifi is a technology platform that provides loans to small businesses and individuals with little or no access to financing from traditional institutions. It gathers and analyzes data of businesses to judge their credit worthiness, providing a differentiated approach to find low-risk businesses with high promise. Indifi takes relevant applications to multiple lenders, increasing the chances to secure a loan.","MSME","{team:https://www.indifi.com/partner,products:https://www.indifi.com/term-business-loans-online-india,about:https://www.indifi.com/about-us,homepage:https://www.indifi.com/}","high","1.00"
434,"Indus Finance Limited","ROW-3383",NULL,NULL,"https://agroindus.co.in/",NULL,NULL,NULL,"Agro Indus Credits Limited is a Non-Banking Financial Company (NBFC) that provides various financial services including gold loans, vehicle loans, mortgage loans, insurance, and mutual funds. The company was set up in 1997 to provide timely financial support to people in dire need. It has expanded its services to semi-urban and urban areas.","MSME","{homepage:https://agroindus.co.in/,products:https://agroindus.co.in/customer-self-service}","high","1.00"
435,"Infinity Fincorp Solutions Private Limited","ROW-3391",NULL,NULL,"https://www.infinityfincorp.com/",NULL,NULL,NULL,"Infinity Fincorp is a Non-Banking Financial Company (NBFC) that specializes in providing secured MSME loans, primarily in the form of Loan Against Property (LAP), to empower Rurban India. The company aims to serve the unbanked and under-banked communities across Tier 2 and Tier 3 cities. It offers flexible, need-based lending solutions designed to create long-term impact.","MSME","{products:https://www.infinityfincorp.com/loan-against-property,homepage:https://www.infinityfincorp.com/,team:https://www.infinityfincorp.com/partners,about:https://www.infinityfincorp.com/company-overview}","high","1.00"
436,"Innofin Solutions Private Limited (Nbfc - P2P)","ROW-3398",NULL,NULL,"https://www.innofin.in/",NULL,NULL,NULL,"Innofin Solutions Pvt Ltd offers personal loans up to ₹50,000 with a fast and easy application process, no hidden charges, and flexible repayments.","Consumer","{homepage:https://www.innofin.in/}","medium","0.86"
437,"Intlow Leasing  And Finance Private Limited","ROW-3435",NULL,NULL,"https://www.intlow.com/",NULL,NULL,NULL,"INTLOW LEASING AND FINANCE PRIVATE LIMITED is a Non-Banking Financial Company (NBFC) registered with the Reserve Bank of India (RBI), offering financial services including personal loans, business loans, and leasing options to individuals and businesses.","Multi-Product","{homepage:https://www.intlow.com/}","medium","0.86"
438,"Invest Gold And General Finance Private Ltd.( Formerly Known As Invest Chits & General Finance (P)Ltd)","ROW-3438",NULL,NULL,"https://investgoldfinance.com/",NULL,NULL,NULL,"Invest Gold & General Finance Pvt. Ltd. is an NBFC that offers various loan options, including gold loans, personal loans, consumer loans, and mahila loans, with a focus on empowering women and farmers through financial solutions.","Multi-Product","{products:https://investgoldfinance.com/,homepage:https://investgoldfinance.com/,team:https://investgoldfinance.com/Contact,about:https://investgoldfinance.com/About}","medium","0.86"
439,"Investwell Agents (P) Ltd","ROW-3440",NULL,NULL,"https://investwellonline.com/",NULL,NULL,NULL,"Investwell is a technology solutions provider for financial advisory firms, offering software solutions for mutual fund distribution, wealth management, and other financial services.","Multi-Product","{team:https://investwellonline.com/contact/,homepage:https://investwellonline.com/,about:https://investwellonline.com/about/}","medium","0.86"
440,"Investwell Dealers  P. Ltd","ROW-3441",NULL,NULL,"https://investwellonline.com/",NULL,NULL,NULL,"Investwell is a software company that provides technology solutions for financial advisory firms, including mutual fund reporting software and wealth management tools.","Not specified on website","{team:https://investwellonline.com/contact/,homepage:https://investwellonline.com/,about:https://investwellonline.com/about/}","medium","0.86"
441,"Investwell Finance &Leasing (P) Ltd","ROW-3442",NULL,NULL,"https://www.investwell.in/",NULL,NULL,NULL,"Investwell is a wealth management platform that provides a range of services including portfolio review, market research, transaction execution, and business analytics for mutual fund distributors. It offers an all-in-one solution to streamline wealth management. The platform is certified ISO/IEC 27001:2022 and trusted by top mutual fund distributors.","Multi-Product","{homepage:https://www.investwell.in/}","medium","0.86"
442,"Ionic Exports Pvt Ltd","ROW-3443",NULL,NULL,"https://ionic-exports-pvt-ltd.charteredone.com/U51909WB1991PTC052303",NULL,NULL,NULL,"IONIC EXPORTS PVT LTD is a private limited company involved in Other Wholesale N.E.C. activities, and it has been incorporated for 34 years.","MSME","{homepage:https://ionic-exports-pvt-ltd.charteredone.com/U51909WB1991PTC052303}","medium","0.86"
443,"ITI Gold Loans Limited [Formerly: United Petro Finance Limited]","ROW-3467",NULL,NULL,"https://itiorg.com/product_description.php?id=ITI+Gold+Loans+Limited&title=KapitaltechSMEFINANCE",NULL,NULL,NULL,"ITI Gold Loans Limited offers gold loans against valuables with minimum documentation and quick disbursal. KapitalTech-SME Finance provides unsecured loans and loans against property to MSME customers with customized loan repayments.","MSME","{products:https://itiorg.com/product_description.php?id=ITI+Gold+Loans+Limited&title=KapitaltechSMEFINANCE/,homepage:https://itiorg.com/product_description.php?id=ITI+Gold+Loans+Limited&title=KapitaltechSMEFINANCE}","medium","0.86"
444,"J M J Finance Ltd","ROW-3490",NULL,NULL,"https://www.jmjcompany.com/",NULL,NULL,NULL,"JMJ Finance Ltd is a Public Limited Company and fast-growing financial institution providing innovative financial solutions to individuals and businesses across the country. It operates as a registered Non-Deposit accepting Non-banking Finance Company (NBFC) under the Reserve Bank of India (RBI). The company offers various loan products, including Gold Loans, Term Loans, Business Loans, and Personal Loans.","MSME","{homepage:https://www.jmjcompany.com/,about:https://www.jmjcompany.com}","high","1.00"
445,"J.L.K. Securities Pvt. Ltd.","ROW-3509",NULL,NULL,"https://www.jksecurities.com/",NULL,NULL,NULL,"JK Securities is a full-service stock broking company offering investment solutions in equities, IPOs, mutual funds, commodities, futures, options, corporate FDs, bonds, and SGB Gold Bonds.","Multi-Product","{about:https://www.jksecurities.com/about-us,homepage:https://www.jksecurities.com/,products:https://www.jksecurities.com/product-services,team:https://www.jksecurities.com/become-partner}","medium","0.86"
446,"Jagtarni Finance & Investment Pvt.Ltd","ROW-3539",NULL,NULL,"https://www.jagtarnifinanceandinvestment.com/",NULL,NULL,NULL,"Jagtarni Finance and Investment Private Limited offers loan facilitation services, while Konsala Super Technology Private Limited is not specified on the website. The NBFC does not explicitly state its core business beyond these two entities.","Not specified on website","{homepage:https://www.jagtarnifinanceandinvestment.com/}","low","0.71"
447,"Jain Vanijya Udyog Ltd","ROW-3566",NULL,NULL,"https://www.jainvanijya.com/",NULL,NULL,NULL,"Jain Vanijya Udyog Ltd. is a Non-Banking Finance Company (NBFC) incorporated in West Bengal, engaged in financing and investments as its principal business.","MSME","{homepage:https://www.jainvanijya.com/}","medium","0.86"
448,"Jainco Finlease & Investment Pvt Ltd.","ROW-3569",NULL,NULL,"https://jainco.in/about/",NULL,NULL,NULL,"Jainco Projects (India) Ltd is a Non Banking Financial Company (NBFC) that undertakes investment, lending activities and related activities. It was incorporated in 1991 and received Certificate of Registration from Reserve Bank of India (RBI) on 16/05/1998. The company is categorized as non deposit taking non systematically important (ND-NSI) NBFC.","MSME","{homepage:https://jainco.in/about/,team:https://jainco.in/,about:https://jainco.in/about/}","high","1.00"
449,"Jainco Projects (I) Ltd","ROW-3570",NULL,NULL,"https://jainco.in/about/",NULL,NULL,NULL,"Jainco Projects (India) Ltd is a Non Banking Financial Company (NBFC) that undertakes investment, lending activities, and related activities. It was incorporated in 1991 and received Certificate of Registration from Reserve Bank of India (RBI) on 16/05/1998. The company is categorised as non deposit taking non systematically important (ND-NSI) NBFC.","MSME","{homepage:https://jainco.in/about/,team:https://jainco.in/,about:https://jainco.in/about/}","high","1.00"
450,"Jainvest & Lease Finance Pvt Ltd","ROW-3574",NULL,NULL,"https://www.abhinavleasefinltd.in/",NULL,NULL,NULL,"Abhinav Leasing & Finance Limited is an NBFC registered with the Reserve Bank of India (RBI) as a Systemically Important Non Deposit Accepting Non-Banking Financial Company (NBFC-ND-SI). The company provides financing services to industrial enterprises, corporations, and individuals through loans or advances. It aims to provide innovative solutions for debt-related requirements in the Indian financial ecosystem.","MSME","{homepage:https://www.abhinavleasefinltd.in/,about:https://www.abhinavleasefinltd.in/company-profile}","medium","0.86"
451,"Jairaj Finvest Pvt. Ltd.","ROW-3577",NULL,NULL,"https://jairajfinvest.com/",NULL,NULL,NULL,"Jairaj Finvest Pvt Ltd is an RBI-regulated Non-Banking Financial Company (NBFC) dedicated to supporting small businesses and entrepreneurs across India. It provides secured and customized loan solutions designed to meet the financial needs of MSMEs, small businessmen, traders, and self-employed individuals.","MSME","{about:https://jairajfinvest.com/about-us,products:https://jairajfinvest.com/loan-againest-property,team:https://jairajfinvest.com/our-core-team,homepage:https://jairajfinvest.com/}","high","1.00"
452,"Jalan Holding Pvt. Ltd.","ROW-3590",NULL,NULL,"https://jalangroupofindustries.com/",NULL,NULL,NULL,"Jalan Group of Industries is a civil construction company that offers infrastructure development services, including EPC projects, BOT projects, and HAM projects. They have a strong focus on road sector projects and have worked with various government agencies and clients. The company has been in operation since 1982.","MSME","{team:https://jalangroupofindustries.com/contact-us/,homepage:https://jalangroupofindustries.com/,about:https://jalangroupofindustries.com/our-company/}","medium","0.86"
453,"Jalan Industries Pvt Ltd","ROW-3591",NULL,NULL,"https://jalangroupofindustries.com/",NULL,NULL,NULL,"Jalan Group of Industries is a civil construction company that offers infrastructure development services, including EPC projects, BOT projects, and HAM projects. They have a strong focus on road sector projects and have worked with various government agencies and clients. The company has been in operation since 1982.","MSME","{team:https://jalangroupofindustries.com/contact-us/,homepage:https://jalangroupofindustries.com/,about:https://jalangroupofindustries.com/our-company/}","medium","0.86"
454,"Jalan Securities Pvt. Ltd,","ROW-3592",NULL,NULL,"https://www.brjalan.com/",NULL,NULL,NULL,"BR Jalan is a brokerage firm that offers various financial services including equities, derivatives, commodities, currencies, insurance, and depositary services. They aim to maximize client returns and achieve their financial goals through discipline and consistency. The company has been in the capital markets for three decades.","Multi-Product","{homepage:https://www.brjalan.com/,about:https://www.brjalan.com/about-us-01/,team:https://www.brjalan.com/become-partner/,products:https://www.brjalan.com/services/}","medium","0.86"
455,"Janashree Microfin Limited","ROW-3610",NULL,NULL,"https://janashreemicrofinltd.com/",NULL,NULL,NULL,"Janashree Microfin Limited is a Non Banking Finance Company (NBFC) registered under Indian Companies Act 1956, providing microfinance services to empower micro finance institutions and individuals.","MSME","{homepage:https://janashreemicrofinltd.com/,team:https://janashreemicrofinltd.com/contact/,about:https://janashreemicrofinltd.com/about/,products:https://janashreemicrofinltd.com/emi/online/}","low","0.86"
456,"Jassi Finance Private Ltd. (Old Name Kotkapura Finance Pvt. Ltd.)","ROW-3629",NULL,NULL,"https://jassihpl.in/",NULL,NULL,NULL,"Jassi Hire Purchase Limited is a financial company offering financing solutions for new and used commercial vehicles, tractors, and business loans. They aim to fulfill the financial aspirations of individuals, businesses, and enterprises with prompt responses and efficient support. The company provides personalized service, prioritizing the unbanked and underbanked communities.","MSME","{about:https://jassihpl.in/about-us/overview/,products:https://jassihpl.in/apply-for-loan/,team:https://jassihpl.in/about-us/our-team/,homepage:https://jassihpl.in/}","high","1.00"
457,"Jassi Hire Purchase Ltd, Jalandhar (Converted To Cat-B Dt Oct 16, 2018)","ROW-3630",NULL,NULL,"https://jassihpl.in/",NULL,NULL,NULL,"Jassi Hire Purchase Limited is a financial company offering financing solutions for new and used commercial vehicles, tractors, and business loans. They aim to fulfill the financial aspirations of individuals, businesses, and enterprises with prompt responses and efficient support. The company is committed to empowering its clients and driving financial inclusion.","MSME","{about:https://jassihpl.in/about-us/overview/,products:https://jassihpl.in/apply-for-loan/,team:https://jassihpl.in/about-us/our-team/,homepage:https://jassihpl.in/}","high","1.00"
458,"Jayapriya Capital Private Limted (formerly known as Pushup Consultants Pvt.Ltd)","ROW-3646",NULL,NULL,"https://jayapriya.com/about-us/",NULL,NULL,NULL,"Jayapriya is a well-known and rapidly expanding Organisation in Tamil Nadu, offering financial aid to individuals, professionals, business owners, families, and anybody else in need through its diverse range of enterprises.","Multi-Product","{team:https://jayapriya.com/contact-us/,about:https://jayapriya.com/about-us/,homepage:https://jayapriya.com/about-us/}","high","1.00"
459,"Jeevan Utthan Financial Services Private Limited[Formerly: Chandak Felt Works (P) Ltd]","ROW-3659",NULL,NULL,"https://www.jeevanutthan.in/",NULL,NULL,NULL,"Jeevan Utthan Financial Services Pvt Ltd offers world-class financial solutions to individuals, businesses, and institutions across underserved segments, with a focus on empowering women and providing inclusive credit access.","MSME","{homepage:https://www.jeevanutthan.in/}","high","1.00"
460,"Jewel Rock Hire Purchase & Leasing (P)Ltd","ROW-3669",NULL,NULL,"https://jewelrockfinance.com/",NULL,NULL,NULL,"Jewel Rock is a financial services company that offers various loans to aid clients with their immediate financial needs, including gold loans and other small loans. The company aims to provide easy access to employment opportunities and financial freedom for people from all walks of life. Jewel Rock has been in operation for 28 years and has expanded its presence across southern states of India.","Gold Loans","{homepage:https://jewelrockfinance.com/,team:https://jewelrockfinance.com/contact-us/,about:https://jewelrockfinance.com/about-us/,products:https://jewelrockfinance.com/}","high","1.00"
461,"Jhilik Promoters & Fincon (P) Ltd","ROW-3676",NULL,NULL,"https://jhilik-promoters-and-fincon-pvt-ltd.charteredone.com/U70101WB1993PTC057528",NULL,NULL,NULL,"JHILIK PROMOTERS & FINCON PVT LTD is a private limited company involved in the purchase of goods and services, with an authorized share capital of Rs. 50,000,000 and a paid-up capital of Rs. 47,677,500.","Not specified on website","{homepage:https://jhilik-promoters-and-fincon-pvt-ltd.charteredone.com/U70101WB1993PTC057528}","low","0.71"
462,"Jindal Leasfin Ltd.","ROW-3692",NULL,NULL,"https://www.jindalleasefin.com/",NULL,NULL,NULL,"Jindal Leasefin is an RBI registered NBFC that offers various financial services including lending, investment, and trading in futures and options. It has been managing its operations single-handedly since inception in 1994. The company has a total of 30,08,900 subscribed and fully paid up shares with a face value of Rs.10.00 each.","MSME","{about:https://www.jindalleasefin.com/about-us,team:https://www.jindalleasefin.com/contact-us,products:https://www.jindalleasefin.com/product,homepage:https://www.jindalleasefin.com/}","medium","0.86"
463,"Jovial Investment And Trading Company Pvt. Ltd.","ROW-3719",NULL,NULL,"https://jovial-investment-and-trading-company-private-limited.charteredone.com/U65990MH2010PTC202490",NULL,NULL,NULL,"JOVIAL INVESTMENT AND TRADING COMPANY PRIVATE LIMITED is a private limited company incorporated in India, involved in various business activities such as event-based compliances, tax and audit services, and registration with government agencies.","Not specified on website","{homepage:https://jovial-investment-and-trading-company-private-limited.charteredone.com/U65990MH2010PTC202490}","medium","0.86"
464,"JPT Securities Ltd","ROW-3723",NULL,NULL,"https://www.jptsecurities.com/",NULL,NULL,NULL,"JPT Securities Ltd. is a Non-Banking Financial Company (NBFC) that deals in capital market and financial services, registered with the Reserve Bank of India.","Not specified on website","{homepage:https://www.jptsecurities.com/}","medium","0.86"
465,"Juhie India Pvt. Ltd.","ROW-3734",NULL,NULL,"https://www.juhieindia.com/",NULL,NULL,NULL,"Juhie (India) Private Limited is a non-banking finance company focused on providing loans and financial services to small businesses and entrepreneurs, particularly in the bottom of the pyramid market. They offer various financial services like Loans against Property, Loans for E-rickshaw, three wheeler loans, and four wheeler loans. The company has been providing non-banking financial services for 22 years.","MSME","{homepage:https://www.juhieindia.com/,products:https://www.juhieindia.com/financial-services/,about:https://www.juhieindia.com/finance-company/,team:https://www.juhieindia.com/contact-us/}","high","1.00"
466,"Julania Finance Pvt. Ltd.","ROW-3735",NULL,NULL,"https://julania.in/",NULL,NULL,NULL,"Julania Finance Private Limited is a registered Non-Banking Financial Company (NBFC) offering reliable and technology-driven lending solutions for business loans in India.","MSME","{about:https://julania.in/about/,homepage:https://julania.in/,team:https://julania.in/partners/}","medium","1.00"
467,"Jumbo Finvest (India) Ltd.","ROW-3739",NULL,NULL,"https://jumbofin.com/",NULL,NULL,NULL,"Jumbo Finvest (India) Limited is a non-deposit taking NBFC engaged in secured lending, offering loans against property, home loans, and commercial vehicle loans. The company operates through its 195 branches in 59 districts across five states. It has a portfolio of Rs. 767.93 Crores as on March 2019.","SME Loans","{team:https://jumbofin.com/our-banking-partners/,homepage:https://jumbofin.com/,about:https://jumbofin.com/overview/,products:https://jumbofin.com/micro-loans/}","medium","1.00"
468,"Jupiter Credits (P) Ltd","ROW-3744",NULL,NULL,"https://jupiter.money/",NULL,NULL,NULL,"Jupiter is a digital-first neobank that offers savings, salary, corporate, and credit card accounts, as well as loans against mutual funds. It aims to improve financial wellness by giving users complete control over their money. The platform provides high-level security standards and is partnered with regulated entities.","Multi-Product","{team:https://jupiter.money/contact-us/,homepage:https://jupiter.money/,products:https://jupiter.money/loan,about:https://jupiter.money/about-us}","high","1.00"
469,"K S R Capital Services Ltd","ROW-3769",NULL,NULL,"https://www.ksrcsl.com/",NULL,NULL,NULL,"KSR Capital Services Limited is a Non-Banking Financial Company (NBFC) that provides microcredit facilities to economically active women in rural and semi-urban areas, as well as loans to individual businesses. Their business model is based on the Joint Liability Group model, which allows for collateral-free loans. They offer various loan products, including Income Generation Loan, SME Loan, and Water & Sanitation Loan.","MSME","{homepage:https://www.ksrcsl.com/}","medium","0.86"
470,"K.M.S. Finlease Ltd.","ROW-3782",NULL,NULL,"http://www.mrfinlease.in/",NULL,NULL,NULL,"MR Finlease is an NBFC that provides various loan products, including personal loans, vehicle loans, gold loans, and monthly instalment loans for specific regions. They aim to make their customers' world comfortable and secure through flexible products and schemes. The company has grown significantly since its inception and is one of the fastest-growing NBFCs in Chandigarh.","Multi-Product","{homepage:http://www.mrfinlease.in/}","medium","0.86"
471,"Kairali Finance & Investments Private Limited","ROW-3802",NULL,NULL,"https://kairalifinance.com/",NULL,NULL,NULL,"Kairali Finance and Investments Pvt Ltd is an NBFC that offers a range of financial services including gold loans, business loans, personal loans, insurance, and investments. They provide tailored financial solutions to meet diverse needs. Their services are designed to offer quick access to funds with minimal hassle.","Multi-Product","{homepage:https://kairalifinance.com/}","medium","0.86"
472,"Kajal Synthetics & Silk Mills Ltd,","ROW-3804",NULL,NULL,"https://www.kajalsynthetics.co.in/",NULL,NULL,NULL,"Kajal Synthetics and Silk Mills Limited is a non-banking financial company that invests in mutual funds, shares, and securities on a long-term basis, granting loans to corporate bodies. The main source of income is interest income, dividend income, and gain on sale of investments. The company has no borrowing and redeployed earnings back into the business.","Multi-Product","{homepage:https://www.kajalsynthetics.co.in/}","medium","0.86"
473,"Kalkut Vinimay Pvt Ltd","ROW-3814",NULL,NULL,"https://www.kalkutvinimay.com/",NULL,NULL,NULL,"Kalkut Vinimay Pvt Ltd is an NBFC that provides loan services through its partnership with CashBee platform, offering financial solutions to customers.","MSME","{homepage:https://www.kalkutvinimay.com/}","medium","0.86"
474,"Kalpavitta Finance Private Limited","ROW-3822",NULL,NULL,"https://www.kalpavittafin.in/",NULL,NULL,NULL,"Kalpavitta Finance is a Non Banking Finance Company (NBFC) that offers various loan products, including personal loans and education financing for students. The company aims to provide fast and reliable financial solutions while maintaining transparency and customer protection. It is registered with the RBI and adheres to regulatory guidelines.","Multi-Product","{homepage:https://www.kalpavittafin.in/,products:https://www.kalpavittafin.in,team:https://www.kalpavittafin.in/contact-us}","medium","0.86"
475,"Kalyan Capitals Limited (Formerly Akashdeep Metal Industries Limited)","ROW-3825",NULL,NULL,"https://kalyancapitals.com/",NULL,NULL,NULL,"Kalyan Capitals Limited is a public listed company incorporated in 1983, registered with RBI in 1998, and listed at BSE since 2014. It is an RBI-registered Non-Banking Financial Company promoting various financing needs of Indian businesses through diversified product offerings. The company has three products: SME Loan, Gold Loan Retail Loan, and other services.","MSME","{team:https://kalyancapitals.com/contact-us/,about:https://kalyancapitals.com/about-us/,homepage:https://kalyancapitals.com/,products:https://kalyancapitals.com/our-products/}","medium","0.86"
476,"Kamal Finserve Private Limited","ROW-3834",NULL,NULL,"https://www.kamalfinserve.in/",NULL,NULL,NULL,"Kamal Finserve is an NBFC providing financial solutions to individuals and MSMEs, especially in rural and semi-urban regions of Rajasthan. They offer various loan products, including vehicle loans and MSME financing, with flexible solutions for diverse needs. The company aims to provide reliable financial empowerment through trust, service, and commitment.","MSME","{homepage:https://www.kamalfinserve.in/}","medium","0.86"
477,"Kanak Securities Pvt.Ltd.","ROW-3858",NULL,NULL,"https://kanakgroup.in/investor.php",NULL,NULL,NULL,"Kanak Group is a real estate company that provides premium residential and commercial plots in prime locations across Lucknow, with a focus on providing trust, quality, and customer satisfaction.","MSME","{homepage:https://kanakgroup.in/investor.php}","high","1.00"
478,"Kangan Consultancy Pvt.Ltd.","ROW-3864",NULL,NULL,"https://www.kangancons.com/",NULL,NULL,NULL,"Kangan Consultancy Pvt. Ltd. is a Non-Banking Financial Company (NBFC) registered with the Reserve Bank of India (RBI), offering customized credit lines and loans for individuals and businesses, addressing various financial needs from immediate requirements to long-term goals.","Multi-Product","{homepage:https://www.kangancons.com/}","high","1.00"
479,"Kapilesh Stock Holding Pvt Ltd","ROW-3886",NULL,NULL,"https://kapilesh.com/",NULL,NULL,NULL,"Kapilesh Stock Holding Pvt Ltd is an NBFC that provides personal loans through its digital lending platform LoanZenith, empowering individuals with responsible credit solutions. The company has 29 years of financial excellence and operates in the non-banking financial services sector. It offers fast, convenient, and reliable access to loans.","Consumer","{homepage:https://kapilesh.com/}","medium","0.86"
480,"Karam Traders  Pvt.  Ltd.","ROW-3891",NULL,NULL,"https://karam-traders-private-limited.charteredone.com/U51909WB1994PTC065190",NULL,NULL,NULL,"Karam Traders Private Limited is a non-government company involved in other wholesale N.E.C. activities, providing various services including event-based compliances and registration with government agencies.","Other","{homepage:https://karam-traders-private-limited.charteredone.com/U51909WB1994PTC065190}","medium","0.86"
481,"Karamjyoti Sales (P) Ltd","ROW-3892",NULL,NULL,"https://www.karamjyoti.in/",NULL,NULL,NULL,"Karamjyoti Sales Private Limited is a Non-Banking Financial Company (NBFC) offering a wide range of financial services, including corporate loans, short-term working capital loans, and project funding. The company aims to empower individuals and businesses by providing innovative financial solutions tailored to their unique needs. It has a rich legacy dating back to 1995 and is committed to customer satisfaction and ethical business practices.","MSME","{products:https://www.karamjyoti.in/services/,about:https://www.karamjyoti.in/about/,team:https://www.karamjyoti.in/services/lending-partners/,homepage:https://www.karamjyoti.in/}","high","1.00"
482,"Karan Fincap Pvt. Ltd.","ROW-3893",NULL,NULL,"http://karinafincap.com/",NULL,NULL,NULL,"Karina Fincap Limited is a registered Non Deposit Accepting Non Banking Financial Company that offers various loan products such as auto loans, business loans, gold loans, home loans, and personal loans.","Multi-Product","{homepage:http://karinafincap.com/}","high","1.00"
483,"Karina Fincap Limited","ROW-3894",NULL,NULL,"http://karinafincap.com/contact.html",NULL,NULL,NULL,"Karina Fincap Limited is a registered Non Deposit Accepting Non Banking Financial Company that offers various loan products including auto loans, business loans, gold loans, home loans, and personal loans.","Business Loan","{homepage:http://karinafincap.com/contact.html}","medium","1.00"
484,"Kaushal Vincom (P) Ltd","ROW-3932",NULL,NULL,"https://kaushalcorp.com/company",NULL,NULL,NULL,"Kaushal Corporate is a financial consultancy service provider that offers digital personal and business loans through its partnered NBFCs, with a focus on providing top-notch financial services to empower customers' lives.","Multi-Product","{products:https://kaushalcorp.com/digital/personalLoan,about:https://kaushalcorp.com/company,team:https://kaushalcorp.com/contact,homepage:https://kaushalcorp.com/company}","medium","0.86"
485,"Kedia Commercial Pvt. Ltd.","TEMP-1771655057",NULL,NULL,"https://kediacapital.com/company-profile/uvs-hospitality/share-holdings",NULL,NULL,NULL,"Kedia Capital is a stock broking company that offers various financial services including trading, investment, and advisory services. They provide tools and calculators for clients to manage their investments. The company is registered with SEBI and has multiple exchanges as its member.","Multi-Product","{team:https://kediacapital.com/referral-partner,about:https://kediacapital.com/company-profile/uvs-hospitality/share-holdings/equity/nifty-50,homepage:https://kediacapital.com/company-profile/uvs-hospitality/share-holdings}","medium","0.86"
486,"Kedia Trade & Agencies (P) Ltd","ROW-3952",NULL,NULL,"http://www.kediaca.in/resource/Services/services.aspx",NULL,NULL,NULL,"Kedia & Kedia Associates is a chartered accountancy firm providing services to clients in various industries, including private and public sector corporates, government agencies, partnerships, and high net worth individuals. They offer audit, direct taxes, indirect taxes, corporate laws, risk advisory, financial advisory, outsourcing, XBRL, and other services.","Multi-Product","{homepage:http://www.kediaca.in/resource/Services/services.aspx}","medium","0.86"
487,"Kejriwal  Finvest Pvt Ltd","ROW-3954",NULL,NULL,"https://kejriwal-finvest-pvt-ltd.charteredone.com/U67120WB1994PTC066460",NULL,NULL,NULL,"KEJRIWAL FINVEST PVT LTD is a private limited company involved in security dealing activities, including stock broking and related activities.","MSME","{homepage:https://kejriwal-finvest-pvt-ltd.charteredone.com/U67120WB1994PTC066460}","medium","0.86"
488,"Kemex Engineering (P) Ltd","ROW-3957",NULL,NULL,"https://kemexfinance.com/",NULL,NULL,NULL,"Kemex Engineering Pvt Ltd is an RBI Registered Approved NBFC that offers quick and easy-to-acquire loans for students, entrepreneurs, and salaried employees. It uses cutting edge technology to ensure hassle-free processing of loan at competitive interest rates. The company strictly follows all RBI guidelines, orders, and circulars.","MSME","{products:https://kemexfinance.com/,homepage:https://kemexfinance.com/}","medium","0.86"
489,"Key Corp Limited","ROW-3977",NULL,NULL,"http://www.keycorpltd.com/",NULL,NULL,NULL,"Key Corp Limited is a Non-Banking Financial Company (NBFC) that provides financial services, including loan on vehicles, hire purchase and lease, and mutual funds. The company was incorporated in 1985 and has its registered office in Kanpur, Uttar Pradesh. It uses its own capital resources for business activities.","MSME","{about:http://www.keycorpltd.com/pages/display/1,team:http://www.keycorpltd.com/pages/contact-us,homepage:http://www.keycorpltd.com/}","medium","0.86"
490,"Khandelwal Finance Private Limited","ROW-3983",NULL,NULL,"https://www.nbkhandelwal.com/",NULL,NULL,NULL,"NBK Khandelwal & Co. is a Chartered Accountancy firm providing banking and financial services, taxation, and accounting services to businesses, corporates, and private clients across the globe.","Multi-Product","{about:https://www.nbkhandelwal.com/resource/About_Us.aspx,team:https://www.nbkhandelwal.com/resource/Partners.aspx,products:https://www.nbkhandelwal.com/resource/Services/Audit.aspx,homepage:https://www.nbkhandelwal.com/}","medium","0.86"
491,"Khetan Financial Services Pvt Ltd","ROW-4000",NULL,NULL,"https://khetanfinancial.com/",NULL,NULL,NULL,"Khetan Financial Services Pvt. Ltd. offers financial services to corporate world and small and medium enterprises, providing debt syndication, financial restructuring, portfolio resolution of stressed assets, mergers & takeovers, and other financial solutions.","MSME","{homepage:https://khetanfinancial.com/,team:https://khetanfinancial.com/resource/Partners.aspx,about:https://khetanfinancial.com/resource/About_Us.aspx,products:https://khetanfinancial.com/resource/services_new.aspx}","medium","0.86"
492,"Khetawat Financial Resources Private Limited","ROW-4003",NULL,NULL,"https://www.khetawatfin.com/privacy-policy",NULL,NULL,NULL,"Khetawat Financial provides various financial services including home loans, personal loans, and business loans. They collect personal information, transaction data, and financial data for loan applications to assess eligibility and comply with regulations.","Business Loans","{homepage:https://www.khetawatfin.com/privacy-policy}","medium","1.00"
493,"Khimji Finserve Private Limited (Formerly known as Vee Gee Credit Capital Private Limited)","ROW-4004",NULL,NULL,"https://khimjifinserve.com/",NULL,NULL,NULL,"Khimji Finserve Private Limited is a NBFC providing gold loan to customers in a retail business model, aiming to promote socio-economic development through deep customer insight and innovative financial solutions.","Gold Loans","{homepage:https://khimjifinserve.com/,about:https://khimjifinserve.com/site/aboutus,team:https://khimjifinserve.com/site/management}","high","1.00"
494,"Khosya Finlease (P) Ltd.","ROW-4008",NULL,NULL,"https://khosyafinlease.com/",NULL,NULL,NULL,"Khosya Finlease is a private Non-Banking Financial Company (NBFC) that offers flexible building blocks for partners to customize and create loan products suited to their business needs. It aims to accelerate the evolution of digital lending by enabling organizations to offer digital credit and lending services. The company was founded in 2019 and serves customers across India.","MSME","{about:https://khosyafinlease.com/about-us/,homepage:https://khosyafinlease.com/,team:https://khosyafinlease.com/partners/}","high","1.00"
495,"Khyati Finseck Private Limited","ROW-4013",NULL,NULL,"https://www.khyatifinseck.com/",NULL,NULL,NULL,"Khyati Finseck Private Limited is an RBI-registered NBFC providing secure, transparent, and efficient lending solutions. It specializes in offering instant personal loans with a strong focus on financial inclusion. The company adheres to all regulatory requirements.","Consumer","{homepage:https://www.khyatifinseck.com/}","medium","1.00"
496,"Kiduja India Ltd.","ROW-4016",NULL,NULL,"https://kiduja.com/",NULL,NULL,NULL,"Kiduja India Limited is a Non-Banking Finance Company (NBFC) registered with the Reserve Bank of India, specializing in equity markets and offering various financial services such as futures and options trading, spot market stock portfolio, and mutual fund investments.","Multi-Product","{team:https://kiduja.com/contact-us/,homepage:https://kiduja.com/,about:https://kiduja.com/about-us/}","high","1.00"
497,"Kifs Financial Services Limited","ROW-4017",NULL,NULL,"https://kifshousing.com/the-kifs-group/",NULL,NULL,NULL,"KIFS Housing Finance Ltd. is a housing finance company that provides retail housing loans to the Low and Middle-Income segment customers across India, with a special emphasis on Tier 2, 3 and 4 towns.","MSME","{about:https://kifshousing.com/company-profile/,team:https://kifshousing.com/our-team/,homepage:https://kifshousing.com/the-kifs-group/,products:https://kifshousing.com/home-loans/}","high","1.00"
498,"Kiran Resources Private Limited","ROW-4028",NULL,NULL,"https://www.kiranmehtaca.com/resources/Forms/NBFC_Forms/NBFC_Forms.aspx",NULL,NULL,NULL,"The NBFC provides various financial services, including audit and assurance, corporate finance, and tax advisory. It also offers business support services for non-residents and industries. The website lists numerous laws and regulations related to companies and taxes.","Multi-Product","{homepage:https://www.kiranmehtaca.com/resources/Forms/NBFC_Forms/NBFC_Forms.aspx,team:https://www.kiranmehtaca.com/resources/Forms/NBFC_Forms/NBFC_Forms.aspx/resource/Partners.aspx,products:https://www.kiranmehtaca.com/resources/Forms/NBFC_Forms/NBFC_Forms.aspx/resource/Services/India_Entry_Strategy_Advisory.aspx,about:https://www.kiranmehtaca.com/resources/Forms/NBFC_Forms/NBFC_Forms.aspx/resources/Bulletins/Corporate_Matters/Corporate_Matters.aspx}","medium","0.86"
499,"Kisetsu Saison Finance (India) Private Limited","ROW-4038",NULL,NULL,"https://creditsaison.in/",NULL,NULL,NULL,"Credit Saison India provides financial solutions, including business loans and doctor loans, with a focus on empowering businesses and individuals. The company has a global MNC family backing it and aims to create opportunities and enable dreams through technology-led lending. It has received an AAA CRISIL rating and has partnerships with various banks.","MSME","{products:https://creditsaison.in/business-loan,homepage:https://creditsaison.in/,about:https://creditsaison.in/about-us,team:https://creditsaison.in/fintech-partnership}","high","1.00"
500,"Kjmc Financial Services Ltd","ROW-4047",NULL,NULL,"https://www.kjmcfinserv.com/",NULL,NULL,NULL,"KJMC Financial Services Limited is a non-banking finance company (NBFC) registered with the Reserve Bank of India (RBI), offering MSME loans and two-wheeler finance, with plans to expand into other loan products.","MSME","{homepage:https://www.kjmcfinserv.com/,team:https://www.kjmcfinserv.com/contact-us,about:https://www.kjmcfinserv.com/about,products:https://www.kjmcfinserv.com/loans}","high","1.00"
501,"KNAB Finance Advisors Private Limited","ROW-4058",NULL,NULL,"https://knabfinance.com/",NULL,NULL,NULL,"KNAB Finance is a Non-Banking Financial Company (NBFC) that provides easy and quick loans to SME customers, using technology to challenge norms for higher customer satisfaction while ensuring compliance with robust credit norms.","MSME","{homepage:https://knabfinance.com/,team:https://knabfinance.com/contact,products:https://knabfinance.com/}","medium","1.00"
502,"Kogta Financial (India) Ltd.","ROW-4062",NULL,NULL,"https://www.kogta.in/",NULL,NULL,NULL,"Kogta Financial is a Non Banking Finance Company (NBFC) that offers loans for commercial vehicles, four-wheelers, tractors, and disburse Loan Against Property (LAP) to the SME/MSME segment. They have grown on the foundations of dedicated customer service, fair business practices, efficient processes, safe financial policies, and have serviced loans to over 1,00,000+ customers. They cater to urban, semi-urban, and rural areas with a diverse borrower profile.","MSME","{homepage:https://www.kogta.in/,team:https://www.kogta.in/investor/growth-partners/,products:https://www.kogta.in/product/msme-loan/,about:https://www.kogta.in/about/who-we-are/}","high","1.00"
503,"Komaf Financial  Services Private Ltd. (Formerly  Komaf Financial Services Ltd )","ROW-4067",NULL,NULL,"https://komaf.in/",NULL,NULL,NULL,"Komaf Financial Services Private Limited is a Non-Banking Financial Company (NBFC) registered with the Reserve Bank of India, engaged in holding long-term strategic investments and short-term investments such as mutual funds.","MSME","{homepage:https://komaf.in/}","medium","1.00"
504,"Konark Commerce & Industries Ltd","ROW-4069",NULL,NULL,"https://konarkfinserv.com/",NULL,NULL,NULL,"Konark Commercial Ltd is an NBFC that provides various loan products, including emergency loans, personal loans, and business loans, with a focus on building strong relationships with clients beyond traditional financial services.","Multi-Product","{products:http://konarkfinserv.com/services,about:http://konarkfinserv.com/about-us,team:http://konarkfinserv.com/contact-us,homepage:https://konarkfinserv.com/}","high","1.00"
505,"Kosamattam Finance Limited","ROW-4074",NULL,NULL,"https://www.kosamattam.com/",NULL,NULL,NULL,"Kosamattam Finance is an NBFC offering various financial services, including gold loans, corporate loans, and personal loans. They aim to provide secure financial solutions across the country. The company has a long history of over 150 years.","Multi-Product","{about:https://www.kosamattam.com/about-us,homepage:https://www.kosamattam.com/,products:https://www.kosamattam.com/insurance-services,team:https://www.kosamattam.com/code-of-conduct}","medium","0.86"
506,"Kotak Infrastructure Debt Fund Limited","ROW-4078",NULL,NULL,"https://kidfl.kotak.com/",NULL,NULL,NULL,"Kotak Infrastructure Debt Fund Limited is an NBFC that lends to various sectors such as Roads, Renewable, Power/Energy, Distribution/Transmission, Hospital/Healthcare, Education, etc., under the RBI IDF –NBFC guidelines.","MSME","{homepage:https://kidfl.kotak.com/}","high","1.00"
507,"Kotak Mahindra Investments Ltd.","ROW-4079",NULL,NULL,"https://www.kotak.bank.in/en/corporate/sector-expertise/non-bank-finance-company-nbfc-division.html",NULL,NULL,NULL,"This NBFC offers various financial services including loans, deposits, investments, and insurance products. It provides personal, business, and corporate banking solutions. The website does not specify the loan sizes or geographic focus.","Multi-Product","{about:https://www.kotak.bank.in/en/corporate/sector-expertise/non-bank-finance-company-nbfc-division.html/en/home.html,homepage:https://www.kotak.bank.in/en/corporate/sector-expertise/non-bank-finance-company-nbfc-division.html,products:https://www.kotak.bank.in/en/corporate/sector-expertise/non-bank-finance-company-nbfc-division.html/en/home.html,team:https://www.kotak.bank.in/en/corporate/sector-expertise/non-bank-finance-company-nbfc-division.html/en/corporate/cash-management-services.html}","medium","0.86"
508,"Kotak Mahindra Prime Ltd.","ROW-4080",NULL,NULL,"https://www.primeloans.kotak.com/",NULL,NULL,NULL,"Kotak Mahindra Prime Limited is a car finance company that offers various loan products, including new car finance, used car & re-finance, top up loans, two-wheeler finance, and loan against property. It is a subsidiary of Kotak Mahindra Bank Limited and has been one of India's leading car finance companies since 1996.","Multi-Product","{about:https://www.primeloans.kotak.com/aboutUs.htm,homepage:https://www.primeloans.kotak.com/,products:https://www.primeloans.kotak.com/index.htm}","high","1.00"
509,"Krchoksey  Financial  Services  Private  Limited (Previously Known As Padmesh Tradelink  Private  Limited)","ROW-4099",NULL,NULL,"https://krchokseyfinserv.com/",NULL,NULL,NULL,"KRChoksey Financial Services Pvt. Ltd. is an RBI-approved NBFC offering finance against shares and securities to meet fund requirements of various borrowers, including Retail, HNIs, and HUFs.","MSME","{about:https://krchokseyfinserv.com/about-us,homepage:https://krchokseyfinserv.com/}","high","1.00"
510,"Kuber Udyog Ltd","ROW-4127",NULL,NULL,"https://www.kuberudyog.com/",NULL,NULL,NULL,"Kuber Udyog Limited is a non-deposit taking, non-banking finance company that provides financial services. It was incorporated in West Bengal, India and has obtained a certificate of registration from the Reserve Bank of India to carry on the business of non-banking financial institution. The company has increased its paid-up equity capital to meet minimum Net Owned Fund requirements.","MSME","{homepage:https://www.kuberudyog.com/}","high","1.00"
511,"Kuhoo Finance Private Limited","ROW-4130",NULL,NULL,"https://www.kuhoo.com/",NULL,NULL,NULL,"Kuhoo is an NBFC that provides collateral-free loans for education financing, aiming to make quality education accessible to every deserving student without burdening their families.","MSME","{about:https://www.kuhoo.com/about-us,team:https://www.kuhoo.com/contact-us,homepage:https://www.kuhoo.com/,products:https://www.kuhoo.com/education-loan}","high","1.00"
512,"Lahoti Holdings Limited","ROW-4167",NULL,NULL,"https://lahoti-holdings-limited.charteredone.com/U65921WB1992PLC205936",NULL,NULL,NULL,"Lahoti Holdings Limited is a Non-Government Company involved in Activities Of Hire-Purchase Financing.","MSME","{homepage:https://lahoti-holdings-limited.charteredone.com/U65921WB1992PLC205936}","medium","0.86"
513,"LAKSHMI FINCARE PRIVATE LIMITED ( formerly Lakshmi Tie-Up  Pvt. Ltd)","ROW-4171",NULL,NULL,"https://www.lakshmifinance.org.in/profile.html",NULL,NULL,NULL,"Lakshmi Finance & Industrial Corporation Limited is a Public Limited Company involved in financial activities such as leasing, hire purchase, bill discounting, and corporate finance. The company was formerly known as 'The Andhra Bank Ltd.' and has been registered as a Non-Banking Financial Institution since 1998. It has shifted its focus to investments in equity shares and mutual funds due to market conditions.","MSME","{homepage:https://www.lakshmifinance.org.in/profile.html}","medium","0.86"
514,"Lakshmithra Finance Private Limited","ROW-4176",NULL,NULL,"https://www.lakshmithra.com/",NULL,NULL,NULL,"Lakshmithra Finance Private Limited is a private limited company that offers financial solutions for businesses, including commercial vehicle finance and secured business loans. They also provide inclusion loans for small businesses. Their goal is to help businesses succeed with their financial products.","MSME","{homepage:https://www.lakshmithra.com/}","medium","0.86"
515,"Lambodar Investments and Trading Company Limited","ROW-4184",NULL,NULL,"https://company.vakilsearch.com/lambodar-investments-trading-company-limited/U07120MH1980PLC022211",NULL,NULL,NULL,"The NBFC provides various company registration services, including private limited company registration, partnership firm registration, and sole proprietorship registration.","Not specified on website","{team:https://company.vakilsearch.com/lambodar-investments-trading-company-limited/U07120MH1980PLC022211/partnership-firm-registration,about:https://company.vakilsearch.com,homepage:https://company.vakilsearch.com/lambodar-investments-trading-company-limited/U07120MH1980PLC022211,products:https://company.vakilsearch.com/lambodar-investments-trading-company-limited/U07120MH1980PLC022211/chartered-accountant-services}","medium","0.86"
516,"Lan Finance Pvt. Ltd,","ROW-4185",NULL,NULL,"https://lanfinance.ai/",NULL,NULL,NULL,"LAN Finance is an NBFC that provides instant business financing and lending as a service, offering various loan products with AI-powered credit scoring and digital lending capabilities.","MSME","{homepage:https://lanfinance.ai/,products:https://lanfinance.ai/}","high","1.00"
517,"Laneseda Vanijya Pvt Ltd","ROW-4191",NULL,NULL,"https://www.lanesedavanijya.com/",NULL,NULL,NULL,"Laneseda Vanijya Pvt Ltd is a Non-Banking Financial Company (NBFC) offering financial services including gold loans, investment opportunities, and insurance products. It has a legacy spanning nearly 30 years and aims to support economic and social development through its tailored solutions. The company is expanding into Kerala and West Bengal as part of a pan-India growth strategy.","Multi-Product","{homepage:https://www.lanesedavanijya.com/}","high","1.00"
518,"Lark Trading And Finance Ltd.","ROW-4196",NULL,NULL,"https://larktrading.in/",NULL,NULL,NULL,"Lark Trading & Financial Limited is a Non-Banking Financial Company offering customized loan solutions to individuals, small businesses, and entrepreneurs across India. The company provides various loan products such as Business Loans, Vehicle Loans, Personal Loans, Salaried Loans, Supply Chain Loans, and MSME Loans. It aims to empower borrowers with honest financial solutions.","MSME","{homepage:https://larktrading.in/}","high","1.00"
519,"Lawrence Merchants  Pvt. Ltd.","ROW-4205",NULL,NULL,"https://www.lawrencemerchants.com/",NULL,NULL,NULL,"Lawrence Merchants Pvt Ltd is a registered NBFC since 1995 offering financial solutions tailored to individual and business needs, with expertise in asset finance, MSME loans, personal & business loans, vehicle loans, gold loans, and investment in startups.","MSME","{about:https://www.lawrencemerchants.com/about,homepage:https://www.lawrencemerchants.com/,products:https://www.lawrencemerchants.com/services,team:https://www.lawrencemerchants.com/contact}","medium","1.00"
520,"Lendingkart Finance Limited (Formerly Known As Aadri Infin Limited)","TEMP-1771658455",NULL,NULL,"https://www.lendingkart.com/",NULL,NULL,NULL,"LendingKart offers unsecured business loans for MSMEs, aiming to simplify business lending and provide timely credit to help entrepreneurs grow and succeed.","MSME","{team:https://www.lendingkart.com/partner-with-us/,about:https://www.lendingkart.com/about-us/,products:https://www.lendingkart.com/business-loans/,homepage:https://www.lendingkart.com/}","high","1.00"
521,"Leo Portfolios Pvt Ltd","ROW-4235",NULL,NULL,"https://www.leo1.in/grievance-officer-details/",NULL,NULL,NULL,"Leo1 is a Forbes listed and Google incubated fee financing company that provides education loans to help make quality education available to all. Financepeer is an unique peer to peer lending platform designed to address financial needs of the education sector through a highly secure, digital medium. Arthmate is India’s premier Embedded FinTech platform providing fully digitized lending and other financial services to customers, vendors and distheadibutors of large B2C FinTechs, Digital Companies and SME Anchors.","Multi-Product","{about:https://www.leo1.in/grievance-officer-details/alumni/about_us/,products:https://www.leo1.in/grievance-officer-details/study-abroad/education_loan,homepage:https://www.leo1.in/grievance-officer-details/,team:https://www.leo1.in/grievance-officer-details/alumni/contact_us/}","medium","0.86"
522,"Lexus Agencies Pvt. Ltd.","TEMP-1771658656",NULL,NULL,"https://lexusfinance.co.in/",NULL,NULL,NULL,"Lexus Financial Services is a sub-division of Toyota Financial Services India Limited (TFSIN), a non-banking financial company (NBFC) regulated by the Reserve Bank of India (RBI). It offers a wide range of products and services to Lexus customers, including car loans, vehicle finance, bespoke finance leasing, and buy-back promise. The company aims to deliver 'Best-in-Class' customer experience throughout Lexus ownership.","Vehicle","{about:https://lexusfinance.co.in/about-us,homepage:https://lexusfinance.co.in/}","high","1.00"
523,"Libord Finance Limited","ROW-4252",NULL,NULL,"https://libord.com/",NULL,NULL,NULL,"Libord Group is a financial services company providing a range of services including stock and commodity broking, merchant banking, project finance, and corporate finance advisory services.","Multi-Product","{team:https://libord.com/contact-us/,products:https://libord.com/libord-finance-ltd/project-finance/,homepage:https://libord.com/,about:https://libord.com/about-us/}","medium","0.86"
524,"Lionlender Finance Private Limited","ROW-4270",NULL,NULL,"https://lionlender.in/",NULL,NULL,NULL,"Lionlender Finance Pvt. Ltd. is an NBFC that offers various loan products, including personal loans, business loans, gold loans, and loan against property, with a focus on providing flexible repayment options and fast approvals.","Multi-Product","{homepage:https://lionlender.in/}","high","1.00"
557,"Livfin India Pvt. Ltd.","ROW-4272",NULL,NULL,"https://livfin.com/",NULL,NULL,NULL,"LivFin is an NBFC that provides supply chain finance solutions to small and medium scale enterprises (MSMEs) in India, offering invoice finance solutions through quick and short-term business loans up to 180 days.","MSME","{products:https://livfin.com/sales-invoice-finance/,homepage:https://livfin.com/,team:https://livfin.com/contact/,about:https://livfin.com/about/}","high","1.00"
558,"LoanKhata Finance Private Limited","ROW-4278",NULL,NULL,"https://loankhata.com/",NULL,NULL,NULL,"LoanKhata is an NBFC that offers a range of financing solutions, including MSME loans, personal loans, and loans against property, designed to support businesses and individuals at every stage of growth.","MSME","{homepage:https://loankhata.com/}","medium","1.00"
559,"Loantap Credit Products Private Limited","ROW-4279",NULL,NULL,"https://loantap.in/contact/",NULL,NULL,NULL,"LoanTap is an NBFC that offers various loan products, including personal loans, business loans, and MSME term loans. They use technology to design flexible loan products and provide fast disbursal within 24-36 hours. Their focus is on delighting customers by helping them choose the best loan products.","MSME","{about:https://loantap.in/about-us/,products:https://loantap.in/my-account/,team:https://loantap.in/contact/,homepage:https://loantap.in/contact/}","high","1.00"
560,"Loanzen Finance Private Limited","ROW-4280",NULL,NULL,"http://loanzen.in/contact-us/",NULL,NULL,NULL,"Loanzen is an RBI approved NBFC providing Used Commercial Vehicle Loans and other financial products to the logistics industry, aiming to become a leader in logistics financing.","MSME","{about:http://loanzen.in/about-us/,homepage:http://loanzen.in/contact-us/,products:http://loanzen.in/,team:http://loanzen.in/contact-us/home}","medium","1.00"
561,"Lok Suvidha Finance Ltd","ROW-4289",NULL,NULL,"https://loksuvidha.com/",NULL,NULL,NULL,"Lok Suvidha Finance is an NBFC that offers a diversified range of products, including Two-Wheeler Loans, E-Rickshaw Loans, EV Battery Loans, and Loyalty Personal Loans, supporting both personal mobility and income-generating livelihoods. The company aims to bridge the gap in formal credit institutions for first-time and underbanked consumers. It has a strong presence across five states.","MSME","{about:https://loksuvidha.com/about-us/,homepage:https://loksuvidha.com/,team:https://loksuvidha.com/partners/,products:https://loksuvidha.com/services/}","high","1.00"
562,"LOLC India Finance Private Limited","ROW-4295",NULL,NULL,"https://www.lolc.com/",NULL,NULL,NULL,"LOLC Holdings is a global conglomerate with diversified business interests in financial services, leisure, agriculture and plantations, construction and real estate, manufacturing and trading, digital technology, strategic investments, advance technology, and mining. The company has a strong focus on facilitating economic development through green financing, promoting financial independence for women, and uplifting customers from poverty through financial inclusion. LOLC is a leading player in the International MSME sector.","MSME","{homepage:https://www.lolc.com/,about:https://www.lolc.com/about-us,team:https://www.lolc.com/contact,products:https://www.lolc.com/financial-services}","high","1.00"
563,"LRSD Securities Private Limited","ROW-4321",NULL,NULL,"https://www.lrsdindia.com/",NULL,NULL,NULL,"LRSD Securities Pvt. Ltd. is a Non-Banking Financial Company (NBFC) that offers investment in SME IPOs and mainboard segments, as well as loan solutions against shares and property for growing businesses.","MSME","{about:https://www.lrsdindia.com/about-lrsd/about-us,team:https://www.lrsdindia.com/about-lrsd/contact-us,homepage:https://www.lrsdindia.com/,products:https://www.lrsdindia.com/products/las-lap-loans}","high","1.00"
564,"LTCV Credit Private Limited","ROW-4322",NULL,NULL,"https://ltcv.credit/",NULL,NULL,NULL,"LTCV Credit provides loans for various life stages, including medical emergencies, education, weddings, and instant cash needs. They offer up to ₹5 lakh in loans with no collateral required and competitive interest rates ranging from 15% to 29% p.a. The company is owned and managed by LTCV Credit Private Limited.","Multi-Product","{team:https://ltcv.credit/contact-us,homepage:https://ltcv.credit/}","high","1.00"
565,"Lunawat Auto Finance Ltd","ROW-4339",NULL,NULL,"https://www.lunawat.com/Pages.aspx?PageID=MzA=",NULL,NULL,NULL,"Lunawat & Co is a financial services company offering various services including audit and assurance, taxation, regulatory advisory, and more. They cater to the banking and financial services sector in India. The company provides customized service solutions to its clients.","Multi-Product","{homepage:https://www.lunawat.com/Pages.aspx?PageID=MzA=}","medium","0.86"
566,"Lupin Commodeal (P) Ltd","ROW-4340",NULL,NULL,"https://www.lupin.com/",NULL,NULL,NULL,"Lupin is a global pharmaceutical organization that delivers healthcare solutions, including generics, specialty medication, biosimilars, and more. They prioritize quality, operational excellence, and sustainable growth. The company has a strong presence across 100+ global markets.","Multi-Product","{homepage:https://www.lupin.com/,team:https://www.lupin.com/contact-us,products:https://www.lupin.com/product-finder,about:https://www.lupin.com/about-us}","high","1.00"
567,"Lyon Investment And Industries Private Limited","ROW-4348",NULL,NULL,"http://www.lyoninvestment.com/",NULL,NULL,NULL,"Lyon Investment And Industries Private Limited is an RBI-registered NBFC providing financial services to Indian households and businesses, with a focus on technological innovation and personalized services.","MSME","{homepage:http://www.lyoninvestment.com/}","medium","1.00"
568,"Lyons Corporate Market Ltd","ROW-4349",NULL,NULL,"http://lyonscorporate.co.in/",NULL,NULL,NULL,"Lyons Corporate Market Limited is a Non Banking Financial Company (NBFC) providing financial and investment services.","MSME","{homepage:http://lyonscorporate.co.in/}","medium","1.00"
569,"Maanaveeya Development & Finance Private Limited (Formerly Maanaveeya Holdings & Investments Private Limited)","ROW-4395",NULL,NULL,"https://www.maanaveeya.org/",NULL,NULL,NULL,"Maanaveeya Development & Finance Private Limited is an Indian subsidiary of Oikocredit, a Global Development Financing Institution that provides loans to stimulate sustainable development and create employment for disadvantaged people.","MSME","{about:https://www.maanaveeya.org/about-us,products:https://www.maanaveeya.org/products-and-services,homepage:https://www.maanaveeya.org/,team:https://www.maanaveeya.org/contact}","high","1.00"
570,"Madhur Vyapar Pvt Ltd","ROW-4412",NULL,NULL,"https://madhur-vyapar-private-limited.charteredone.com/U51109WB2008PTC122861",NULL,NULL,NULL,"MADHUR VYAPAR PRIVATE LIMITED is a private limited company involved in other passenger air-transport n.e.c. It provides various financial services including tax and audit, registration, and compliance services.","Not specified on website","{homepage:https://madhur-vyapar-private-limited.charteredone.com/U51109WB2008PTC122861}","low","0.71"
571,"Madhuvan Dealers  Pvt.  Ltd.","ROW-4418",NULL,NULL,"https://madhuvan.com/",NULL,NULL,NULL,"Madhuvan Home is a financial services company that provides various insurance products, investment advisory services, and other financial solutions. It offers life and non-life insurance advisory under new guidelines of IRDA. The company aims to provide all types of financial services to its clients under one roof to increase investor wealth.","Multi-Product","{products:https://madhuvan.com/services/insurance-broking/,team:https://madhuvan.com/contact-us/,about:https://madhuvan.com/about/,homepage:https://madhuvan.com/}","medium","0.86"
572,"Madhuvan Securities & Finance Pvt Ltd","ROW-4419",NULL,NULL,"https://madhuvan.com/",NULL,NULL,NULL,"Madhuvan Home is a financial services company providing various insurance products, investment advisory services, and loans. It aims to be a globally trusted financial super market by offering all types of financial services under one roof. The company focuses on honesty, transparency, diligence, and integrity in its operations.","Multi-Product","{products:https://madhuvan.com/services/insurance-broking/,team:https://madhuvan.com/contact-us/,about:https://madhuvan.com/about/,homepage:https://madhuvan.com/}","medium","0.86"
573,"Madhuvan Tieup Private Limited","ROW-4420",NULL,NULL,"https://madhuvan.com/services/loan-syndication/corporate-loans/",NULL,NULL,NULL,"Madhuvan Home is a financial services company offering various insurance products, investment advisory services, and loans. It provides general insurance, liability insurance, and life insurance advisory services. The company aims to increase investors' wealth by providing all types of financial services under one roof.","Multi-Product","{products:https://madhuvan.com/services/insurance-broking/,homepage:https://madhuvan.com/services/loan-syndication/corporate-loans/,team:https://madhuvan.com/contact-us/,about:https://madhuvan.com/about/}","medium","0.86"
574,"Magalir Micro Capital Private Limited","ROW-4424",NULL,NULL,"https://magalir.net/service/individual-loan/",NULL,NULL,NULL,"Magalir Micro Capital Private Limited is an NBFC providing financial services to low-income clients, including consumers and the self-employed, who traditionally lack access to banking and related services.","MSME","{products:https://magalir.net/service/individual-loan/,team:https://magalir.net/contact-us/,homepage:https://magalir.net/service/individual-loan/,about:https://magalir.net/our-company/}","medium","0.86"
575,"Mahavira Finlease Limited","ROW-4469",NULL,NULL,"https://www.mahavirafinlease.com/",NULL,NULL,NULL,"Mahavira Finlease is an RBI-registered NBFC that offers personal loans, business loans, and other financial solutions with quick approvals, transparent processes, and flexible loan options.","Multi-Product","{team:https://www.mahavirafinlease.com/contact-us,about:https://www.mahavirafinlease.com/who-we-are,homepage:https://www.mahavirafinlease.com/,products:https://www.mahavirafinlease.com/personal-loan}","high","1.00"
576,"Mahodari Finvest Company Pvt. Ltd.","ROW-4479",NULL,NULL,"https://company.vakilsearch.com/mahodari-finvest-company-private-limited/U65921DL1996PTC080075",NULL,NULL,NULL,"The NBFC provides various company registration services, including private limited company registration, partnership firm registration, and sole proprietorship registration.","Not specified on website","{products:https://company.vakilsearch.com/mahodari-finvest-company-private-limited/U65921DL1996PTC080075/chartered-accountant-services,homepage:https://company.vakilsearch.com/mahodari-finvest-company-private-limited/U65921DL1996PTC080075,about:https://company.vakilsearch.com,team:https://company.vakilsearch.com/mahodari-finvest-company-private-limited/U65921DL1996PTC080075/partnership-firm-registration}","medium","0.86"
577,"Maitreya Capital And Business Services Private Limited","ROW-4482",NULL,NULL,"https://maitreyacapital.in/",NULL,NULL,NULL,"Maitreya Capital is an NBFC providing financial and business services to un-organised business people, especially farmers, agri entrepreneurs, and rural artisans, by offering easy access to credit.","MSME","{homepage:https://maitreyacapital.in/,team:https://maitreyacapital.in/our-partners/,about:https://maitreyacapital.in/about-us/,products:https://maitreyacapital.in/products-services/}","medium","1.00"
578,"Mangalam Engineering Projects Ltd.","ROW-4548",NULL,NULL,"https://www.mangalamengineering.com/",NULL,NULL,NULL,"Mangalam Engineering Projects Limited is a Non-Deposit accepting NBFC Company primarily engaged in the business of Non-Banking Financial Company, managed by Board of Directors.","MSME","{homepage:https://www.mangalamengineering.com/}","medium","0.86"
579,"Mani Capitals Ltd.","TEMP-1771669912",NULL,NULL,"https://capitalmani.com/",NULL,NULL,NULL,"Capital Mani is a premier provider of financial consultation and services through a subscription plan, offering quick and reliable digital loans for various needs. They collaborate with top NBFCs to provide customized financial solutions tailored to each client's unique requirements.","Multi-Product","{homepage:https://capitalmani.com/}","high","1.00"
580,"Manikaran Credit & Leasing Co.Pvt.Ltd","TEMP-1771669922",NULL,NULL,"https://manikarancredit.com/",NULL,NULL,NULL,"Manikaran Credit & Leasing Co. Pvt. Ltd is a Non-Banking Financial Company (NBFC) registered with the Reserve Bank of India, providing various loan products to its customers.","MSME","{team:http://manikarancredit.com/contact-us/,about:http://manikarancredit.com/about-us/,homepage:https://manikarancredit.com/}","high","1.00"
581,"Manna Krishna Investments Pvt Ltd","TEMP-1771669924",NULL,NULL,"https://mannakrishna.com/",NULL,NULL,NULL,"Mannakrishna Investments Pvt. Ltd. is a Non-Deposit taking - Non Banking Financial Company (NBFC) engaged in the business of investment in shares & securities and financial activities, primarily serving as an intermediary.","MSME","{about:https://mannakrishna.com/company-profile/,homepage:https://mannakrishna.com/,team:https://mannakrishna.com/contact/}","medium","0.86"
582,"Manoranjan Grah Ltd.","TEMP-1771669926",NULL,NULL,"https://www.manoranjangrah.com/",NULL,NULL,NULL,"Manoranjan Grah Limited is a registered Non-Banking Financial Company – Non-Deposit (NBFC) providing various loan products, including Personal Loan, Business Loan, Consumer Loan, Durable Loan, and Loan Against Property.","Multi-Product","{team:https://www.manoranjangrah.com/index.php/contactus,about:https://www.manoranjangrah.com/index.php/about/aboutus,products:https://www.manoranjangrah.com/index.php/products-services/personal-loan,homepage:https://www.manoranjangrah.com/}","medium","0.86"
583,"Mansi Finance (Chennai) Limited","TEMP-1771669928",NULL,NULL,"https://mansi.in/",NULL,NULL,NULL,"Mansi Financial Services is a Chennai-based finance company that has been operating for 24 years, providing business lending and financial advisory services. It is an RBI-registered NBFC with a growing loyal customer base. The company consistently reports profits from over one decade.","MSME","{about:https://mansi.in/about-us/,team:https://mansi.in/contact/,homepage:https://mansi.in/}","medium","0.86"
584,"Mansi Finance Ltd.","TEMP-1771669930",NULL,NULL,"https://mansi.in/",NULL,NULL,NULL,"Mansi Financial Services is a Chennai-based finance company that has been operating for over 24 years, providing financial services including lending and financial advisory. It is an RBI-registered NBFC with a growing loyal customer base. The company consistently reports profits from more than one decade.","MSME","{about:https://mansi.in/about-us/,team:https://mansi.in/contact/,homepage:https://mansi.in/}","medium","0.86"
585,"Mansoon Trading Company Limited","ROW-4601",NULL,NULL,"https://www.mansoontrading.co.in/",NULL,NULL,NULL,"Mansoon Trading Company Limited is a non-banking financial company that invests in mutual funds, shares, and securities on a long-term basis, granting loans to corporate bodies. The main source of income is interest income, dividend income, and gain on sale of investments. The company has no borrowing and reinvests its earnings in the business.","Multi-Product","{homepage:https://www.mansoontrading.co.in/}","medium","0.86"
586,"Mantri Enterprises Pvt. Ltd.","ROW-4604",NULL,NULL,"https://www.creditmantri.com/nbfc-personal-loans/",NULL,NULL,NULL,"CreditMantri Finserve Private Limited is an NBFC that offers various financial products including personal loans, business loans, gold loans, home loans, and auto loans. They provide credit improvement services and offer loan/credit card signup options. The company aims to help customers through every step of the lending process.","Multi-Product","{homepage:https://www.creditmantri.com/nbfc-personal-loans/,team:https://www.creditmantri.com/nbfc-personal-loans/partner-with-us/,about:https://www.creditmantri.com/nbfc-personal-loans/about-us/,products:https://www.creditmantri.com/nbfc-personal-loans/}","medium","0.86"
587,"Maple Vyapaar Pvt Ltd","ROW-4614",NULL,NULL,"https://www.vaibhav-vyapaar.com/",NULL,NULL,NULL,"Vaibhav Vyapaar Private Limited is a leading NBFC providing various financial retail products, including personal loans and digital lending services.","MSME","{homepage:https://www.vaibhav-vyapaar.com/}","low","0.86"
588,"Marg  Techno  Projects  Ltd","ROW-4623",NULL,NULL,"https://margtechno.com/",NULL,NULL,NULL,"Marg Techno-Projects Limited is a BSE Listed public limited company that provides various financial services, including personal loans and gold loans, to industrial units, trading businesses, industry co-op societies, banks, sugar co-op societies, federation, mill producers, educational institutes, universities, computer centers, health centers, hospitals, local bodies, municipal corporations, companies, and individuals.","Multi-Product","{products:https://margtechno.com/personal-loan,homepage:https://margtechno.com/,team:https://margtechno.com/contact-us,about:https://margtechno.com/about}","high","1.00"
589,"Marivil Finance Limited","ROW-4627",NULL,NULL,"https://www.marivilfin.com/",NULL,NULL,NULL,"Marivil Finance Ltd. is a Non-Banking Financial Company (NBFC) providing financial services, including loan against gold jewellery and personal loans, to individuals and businesses across India.","Multi-Product","{homepage:https://www.marivilfin.com/}","high","1.00"
590,"Maryada Commercial Enterprises & Investments Co. Ltd.","ROW-4647",NULL,NULL,"https://www.maryadainvestment.in/",NULL,NULL,NULL,"Maryada Investment Co. Limited is a non-banking financial company (NBFC) engaged in the business of investment and finance, including NBFC activities.","MSME","{homepage:https://www.maryadainvestment.in/}","high","1.00"
591,"Mathruka Leasing And Hire Purchase Company Private Ltd","ROW-4662",NULL,NULL,"https://mathrukanbfc.com/",NULL,NULL,NULL,"Mathruka NBFC is a trusted Non-Banking Financial Company (NBFC) offering a comprehensive portfolio of financial products including gold loans, business loans, personal loans, vehicle loans, housing loans, project loans, overdraft facilities, takeover loans, and NRI loan services.","Multi-Product","{products:https://mathrukanbfc.com/services/,homepage:https://mathrukanbfc.com/,about:https://mathrukanbfc.com/about-us/,team:https://mathrukanbfc.com/contact-us/}","medium","0.86"
592,"Matrix Finbiz Private Limited (Formerly Known As Nellad Auto Finance Private Ltd)","ROW-4667",NULL,NULL,"https://matrixfinbiz.com/",NULL,NULL,NULL,"Matrix Finbiz Pvt Ltd is an NBFC that provides various loan products for small businesses, retail trade, self-employment, agriculture, and personal loans. They offer flexible repayment options and a customer-first approach to make borrowing stress-free and transparent. The company aims to provide trusted financial solutions to its clients.","Small Business","{team:https://matrixfinbiz.com/contact-us/,homepage:https://matrixfinbiz.com/,about:https://matrixfinbiz.com/about-us/,products:https://matrixfinbiz.com/services/}","low","0.86"
593,"Maxemo Capital Services Private Limited","ROW-4676",NULL,NULL,"https://www.maxemocapital.com/",NULL,NULL,NULL,"Maxemo Capital is a Delhi-based NBFC-ND Company that provides customized financial assistance solutions using technology and efficiency in operations, focusing on MSME loans and working capital financing.","MSME","{about:https://www.maxemocapital.com/about-us/who-we-are,homepage:https://www.maxemocapital.com/,team:https://www.maxemocapital.com/contact-us,products:https://www.maxemocapital.com/products/purchase-financing}","high","1.00"
594,"Maxvalue Credits & Investments (P) Ltd (Formerly Trisiva Leasing And Hire Purchase (P) Ltd)","ROW-4680",NULL,NULL,"https://maxvaluecredits.com/",NULL,NULL,NULL,"MAXVALUE Credits & Investments Ltd. is an innovative venture providing high quality financial services to the common man, with a focus on empowering individuals and businesses to achieve financial freedom.","Small Business Loans","{homepage:https://maxvaluecredits.com/,team:https://maxvaluecredits.com/contact-us/,about:https://maxvaluecredits.com/about-us/,products:https://maxvaluecredits.com/our-services/}","low","0.86"
595,"Maya Finlease Private Limited","ROW-4684",NULL,NULL,"https://www.chinmayfinlease.com/",NULL,NULL,NULL,"Chinmay Finlease Limited is a Non-Banking Finance Company registered with the Reserve Bank of India, specializing in lending short-term unsecured personal loans through its technology platform.","Consumer","{team:https://www.chinmayfinlease.com/contact,products:https://www.chinmayfinlease.com/services,homepage:https://www.chinmayfinlease.com/,about:https://www.chinmayfinlease.com/about}","high","1.00"
596,"Mayur Resources Pvt Ltd","ROW-4699",NULL,NULL,"https://www.chetanmayur.in/resources/Forms/NBFC_Forms/NBFC_Forms.aspx",NULL,NULL,NULL,"Not specified on website","Not specified on website","{team:https://www.chetanmayur.in/resources/Forms/NBFC_Forms/NBFC_Forms.aspx/resource/Partners.aspx,about:https://www.chetanmayur.in/resources/Forms/NBFC_Forms/NBFC_Forms.aspx/resource/Services/company_setup.aspx,homepage:https://www.chetanmayur.in/resources/Forms/NBFC_Forms/NBFC_Forms.aspx,products:https://www.chetanmayur.in/resources/Forms/NBFC_Forms/NBFC_Forms.aspx/resource/Services/Our-Services.aspx}","low","0.57"
597,"Mayurpankh Traders (P) Ltd","ROW-4705",NULL,NULL,"https://www.mayurpankhtraders.com/",NULL,NULL,NULL,"MAYURPANKH TRADERS PVT. LTD. is an India-based non-banking financial company engaged in lending activities, focusing on clarity, compliance, and long-term financial discipline.","MSME","{homepage:https://www.mayurpankhtraders.com/}","high","1.00"
598,"Megapode Vyapaar (P) Ltd","ROW-4728",NULL,NULL,"https://www.megapodevyapaar.com/",NULL,NULL,NULL,"Megapode Vyapaar Pvt. Ltd., a leading Non-Banking Financial Company (NBFC), specializes in identifying and executing investments with diversified strategies, loans to real estate developers, and offering customised financial solutions. The company operates across long-term investments and short-term investments, lending solutions for real estate developers, special situations, and diverse arbitrage opportunities. It is a net debt-free company with ₹2,050 crores of assets as of FY 2024.","Multi-Product","{about:https://www.megapodevyapaar.com/about-rgspl/about-us,team:https://www.megapodevyapaar.com/about-rgspl/partners,products:https://www.megapodevyapaar.com/products/loan-services,homepage:https://www.megapodevyapaar.com/}","medium","0.86"
599,"Megh Securities Pvt. Ltd.","ROW-4729",NULL,NULL,"https://www.meghsecurities.com/",NULL,NULL,NULL,"Megh Securities Private Limited is a Non-Banking Finance Company (NBFC) registered with the Reserve Bank of India (RBI), engaged in business of investment in securities and also provides loans.","MSME","{homepage:https://www.meghsecurities.com/}","low","0.86"
600,"Megha Finloan Pvt. Ltd.","ROW-4731",NULL,NULL,"https://www.meghafinloan.com/",NULL,NULL,NULL,"Megha Finloan is an NBFC that offers a diverse range of loan products, including Vehicle Loan, Mortgage Loan, and Personal Loan, to cater to the specific requirements of its customers. The company was started operations in 1997 and is committed to being a socially responsible organization. It has three categories of loan products.","Multi-Product","{homepage:https://www.meghafinloan.com/}","medium","0.86"
601,"Meghdoot Mercantile  Pvt.  Ltd.","ROW-4735",NULL,NULL,"https://www.meghdootmercantile.com/",NULL,NULL,NULL,"Meghdoot Mercantile is a Non-Banking Financial Company (NBFC) that provides personalized personal loan solutions to meet diverse financial needs. Their mission is to make personal finance accessible and straightforward, empowering individuals with confidence. They offer flexible loans with competitive interest rates and easy repayment options.","MSME","{about:https://www.meghdootmercantile.com/about-us,homepage:https://www.meghdootmercantile.com/,products:https://www.meghdootmercantile.com/services,team:https://www.meghdootmercantile.com/contactUs}","medium","0.86"
602,"Meghdoot Vyapaar  Pvt.  Ltd.","ROW-4736",NULL,NULL,"https://www.meghdootmercantile.com/",NULL,NULL,NULL,"Meghdoot Mercantile is a Non-Banking Financial Company (NBFC) providing personalized personal loan solutions to meet diverse financial needs. Their mission is to make personal finance accessible and straightforward, empowering individuals with confidence. They offer flexible loans with competitive interest rates and easy repayment options.","MSME","{about:https://www.meghdootmercantile.com/about-us,homepage:https://www.meghdootmercantile.com/,products:https://www.meghdootmercantile.com/services,team:https://www.meghdootmercantile.com/contactUs}","medium","0.86"
603,"Melker Finance And Leasing Private Limited","ROW-4747",NULL,NULL,"https://melker.in/fair-practice-code.html",NULL,NULL,NULL,"Melker Finance & Leasing Pvt. Ltd. is an NBFC that provides various loan products, including Mahila Vikas Raksha Loan, MSMEDL Mortgage Loan, Vehicle Loan, Business Loan, Money Transfer, Gold Loan, Health Insurance, and Life Insurance. The company focuses on catering to womenfolk who have developed their own means of livelihood independent of the male earning member of the family. More than 50% of its funds are earmarked for Women’s self-help groups and other underprivileged groups.","MSME","{team:https://melker.in/contact.html,products:https://melker.in/about-us/social-relevance-of-loans.html,about:https://melker.in/about-us/about/static.html,homepage:https://melker.in/fair-practice-code.html}","high","1.00"
604,"Metafin Cleantech Finance Private Limited","ROW-4772",NULL,NULL,"https://www.metafin.in/",NULL,NULL,NULL,"Metafin is a cleantech focused NBFC that provides innovative financing for rural solar energy, empowering micro-businesses and households to adopt affordable solar power.","MSME","{homepage:https://www.metafin.in/}","medium","0.86"
605,"Microsec Resources Pvt Ltd","ROW-4794",NULL,NULL,"http://www.microsec.in/",NULL,NULL,NULL,"Microsec Wealth is a financial services company in India providing wealth management services, including Alternative Investment Funds (AIF) and Portfolio Management Services (PMS), with over 15 years of experience.","Multi-Product","{team:http://www.microsec.in/Home/managementTeam,about:http://www.microsec.in/Home/About,homepage:http://www.microsec.in/,products:http://www.microsec.in/Home/ourOfferings}","high","1.00"
606,"Mikhael Capitalize Private Limited","ROW-4806",NULL,NULL,"https://www.mikhaelcapitalize.com/",NULL,NULL,NULL,"Mikhael Capitalize Pvt. Ltd is a leading gold loan financing company in Kerala, providing loans secured against ornaments and gold, as well as business and personal loans with minimal repaying options.","Gold Loans","{about:https://www.mikhaelcapitalize.com/company-profile.html,homepage:https://www.mikhaelcapitalize.com/,products:https://www.mikhaelcapitalize.com/services.html,team:https://www.mikhaelcapitalize.com/our-team.html}","high","1.00"
607,"Milestone Vinimay (P) Ltd","ROW-4810",NULL,NULL,"https://milestone-vinimay-pvt-ltd.charteredone.com/U51109WB1995PTC075149",NULL,NULL,NULL,"Milestone Vinimay Pvt Ltd is a private limited company incorporated in India, involved in other passenger air-transport n.e.c. It provides various financial services including tax and audit services, registration, and compliances.","Not specified on website","{homepage:https://milestone-vinimay-pvt-ltd.charteredone.com/U51109WB1995PTC075149}","medium","0.86"
608,"Minolta Securities Ltd","ROW-4831",NULL,NULL,"http://www.minoltafinance.co.in/",NULL,NULL,NULL,"Minolta Finance Ltd is a Non-Banking Financial Company (NBFC) offering various loan products such as Trade Finance, Home Loans, Business Loans, Gold Loans, and Microfinance Loan to cater to diverse customer needs.","Multi-Product","{homepage:http://www.minoltafinance.co.in/}","high","1.00"
609,"Mint Investments Ltd","ROW-4832",NULL,NULL,"https://www.mintinvestments.in/",NULL,NULL,NULL,"Mint Investments Limited is a Non Banking Finance Company (NBFC) that provides various financial services. It is a Public Limited Company incorporated in Kolkata and registered as an NBFC with the Reserve Bank of India. The company offers investment products and is listed on the Calcutta Stock Exchange.","MSME","{homepage:https://www.mintinvestments.in/}","medium","0.86"
610,"Mirae Asset Financial Services (India) Private Limited","ROW-4839",NULL,NULL,"https://www.miraeassetfin.com/",NULL,NULL,NULL,"Mirae Asset Financial Services offers loan against securities, mutual funds, shares, and personal loans. They aim to provide high-quality products based on integrity and innovate continuously to earn clients' trust.","MSME","{homepage:https://www.miraeassetfin.com/}","medium","1.00"
611,"Mitrata Inclusive Financial Services Limited","ROW-4844",NULL,NULL,"https://mitrata.in/",NULL,NULL,NULL,"Mitrata is an NBFC-MFI that provides microfinance solutions to marginalized, excluded, and vulnerable communities in rural India. They offer financial services tailored to the needs of women from rural areas, with a focus on empowering them through targeted financial support. Mitrata operates using a Joint Liability Group (JLG) lending model.","MSME","{team:https://mitrata.in/aboutus/management-team/,about:https://mitrata.in/about-us/,homepage:https://mitrata.in/,products:https://mitrata.in/products-and-services/}","medium","0.86"
612,"Mittal Capitals (India) Pvt.Ltd.","ROW-4846",NULL,NULL,"https://www.mittal-associates.com/resources/Forms/NBFC_Forms/NBFC_Forms.aspx",NULL,NULL,NULL,"Mittal & Associates is a chartered accountancy firm providing various services including corporate finance, audit, and tax services.","Not specified on website","{team:https://www.mittal-associates.com/resources/Forms/NBFC_Forms/NBFC_Forms.aspx/resource/Partners.aspx,products:https://www.mittal-associates.com/resources/Forms/NBFC_Forms/NBFC_Forms.aspx/resource/Services/Income_Tax.aspx,about:https://www.mittal-associates.com/resources/Forms/NBFC_Forms/NBFC_Forms.aspx/resources/Bulletins/Corporate_Matters/Corporate_Matters.aspx,homepage:https://www.mittal-associates.com/resources/Forms/NBFC_Forms/NBFC_Forms.aspx}","medium","0.86"
613,"Mittal Global Finance Pvt Ltd.","ROW-4848",NULL,NULL,"https://www.mittalglobalfin.com/about-us.html",NULL,NULL,NULL,"Mittal Global Finance Private Limited is a Non-Banking Financial Company (NBFC) offering personal loan products to individuals at different stages of life, with a focus on customer service and fair business practices.","Consumer","{homepage:https://www.mittalglobalfin.com/about-us.html}","medium","0.86"
614,"Mizuho Capsave Finance Private Limited (Earlier known as Capsave Finance Private Limited)*","ROW-4853",NULL,NULL,"https://www.mizuho-cf.co.in/",NULL,NULL,NULL,"Mizuho Capsave Finance Pvt Ltd is a non-deposit accepting NBFC that provides leasing facility and financing, specializing in equipment leasing to corporates in India.","MSME","{about:https://www.mizuho-cf.co.in/about-capsave-finance/,homepage:https://www.mizuho-cf.co.in/,products:https://www.mizuho-cf.co.in/about-capsave-finance/,team:https://www.mizuho-cf.co.in/management/}","high","1.00"
615,"MKVentures Capital Limited [Formerly : IKAB Securities & Investment Ltd]","ROW-4857",NULL,NULL,"https://mkventurescapital.com/",NULL,NULL,NULL,"Ikab Securities & Investments Ltd. is a Non-Banking Financial Company (NBFC) registered with Reserve Bank of India, providing financial services.","MSME","{about:https://mkventurescapital.com/about-the-company-1,team:https://mkventurescapital.com/management-team,homepage:https://mkventurescapital.com/}","high","1.00"
616,"MLB Securities Private Limited (earlier known as MLB Securities Limited)","ROW-4858",NULL,NULL,"https://www.mlbsecurities.com/",NULL,NULL,NULL,"MLB Securities Private Limited is a non-deposit-taking NBFC registered with the Reserve Bank of India, offering various loan products such as personal loans for salaried individuals, business loans, EV loans for two and three wheelers, rooftop solar loans, and loan against property. The company focuses on young working professionals and small entrepreneurs, aiming to create a financial ecosystem that helps mid-income groups fulfill their aspirations.","MSME","{homepage:https://www.mlbsecurities.com/}","high","1.00"
617,"Mohindra Finvest Private Limited","ROW-4878",NULL,NULL,"https://mohindra-finvest-private-limited.charteredone.com/U67120TN1995PTC141489",NULL,NULL,NULL,"MOHINDRA FINVEST PRIVATE LIMITED is a Non-government company involved in Security Dealing Activities, providing financial market services on behalf of others.","MSME","{homepage:https://mohindra-finvest-private-limited.charteredone.com/U67120TN1995PTC141489}","medium","0.86"
618,"Monedo Financial Services Private Limited (Formerly Kreditech Financial Services P Ltd)","ROW-4888",NULL,NULL,"https://www.monedo.in/",NULL,NULL,NULL,"Mondo Financial Services Private Limited is an RBI-registered NBFC that offers ethical lending and recovery practices, providing loans to customers based on proprietary algorithms depending on their ability to pay.","SME Finance","{homepage:https://www.monedo.in/}","low","1.00"
619,"Monexo Fintech Private Limited","ROW-4890",NULL,NULL,"https://monexo-invest.netlify.app/",NULL,NULL,NULL,"Monexo Invest Company is an international people-to-people lending platform that connects borrowers with investors, offering flexible and regulated terms for both parties. It provides various investment products with high returns and low risk. The platform aims to diversify investors' portfolios with rated borrowers.","Multi-Product","{homepage:https://monexo-invest.netlify.app/}","medium","0.86"
620,"Moneyboxx Finance Limited","ROW-4897",NULL,NULL,"https://moneyboxxfinance.com/",NULL,NULL,NULL,"Moneyboxx is an NBFC that provides loans to micro entrepreneurs, with a focus on empowering small business owners in financially underserved segments. They aim to bridge the credit gap and promote financial inclusivity. Their services include secured and unsecured business loans.","MSME","{homepage:https://moneyboxxfinance.com/,products:https://moneyboxxfinance.com/,team:https://moneyboxxfinance.com/our-leadership-team,about:https://moneyboxxfinance.com/about-moneyboxx-finance}","high","1.00"
621,"Moneygear Fintech Private Limited","ROW-4898",NULL,NULL,"https://www.moneygear.in/",NULL,NULL,NULL,"MoneyGear is a Non-Banking Financial Company (NBFC) providing loans to individuals and small businesses, aiming to empower financial independence through swift and accessible financial solutions.","MSME","{team:https://www.moneygear.in/contact,homepage:https://www.moneygear.in/,products:https://www.moneygear.in/resource/outsourcing-policy,about:https://www.moneygear.in/about}","high","1.00"
622,"Moneymart Securities Pvt Ltd","ROW-4899",NULL,NULL,"https://www.moneymartspl.com/",NULL,NULL,NULL,"Moneymart Securities Pvt Ltd is a Non-Banking Financial Company (NBFC) registered with the Reserve Bank of India, primarily engaged in lending, investing and related activities.","MSME","{homepage:https://www.moneymartspl.com/}","high","1.00"
623,"Moneyplus Financial Services Limited (Earlier known as Moneyplus Financial Services Private Limited)","ROW-4901",NULL,NULL,"https://moneyplus.co.in/",NULL,NULL,NULL,"MoneyPlus is a home loan advisory service that provides quick and easy access to home loans, loan against property, and refinancing. They offer customized solutions for first-time home buyers, self-employed individuals, salaried professionals, and those with good or poor credit. Their goal is to provide the best and most competitive rates with hassle-free experience.","Housing","{products:https://moneyplus.co.in/pylon_service/home-loan/,homepage:https://moneyplus.co.in/,team:https://moneyplus.co.in/contact-us/,about:https://moneyplus.co.in/about-us/}","high","1.00"
624,"Moneyx Finserve Private Limited","ROW-4903",NULL,NULL,"https://moneyxfinserve.com/",NULL,NULL,NULL,"Moneyx Finserve Private Limited is a professionally managed Non-Banking Financial Company providing structured credit solutions to businesses and MSMEs, offering secured and unsecured financing products such as business loans, MSME financing, and loan against property facilities.","MSME","{homepage:https://moneyxfinserve.com/}","high","1.00"
625,"Moonbeam Finvest -Lease Ltd.","ROW-4923",NULL,NULL,"https://www.moonbeamfinvest.com/",NULL,NULL,NULL,"Moonbeam Finvest-Lease is an NBFC registered with Reserve Bank of India, established in 1995. It provides various loan products such as business loans and personal loans, aiming to simplify finance and make borrowing fast, easy, and transparent.","MSME","{homepage:https://www.moonbeamfinvest.com/}","medium","0.86"
626,"Mosurachi India Finance Pvt. Ltd.","ROW-4940",NULL,NULL,"https://www.mosurachi.com/",NULL,NULL,NULL,"Mosurachi India Finance offers various loan products such as Personal Loan, Business Loan, Mortgage Loan, and Gold Loan to suit customers' financial needs.","Multi-Product","{homepage:https://www.mosurachi.com/}","medium","0.86"
627,"Moulin Commercial Ltd.","ROW-4947",NULL,NULL,"https://www.moulin.co.in/",NULL,NULL,NULL,"Moulin Commercial Ltd. is a Non-Banking Financial Company (NBFC) that provides corporate loans to creditworthy companies, focusing on building long-term relationships with stakeholders and contributing to financial inclusion.","MSME","{homepage:https://www.moulin.co.in/}","medium","0.86"
628,"Mount Shikhar Financial Services Limited","ROW-4949",NULL,NULL,"https://www.mountshikhar.com/",NULL,NULL,NULL,"Mount Shikhar Financial Services Ltd is a Non Banking Financial Company that offers various financial solutions including investment services, loans, and broking. The company was started in 1993 and has interests in commodities, equities, mutual fund advisory, debt instrument advisory, and retail distribution. It provides collateral-free personal loans.","Multi-Product","{team:https://www.mountshikhar.com/resource/Contact_Us.aspx,homepage:https://www.mountshikhar.com/,products:https://www.mountshikhar.com/resource/Services/Customized.aspx,about:https://www.mountshikhar.com/resource/about.aspx}","high","0.86"
629,"Mpokket  Financial  Services Private Limited","ROW-4956",NULL,NULL,"https://www.mpokket.in/",NULL,NULL,NULL,"mPokket provides instant financial support with loans from ₹1,000 to ₹2,00,000 and career accelerator programs to empower the dreams of millions of Indians in urban, semi-urban and rural areas.","MSME","{homepage:https://www.mpokket.in/,products:https://www.mpokket.in/services/instant-loans-for-freshers-interns,about:https://www.mpokket.in/about,team:https://www.mpokket.in/contact}","medium","1.00"
630,"Mrunal Agency & Financials Private Limited","ROW-4963",NULL,NULL,"https://www.instafinancials.com/company/mrunal-agency-and-financials-private-limited-U65910GJ1996PTC029846",NULL,NULL,NULL,"MRUNAL AGENCY AND FINANCIALS PRIVATE LIMITED is a financial intermediary providing services except insurance and pension funding. It was incorporated on 07 Jun 1996 and has an authorized share capital of ₹2,50,00,000. The company's main line of business is Financial Intermediation; Except Insurance And Pension Funding.","MSME","{homepage:https://www.instafinancials.com/company/mrunal-agency-and-financials-private-limited-U65910GJ1996PTC029846,about:https://www.instafinancials.com/company/mrunal-agency-and-financials-private-limited-U65910GJ1996PTC029846/dashboard/index.aspx,team:https://www.instafinancials.com/company/mrunal-agency-and-financials-private-limited-U65910GJ1996PTC029846/contact-us.html}","medium","0.86"
631,"Msfin Credits Pvt. Ltd.","ROW-4965",NULL,NULL,"https://msfin.in/",NULL,NULL,NULL,"MSFIN Credit Pvt. Ltd. is an NBFC that provides a wide range of loan products, including micro loans, personal loans, vehicle loans, mortgage loans, and two-wheeler loans, to individuals and businesses. The company aims to provide accessible and reliable financial solutions that empower customers to achieve their dreams. It has been in operation for over 30 years.","MSME","{products:https://msfin.in/apply-loan,about:https://msfin.in/about,homepage:https://msfin.in/,team:https://msfin.in/contact}","high","1.00"
632,"Multiline Share Mercantile Pvt.Ltd","ROW-4992",NULL,NULL,"https://multilinefinance.com/",NULL,NULL,NULL,"Multiline Finance is a new-age Non-Banking Financial Company (NBFC) that caters to the growing needs of an Aspirational India, serving Individual & Corporate Clients. It offers various loan products such as Personal loan, Business Loan, Consumer Durable Loan, and Two Wheeler Loans. The company has created a distinct image for itself in the industry over 25+ years of operations.","Multi-Product","{homepage:https://multilinefinance.com/,products:https://multilinefinance.com/}","medium","0.86"
633,"Muthalagu Finance Private Limited","ROW-5014",NULL,NULL,"https://muthalagufinance.in/",NULL,NULL,NULL,"Muthalagu Finance offers gold loans with competitive interest rates and flexible terms, catering to diverse financial needs in Tamil Nadu.","Gold Loans","{products:https://muthalagufinance.in/jewel-loans-in-tamilnadu-secure-your-future-with-today-gold-silver-prices.php,team:https://muthalagufinance.in/new-branch.php,homepage:https://muthalagufinance.in/}","medium","1.00"
634,"Muthoot Capital Services Ltd.","ROW-5016",NULL,NULL,"https://muthoot.com/",NULL,NULL,NULL,"Muthoot Pappachan Group is a legacy built on God-given values of trust, truth, transparency and tradition, offering various financial services including gold loans, Chits, Financial Services, Automotive, Realty, IT Services, Healthcare, Precious Metals, Global Services and Alternate Energy.","Multi-Product","{homepage:https://muthoot.com/,team:https://muthoot.com/communications/message,about:https://muthoot.com/aboutus/groupprofile,products:https://muthoot.com/ourbusinesses/finance}","high","1.00"
635,"Muthoot Finance  Limited","ROW-5017",NULL,NULL,"https://muthoot.com/",NULL,NULL,NULL,"Muthoot Pappachan Group is a legacy built on God-given values of trust, truth, transparency and tradition, offering various financial services including gold loans, chits, and other products.","Multi-Product","{homepage:https://muthoot.com/,team:https://muthoot.com/communications/message,about:https://muthoot.com/aboutus/groupprofile,products:https://muthoot.com/ourbusinesses/finance}","high","1.00"
636,"Muthoot Mercantile Limited","ROW-5019",NULL,NULL,"https://muthootenterprises.com/",NULL,NULL,NULL,"Muthoot Mercantile Limited is a leading NBFC that lends against the security of gold, investments, health insurance, forex services, and money transfer. The company has several branches across India and prioritizes building long-lasting relationships with its customers. It issues Non-Convertible secured redeemable Debentures (NCDs) and Subordinate Debts (SDs) to meet loan requirements.","MSME","{about:https://muthootenterprises.com/profile,team:https://muthootenterprises.com/management,homepage:https://muthootenterprises.com/,products:https://muthootenterprises.com/quick-and-easy-gold-loan}","high","1.00"
637,"Muthoot Money Pvt. Ltd. (Formerly Known as Moneylyne Financing and Trading (Pvt) Ltd)","ROW-5021",NULL,NULL,"https://muthootmoney.in/muthoot-money/muthoot-money",NULL,NULL,NULL,"Muthoot Money Limited is a non-deposit taking finance company registered with RBI, serving customers through 937 branches across India.","MSME","{about:https://muthootmoney.in/muthoot-money/muthoot-money/muthoot-money/the-muthoot-group,products:https://muthootmoney.in/muthoot-money/muthoot-money/,homepage:https://muthootmoney.in/muthoot-money/muthoot-money,team:https://muthootmoney.in/muthoot-money/muthoot-money/Contact-us}","high","1.00"
638,"Muthoottu Mini Financiers Limited","ROW-5022",NULL,NULL,"https://www.muthoottumini.com/",NULL,NULL,NULL,"Muthoottu Mini Financiers Ltd is a Non-Banking Financial Company (NBFC) founded in 1921, offering various financial services including gold loans, NCDs, micro finance, money transfer, insurance, and wealth management.","Multi-Product","{about:https://www.muthoottumini.com/about/,products:https://www.muthoottumini.com/gold-loan/,team:https://www.muthoottumini.com/wealth-management/,homepage:https://www.muthoottumini.com/}","medium","0.86"
639,"Mynakam General Finance (P)Ltd","ROW-5027",NULL,NULL,"https://mynakam.com/",NULL,NULL,NULL,"Mynakam General Finance Pvt Ltd is a trusted Non-Banking Financial Company (NBFC) that specializes in a wide range of loan products including Gold Loans, Business Loans, Personal Loans, and Vehicle Loans. They aim to empower individuals and businesses through accessible and secure financial services. With over two decades of experience, they have established multiple branches across Kerala.","Business Loan","{about:https://mynakam.com/about-us/mission-and-vision.html,products:https://mynakam.com/service/business-loan.html,homepage:https://mynakam.com/,team:https://mynakam.com/contact.html}","low","0.86"
640,"Nabkisan Finance Limited","ROW-5045",NULL,NULL,"https://www.nabkisan.org/",NULL,NULL,NULL,"NABKISAN Finance Limited is a Non-Banking Finance Company (NBFC) that provides various credit solutions to Farmer Producer Organizations (FPOs), Primary Agricultural Credit Societies, NBFCs, Microfinance Institutions, agri-techs, and corporates. It offers loans for agriculture, post-harvest infrastructure, climate and Water, Sanitation and Hygiene (WASH) initiatives, housing, vehicles, and MSMEs. The company is a pan-India player with direct credit operations across 21 states and 3 union territories.","MSME","{team:https://www.nabkisan.org/management,about:https://www.nabkisan.org/about-us,homepage:https://www.nabkisan.org/,products:https://www.nabkisan.org/fpo}","high","1.00"
641,"Nahar Capital And Financial Services Ltd.","ROW-5060",NULL,NULL,"https://www.owmnahar.com/nahar_cf/about1.php",NULL,NULL,NULL,"NAHAR CAPITAL AND FINANCIAL SERVICES LIMITED (NCFSL) is a Non Deposit Taking Non Banking Financial Company (NBFC-ND) that carries on the business of investment in shares, debentures, stock, bonds and securities of all kinds, as well as lending activities against security of shares, Government Bonds, gold, property and other assets.","Multi-Product","{homepage:https://www.owmnahar.com/nahar_cf/about1.php}","medium","0.86"
642,"Nahar Credits Private Limited","ROW-5061",NULL,NULL,"https://www.naharcredits.in/",NULL,NULL,NULL,"Nahar Credits is an NBFC that offers a wide range of financial services, including personal loans, consumer durable loans, and digital lending platform. They provide easy-to-get loans with minimum documentation for various needs such as travel, medical, marriage, or home renovation. Their goal is to create an experience that is conducive to customers.","Multi-Product","{homepage:https://www.naharcredits.in/,team:https://www.naharcredits.in/contact-us}","medium","0.86"
643,"Nahar Finance & Leasing Ltd.,","ROW-5062",NULL,NULL,"https://www.owmnahar.com/nahar_cf/about1.php",NULL,NULL,NULL,"NAHAR CAPITAL AND FINANCIAL SERVICES LIMITED (NCFSL) is a Non Deposit Taking Non Banking Financial Company (NBFC-ND) that carries on the business of investment in shares, debentures, stock, bonds and securities of all kinds, as well as lending activities against security of shares, Government Bonds, gold, property and other assets.","Multi-Product","{homepage:https://www.owmnahar.com/nahar_cf/about1.php}","medium","0.86"
644,"Naini Credit Services Limited","ROW-5066",NULL,NULL,"https://nainifincap.com/about-us/",NULL,NULL,NULL,"Naini Fincap Limited is a Delhi-based NBFC providing financial services since 1996, mainly financing assets such as automobiles and business loans.","Asset Financing","{products:https://nainifincap.com/loan-application/,team:https://nainifincap.com/contact-us/,about:https://nainifincap.com/about-us/,homepage:https://nainifincap.com/about-us/}","low","0.86"
645,"Nakshatra Finance Private Limited (Earlier known as Jeyar Consultants and Investments Private Limited)","ROW-5071",NULL,NULL,"https://nakshatraassetventures.com/",NULL,NULL,NULL,"Nakshatra Asset Ventures Limited is a boutique entity for Stressed Asset Resolution, offering acquisition and advisory services to resolve debt through restructuring, one-time settlement, business restructuring, and due diligence. They provide specialized solutions across the stressed asset and investment management landscape. Their services cater to various stakeholders including borrowers, lenders, and intermediaries.","MSME","{homepage:https://nakshatraassetventures.com/}","medium","0.86"
646,"Nanak Investments (P) Ltd.","ROW-5088",NULL,NULL,"https://nanak-investments-private-limited.charteredone.com/U50200UP1996PTC019585",NULL,NULL,NULL,"NANAK INVESTMENTS PRIVATE LIMITED is a private limited company incorporated in India, involved in various compliances and registrations related to tax, audit, and government registrations.","Not specified on website","{homepage:https://nanak-investments-private-limited.charteredone.com/U50200UP1996PTC019585}","low","0.71"
647,"Narainsons Investments Finance & Consultancy Pvt. Ltd.","ROW-5106",NULL,NULL,"https://narainsons.com/",NULL,NULL,NULL,"Narainsons is a non-banking financial company (NBFC) that provides financing solutions and loans to end customers through offline or digital processes.","MSME","{homepage:https://narainsons.com/}","medium","1.00"
648,"Narendra Finance Company Private Limited","ROW-5113",NULL,NULL,"https://narendra-finance-co-pvt-ltd.charteredone.com/U65921KA1969PTC060005",NULL,NULL,NULL,"Narendra Finance Co Pvt Ltd is a private limited company involved in hire-purchase financing activities. It has been incorporated for 56 years and has an authorized share capital of Rs. 100,000,000 with a paid-up capital of Rs. 96,400,000. The company offers financial services.","MSME","{homepage:https://narendra-finance-co-pvt-ltd.charteredone.com/U65921KA1969PTC060005}","medium","0.86"
649,"Navachetana Microfin Services Private Limited","ROW-5134",NULL,NULL,"https://www.navachetana.in/",NULL,NULL,NULL,"Navachetana is a Non-Banking Finance Company – Microfinance Institution (NBFC-MFI) that provides micro-loans to marginalized women, enabling them to establish and grow their micro-enterprises. The company aims to foster financial inclusion and bridge the gap between opportunities and those who deserve them. It operates in full compliance with NBFC MFI laws of India.","MSME","{products:https://www.navachetana.in/products/,homepage:https://www.navachetana.in/,team:https://www.navachetana.in/partners/}","high","1.00"
650,"Navaka Social Business Fund Private Limited (Earlier known as Yunus Social Business Fund Bengaluru Private Limited)","ROW-5137",NULL,NULL,"https://socialbusiness.fund/legal-rbi/",NULL,NULL,NULL,"Navaka Social Business Fund Pvt Ltd is an RBI-regulated NBFC that provides debt funding to Indian social businesses, with a focus on housing, healthcare, education, and agriculture.","MSME","{homepage:https://socialbusiness.fund/legal-rbi/,team:https://socialbusiness.fund/contact-us/,about:https://socialbusiness.fund/about/,products:https://socialbusiness.fund/products/}","medium","1.00"
651,"Navin Brothers (P) Ltd","ROW-5149",NULL,NULL,"https://navinbros.in/",NULL,NULL,NULL,"Navin Brothers (P) Ltd is an NBFC registered with RBI under Certificate of Registration No. B.05.06181, offering loans through a blend of traditional and new age fintech model.","MSME","{products:https://navinbros.in/loans-digital/,about:https://navinbros.in/,team:https://navinbros.in/elementor-302/,homepage:https://navinbros.in/}","medium","1.00"
652,"Navin Construction & Credit (P) Ltd","ROW-5150",NULL,NULL,"https://navin-soham-garments-park-private-limited.charteredone.com/U51909WB1990PTC049388",NULL,NULL,NULL,"NAVIN SOHAM GARMENTS PARK PRIVATE LIMITED is a Non-government company involved in Other Wholesale N.E.C. activities, with authorized share capital of Rs. 500,000 and paid up capital of Rs. 203,000.","Not specified on website","{homepage:https://navin-soham-garments-park-private-limited.charteredone.com/U51909WB1990PTC049388}","low","0.71"
653,"Navkar Infin Pvt Ltd.","ROW-5153",NULL,NULL,"https://navkarfinances.com/instant-personal-loans-by-money-on-navkar/",NULL,NULL,NULL,"Navkar Finance is a financial services company that provides various loan products, including home loans, instant loans, personal loans, business loans, and gold loans. They aim to empower people and possibilities through financial solutions. The company was founded in 2009 and has since expanded its services across India.","Multi-Product","{products:https://navkarfinances.com/,team:https://navkarfinances.com/partner/loans/instant/,homepage:https://navkarfinances.com/instant-personal-loans-by-money-on-navkar/,about:https://navkarfinances.com/about-us/}","high","1.00"
654,"Navkar Nivesh Private Limited","ROW-5154",NULL,NULL,"https://navkarnivesh.com/",NULL,NULL,NULL,"Navkar Nivesh is a Non-Banking Financial Company (NBFC) that offers financial empowerment to individuals, entrepreneurs, and small businesses through accessible credit. They aim to bridge the credit gap for the underserved by providing simple, transparent, and fair lending experiences. The company has been at the forefront of financial empowerment in India for over 30 years.","MSME","{about:https://navkarnivesh.com/about-us/,products:https://navkarnivesh.com/msme-loans/,homepage:https://navkarnivesh.com/,team:https://navkarnivesh.com/contact-us/}","high","1.00"
655,"NCML Finance Private Limited","ROW-5175",NULL,NULL,"https://www.ncml.com/",NULL,NULL,NULL,"NCML is a commodity-based service provider offering various financial services, including collateral management, financial management, and weather intelligence. It is an RBI-registered NBFC with a focus on rural and agri-business finance.","MSME","{homepage:https://www.ncml.com/}","low","0.86"
656,"Neelachal Marketing (P) Ltd","ROW-5182",NULL,NULL,"https://neelachalfinance.com/",NULL,NULL,NULL,"Neelachal Finance is a financial services company that provides various loan products, including personal loans, business loans, home loans, and auto loans. The company was founded by Neelachal Leasing & Finance in 1999 and has since expanded its services to become a single window hub for providing all financial solutions. It has expertise in debt collection, risk management, retail credit, and sales in the banking and financial services industry.","SME","{homepage:https://neelachalfinance.com/,about:https://neelachalfinance.com/about-the-founders/,products:https://neelachalfinance.com/,team:https://neelachalfinance.com/our-team/}","low","0.86"
657,"Neelanchal Holdings Pvt. Ltd.","ROW-5187",NULL,NULL,"https://neelanchal.in/",NULL,NULL,NULL,"Neelanchal Udyog Ltd. is a Non-Banking Financial Institution (NBFC) registered with RBI since 2004, offering loans through a blend of traditional and fintech methods in India.","MSME","{team:https://neelanchal.in/contact/,products:https://neelanchal.in/lendplus/,homepage:https://neelanchal.in/,about:https://neelanchal.in/about/}","medium","1.00"
658,"Neelanchal Udyog Ltd.","ROW-5188",NULL,NULL,"https://neelanchal.in/",NULL,NULL,NULL,"Neelanchal Udyog Ltd. is a Non-Banking Financial Institution (NBFC) registered with RBI since 2004, offering loans through a blend of traditional and fintech methods in India.","MSME","{team:https://neelanchal.in/contact/,products:https://neelanchal.in/lendplus/,homepage:https://neelanchal.in/,about:https://neelanchal.in/about/}","medium","1.00"
659,"Neuzen Finance Private Limited (Formerly known as Umang Trading Private Limited)","ROW-5232",NULL,NULL,"https://neuzen.in/",NULL,NULL,NULL,"Neuzen Finance is a Non-Banking Finance Company (NBFC) registered with the Reserve Bank of India, offering various financial products such as personal loans, business loans, mortgage loans, and loans against shares. The company aims to empower individuals and businesses across the nation through innovative solutions and unwavering support. Its vision is to be the catalyst of financial growth, driving prosperity and success for every Indian.","MSME","{about:https://neuzen.in/about-us,team:https://neuzen.in/our-team-1,products:https://neuzen.in/,homepage:https://neuzen.in/}","high","1.00"
660,"Newa Investments Pvt. Ltd.","ROW-5244",NULL,NULL,"https://newainvestments.com/",NULL,NULL,NULL,"Newa Investments is a Non-Deposit taking – Non Banking Financial Company (NBFC) engaged in the business of investment in shares & securities and financial activities, primarily serving retail customers.","MSME","{homepage:https://newainvestments.com/,about:https://newainvestments.com/company-profile/,team:https://newainvestments.com/contact/}","high","1.00"
661,"Nidhi Lakshmi Finance Private Limited","ROW-5258",NULL,NULL,"https://www.nidhilakshmi.com/",NULL,NULL,NULL,"Nidhi Lakshmi Finance provides loan against property (LAP) solutions for individuals and small businesses, offering flexible repayment terms and competitive interest rates.","MSME","{team:https://www.nidhilakshmi.com/contact-us,about:https://www.nidhilakshmi.com/our-story/,homepage:https://www.nidhilakshmi.com/,products:https://www.nidhilakshmi.com/contact-us}","medium","0.86"
662,"Nightingale Finvest Pvt. Ltd.","TEMP-1771682710",NULL,NULL,"https://nightingalefinvest.in/",NULL,NULL,NULL,"Nightingale Finvest Private Limited is an NBFC-MFI providing microfinance to low-income groups, evolving from a charitable society in Assam. It offers loans and financial services to poor and low-income groups to generate more income and raise living standards. The company has expanded its activities since 2011.","MSME","{homepage:https://nightingalefinvest.in/,team:https://nightingalefinvest.in/our-teams/,about:https://nightingalefinvest.in/about-company/,products:https://nightingalefinvest.in/loans/indivitual-lending/}","medium","0.86"
663,"Nipha Finance Private Limited","ROW-5301",NULL,NULL,"https://www.niphaindia.com/group-company",NULL,NULL,NULL,"Nipha India is a precision manufacturing solutions provider with a legacy of success spanning decades, delivering high-quality products globally. They have 9 state-of-the-art production units and export to over 30 countries. Their mission is to establish themselves as a trusted global business partner for OEMs.","MSME","{homepage:https://www.niphaindia.com/group-company,about:https://www.niphaindia.com/about-us,products:https://www.niphaindia.com/product/parts-sub-assemblies,team:https://www.niphaindia.com/contact-us}","high","1.00"
664,"Nippon Services & Holdings (P) Ltd","ROW-5302",NULL,NULL,"https://mf.nipponindiaim.com/FundsAndPerformance/Pages/NipponIndia-Banking-and-Financial-Services-Fund.aspx",NULL,NULL,NULL,"Nippon India Mutual Fund offers various financial services, including banking and financial services sector investments, with the primary objective of generating long-term capital growth.","MSME","{homepage:https://mf.nipponindiaim.com/FundsAndPerformance/Pages/NipponIndia-Banking-and-Financial-Services-Fund.aspx,products:https://mf.nipponindiaim.com/FundsAndPerformance/_layouts/15/Authenticate.aspx?Source=%2FFundsAndPerformance%2FPages%2FNipponIndia%2DBanking%2Dand%2DFinancial%2DServices%2DFund%2Easpx,about:https://mf.nipponindiaim.com/FundsAndPerformance/Pages/NipponIndia-Banking-and-Financial-Services-Fund.aspx/knowledge-center/all-about-sip}","medium","0.86"
665,"Nipun Securities Ltd.","ROW-5305",NULL,NULL,"https://www.nipunfinserv.com/TermsConditions",NULL,NULL,NULL,"Nipun Finserv is an NBFC that provides various financial services including investment, insurance, and loans. It distributes financial products through its website and mobile application, in partnership with Prudent Corporate Advisory Services Limited.","Multi-Product","{homepage:https://www.nipunfinserv.com/TermsConditions}","medium","0.86"
666,"Nirala Leasing & Finance Company Private Limited","ROW-5307",NULL,NULL,"https://company.vakilsearch.com/nirala-leasing-and-finance-company-private-limited/U99999MH1996PTC102636",NULL,NULL,NULL,"The NBFC provides various company registration services, including private limited company registration, partnership firm registration, and sole proprietorship registration.","Not specified on website","{about:https://company.vakilsearch.com,team:https://company.vakilsearch.com/nirala-leasing-and-finance-company-private-limited/U99999MH1996PTC102636/partnership-firm-registration,homepage:https://company.vakilsearch.com/nirala-leasing-and-finance-company-private-limited/U99999MH1996PTC102636,products:https://company.vakilsearch.com/nirala-leasing-and-finance-company-private-limited/U99999MH1996PTC102636/}","medium","0.86"
667,"Nirantara Finaccess Private Limited","TEMP-1771683119",NULL,NULL,"https://www.nirantarafinaccess.in/",NULL,NULL,NULL,NULL,NULL,NULL,NULL,NULL
668,"Nirmal Bang Financial Services Pvt. Ltd. [Formerly: Nadi Finance & Investment Pvt. Ltd.]","ROW-5311",NULL,NULL,"https://www.nirmalbang.com/",NULL,NULL,NULL,"Nirmal Bang is a leading stock broking firm in India, offering various financial services such as equity and derivatives trading, forex trading, commodity trading, institutional broking, and more.","Not specified on website","{team:https://www.nirmalbang.com/contact-us.aspx,about:https://www.nirmalbang.com/about-nirmalbang.aspx,homepage:https://www.nirmalbang.com/,products:https://www.nirmalbang.com/products-and-services/equity-and-derivatives-trading.aspx}","low","0.71"
669,"Nirman Securities Limited","ROW-5316",NULL,NULL,"https://nirmanbroking.com/",NULL,NULL,NULL,"Nirman Broking is a stock broking firm offering various financial services including demat and trading accounts, mutual funds, IPOs, corporate FDs, and more. They have over 35 years of experience in the stock market and provide interactive platforms with multiple scanners and indicators for technical analysis. Their services cater to both retail and institutional clients.","Multi-Product","{homepage:https://nirmanbroking.com/,about:https://nirmanbroking.com/mutual-fund/fund-profile.aspx,team:https://nirmanbroking.com/static/partner-us.aspx,products:https://nirmanbroking.com/static/loan.aspx}","medium","0.86"
670,"Nitstone Finserv Private Limited","ROW-5340",NULL,NULL,"https://www.nitstone.com/",NULL,NULL,NULL,"Nitstone Finserv is a non-deposit taking Non-Banking Finance Company (NBFC) registered with the Reserve Bank of India, offering customized financing solutions to clients across various market segments.","Multi-Product","{team:https://www.nitstone.com/contact,about:https://www.nitstone.com/corporate/who-we-are,homepage:https://www.nitstone.com/,products:https://www.nitstone.com/corporate/what-we-do}","medium","0.86"
671,"Nixa Fincap Private Limited (Earlier known as Xander Finance Private Limited)","ROW-5349",NULL,NULL,"https://nixafincap.com/",NULL,NULL,NULL,"Nixa Fincap Private Limited is a systemically important Non-deposit accepting Non-Banking Financial Company in India, established in 2010 under license from the Reserve Bank of India (RBI), providing end to end credit solutions including advisory services, deal structuring, financing, and workouts to investors, developers, asset owners, private equity owners and large corporations across various industries.","MSME","{homepage:https://nixafincap.com/}","medium","1.00"
672,"Niyogin Fintech Limited","ROW-5351",NULL,NULL,"https://www.niyogin.com/",NULL,NULL,NULL,"Niyogin Niyogin Fintech Ltd is an NBFC that provides financial solutions to MSMEs and individuals, offering embedded lending, distribution network, and innovative products.","MSME","{about:https://www.niyogin.com/about-us,products:https://www.niyogin.com/Embedded-Finance,homepage:https://www.niyogin.com/}","high","1.00"
673,"NKC Finance Private Limited","ROW-5355",NULL,NULL,"https://www.nkcfinance.com/aboutus.php",NULL,NULL,NULL,"NKC Finance is an NBFC registered with RBI, focusing on the financial needs of micro, small & medium enterprises, aiming to provide timely credit in an efficient & customer-friendly manner.","MSME","{homepage:https://www.nkcfinance.com/aboutus.php}","medium","1.00"
674,"Nomura Fixed Income Securities Limited","ROW-5367",NULL,NULL,"https://www.nomuraholdings.com/en/company/group/asia/nfispl.html",NULL,NULL,NULL,"Nomura is a financial services company providing various financial products and services, including securities, asset management, and banking. It offers wealth management, investment management, and research services to individuals and businesses. The company has a strong presence in Japan and globally.","Multi-Product","{team:https://www.nomuraholdings.com/en/company/group/asia/nfispl.html/en/company/group/holdings/management.html,about:https://www.nomuraholdings.com/en/company/group/asia/nfispl.html/en/index.html,products:https://www.nomuraholdings.com/en/company/group/asia/nfispl.html/en/company/group/ngfc.html,homepage:https://www.nomuraholdings.com/en/company/group/asia/nfispl.html}","medium","0.86"
675,"North East Hire Purchase Company (India) Pvt Ltd.","ROW-5376",NULL,NULL,"https://www.north-east.in/",NULL,NULL,NULL,"North-East Hire Purchase Pvt Ltd provides comprehensive financial solutions for individuals and businesses, aiming to help customers achieve their dreams and secure their future.","MSME","{homepage:https://www.north-east.in/}","medium","0.86"
676,"Northern Projects Ltd","ROW-5385",NULL,NULL,"https://www.northernproj.co.in/",NULL,NULL,NULL,"Northern Projects Ltd is a Non-Banking Finance Company (NBFC) that offers various financial services including home loans, car and vehicle loans, business loans, and MSME loans. They aim to provide quick loan approval, competitive interest rates, and excellent customer service. The company has a strong presence in rural and semi-urban areas of Rajasthan.","MSME","{homepage:https://www.northernproj.co.in/}","medium","0.86"
677,"Northlink Fiscal & Capital Services Ltd.","ROW-5386",NULL,NULL,"https://www.northlink.co.in/",NULL,NULL,NULL,"NORTHLINK FISCAL & CAPITAL SERVICES LIMITED is a public limited listed company providing various financial services including finance, construction, trading, and agencies.","MSME","{homepage:https://www.northlink.co.in/}","medium","0.86"
678,"Novatis Finovative Limited","ROW-5392",NULL,NULL,"https://finovative.in/",NULL,NULL,NULL,"Finovative is an Investment Banking Firm providing valuation services, deal structuring, financial due diligence, and fund raising in debt and equity. They assist various domestic and overseas corporations with their business activities. The company has a Pan India presence.","Not specified on website","{about:https://finovative.in/about/,team:https://finovative.in/contact/,products:https://finovative.in/business-valuation-services/,homepage:https://finovative.in/}","medium","0.86"
679,"Nsmk Investments Pvt. Ltd.","ROW-5404",NULL,NULL,"https://www.nsmkinvestments.in/",NULL,NULL,NULL,"NSMK is a Non-Banking Financial Company that provides a wide range of financial services, including personal loans, business loans, supply chain finance, and gold loans. They aim to empower individuals and businesses with tailored financial solutions. Their services are designed to meet unique needs.","MSME","{homepage:https://www.nsmkinvestments.in/}","high","1.00"
680,"Octal Securities & Services (P) Ltd","ROW-5436",NULL,NULL,"https://octal-projects-private-limited.charteredone.com/U70109WB2016PTC216685",NULL,NULL,NULL,"OCTAL PROJECTS PRIVATE LIMITED is a private limited company incorporated on 19 Jul 2016, classified as Non-government company and involved in Real Estate Activities With Own Or Leased Property N.E.C. It has authorized share capital of Rs. 133,200,000 and paid up capital of Rs. 133,100,000.","Not specified on website","{homepage:https://octal-projects-private-limited.charteredone.com/U70109WB2016PTC216685}","low","0.71"
681,"Ojas Suppliers Limited","ROW-5445",NULL,NULL,"https://ojas-suppliers-limited.charteredone.com/U51909DL1995PLC276907",NULL,NULL,NULL,"OJAS SUPPLIERS LIMITED is a Non-government company involved in Other Wholesale N.E.C. and has been incorporated for 30 years, with authorized share capital of Rs. 59,500,000 and paid up capital of Rs. 58,486,000.","Not specified on website","{homepage:https://ojas-suppliers-limited.charteredone.com/U51909DL1995PLC276907}","medium","0.86"
682,"Oleevia Grameen Credits Private Limited (Earlier known as Shree Ganesh Stock Private Limited)","ROW-5449",NULL,NULL,"https://oleeviagrameencredits.com/",NULL,NULL,NULL,"Oleevia Grameen Credits is a modern Non-Banking Finance Company offering innovative financial products and services to its customers, with the mission to provide a wide range of financial services through innovation, technology, and unparalleled customer service.","MSME","{team:https://oleeviagrameencredits.com/leadership/,about:https://oleeviagrameencredits.com/about-us/,homepage:https://oleeviagrameencredits.com/,products:https://oleeviagrameencredits.com/services/gold-loan/}","medium","1.00"
683,"Olympiaa Financiers Karur Private Limited","ROW-5456",NULL,NULL,"http://www.olympiaafinanciers.com/",NULL,NULL,NULL,NULL,NULL,NULL,NULL,NULL
684,"Omega Trade Enterprises Ltd","ROW-5469",NULL,NULL,"https://www.indiratrade.com/company-profile/board-members/omegatradeenter",NULL,NULL,NULL,"Omega Trade Enterprises Ltd. is a Private NBFC providing various financial services including equity trading, derivatives trading, mutual funds, and IPO services.","MSME","{about:https://www.indiratrade.com/about-us,products:https://www.indiratrade.com/static/services.aspx,homepage:https://www.indiratrade.com/company-profile/board-members/omegatradeenter,team:https://www.indiratrade.com/business-partner}","medium","0.86"
685,"Omkaar Finmax Private Limited","ROW-5472",NULL,NULL,"https://omkaar.in/",NULL,NULL,NULL,"Omkaar Finmax Private Limited is an NBFC offering various loan products for self-employed professionals, business persons, and startups. These loans are customizable with flexible repayment terms and attractive interest rates. The company provides hassle-free documentation and fast disbursal.","MSME","{homepage:https://omkaar.in/}","medium","0.86"
686,"Optimix Securities (P) Ltd","ROW-5489",NULL,NULL,"http://optimixadvisors.com/",NULL,NULL,NULL,"Optimix Advisors is a four-decade-old, sector-agnostic Investment Bank specializing in solving client problems by providing optimal and tailored solutions. They arrange equity and debt funding for companies from the Series A stage through IPO and post-IPO stages. The firm has expertise in various transactions including fundraises, M&A deals, IPOs, and secondary blocks.","Multi-Product","{homepage:http://optimixadvisors.com/}","high","1.00"
687,"Orchid Credits Private Limited","ROW-5501",NULL,NULL,"https://www.orchidcredits.com/",NULL,NULL,NULL,"Orchid Credits Private Limited is a Non-Banking Finance Company (NBFC) registered with the Reserve Bank of India, offering secured loans against hypothecation of assets and properties.","MSME","{homepage:https://www.orchidcredits.com/}","low","0.86"
688,"Orchid Securities (P) Ltd.","ROW-5503",NULL,NULL,"https://www.orchidsecuritiesltd.com/",NULL,NULL,NULL,"I Secure Credit & Capital Services Limited is a public listed company that provides credit and capital services. The company was incorporated in 1994 and has been changing its name since 2021. It offers various financial products and services.","MSME","{homepage:https://www.orchidsecuritiesltd.com/}","high","1.00"
689,"Oriental Finstock Services  Pvt.Ltd","ROW-5510",NULL,NULL,"https://www.orientalfinstock.com/",NULL,NULL,NULL,"Oriental Finstock Services Private Limited is a registered NBFC regulated by the Reserve Bank of India, providing smart, flexible, and reliable financial services for individuals, businesses, and communities.","MSME","{homepage:https://www.orientalfinstock.com/}","medium","1.00"
690,"Osprey Finvest  Pvt Ltd","ROW-5520",NULL,NULL,"http://www.osprey-finvest-pl.cc/",NULL,NULL,NULL,"Swift Cash is a loan application designed and developed by OSPREY FINVEST PRIVATE LIMITED, offering fast loan services with low interest rates and flexibility.","MSME","{homepage:http://www.osprey-finvest-pl.cc/}","high","0.86"
691,"Oxyzo Financial Services Limited","ROW-5532",NULL,NULL,"https://www.oxyzo.in/",NULL,NULL,NULL,"Oxyzo is a leading lending option for SMEs in India, offering credit solutions and loans customised to help SMEs expand their operations, revenue, and profit margins. They offer various loan products across term loans, working capital solutions, low-interest rates, collateral-free credit options, and fast loan processing timelines. Oxyzo aims to continuously innovate in the B2B financial services space through end-to-end capabilities.","MSME","{about:https://www.oxyzo.in/about/info,team:https://www.oxyzo.in/direct-selling-agent,products:https://www.oxyzo.in/all-products,homepage:https://www.oxyzo.in/}","high","1.00"
692,"P G Commercials Pvt. Ltd.","ROW-5539",NULL,NULL,"https://vanicommercials.com/",NULL,NULL,NULL,"Vani Commercials Limited is a listed NBFC empowering MSMEs and retail borrowers with tailored financing solutions since 1988. They pride themselves on transparent, quick, and customer-centric credit delivery. The company operates strictly in compliance with applicable laws and RBI regulations.","MSME","{about:https://vanicommercials.com/index.php/about-us/,homepage:https://vanicommercials.com/,products:https://vanicommercials.com/index.php/loan-products/,team:https://vanicommercials.com/index.php/contact/}","high","1.00"
693,"P G Nahar Finance Limited","ROW-5540",NULL,NULL,"https://www.naharcredits.in/",NULL,NULL,NULL,"Nahar Credits is an NBFC that offers a wide range of financial services, including personal loans, consumer durable loans, and digital lending platform. They provide easy-to-get loans with minimum documentation for various needs such as travel, medical, marriage, or home renovation. Their products cater to individual and business customers.","Multi-Product","{team:https://www.naharcredits.in/contact-us,homepage:https://www.naharcredits.in/}","medium","0.86"
694,"P J Credit Capital Ltd.","ROW-5542",NULL,NULL,"https://pjcreditcapital.in/about/",NULL,NULL,NULL,"PJ Credit Capital is a Non-Banking Financial Institution (NBFC) that provides customized financial solutions to individuals and businesses. It operates on a robust business model with a strong emphasis on cultivating long-term relationships with stakeholders. The company aims to empower financial aspirations through tailored solutions.","MSME","{homepage:https://pjcreditcapital.in/about/,about:https://pjcreditcapital.in/about/,products:https://pjcreditcapital.in/services/,team:https://pjcreditcapital.in/management-team/}","high","1.00"
695,"P Jainex Trade & Finance Pvt Ltd","ROW-5543",NULL,NULL,"https://jainexfin.com/",NULL,NULL,NULL,"Jainex is a duly registered Non-Banking Financial Company (NBFC) providing responsible and structured capital to invest in long-term growth opportunities of emerging and established businesses in India and abroad through secured lending.","MSME","{homepage:https://jainexfin.com/}","medium","1.00"
696,"Paisalo Digital Limited","ROW-5593",NULL,NULL,"https://www.paisalo.in/",NULL,NULL,NULL,"Paisalo Digital Limited is an NBFC that offers various loan products, including personal loans and co-lending with five banks. The company aims to empower lives through its High Tech: High Touch approach. It has a strong presence across 22 states.","Multi-Product","{homepage:https://www.paisalo.in/}","high","1.00"
697,"Pali Commercial Co Ltd","ROW-5596",NULL,NULL,"https://www.palicommercial.com/",NULL,NULL,NULL,"Pali Commercial Company Limited is a Non Deposit taking Non-Banking Financial Company registered with Reserve Bank of India, primarily extending financial help to companies engaged in various activities.","MSME","{homepage:https://www.palicommercial.com/}","medium","1.00"
698,"Palli Pragoti Financial Services Private Limited (Formerly Kamala Trades & Holdings Pvt Ltd)","ROW-5598",NULL,NULL,"https://pallipragoti.com/",NULL,NULL,NULL,"Palli Pragoti Financial Services Pvt. Ltd. is a registered NBFC providing structured term financing solutions to farmers and low-income households, offering loans at reasonable interest rates.","MSME","{products:https://pallipragoti.com/our-products/,about:https://pallipragoti.com/about-us/,homepage:https://pallipragoti.com/,team:https://pallipragoti.com/team/}","medium","0.86"
699,"Pallonji Leasing Private Limited","ROW-5599",NULL,NULL,"https://www.mpallonjigroup.com/pallonji-leasing.html",NULL,NULL,NULL,"Pallonji Leasing Pvt Ltd is a Non Banking Finance Company (NBFC) that provides asset-backed finance for the purchase of passenger and commercial vehicles, barges, and other equipment under hire purchase, lease, and loan schemes.","MSME","{homepage:https://www.mpallonjigroup.com/pallonji-leasing.html}","medium","1.00"
700,"Pam Fincap Pvt. Ltd.","ROW-5605",NULL,NULL,"https://www.pamfincap.com/",NULL,NULL,NULL,"PAM Fincap Private Limited provides various loan products including home loans, auto loans, personal loans, business loans, and MSME loans with simple documentation and competitive interest rates.","MSME","{homepage:https://www.pamfincap.com/}","high","1.00"
701,"Pandarakalam Finance Private Limited","ROW-5619",NULL,NULL,"https://www.pandarakalamfinance.com/",NULL,NULL,NULL,"Pandarakalam Finance Pvt Ltd is a gold loan service provider that offers quick and easy gold loans with minimal documentation. The company has been in business for over 150 years, tracing its roots back to the Athirampuzha Market of Travancore. It provides various loan products with competitive interest rates.","Gold Loans","{products:https://www.pandarakalamfinance.com/gold-loan.html,about:https://www.pandarakalamfinance.com/about.html,homepage:https://www.pandarakalamfinance.com/}","medium","0.86"
702,"Pandinadu Finance Company Private Limited","ROW-5620",NULL,NULL,"https://pandinadufinance.com/about/",NULL,NULL,NULL,"Pandinadu Nbfc is a Non-Banking Financial Company (NBFC) registered under the Companies Act, 1956, engaged in lending and advances. It offers various loan schemes for commercial vehicles, consumers, government securities, and gold loans. The company has a minimum net owned fund of Rs. 5 crore, which will increase to Rs. 10 crore by 31.03.2027.","MSME","{team:https://pandinadufinance.com/contact/,about:https://pandinadufinance.com/what-is-non-banking-finance-company/,homepage:https://pandinadufinance.com/about/,products:https://pandinadufinance.com/}","medium","0.86"
703,"Paras Capfin Co. Pvt. Ltd.","TEMP-1771690965",NULL,NULL,"https://parascapfin.com/",NULL,NULL,NULL,"Parascapfin is an NBFC that provides Loan Against Property (LAP) loans to small business owners, allowing them to hold onto their properties while taking a loan against the mortgage. The company lends predominantly to self-employed/entrepreneurs in urban and semi-urban environments. It uses the LAP methodology.","MSME","{homepage:https://parascapfin.com/,about:https://parascapfin.com/company-overview/,team:https://parascapfin.com/partner-with-us/,products:https://parascapfin.com/loan-against-property/}","medium","0.86"
704,"Paras Credit Capital Private Limited","TEMP-1771690967",NULL,NULL,"https://parascapfin.com/",NULL,NULL,NULL,"Parascapfin is an NBFC that provides Loan Against Property (LAP) loans to small business owners who have established businesses and are in the process of expansion. The company lends predominantly to self-employed/entrepreneurs in Urban and Semi-urban environments. It uses the LAP methodology to serve its clients.","MSME","{homepage:https://parascapfin.com/,about:https://parascapfin.com/company-overview/,team:https://parascapfin.com/partner-with-us/,products:https://parascapfin.com/loan-against-property/}","high","1.00"
705,"Parichiti Software  Pvt.  Ltd.","TEMP-1771690970",NULL,NULL,"https://nbfcsoftware.co.in/index.html",NULL,NULL,NULL,"This NBFC provides customized software solutions for non-banking financial companies (NBFCs) to manage their operations, including loan tracking, EMI collections, and client portfolios. The software is designed to handle various banking facilities without a banking license. It offers features such as home loan mortgage loan business loan personal loan gold loan two wheeler loan vehicle loan lap loan consumer durable loan education loan unsecured loan group loan project finance real estate funding MSME loan RAW material funding.","MSME","{""team:https://nbfcsoftware.co.in/index.html/contact-us.html "",homepage:https://nbfcsoftware.co.in/index.html,""about:https://nbfcsoftware.co.in/index.html/about.html "",""products:https://nbfcsoftware.co.in/index.html/micro-finance-software.html ""}","high","1.00"
706,"Parishek Finance Private Limited","TEMP-1771690972",NULL,NULL,"https://parishekfinance.com/business-loan.html",NULL,NULL,NULL,"Parishek Finance Private Limited is an NBFC that provides business loans to small and medium enterprises, helping them grow through customized loan products tailored to their specific needs.","MSME","{homepage:https://parishekfinance.com/business-loan.html}","high","1.00"
707,"Parker Financial Services Private Limited","TEMP-1771690975",NULL,NULL,"https://parkerfinancial.com.au/",NULL,NULL,NULL,"Parker Financial is a self-licenced financial services company providing tailored wealth advice to individuals and families across Canberra and beyond, with over $1 billion in funds under management.","MSME","{homepage:https://parkerfinancial.com.au/,about:https://parkerfinancial.com.au/about-us/,team:https://parkerfinancial.com.au/about-us/,products:https://parkerfinancial.com.au/our-services/}","high","1.00"
708,"Parrami Finance Pvt Ltd","TEMP-1771690977",NULL,NULL,"https://www.parrami.com/",NULL,NULL,NULL,"Parrami Finance Private Limited is a Fund Based Non-Banking Finance Company registered with Reserve Bank of India, providing financing facilities and loans to Indian companies, MSME business enterprises, and startups.","MSME","{team:https://www.parrami.com/contactus/,homepage:https://www.parrami.com/}","low","0.86"
709,"Parshwa Credit And Finance Private Limited","TEMP-1771690980",NULL,NULL,"https://eipo.parshwaconsultancy.in/IPO/IPODetail/752",NULL,NULL,NULL,"Fedfina is a retail-focused non-banking finance company (NBFC) that offers various loan products, including mortgage loans, small ticket loan against property, medium ticket LAP, unsecured business loans, and gold loans, primarily catering to MSMEs and emerging self-employed individuals.","MSME","{homepage:https://eipo.parshwaconsultancy.in/IPO/IPODetail/752}","high","1.00"
710,"Patni Financial Advisors Pvt. Ltd.","TEMP-1771690983",NULL,NULL,"https://patniadvisors.com/",NULL,NULL,NULL,"Patni Financial Advisors is a registered NBFC that invests in publicly listed as well as private companies with a focus on long-term holding, primarily in the Consumer, Enterprise, and Fintech sectors.","Multi-Product","{homepage:https://patniadvisors.com/}","medium","0.86"
711,"Paul Merchants Finance Private Limited  (Formerly known as Paul Fincap Pvt. Ltd.)","TEMP-1771690985",NULL,NULL,"https://www.paulmerchants.net/paulmerchants/services/",NULL,NULL,NULL,"Paul Merchants Limited is a Public Limited Company offering various financial services including Foreign Exchange, International Money Transfer, Tours, Travels, Holidays Packages and Air Ticketing. The company has diversified interests in these fields and holds licenses issued by Reserve Bank of India to act as Authorized Dealer Category II. It is also an IATA accredited Travel Agency.","Multi-Product","{about:https://www.paulmerchants.net/paulmerchants/about-us/,homepage:https://www.paulmerchants.net/paulmerchants/services/,team:https://www.paulmerchants.net/paulmerchants/management/,products:https://www.paulmerchants.net/paulmerchants/services/}","high","1.00"
712,"Pavandham Investments & Finance Company Private Limited","TEMP-1771690986",NULL,NULL,"https://www.pavandhamin.com/",NULL,NULL,NULL,"PAVANDHAM INVESTMENTS AND FINANCE COMPANY PRIVATE LIMITED is a Non-Banking Financial Company (NBFC) providing various loan products, including business loans, auto loans, wedding loans, and travel loans. They offer lower interest rates, credit score improvement, and flexible repayment options. The company has over 20 years of experience in financial services.","Multi-Product","{homepage:https://www.pavandhamin.com/}","medium","0.86"
713,"Payme India Financial Services Private Limited","TEMP-1771690989",NULL,NULL,"https://www.paymeindia.in/our-nbfc-partners/",NULL,NULL,NULL,"PayMe offers a suite of innovative loan products and features, tailored to meet the unique needs of salaried, self-employed, and women customers. They provide personal loans, short-term loans, empowerment loans, MSME loans, credit assist, mutual funds loan, and check credit score services. The company aims to simplify finance for everyone.","Multi-Product","{about:https://www.paymeindia.in/our-nbfc-partners/about/,products:https://www.paymeindia.in/our-nbfc-partners/personal-loan/,homepage:https://www.paymeindia.in/our-nbfc-partners/,team:https://www.paymeindia.in/our-nbfc-partners/}","high","1.00"
714,"PCR Investments Limited","TEMP-1771690991",NULL,NULL,"https://www.pcrinvestments.com/",NULL,NULL,NULL,"PCR Investments Ltd is a public limited company that provides financial services, including investments in equity shares and consultancy services, as a Registered Non Banking Financial Company with Reserve Bank of India.","MSME","{homepage:https://www.pcrinvestments.com/}","high","1.00"
715,"Pdm Investment & Trading Co. (P) Ltd","TEMP-1771690993",NULL,NULL,"https://pdminvestment.com/",NULL,NULL,NULL,"PDM Investment Services is a distributor of financial products, providing investment-related services such as mutual funds, corporate fixed deposits, sovereign gold bonds, alternative investments, and insurance. They also offer tax and reporting services to their clients.","MSME","{homepage:https://pdminvestment.com/,team:https://pdminvestment.com/contact-us/,about:https://pdminvestment.com/about/,products:https://pdminvestment.com/services/}","low","0.86"
716,"Peak Mercantiles Pvt. Ltd","TEMP-1771690995",NULL,NULL,"https://peak-mercantiles-pvt-ltd.charteredone.com/U65993WB1982PTC035174",NULL,NULL,NULL,"Peak Mercantiles Pvt Ltd is a private limited company involved in activities of chit fund/kuri companies, and it provides various financial services including tax & audit, registration, and compliance.","MSME","{homepage:https://peak-mercantiles-pvt-ltd.charteredone.com/U65993WB1982PTC035174}","medium","0.86"
717,"Perfect Capital Services Limited","TEMP-1771690997",NULL,NULL,"https://perfectgroup.org/loan-application/",NULL,NULL,NULL,"Perfect Group is a diversified conglomerate providing premium services in the sectors of Financial Supermarkets, Infrastructure Development and Consultancy Services. It has emerged as the leader in the private vehicle finance market and offers various loan products.","MSME","{team:https://perfectgroup.org/contact/,about:https://perfectgroup.org/about/,homepage:https://perfectgroup.org/loan-application/,products:https://perfectgroup.org/financial-services/}","high","1.00"
718,"Perfect Homfin Private Limited","TEMP-1771691000",NULL,NULL,"https://perfecthomfin.in/",NULL,NULL,NULL,"Perfect Homfin Pvt Ltd is a Non-Banking Finance Company (NBFC) registered with the Reserve Bank of India, providing consumer loans to its clients. The company aims to offer quality and efficient professional services to all clients irrespective of location and size. It has been in operation since September 1995.","MSME","{homepage:https://perfecthomfin.in/}","medium","0.86"
719,"Phillip Finance & Investment Services India Private Limited","TEMP-1771691002",NULL,NULL,"https://www.phillip.com.sg/global-network/",NULL,NULL,NULL,"PhillipCapital is a financial services company that offers various financial products and services, including securities trading, fund management, corporate finance, and more. It has a global network of offices across Asia-Pacific regions. PhillipCapital is licensed by the Monetary Authority of Singapore.","Multi-Product","{homepage:https://www.phillip.com.sg/global-network/}","medium","0.86"
720,"Pilani Investment and Industries Corporation Ltd.","TEMP-1771691004",NULL,NULL,"https://www.pilaniinvestment.com/investor.html",NULL,NULL,NULL,"Pilani Investment Industries Corporation Ltd. is an investment company registered with the Reserve Bank of India as a Non-Banking Financial Company, providing various financial services and disclosures under Regulation 46 of the SEBI LODR.","MSME","{homepage:https://www.pilaniinvestment.com/investor.html}","medium","1.00"
721,"Piyush Fiscal Ltd","TEMP-1771691006",NULL,NULL,"https://piyushlimited.in/",NULL,NULL,NULL,"Piyush Limited is a Non-Banking Financial Company registered with Reserve Bank of India, committed to lending money and giving credit to individuals and businesses.","MSME","{homepage:https://piyushlimited.in/,team:https://piyushlimited.in/contact/}","low","0.86"
722,"Piyush Mercantile Private Limited","TEMP-1771691008",NULL,NULL,"https://piyushlimited.in/",NULL,NULL,NULL,"Piyush Limited is a Non-Banking Financial Company registered with Reserve Bank of India, committed to lending money and giving credit to individuals and businesses.","MSME","{homepage:https://piyushlimited.in/,team:https://piyushlimited.in/contact/}","medium","1.00"
723,"Piyush Securities P Ltd","TEMP-1771691010",NULL,NULL,"https://piyushlimited.in/",NULL,NULL,NULL,"Piyush Limited is a Non-Banking Financial Company registered with Reserve Bank of India, committed to lending money and giving credit to individuals and businesses.","MSME","{homepage:https://piyushlimited.in/,team:https://piyushlimited.in/contact/}","low","0.86"
724,"Piyush Suppliers Pvt Ltd","TEMP-1771691013",NULL,NULL,"https://piyushlimited.in/",NULL,NULL,NULL,"Piyush Limited is a Non-Banking Financial Company registered with Reserve Bank of India, committed to lending money and giving credit to individuals and businesses.","MSME","{homepage:https://piyushlimited.in/,team:https://piyushlimited.in/contact/}","medium","0.86"
725,"PRABHAT FINANCE PRIVATE LIMITED","TEMP-1771691014",NULL,NULL,"https://www.prabhatsecuritiesltd.co.in/",NULL,NULL,NULL,"Prabhat Securities Limited is a Non-Banking Financial Company (NBFC) engaged in finance, investment, and fund-based activities.","MSME","{homepage:https://www.prabhatsecuritiesltd.co.in/}","medium","1.00"
726,"Prabhat Securities Ltd.","TEMP-1771691017",NULL,NULL,"https://www.prabhatsecuritiesltd.co.in/",NULL,NULL,NULL,"Prabhat Securities Limited is a Non-Banking Financial Company (NBFC) engaged in finance, investment, and fund-based activities.","MSME","{homepage:https://www.prabhatsecuritiesltd.co.in/}","high","1.00"
727,"Prabhu Finsec Pvt. Ltd.","TEMP-1771691020",NULL,NULL,"https://www.prabhufinsec.com/",NULL,NULL,NULL,"Prabhu Finsec Private Limited is a Non-Banking Financial Company (NBFC) that provides safe, transparent, and reliable personal loan solutions to meet the diverse needs of its customers.","MSME","{homepage:https://www.prabhufinsec.com/}","medium","1.00"
728,"Prachay Capital Limited","TEMP-1771691021",NULL,NULL,"https://prachay.com/",NULL,NULL,NULL,"Prachay Group is a professionally run financial solutions company that provides fast, progressive and customized financial solutions to ambitious businesses. They aim to contribute to nation building by helping businesses grow and deliver financial solutions that help businesses pursue their passion and achieve their potential.","MSME","{about:https://prachay.com/who-we-are/,team:https://prachay.com/reach-us/,homepage:https://prachay.com/}","medium","0.86"
729,"Pradakshana Fintech P Limited","TEMP-1771691023",NULL,NULL,"https://pradakshana.com/",NULL,NULL,NULL,"Pradakshana Fintech Pvt. Ltd. provides financial solutions to MSMEs, small enterprise loans, personal loans to salaried employees, and aims to make capital available to these communities in the most efficient and sustainable manner.","MSME","{homepage:https://pradakshana.com/,team:https://pradakshana.com/about-us/partners/,about:https://pradakshana.com/about-us/vision-and-mission/,products:https://pradakshana.com/products/}","high","1.00"
730,"Pragya Commerce  Pvt.  Ltd.","TEMP-1771691025",NULL,NULL,"https://pragya-commerce-pvt-ltd.charteredone.com/U51109WB1996PTC077490",NULL,NULL,NULL,"PRAGYA COMMERCE PVT LTD is a private limited company involved in other passenger air-transport n.e.c. It provides various financial services including tax and audit, registration, and compliances.","Not specified on website","{homepage:https://pragya-commerce-pvt-ltd.charteredone.com/U51109WB1996PTC077490}","low","0.71"
731,"Praharshita Finance Private Limited","TEMP-1771691027",NULL,NULL,"https://praharshita.com/",NULL,NULL,NULL,"Praharshita Finance is a registered NBFC providing financial solutions to individuals and businesses, with a focus on empowering customers through accessible and innovative services.","MSME","{team:https://praharshita.com/contact-us,homepage:https://praharshita.com/,about:https://praharshita.com/about-us,products:https://praharshita.com/loans}","medium","0.86"
732,"Prateek Securities Private Ltd.","TEMP-1771691029",NULL,NULL,"https://prateeksecurities.in/",NULL,NULL,NULL,"Prateek Securities Private Limited is a trusted NBFC providing personalized loan solutions with a commitment to financial inclusion and customer satisfaction.","Multi-Product","{team:https://prateeksecurities.in/team,homepage:https://prateeksecurities.in/,products:https://prateeksecurities.in/services,about:https://prateeksecurities.in/about}","high","1.00"
733,"Pratush Commercial (P) Ltd","TEMP-1771691032",NULL,NULL,"https://pratush-commercial-pvt-ltd.charteredone.com/U67120WB1991PTC051195",NULL,NULL,NULL,"PRATUSH COMMERCIAL PVT LTD is a private limited company involved in security dealing activities, such as stock broking and related activities.","MSME","{homepage:https://pratush-commercial-pvt-ltd.charteredone.com/U67120WB1991PTC051195}","medium","0.86"
734,"Pravik Finance And Investment Company Private Ltd.","TEMP-1771691034",NULL,NULL,"https://www.pravikfinance.com/",NULL,NULL,NULL,"PRAVIK Finance and Investment Company Private Limited is an NBFC that offers personal loans through its mobile application VeriLend, providing flexible and transparent financial solutions.","MSME","{homepage:https://www.pravikfinance.com/}","high","0.86"
735,"Premier Credit Capital Ltd","TEMP-1771691035",NULL,NULL,"https://www.premiercapitalservices.in/",NULL,NULL,NULL,"Premier Capital Services Ltd. is a Non-govt company incorporated in 1983, providing various loan products to retail and business customers.","MSME","{homepage:https://www.premiercapitalservices.in/}","low","0.86"
736,"Priha Finlease Private Limited","TEMP-1771691037",NULL,NULL,"https://www.prihafinlease.com/",NULL,NULL,NULL,"Priha Finlease Private Limited is a diversified finance company that offers various loan products, including mortgage loans, business loans, and personal loans. The company aims to cater to the diverse financial needs of retail, corporate, and institutional customers across businesses. It has disbursed loans worth over INR 800 Million in a short span of three years.","MSME","{homepage:https://www.prihafinlease.com/}","medium","0.86"
737,"Prime Caplease Limited","TEMP-1771691039",NULL,NULL,"https://www.primecapitalmarket.in/",NULL,NULL,NULL,"Prime Capital Market Ltd. is a leading non-banking financial company (NBFC) engaged in finance and investment in shares and securities, fund and non-fund based activities, consultancy, and advisory services on various financial products.","MSME","{homepage:https://www.primecapitalmarket.in/}","medium","0.86"
738,"Prime Finvest & Leasing Ltd","TEMP-1771691041",NULL,NULL,"https://primefinvest.com/",NULL,NULL,NULL,"Prime Finvest and Leasing Limited is a Non Banking Finance Company (NBFC) that has been helping various large and midsized corporates in financial arrangements, restructuring, and planning for over three decades. The company specializes in Syndication, Advisory, Consulting & Leasing business. It provides debt syndication and restructuring, private equity consulting, merger and acquisition advisory, and other services.","MSME","{products:https://primefinvest.com/services/,about:https://primefinvest.com/about/,homepage:https://primefinvest.com/,team:https://primefinvest.com/contact/}","medium","0.86"
739,"Prithvi Finlease India Ltd. (Formerly Nivid Finlease Ltd.)","TEMP-1771691043",NULL,NULL,"https://prithvi-science-and-technologies-private-limited.charteredone.com/U72900MH2019PTC324376",NULL,NULL,NULL,"PRITHVI SCIENCE AND TECHNOLOGIES PRIVATE LIMITED is a private limited company involved in other computer related activities, such as website maintenance and multimedia presentations.","Other Computer Related Activities","{homepage:https://prithvi-science-and-technologies-private-limited.charteredone.com/U72900MH2019PTC324376}","low","0.86"
740,"Progfin Private Limited (Formerly Hytone Holdings Pvt Ltd)","TEMP-1771691045",NULL,NULL,"https://www.progfin.com/",NULL,NULL,NULL,"Progfin is a non-deposit taking NBFC providing SME lending in India, aiming to transform small business' lending by making it convenient for last mile retailers to access credit easily.","MSME","{homepage:https://www.progfin.com/}","high","1.00"
741,"Progressive Finlease Limited","TEMP-1771691048",NULL,NULL,"https://www.progressivefinlease.in/",NULL,NULL,NULL,"Progressive Finlease Limited is a Non-Banking Finance Company (NBFC) registered with Reserve Bank of India, providing financial services since its inception in 1995.","MSME","{homepage:https://www.progressivefinlease.in/}","medium","1.00"
742,"Progressive Star Finance Private Limited (Formerly Progressive Star  Holdings  &  Consultants  Pvt.  Ltd.)","TEMP-1771691050",NULL,NULL,"https://progressivefinlease.in/",NULL,NULL,NULL,"Progressive Finlease Limited is a Non-Banking Finance Company (NBFC) registered with Reserve Bank of India, offering financial services and loans to customers across the country. The company aims to empower investors and contribute to society through its socially inclusive business model. It facilitates loans based on future earning capacity.","MSME","{homepage:https://progressivefinlease.in/,team:https://progressivefinlease.in/team/,about:https://progressivefinlease.in/about-us/}","high","1.00"
743,"Prolend Finserve Private Limited","TEMP-1771691052",NULL,NULL,"http://prolendfinserv.com/",NULL,NULL,NULL,"ProLend Finserv is a private limited company incorporated on 4th September 2019, offering quality financial services to meet customer needs. They aim to become the NBFC of choice through their mission and core values. The company provides various loan products, including Gold Loans, Women Empowerment Loans, Personal Loans, Traders Loans, Money Transfer, and Insurance.","Multi-Product","{about:http://prolendfinserv.com/about/,homepage:http://prolendfinserv.com/,team:http://prolendfinserv.com/contact/,products:http://prolendfinserv.com/gold-loan/}","high","1.00"
744,"Puja Corporation Limited","TEMP-1771691054",NULL,NULL,"https://www.pujatrades.com/",NULL,NULL,NULL,"Puja Trades & Investments Private Limited is a non-banking finance company (NBFC) registered with the Reserve Bank of India (RBI), offering fund-based lending solutions including short-term loans to corporates and individuals.","MSME","{homepage:https://www.pujatrades.com/}","medium","1.00"
745,"Puja Trades & Investments Private Limited","TEMP-1771691057",NULL,NULL,"https://www.pujatrades.com/",NULL,NULL,NULL,"Puja Trades & Investments Private Limited is a non-banking finance company (NBFC) registered with the Reserve Bank of India (RBI), offering fund-based lending solutions including short-term loans to corporates and individuals.","MSME","{homepage:https://www.pujatrades.com/}","medium","1.00"
746,"Pulyanthope Benefit Fund Limited","TEMP-1771691059",NULL,NULL,"https://www.pulyanthope.com/",NULL,NULL,NULL,"Pulyanthope Benefit Fund LTD is a Non-Banking Finance Company (NBFC) that provides financial support, including gold and other loans. They have focused on the Gold Loan sector since 2020-2021 and aim to provide timely financial support with empathy, trust, and technology. Their products are designed for individuals and families who cannot access mainstream commercial banks.","Gold Loans","{team:https://www.pulyanthope.com/contact,homepage:https://www.pulyanthope.com/,products:https://www.pulyanthope.com/services,about:https://www.pulyanthope.com/about}","medium","0.86"
747,"Purohit Financial Services Pvt Ltd","TEMP-1771691062",NULL,NULL,"https://purohit-financial-services-private-limited.charteredone.com/U65999WB1992PTC055278",NULL,NULL,NULL,"PUROHIT FINANCIAL SERVICES PRIVATE LIMITED is a Non-government company involved in Non-Operating Financial Holding Companies (Investment Companies). It provides various financial services and has been incorporated for 33 years. The company's authorized share capital is Rs. 15,920,000 and its paid-up capital is Rs. 15,850,000.","Multi-Product","{homepage:https://purohit-financial-services-private-limited.charteredone.com/U65999WB1992PTC055278}","medium","0.86"
748,"Purshottam Investofin Ltd.","TEMP-1771691064",NULL,NULL,"https://www.purshottaminvestofin.in/",NULL,NULL,NULL,"Purshottam Investofin Limited is a Non-Deposit Taking, Non-Systemically Important Non-Banking Financial Company (NBFC) providing tailored loan solutions and strategic investment services for businesses.","MSME","{homepage:https://www.purshottaminvestofin.in/}","high","1.00"
749,"Purva Capital Market Ltd","TEMP-1771691065",NULL,NULL,"https://www.primecapitalmarket.in/",NULL,NULL,NULL,"Prime Capital Market Ltd. is a non-banking financial company (NBFC) engaged in finance and investment in shares and securities, fund and non-fund based activities, consultancy, and advisory services on various financial products.","Not specified on website","{homepage:https://www.primecapitalmarket.in/}","medium","0.86"
750,"Purvaja Fincap Private Limited (Formerly Purvaja Investments Private Limited)","TEMP-1771691067",NULL,NULL,"https://www.purvajafin.com/policy/kyc-policy/",NULL,NULL,NULL,"Purvajafin is a registered NBFC offering various financial services including personal loans, gold loans, vehicle loans, and micro loans. It aims to provide immediate funds and good returns on investments to customers. The company has 32 years of vintage operating mainly in south India.","MSME","{team:https://www.purvajafin.com/leadership/,about:https://www.purvajafin.com/about/,homepage:https://www.purvajafin.com/policy/kyc-policy/,products:https://www.purvajafin.com/services/}","high","1.00"
751,"Pushkar Commercial Limited","TEMP-1771691069",NULL,NULL,"http://pushkarbanijya.com/",NULL,NULL,NULL,"Pushkar Banijya Limited is a Non Banking Finance Company (NBFC) registered with Reserve Bank of India (RBI), providing loans for Business or Capacity expansion, Working Capital loans, loans for Purchase of Equipment and Machinery, Term Loans against Property, loans for Purchase of Commercial Property and other finance services.","MSME","{homepage:http://pushkarbanijya.com/}","medium","1.00"
752,"Pyramid Distributors & Sales Pvt Ltd","TEMP-1771691071",NULL,NULL,"https://www.pyramidfinance.com/about-pyramid-finance-pvt-ltd/",NULL,NULL,NULL,"Pyramid Finance Pvt. Ltd. is a Non-Banking Finance Company that primarily focuses on Corporate Finance products, covering Project Finance, Bridge Loans, Bill Discounting, Working Capital Finance, Leasing, Asset Financing and Loans against purchase orders.","Corporate","{homepage:https://www.pyramidfinance.com/about-pyramid-finance-pvt-ltd/,team:https://www.pyramidfinance.com/contact-us/,about:https://www.pyramidfinance.com/about-pyramid-finance-pvt-ltd/,products:https://www.pyramidfinance.com/}","medium","1.00"
753,"Pyramid Finserve Private Limited","TEMP-1771691073",NULL,NULL,"https://www.pyramidfinserve.com/",NULL,NULL,NULL,"Pyramid Finserve Private Limited (PFPL) is an emerging Non-Banking Financial Company offering a range of financial solutions, including Personal Loans, Two-Wheeler Loans, Business Loans, Mortgage Loans, catering to diverse financial needs of served and underserved customers.","Business Loan","{homepage:https://www.pyramidfinserve.com/}","low","0.86"
754,"Pyxis Finvest Limited (Formerly BCB Finance Ltd)","TEMP-1771691074",NULL,NULL,"https://pyxisfinvest.com/",NULL,NULL,NULL,"Pyxis Finvest Ltd is an RBI registered Non deposit accepting NBFC with certificate of registration No. N.13.01840 dated August 30, 2006, providing loans against securities and financing facilities for IPOs and FPOs.","MSME","{homepage:https://pyxisfinvest.com/,team:https://pyxisfinvest.com/contact-us/,products:https://pyxisfinvest.com/services/,about:https://pyxisfinvest.com/about-us/}","high","1.00"
755,"Quick Infin Limited,","TEMP-1771691076",NULL,NULL,"https://www.quickfinindia.in/",NULL,NULL,NULL,"Quickfin is an NBFC that offers various loan products, including personal loans, business loans, home loans, and gold loans, with affordable rates and hassle-free application processes.","Multi-Product","{homepage:https://www.quickfinindia.in/}","high","1.00"
756,"Quick Investment (India)Ltd.","TEMP-1771691078",NULL,NULL,"https://www.quickcompany.in/articles/non-banking-financial-company-nbfc",NULL,NULL,NULL,"This NBFC provides a wide range of financial services, including market brokering and acquisition of shares, bonds, and debentures. They are registered under Companies Act, 1956 and Companies Act,2013, and do not have full banking license but provide similar financial services to banks. They offer various loan products for different purposes.","Multi-Product","{products:https://www.quickcompany.in/articles/non-banking-financial-company-nbfc/articles/how-nbfc-is-different-from-nidhi-and-micro-finance-company,homepage:https://www.quickcompany.in/articles/non-banking-financial-company-nbfc,team:https://www.quickcompany.in/articles/non-banking-financial-company-nbfc/contact,about:https://www.quickcompany.in/articles/non-banking-financial-company-nbfc/}","high","1.00"
757,"Rachit Capital Services Pvt.Ltd","TEMP-1771691080",NULL,NULL,"https://rachitfinancialservices.com/",NULL,NULL,NULL,"Rachit Financial Services Private Limited is a systemically important Non-Banking Financial Company (NBFC) that offers various loan products, including unsecured loans, secured loans, and business loans.","Multi-Product","{homepage:https://rachitfinancialservices.com/}","high","1.00"
758,"Radhya Micro Finance Private Limited","TEMP-1771691082",NULL,NULL,"https://radhyafinance.com/",NULL,NULL,NULL,"Radhya Micro Finance Pvt. Ltd. is a microfinance institution that provides accessible financial solutions for women entrepreneurs and community development, with a focus on empowering underprivileged communities through structured financial support systems.","MSME","{team:https://radhyafinance.com/meet-the-team,products:https://radhyafinance.com/,homepage:https://radhyafinance.com/}","high","1.00"
759,"Radiant Trafin Pvt Ltd","TEMP-1771691085",NULL,NULL,"https://www.radiantfinancialservices.com/",NULL,NULL,NULL,"Radiant Financial Services Limited is an NBFC providing short term and medium term finance to various companies, carrying out investment in shares of listed and unlisted companies, mutual funds, and other securities.","Multi-Product","{homepage:https://www.radiantfinancialservices.com/}","medium","0.86"
760,"Raghunath Holdings And Finlease Ltd.","TEMP-1771691087",NULL,NULL,"https://raghunath-international-limited.charteredone.com/L52312UP1994PLC022559",NULL,NULL,NULL,"Raghunath International Limited is a private limited company incorporated in India, involved in the retail sale of perfumery articles. It has an authorized share capital of Rs. 60,000,000 and a paid-up capital of Rs. 50,002,000. The company is classified as a non-government company and is registered at ROC Kanpur.","Not specified on website","{homepage:https://raghunath-international-limited.charteredone.com/L52312UP1994PLC022559}","low","0.71"
761,"Ragini Merchants Pvt Ltd","TEMP-1771691089",NULL,NULL,"https://raginifin.com/company-profile/",NULL,NULL,NULL,"Ragini Finance Private Limited is a Non-Deposit taking – Non Banking Financial Company (NBFC) engaged in the business of investment in shares & securities and financial activity, without any public funds or customer interface.","MSME","{about:https://raginifin.com/company-profile/,team:https://raginifin.com/contact/,products:https://raginifin.com,homepage:https://raginifin.com/company-profile/}","medium","0.86"
762,"Rajeev Trading & Holdings (P) Ltd","TEMP-1771691091",NULL,NULL,"https://carajeev.com/resources/Forms/NBFC_Forms/NBFC_Forms.aspx",NULL,NULL,NULL,"Rajeev & Associates provides corporate finance services including income tax audit and assurance, accounting and financial management, GST services, payroll and HR compliance, strategic advisory and consultancy, and more.","Multi-Product","{team:https://carajeev.com/resources/Forms/NBFC_Forms/NBFC_Forms.aspx/resource/Partners.aspx,homepage:https://carajeev.com/resources/Forms/NBFC_Forms/NBFC_Forms.aspx,about:https://carajeev.com/resources/Forms/NBFC_Forms/NBFC_Forms.aspx/resources/Bulletins/Corporate_Matters/Corporate_Matters.aspx,products:https://carajeev.com/resources/Forms/NBFC_Forms/NBFC_Forms.aspx/resource/Services/Corporate_Finance.aspx}","medium","0.86"
763,"Rajesh Vanijya Pvt Ltd","TEMP-1771691093",NULL,NULL,"https://rajeshvanijya.com/",NULL,NULL,NULL,"Rajesh Vanijya Private Limited is a Non-Deposit taking – Non Banking Financial Company (NBFC) engaged in the business of investment in shares & securities and financial activities, without any public funds or direct loaning activity.","Multi-Product","{homepage:https://rajeshvanijya.com/,about:https://rajeshvanijya.com/company-profile/,team:https://rajeshvanijya.com/contact/}","medium","0.86"
764,"Rajgarhia Auto Finance (P) Ltd","TEMP-1771691095",NULL,NULL,"https://ravisagarautofinance.com/about-us/",NULL,NULL,NULL,"Ravisagar Auto Finance Pvt. Ltd. is a Non-Banking Financial Corporation (NBFC) that provides hire-purchase financing for two-wheelers, three-wheelers, and four-wheelers, as well as construction equipment loans to eligible entities.","Vehicle","{products:https://ravisagarautofinance.com/,about:https://ravisagarautofinance.com/about-us/,team:https://ravisagarautofinance.com/contact-us/,homepage:https://ravisagarautofinance.com/about-us/}","medium","0.86"
765,"Rajma Holdings  Pvt.  Ltd.","TEMP-1771691097",NULL,NULL,"https://jhilmil-holdings-pvt-ltd.charteredone.com/U65922WB1986PTC040419",NULL,NULL,NULL,"JHILMIL HOLDINGS PVT LTD is a Non-government company involved in Activities Of Housing Finance Companies, providing credit for house purchase by specialised institutions that do not also take deposits.","MSME","{homepage:https://jhilmil-holdings-pvt-ltd.charteredone.com/U65922WB1986PTC040419}","medium","0.86"
766,"Rajput Leasing And Finance Limited","TEMP-1771691099",NULL,NULL,"https://www.rajputfintsech.com/welcome/Financial.html",NULL,NULL,NULL,"Rajput Leasing And Finance Limited is a Non-Banking Financial Institution (NBFC) that provides lending solutions to customers. It has experience of over a decade in the lending sector and aims to achieve milestones in digital lending platforms. The company is registered with the RBI for reliable financial solutions.","MSME","{homepage:https://www.rajputfintsech.com/welcome/Financial.html}","medium","0.86"
767,"Rajsi Infin Consultants Pvt. Ltd.","TEMP-1771691101",NULL,NULL,"https://www.rajsiinfin.com/",NULL,NULL,NULL,"Rajsi Infin Pvt Ltd is an RBI Registered NBFC providing business loans, personal loans, and loan against property with a focus on quick turnaround times, transparent processes, and competitive interest rates.","Multi-Product","{homepage:https://www.rajsiinfin.com/}","high","1.00"
768,"Raju Investments Pvt. Ltd.","TEMP-1771691103",NULL,NULL,"https://venkatarajuinvestments.com/blogs",NULL,NULL,NULL,"This NBFC provides life insurance and investment solutions, offering personalized investment strategies for diverse clients. It specializes in creating comprehensive financial portfolios and providing sound advice on financial products. The company was established on March 28, 2023.","Multi-Product","{homepage:https://venkatarajuinvestments.com/blogs,about:https://venkatarajuinvestments.com/about,team:https://venkatarajuinvestments.com/team,products:https://venkatarajuinvestments.com/categories/17/productlist}","medium","0.86"
769,"Ramesh Mercantile Pvt Ltd","TEMP-1771691106",NULL,NULL,"https://ramesh-mercantile-pvt-ltd.charteredone.com/U51909WB1990PTC048800",NULL,NULL,NULL,"Ramesh Mercantile Pvt Ltd is a private limited company incorporated in India, involved in other wholesale N.E.C. activities.","MSME","{homepage:https://ramesh-mercantile-pvt-ltd.charteredone.com/U51909WB1990PTC048800}","medium","0.86"
770,"Ramesham Securities & Credit ( India) Limited","TEMP-1771691108",NULL,NULL,"https://rameshamsecurities.com/",NULL,NULL,NULL,"Ramesham Securities & Credit (India) Limited is an NBFC that offers digital lending services, aiming to empower financial wellness and foster financial inclusion for all. They provide loans tailored to individual needs, with a focus on transparency and competitive interest rates. The company aims to become India's most trusted and innovative NBFC.","Multi-Product","{homepage:https://rameshamsecurities.com/}","high","1.00"
771,"Randar Business (P) Ltd","TEMP-1771691110",NULL,NULL,"https://randarca.com/",NULL,NULL,NULL,"The website appears to be a corporate services and financial solutions provider, offering various tax-related services, accounting, and regulatory compliance solutions.","Multi-Product","{team:https://randarca.com/resource/Partners.aspx,homepage:https://randarca.com/,about:https://randarca.com/resources/Bulletins/Corporate_Matters/Corporate_Matters.aspx,products:https://randarca.com/resource/Services/Income_Tax.aspx}","medium","0.86"
772,"Rander Corporation Limited","TEMP-1771691112",NULL,NULL,"https://randergroup.com/",NULL,NULL,NULL,"Rander Corporation Ltd. is an NBFC that provides lending and securities services, with a focus on real estate investments and capital market activities.","Multi-Product","{team:https://randergroup.com/management-team/,homepage:https://randergroup.com/,about:https://randergroup.com/about/}","medium","0.86"
773,"Rang De P2P Financial Services Limited","TEMP-1771691114",NULL,NULL,"https://rangde.in/",NULL,NULL,NULL,"Rang De is an RBI-registered NBFC P2P lending platform focused on providing timely and affordable credit to unbanked communities, enabling individuals to lend to unbanked farmers, artisans, and entrepreneurs.","MSME","{homepage:https://rangde.in/,about:https://rangde.in/about/our-story,team:https://rangde.in/contact,products:https://rangde.in/home}","high","1.00"
774,"Rani Leasings & Finance Private Limited","TEMP-1771691116",NULL,NULL,"https://rani-leasings-and-finance-private-limited.charteredone.com/U65921WB1990PTC049236",NULL,NULL,NULL,"Rani Leasings & Finance Private Limited is a non-government company involved in hire-purchase financing activities. It has an authorized share capital of Rs. 72,500,000 and a paid-up capital of Rs. 49,123,750. The company was incorporated on June 13, 1990.","MSME","{homepage:https://rani-leasings-and-finance-private-limited.charteredone.com/U65921WB1990PTC049236}","medium","0.86"
775,"Ranisati Constructions Co Pvt Ltd","TEMP-1771691118",NULL,NULL,"https://shreeranisati.com/",NULL,NULL,NULL,"Shree Rani Sati Investment & Finance Pvt Ltd is a Non Banking Financial Company engaged in the business of finance, investment, and trading. Revenue is generated through purchase/sale of shares and securities, placement of inter corporate deposits, brokerage and commission from its trading activities.","MSME","{homepage:https://shreeranisati.com/,products:https://shreeranisati.com/}","high","1.00"
776,"Ranisati Mercantiles Pvt. Ltd","TEMP-1771691119",NULL,NULL,"https://shreeranisati.com/",NULL,NULL,NULL,"Shree Rani Sati Investment & Finance Pvt Ltd is a Non Banking Financial Company engaged in the business of finance, investment, and trading. Revenue is generated through purchase/sale of shares and securities, placement of inter corporate deposits, brokerage, and commission from its trading activities.","MSME","{homepage:https://shreeranisati.com/,products:https://shreeranisati.com/}","medium","0.86"
777,"Ranisati Niryat (P) Ltd","TEMP-1771691121",NULL,NULL,"https://shreeranisati.com/",NULL,NULL,NULL,"Shree Rani Sati Investment & Finance Pvt Ltd is a Non Banking Financial Company engaged in the business of finance, investment, and trading. Revenue is generated through purchase/sale of shares and securities, placement of inter corporate deposits, brokerage, and commission from its trading activities.","MSME","{homepage:https://shreeranisati.com/,products:https://shreeranisati.com/}","medium","0.86"
778,"Ranisati Properties Private Limited (Earlier known as Ranisati Properties Limited)","TEMP-1771691124",NULL,NULL,"https://shreeranisati.com/",NULL,NULL,NULL,"Shree Rani Sati Investment & Finance Pvt Ltd is a Non Banking Financial Company engaged in the business of finance, investment, and trading. Revenue is generated through purchase/sale of shares and securities, placement of inter corporate deposits, brokerage, and commission from its trading activities.","MSME","{homepage:https://shreeranisati.com/,products:https://shreeranisati.com/}","high","1.00"
779,"Ranjit Distributors Pvt Ltd","TEMP-1771691126",NULL,NULL,"https://ranjitsecurities.com/",NULL,NULL,NULL,"Ranjit Securities Limited is a Non-Deposit Taking Non-Banking Financial company (NBFC) involved in financial services like hire purchase, micro financing, personal loan, business loan, mortgage loan, etc.","MSME","{homepage:https://ranjitsecurities.com/,team:https://ranjitsecurities.com/mgmt/,about:https://ranjitsecurities.com/about-us/,products:https://ranjitsecurities.com/contact-us-2/}","medium","0.86"
780,"Ranjit Securities Ltd.","TEMP-1771691128",NULL,NULL,"https://ranjitsecurities.com/",NULL,NULL,NULL,"Ranjit Securities Limited is a Non-Deposit Taking Non-Banking Financial company (NBFC) involved in financial services like hire purchase, micro financing, personal loan, business loan, mortgage loan, etc.","MSME","{homepage:https://ranjitsecurities.com/,team:https://ranjitsecurities.com/mgmt/,about:https://ranjitsecurities.com/about-us/,products:https://ranjitsecurities.com/contact-us-2/}","high","1.00"
781,"Rankini Traders (P) Ltd","TEMP-1771691129",NULL,NULL,"https://rankini-traders-pvt-ltd.charteredone.com/U74140WB1995PTC070461",NULL,NULL,NULL,"RANKINI TRADERS PVT. LTD. is a private limited company involved in Business And Management Consultancy Activities, providing advice and services.","MSME","{homepage:https://rankini-traders-pvt-ltd.charteredone.com/U74140WB1995PTC070461}","medium","0.86"
782,"Ranks Fiscals (P) Ltd.","TEMP-1771691131",NULL,NULL,"https://ranks-fiscals-pvt-ltd.charteredone.com/U65921WB1995PTC067607",NULL,NULL,NULL,"RANKS FISCALS PVT LTD is a private limited company that provides hire-purchase financing activities, and its authorized share capital is Rs. 47,864,000 while the paid-up capital is Rs. 45,127,000.","MSME","{homepage:https://ranks-fiscals-pvt-ltd.charteredone.com/U65921WB1995PTC067607}","medium","0.86"
783,"Ranni General Finance & Hire Purchase Ltd.","TEMP-1771691133",NULL,NULL,"https://rannigeneralfinance.com/",NULL,NULL,NULL,"Ranni General Finance and Hire Purchase Ltd is a Non-Banking Finance Company (NBFC) engaged in the business of Hypothecation Financing of Motor Vehicles, providing loans with easy terms and reasonable interest rates to its customers.","MSME","{homepage:https://rannigeneralfinance.com/}","medium","0.86"
784,"Rasalika Trading & Investment Company Pvt.Ltd.","TEMP-1771691136",NULL,NULL,"https://company.vakilsearch.com/rasalika-trading-and-investment-company-private-limited/U74899DL1987PTC028059",NULL,NULL,NULL,"The NBFC provides various company registration services, including private limited company registration, partnership firm registration, and sole proprietorship registration.","Not specified on website","{products:https://company.vakilsearch.com/rasalika-trading-and-investment-company-private-limited/U74899DL1987PTC028059/chartered-accountant-services,team:https://company.vakilsearch.com/rasalika-trading-and-investment-company-private-limited/U74899DL1987PTC028059/partnership-firm-registration,about:https://company.vakilsearch.com,homepage:https://company.vakilsearch.com/rasalika-trading-and-investment-company-private-limited/U74899DL1987PTC028059}","medium","0.86"
785,"Rashmi Commercial Co Ltd","TEMP-1771691137",NULL,NULL,"https://www.rashmigroup.com/instant-loan-online-177/",NULL,NULL,NULL,"Rashmi Group is an industrial conglomerate with a diversified presence across Iron & Steel, Cement, Aluminium, Power & Ferro Alloys, and Mining. It has grown steadily over four decades through visionary leadership, sustainable manufacturing, and a deep commitment to nation-building. The group operates with minimal debt and invests heavily in its manufacturing facilities.","MSME","{homepage:https://www.rashmigroup.com/instant-loan-online-177/,about:https://www.rashmigroup.com/about-us/,products:https://www.rashmigroup.com/products/,team:https://www.rashmigroup.com/management-team/}","high","1.00"
786,"Rashmi Properties & Investments Ltd","TEMP-1771691140",NULL,NULL,"https://www.rashmigroup.com/instant-loan-online-177/",NULL,NULL,NULL,"Rashmi Group is one of India's leading industrial conglomerates with a diversified presence across Iron & Steel, Cement, Aluminium, Power & Ferro Alloys, and Mining. The group has grown steadily over four decades through visionary leadership, sustainable manufacturing, and a deep commitment to nation-building.","MSME","{homepage:https://www.rashmigroup.com/instant-loan-online-177/,about:https://www.rashmigroup.com/about-us/,products:https://www.rashmigroup.com/products/,team:https://www.rashmigroup.com/management-team/}","high","1.00"
787,"Rathi Financial Services Ltd","TEMP-1771691142",NULL,NULL,"https://www.rathi.com/grp/index.php",NULL,NULL,NULL,"Anand Rathi Group is a financial service provider offering various services including stock broking, wealth management, investment banking, commodities broking, construction finance, and capital market lending.","Multi-Product","{homepage:https://www.rathi.com/grp/index.php}","high","1.00"
788,"Ravisagar Auto Finance Private Limited","TEMP-1771691144",NULL,NULL,"https://ravisagarautofinance.com/",NULL,NULL,NULL,"Ravisagar Auto Finance Pvt. Ltd. is a Non-Banking Financial Corporation (NBFC) that provides hire-purchase financing for two-wheelers, three-wheelers, and four-wheelers, as well as construction equipment loans to eligible entities.","Vehicle","{homepage:https://ravisagarautofinance.com/,about:https://ravisagarautofinance.com/about-us/,team:https://ravisagarautofinance.com/contact-us/,products:https://ravisagarautofinance.com/}","medium","0.86"
789,"Redkite Capital Private Limited","TEMP-1771691146",NULL,NULL,"https://www.redkite.co.in/",NULL,NULL,NULL,"Red Kite Consulting is a private limited company that offers various services including executive search, migration, education, real estate, branding, and aviation. They provide resume critique, visual infographic resumes, video resumes, LinkedIn profiling, interview preparation, and other services to enhance professional profiles.","Not specified on website","{products:https://www.redkite.co.in/candidate-services/,homepage:https://www.redkite.co.in/,team:https://www.redkite.co.in/contact-us/}","low","0.71"
790,"Apollo Trading and Finance Private Limited","ROW-596",NULL,NULL,"https://www.apollofinvest.com/",NULL,NULL,NULL,"Apollo Finvest is a tech company with an NBFC license, offering digital loans across the country using advanced APIs and capital. It teams up with fintechs to provide lending services. The company focuses on innovation in finance.","MSME","{homepage:https://www.apollofinvest.com/}","medium","1.00"
791,"Redux Credit Finance Private Limited","TEMP-1771699253",NULL,NULL,"https://www.reduxfinance.org/grievance/",NULL,NULL,NULL,"Redux Credit Finance Private Limited is a Non-Banking Finance Company that lends to individuals and businesses that banks cannot see, with the objective of providing effective grievance redressal mechanisms for its customers.","MSME","{team:https://www.reduxfinance.org/grievance/contact,products:https://www.reduxfinance.org/grievance/,about:https://www.reduxfinance.org/grievance/about,homepage:https://www.reduxfinance.org/grievance/}","high","1.00"
792,"Regent Finlease Private Limited","TEMP-1771699255",NULL,NULL,"https://rgfinlease.com/",NULL,NULL,NULL,"RG Finance is a Non-Banking Financial Company (NBFC) that provides collateral-free business and personal loans to individuals and small businesses with limited credit history, catering to the unbanked and un-financed sections of society.","MSME","{homepage:https://rgfinlease.com/}","medium","1.00"
793,"Religare Enterprises Limited","TEMP-1771699257",NULL,NULL,"https://www.religare.com/business",NULL,NULL,NULL,"Religare is an NBFC providing debt capital to SMEs and affordable housing, as well as health insurance and retail broking services.","MSME","{homepage:https://www.religare.com/business}","medium","1.00"
794,"Repco Micro Finance Limited","TEMP-1771699260",NULL,NULL,"https://www.repcomicrofin.co.in/",NULL,NULL,NULL,"Repco Micro Finance Limited is an NBFC that provides microfinance services, including loans to women through Women Self Help Groups for income generation purposes. The company offers various loan products with competitive interest rates. It is promoted by Repco Bank and registered as an NBFC with the Reserve Bank of India.","MSME","{homepage:https://www.repcomicrofin.co.in/}","medium","0.86"
795,"Rexcin Finance Pvt. Ltd.","TEMP-1771699261",NULL,NULL,"https://rexcinfin.com/privacy-policy.html",NULL,NULL,NULL,"Rexcin Finance Pvt. Ltd. offers merchant loans and other financial products through its app, collecting user information for identity verification, loan evaluation, and customer service.","MSME","{homepage:https://rexcinfin.com/privacy-policy.html}","high","1.00"
796,"Rgg Vyapaar Pvt Ltd","TEMP-1771699263",NULL,NULL,"https://storrosevyapaar.com/",NULL,NULL,NULL,"Storrose Vyapaar Pvt. Ltd is a non-banking finance company (NBFC) registered with the Reserve Bank of India (RBI), offering collateral-free personal loans for salaried employees in India.","Consumer","{team:https://storrosevyapaar.com/partners,products:https://storrosevyapaar.com/personal-loan,homepage:https://storrosevyapaar.com/}","high","1.00"
797,"Richa Holdings Limited","TEMP-1771699265",NULL,NULL,"https://richaholdings.com/",NULL,NULL,NULL,"Richa Holdings Limited is an NBFC that offers custom-built loans to a wide range of industries and individuals to maximize business growth. They provide two main products: Inter Corporates Loans for MSMEs and Loans against securities up to INR 5.00 millions for individuals. The company uses a unique credit methodology that considers non-traditional income documents, technology-driven rating methodologies, and reference checks.","MSME","{team:https://richaholdings.com/management/,homepage:https://richaholdings.com/,products:https://richaholdings.com/product/}","medium","0.86"
798,"Richcredit Finance Private Limited","TEMP-1771699266",NULL,NULL,"https://www.richcredit.in/",NULL,NULL,NULL,"Richcredit Finance provides various types of loan, including unsecured business/corporate loans, personal loans, secured loans (against property), and unsecured loans to self-employed and salaried individuals/professionals. The company aims to provide financial strength with easy, quick, and instant loan approval. It offers funding services to different sectors like trade, industry, MSME, corporates, and retail businesses.","MSME","{homepage:https://www.richcredit.in/}","high","1.00"
799,"Riddhi Securities Limited","TEMP-1771699269",NULL,NULL,"https://riddhifinserv.com/",NULL,NULL,NULL,"Riddhi Finserv is an NBFC that offers various financial services including personal loans, business loans, home loans, car loans, and mutual funds. They have been in the financial sector for 20 years and work with several banks and NBFCs.","Multi-Product","{products:https://riddhifinserv.com/services/,homepage:https://riddhifinserv.com/,team:https://riddhifinserv.com/contact-us/,about:https://riddhifinserv.com/about-us/}","medium","0.86"
800,"Rishikesh Hire Purchase And Leasing Company Private Limited","TEMP-1771699270",NULL,NULL,"https://company.vakilsearch.com/rishike-hire-purchase-leasing-company-private-limited/U65921WB1995PTC137280",NULL,NULL,NULL,"The NBFC provides various company registration services, including private limited company registration, partnership firm registration, and sole proprietorship registration.","Not specified on website","{team:https://company.vakilsearch.com/rishike-hire-purchase-leasing-company-private-limited/U65921WB1995PTC137280/partnership-firm-registration,about:https://company.vakilsearch.com,homepage:https://company.vakilsearch.com/rishike-hire-purchase-leasing-company-private-limited/U65921WB1995PTC137280,products:https://company.vakilsearch.com/rishike-hire-purchase-leasing-company-private-limited/U65921WB1995PTC137280/chartered-accountant-services}","medium","0.86"
801,"Rita Finance And Leasing Limited","TEMP-1771699272",NULL,NULL,"https://www.ritafinance.in/",NULL,NULL,NULL,"Rita Finance and Leasing Limited is a Non-Deposit Non-Banking Finance Company registered with the RBI to carry out Non-Banking Finance activities under Section 45(1A) of the Reserve Bank of India Act, 1934. The company operates primarily in advancing loans and investing/trading in securities. It has a diversified presence across India's fast-growing industrial sectors.","MSME","{homepage:https://www.ritafinance.in/,about:https://www.ritafinance.in/about-us,products:https://www.ritafinance.in/}","high","1.00"
802,"Ritwik Finance Enterprises (P) Ltd","TEMP-1771699277",NULL,NULL,"https://www.ritwikfinance.com/index.htm",NULL,NULL,NULL,"Ritwik Finance is an NBFC that offers various loan products, including business loans, mortgage loans, personal loans, construction loans, and vehicle loans. They focus on serving retail and business credit needs across Rajasthan. The company aims to provide clear eligibility, fair terms, and process discipline for customers.","MSME","{homepage:https://www.ritwikfinance.com/index.htm}","high","1.00"
803,"Riya Caplease (India) Ltd.","TEMP-1771699279",NULL,NULL,"https://www.riyalimited.com/",NULL,NULL,NULL,"Riya Caplease (India) Limited is a Non-Banking Finance Company that provides various financial services including corporate finance, personal loans, business loans, commercial vehicle loans, auto loans, microfinance, and debt servicing. The company aims to cater to the smallest needs of people in India with a focus on customer-centric service. It also offers industrial finance, automobile financing, and rural and agricultural finances.","Multi-Product","{products:https://www.riyalimited.com/our_services,homepage:https://www.riyalimited.com/,about:https://www.riyalimited.com/about_us,team:https://www.riyalimited.com/contact_us}","high","1.00"
804,"RKG Finvest Ltd.","TEMP-1771699280",NULL,NULL,"https://rkgfinvest.com/",NULL,NULL,NULL,"RKG Finvest Ltd is a trusted financial services provider offering personalized loan solutions across multiple sectors, with a customer-first approach and commitment to excellence and integrity.","Multi-Product","{products:http://rkgfinvest.com/Personal-Loan,team:http://rkgfinvest.com/partnerships,homepage:https://rkgfinvest.com/,about:http://rkgfinvest.com/about-us}","high","1.00"
805,"Rockland Finstock Limited","TEMP-1771699282",NULL,NULL,"https://www.rocklandfinstock.com/",NULL,NULL,NULL,"Rockland Finstock Limited is a new generation NBFC that bridges the gap between people's aspirations and reality, focusing on customer-centricity and cutting-edge technology to deliver financial services.","MSME","{about:https://www.rocklandfinstock.com/about-us,products:https://www.rocklandfinstock.com,homepage:https://www.rocklandfinstock.com/,team:https://www.rocklandfinstock.com/contact/}","high","1.00"
806,"Rohan Techno Commercial Pvt Ltd","TEMP-1771699285",NULL,NULL,"https://www.arohan.in/arohan-story/about-arohan/",NULL,NULL,NULL,"Arohan provides income generating loans and other financial inclusion related products to customers who have limited or no access to financial services, focusing on low-income households with an annual household income of INR 300,000 or less.","MSME","{homepage:https://www.arohan.in/arohan-story/about-arohan/,team:https://www.arohan.in/arohan-story/our-management/,about:https://www.arohan.in/arohan-story/about-arohan/,products:https://www.arohan.in/products-services/core-products/}","high","1.00"
807,"Rolex Exports Pvt. Ltd.","TEMP-1771699287",NULL,NULL,"https://www.rolex-exports.com/",NULL,NULL,NULL,"ROLEX EXPORTS PRIVATE LIMITED is a Non-Banking Financial Company (NBFC) that offers flexible loan solutions for personal and business needs, with a focus on making financial access simple, reliable, and compliant.","Multi-Product","{homepage:https://www.rolex-exports.com/}","high","1.00"
808,"Roonwal Investments Private Limited","TEMP-1771699288",NULL,NULL,"https://roonwal-investments-private-limited.charteredone.com/U65991TN1988PTC016511",NULL,NULL,NULL,"ROONWAL INVESTMENTS PRIVATE LIMITED is a Private Non-government company involved in Securities Dealers. It provides various financial services and compliances.","MSME","{homepage:https://roonwal-investments-private-limited.charteredone.com/U65991TN1988PTC016511}","medium","0.86"
809,"Rosy Commercial (P) Ltd","TEMP-1771699290",NULL,NULL,"https://rosyjaiswal.com/",NULL,NULL,NULL,"The NBFC provides various financial and taxation services, including company law matters, capital market consulting, representation services, and compliance services. It also offers calculators for GST, RERA, and other taxes. The website appears to be a general financial services provider.","Multi-Product","{homepage:https://rosyjaiswal.com/,team:https://rosyjaiswal.com/resource/Partners.aspx,products:https://rosyjaiswal.com/resource/Services/Management_Services.aspx,about:https://rosyjaiswal.com/resource/Services/Company_Law.aspx}","medium","0.86"
810,"Rover Finance Limited","TEMP-1771699293",NULL,NULL,"https://roverfinance.in/fair-practice-code.html",NULL,NULL,NULL,"Rover Finance is a non-deposit taking non-banking financial company that offers loans and provides fair business practices to its customers.","MSME","{homepage:https://roverfinance.in/fair-practice-code.html}","medium","1.00"
811,"Royal Instalments Limited","TEMP-1771699294",NULL,NULL,"https://royalsec.in/interest_rate_policy.php",NULL,NULL,NULL,"Royal Securities is an NBFC that offers various loan products to cater to the needs of different customer segments, including MSMEs and individuals. The company aims to ensure long-term sustainability by charging interest rates determined in a manner as to consider the interests of all stakeholders. It has designed an interest rate policy to guide its decisions regarding interest rates and other charges.","MSME","{homepage:https://royalsec.in/interest_rate_policy.php}","high","1.00"
812,"Royal Securities  Ltd.","TEMP-1771699296",NULL,NULL,"https://royalsec.in/terms_conditions.php",NULL,NULL,NULL,"Royal Securities Limited is an NBFC that offers unsecured personal loan services to individuals in India, primarily through its mobile app. It facilitates transactions between lenders and borrowers. The company is RBI-registered.","MSME","{homepage:https://royalsec.in/terms_conditions.php}","high","1.00"
813,"RRB Securities Ltd.","TEMP-1771699298",NULL,NULL,"https://rrb.iitk.ac.in/sathee-railway-exams/student-corner/general-knowledge/indian-economy/non-banking-financial-companies/",NULL,NULL,NULL,"An NBFC provides loans, investment, and insurance services to individuals, businesses, and institutions. They are regulated by the Reserve Bank of India (RBI) under the Reserve Bank of India Act, 1934 and the Companies Act, 1956. They offer various financial activities such as credit, investment, insurance, and portfolio management.","MSME","{homepage:https://rrb.iitk.ac.in/sathee-railway-exams/student-corner/general-knowledge/indian-economy/non-banking-financial-companies/,team:https://rrb.iitk.ac.in/sathee-railway-exams/student-corner/general-knowledge/indian-economy/non-banking-financial-companies/sathee-railway-exams/contact-us/,about:https://rrb.iitk.ac.in/sathee-railway-exams/student-corner/general-knowledge/indian-economy/non-banking-financial-companies/student-profile}","medium","0.86"
814,"RSD Finance Ltd","TEMP-1771699300",NULL,NULL,"https://www.rsdfinancelimited.com/",NULL,NULL,NULL,"RSD Finance Limited is a leading Indian Non-Banking Company (NBFC) operating since 1963, primarily focused into investing activities such as Deals or transactions involving sale or purchase of equipment, plants, properties, securities, or other assets generally not held for immediate resale.","Multi-Product","{homepage:https://www.rsdfinancelimited.com/}","medium","0.86"
815,"Rukmani Resources  Ltd.","TEMP-1771699301",NULL,NULL,"https://www.rukmanifinancialservices.com/",NULL,NULL,NULL,"Rukmani Financial Services is an NBFC that provides financial services, including stock market services and loans, with a focus on helping clients achieve their present and future financial goals. The company was founded in December 2021 by Mr. Vaibhav Agrawal, who brings over 22 years of experience in the finance sector. Rukmani Financial Services aims to make thoughtful choices and aspire to become better.","MSME","{homepage:https://www.rukmanifinancialservices.com/}","medium","0.86"
816,"Ruloans Financial Services Pvt Ltd","TEMP-1771699304",NULL,NULL,"https://www.ruloans.com/",NULL,NULL,NULL,"Ruloans is India's leading loan distributor, facilitating a wide range of financial products including Home Loans, Personal Loans, Business Loans, Loans against Property, Education Loans, Credit Cards, Gold Loans, and more, along with Insurance.","Multi-Product","{team:https://www.ruloans.com/become-partner,about:https://www.ruloans.com/about-us,homepage:https://www.ruloans.com/,products:https://www.ruloans.com/credit-card}","medium","1.00"
817,"Rupantar Investments Pvt Ltd","TEMP-1771699306",NULL,NULL,"https://rupantar-investments-private-limited.charteredone.com/U65192WB2007PTC112450",NULL,NULL,NULL,"Rupantar Investments Private Limited is a non-government company that provides credit for house purchases and takes deposits, classified under the activities of specialised institutions. It has an authorized share capital of Rs. 27,500,000 and a paid-up capital of Rs. 27,500,000. The company was incorporated on January 5, 2007.","MSME","{homepage:https://rupantar-investments-private-limited.charteredone.com/U65192WB2007PTC112450}","medium","0.86"
818,"Rupitol Finance Pvt. Ltd.","TEMP-1771699307",NULL,NULL,"https://www.rupitol.com/",NULL,NULL,NULL,"Rupitol Finance Private Limited is a NBFC that provides various loan products, including Secured Business Loans, Insta Biz Loans, Nari Shakti Loans, and Loan Against Property. These loans are designed to support businesses and entrepreneurs, particularly women, with flexible repayment terms and no collateral required. The company operates through its network of 35 branches across Rajasthan, Madhya Pradesh, Gujarat, and Noida.","MSME","{homepage:https://www.rupitol.com/}","high","1.00"
819,"Rushika Capital Private Limited","TEMP-1771699310",NULL,NULL,"https://rushikacapital.com/",NULL,NULL,NULL,"Rushika Capital is an RBI-registered NBFC that provides a range of financial products, including personal loans, business loans, loan against property, and two-wheeler loans, tailored to meet the unique needs of individuals and SMEs.","MSME","{homepage:https://rushikacapital.com/}","medium","1.00"
820,"S K Dudhoria  Holdings  Pvt.  Ltd.","TEMP-1771699315",NULL,NULL,"https://dudhoria.in/",NULL,NULL,NULL,"Dudhoria & Co. is an NBFC providing various financial services including audit, taxation, and accounting advisory services, as well as calculators for tax-related calculations.","Not specified on website","{products:https://dudhoria.in/resource/Services/Audit_Assurance.aspx,team:https://dudhoria.in/resource/Partners.aspx,homepage:https://dudhoria.in/,about:https://dudhoria.in/resources/Bulletins/Corporate_Matters/Corporate_Matters.aspx}","medium","0.86"
821,"S T Services  Ltd.","TEMP-1771699316",NULL,NULL,"https://www.stservices.org.in/",NULL,NULL,NULL,"ST Services Limited provides loan services to corporates and individuals, as well as investment/trading in shares and securities, and offers shares to individuals and corporate entities.","MSME","{homepage:https://www.stservices.org.in/}","medium","0.86"
822,"S.U.Securities Pvt. Ltd.","TEMP-1771699318",NULL,NULL,"https://www.susecurities.com/",NULL,NULL,NULL,"S.u.securities pvt ltd is a Non-Banking Financial Company (NBFC) registered with the Reserve Bank of India (RBI), providing transparent, technology-driven credit and wealth solutions to retail, MSME, and agricultural customers across India.","MSME","{homepage:https://www.susecurities.com/}","medium","1.00"
823,"Saarathi Finance and Credit Private Limited","TEMP-1771699320",NULL,NULL,"https://www.saarathifinance.com/",NULL,NULL,NULL,"Saarathi is an NBFC providing financial solutions to MSMEs, offering tailored advice and guidance to help businesses thrive. The company aims to bridge the gap in financial support for small business owners, making it more inclusive and accessible across India. Saarathi provides a range of loan products and services.","MSME","{homepage:https://www.saarathifinance.com/}","high","1.00"
824,"Sabharwal Finance And Estates Private Limited","TEMP-1771699322",NULL,NULL,"https://www.sabharwalfinance.in/",NULL,NULL,NULL,"Sabarwal Finance & Estate is a Non-Banking Finance Company that offers small business loans, group lending, and personal lending services. The company aims to empower the growth of individuals and joint liability groups by enhancing their income through credit support. It provides sustainable livelihood solutions to women in society.","MSME","{about:https://www.sabharwalfinance.in/about-us,team:https://www.sabharwalfinance.in/about-us/team,products:https://www.sabharwalfinance.in/,homepage:https://www.sabharwalfinance.in/}","high","1.00"
825,"Sabrimala Fintech Private Limited","TEMP-1771699325",NULL,NULL,"https://sabrimalafintech.com/",NULL,NULL,NULL,"Sabrimala Fintech Pvt Ltd is a RBI Licensed Non-Banking Financial Company providing innovative and accessible financial solutions to empower individuals and businesses across India, offering credit facilities and financial assistance for Micro & Small Entrepreneur Loans, Women Entrepreneurs & Farmers Loans.","MSME","{team:https://sabrimalafintech.com/contact/,homepage:https://sabrimalafintech.com/,products:https://sabrimalafintech.com/products/,about:https://sabrimalafintech.com/about-us/}","medium","1.00"
826,"Sachdeva Land & Finance Private Limited","TEMP-1771699327",NULL,NULL,"https://guptasachdeva.com/resources/Forms/NBFC_Forms/NBFC_Forms.aspx",NULL,NULL,NULL,"Not specified on website","Not specified on website","{products:https://guptasachdeva.com/resources/Forms/NBFC_Forms/NBFC_Forms.aspx/resource/Services/Taxation_Matters.aspx,homepage:https://guptasachdeva.com/resources/Forms/NBFC_Forms/NBFC_Forms.aspx,team:https://guptasachdeva.com/resources/Forms/NBFC_Forms/NBFC_Forms.aspx/resource/Partners.aspx,about:https://guptasachdeva.com/resources/Forms/NBFC_Forms/NBFC_Forms.aspx/resource/About_Us.aspx}","low","0.57"
827,"Sahib Finlease Ltd.","TEMP-1771699329",NULL,NULL,"https://www.sahibfinlease.com/",NULL,NULL,NULL,"Sahib Finlease +91-11-41552525 | cs.sahibfinlease@gmail.com is a RBI registered NBFC providing tailor-made finance products for MSMEs and individuals to help them grow with easy access of funds.","MSME","{homepage:https://www.sahibfinlease.com/}","medium","1.00"
828,"Sahyog Fincap Private Limited","TEMP-1771699331",NULL,NULL,"https://sahyogfincap.com/",NULL,NULL,NULL,"Sahyog Fincap Private Limited is an NBFC that offers a wide range of financial products, including used and new commercial vehicle loans, tractor finance, two-wheeler loans, construction equipment loans, car loans, home renovation loans, and business loans. The company aims to empower underserved communities by providing inclusive and accessible financial solutions. It focuses on simplified loan processes, customized financial solutions, and a customer-centric approach.","MSME","{products:https://sahyogfincap.com/mortgage-loan/,about:https://sahyogfincap.com/overview/,homepage:https://sahyogfincap.com/,team:https://sahyogfincap.com/contact-us/}","high","1.00"
829,"Sainik Finance & Industries Ltd","TEMP-1771699333",NULL,NULL,"http://www.sainikfinance.com/",NULL,NULL,NULL,"Sainik Finance & Industries Limited is a leading Non-Banking Finance Company (NBFC) engaged in investment and finance activities.","MSME","{homepage:http://www.sainikfinance.com/}","medium","1.00"
830,"Sajilee Credit And Investment Private Limited (Old Name Sri Bhagavathi Finance Private Limited)","TEMP-1771699334",NULL,NULL,"https://sajileegroup.com/credit.php",NULL,NULL,NULL,"Sajilee Credit & Investment pvt Ltd offers a range of financial services including Non-Banking Financial Company (NBFC) services, Non-Convertible Debentures (NCDs), subordinated debts, secured loans, and unsecured loans to cater to various financial needs.","MSME","{homepage:https://sajileegroup.com/credit.php}","low","0.86"
831,"Sakthi Finance Limited","TEMP-1771699336",NULL,NULL,"https://sakthifinance.com/",NULL,NULL,NULL,"Sakthi Finance Limited exclusively deals with Used Commercial Vehicle Loans and Construction Equipment Loans, while also dealing with deceptive activities of wrong usage of their logo for selling Personal Loans.","Commercial Vehicle Financing","{team:https://sakthifinance.com/contact-us/,homepage:https://sakthifinance.com/,products:https://sakthifinance.com/investor-information/,about:https://sakthifinance.com/company/}","low","0.86"
832,"Salasar Securities Private Limited","TEMP-1771699338",NULL,NULL,"https://www.salasartrade.com/",NULL,NULL,NULL,"Salasar Stock Broking Ltd. is a stock broking firm that deals in financial market business, offering diversified financial services.","Multi-Product","{team:https://www.salasartrade.com/contact-us/,homepage:https://www.salasartrade.com/}","medium","0.86"
833,"Samaaru Finance Private Limited","TEMP-1771699340",NULL,NULL,"https://www.samaaru.com/",NULL,NULL,NULL,"Samaaru is an NBFC offering direct-to-farmer financial services, providing affordable finance to smallholder farmers in India through value chain organization.","MSME","{homepage:https://www.samaaru.com/}","medium","0.86"
834,"Samay Commercial Pvt Ltd","TEMP-1771699342",NULL,NULL,"http://www.samayfinserv.com/",NULL,NULL,NULL,"Samay Finserv is a finance consulting company that provides various financial services, including business loans, used car loans, cash credits, overdrafts, home loans, loan against property, machinery loans, mortgage loans, personal loans, retail loans, and SME loans.","SME Loan","{homepage:http://www.samayfinserv.com/}","medium","1.00"
835,"Sampark Consultants Ltd","TEMP-1771699344",NULL,NULL,"http://samparkfin.in/",NULL,NULL,NULL,"Sampark Fin Services is an NBFC that provides various financial services, including microfinance and lending products. The company has a strong management team with experienced professionals in banking and microfinance. Sampark Fin Services aims to provide financial solutions to retail and business customers across India.","MSME","{homepage:http://samparkfin.in/,team:http://samparkfin.in/management-team/,products:http://samparkfin.in/what-we-do/}","high","1.00"
836,"Sampat Marketing Co.(P) Ltd","TEMP-1771699346",NULL,NULL,"https://sampati.co.in/",NULL,NULL,NULL,"Sampati Securities Limited (SSL) is a Reserve Bank of India (RBI) registered NBFC engaged primarily in the business of disbursement of short-term and long-term business/corporate loans to individuals as well as Corporates.","Business/Corporate Loans","{homepage:https://sampati.co.in/}","medium","1.00"
837,"Sampati Securities Limited","TEMP-1771699348",NULL,NULL,"https://sampati.co.in/",NULL,NULL,NULL,"Sampati Securities Limited (SSL) is a Reserve Bank of India (RBI) registered NBFC engaged primarily in the business of disbursement of short-term and long-term business/corporate loans to individuals as well as Corporates.","Business/Corporate Loans","{homepage:https://sampati.co.in/}","medium","1.00"
838,"Samrat Fincap Private Limited","TEMP-1771699349",NULL,NULL,"https://www.samratfincap.com/",NULL,NULL,NULL,"Samrat Fincap Indraprastha is an NBFC that provides various loan products, including gold loans, property loans, two-wheeler loans, and three-wheeler loans. The company aims to provide a seamless customer experience with low interest rates and flexible repayment choices.","Multi-Product","{homepage:https://www.samratfincap.com/}","medium","0.86"
839,"Samrat Finvestors Pvt Ltd","TEMP-1771699354",NULL,NULL,"https://www.samratfincap.com/",NULL,NULL,NULL,"Samrat Fincap Indraprastha is an NBFC that provides various loan products, including gold loans, property loans, two-wheeler loans, and three-wheeler loans. The company aims to provide a seamless customer experience with low interest rates and flexible repayment choices.","Multi-Product","{homepage:https://www.samratfincap.com/}","medium","0.86"
840,"Samruthi Fincredit Private Limited","TEMP-1771699356",NULL,NULL,"https://samruthi.com/about-us/",NULL,NULL,NULL,"Samruthi Capital is an RBI-registered Non-Banking Finance Company that provides tailored financial solutions for self-employed individuals, micro, and small businesses. They offer flexible business loans, micro and affordable loans against property designed to meet diverse financial needs. Their aim is to catalyze economic empowerment and financial inclusivity.","MSME","{products:https://samruthi.com/services/,team:https://samruthi.com/contact-us/,about:https://samruthi.com/about-us/,homepage:https://samruthi.com/about-us/}","high","1.00"
841,"Sanghamithra Rural Financial services","TEMP-1771699357",NULL,NULL,"https://sanghamithra.org/",NULL,NULL,NULL,"Sanghamithra is a microfinance institution that empowers rural communities, especially women, through financial services such as loans and insurance. They provide credit life insurance and health insurance products to clients, offering comprehensive financial security and peace of mind. Their services also include digital literacy programs and support for small businesses.","MSME","{team:https://sanghamithra.org/publications/rural-management-systems-series-rms/,products:https://sanghamithra.org/services/,about:https://sanghamithra.org/about-us/,homepage:https://sanghamithra.org/}","high","1.00"
842,"Sanmati Properties Ltd.","TEMP-1771699359",NULL,NULL,"https://sanmati-properties-limited.charteredone.com/U70101DL1972PLC006249",NULL,NULL,NULL,"SANMATI PROPERTIES LIMITED is a Non-government company involved in the purchase of activities, with an authorized share capital of Rs. 7,500,000 and a paid-up capital of Rs. 5,000,000.","Not specified on website","{homepage:https://sanmati-properties-limited.charteredone.com/U70101DL1972PLC006249}","low","0.71"
843,"Sanmati Trading & Investment Ltd.","TEMP-1771699361",NULL,NULL,"https://sanmatitradingandinvestment.in/",NULL,NULL,NULL,"Sanmati Trading and Investment Limited is a non-banking financial company (NBFC) that specializes in strategic investment and financial solutions, focusing on investing in a diversified portfolio of financial instruments.","Multi-Product","{about:https://sanmatitradingandinvestment.in/,homepage:https://sanmatitradingandinvestment.in/}","high","1.00"
844,"Sanvin Fincap Pvt. Ltd.","TEMP-1771699363",NULL,NULL,"https://www.sanvinfincap.com/",NULL,NULL,NULL,"Sanvin Fincap is a Delhi-based NBFC registered with the RBI, offering gold loans and other financial services. It was founded in 1995 and has been growing steadily since then. The company aims to cater to the financial needs of people at the bottom of the social pyramid.","Gold Loans","{homepage:https://www.sanvinfincap.com/,team:https://www.sanvinfincap.com/contact-us,products:https://www.sanvinfincap.com/super-flexible,about:https://www.sanvinfincap.com/about-us}","high","1.00"
845,"Sarala Development & Microfinance Private Limited","TEMP-1771699364",NULL,NULL,"https://sarala.co.in/",NULL,NULL,NULL,"Sarala is an NBFC-MFI that provides microfinance services, including loans and insurance products, to individuals and families in rural areas. The organization was founded in 2006 with the goal of providing easily accessible financial solutions to those with limited access to formal financial services. It has since expanded its operations to several states across India.","MSME","{homepage:https://sarala.co.in/,products:https://sarala.co.in/products-pricing/,about:https://sarala.co.in/about-sarala/,team:https://sarala.co.in/contact/}","high","1.00"
846,"Saraogi Commercial (P) Ltd","TEMP-1771699367",NULL,NULL,"https://saraogiuduog.com/about.html",NULL,NULL,NULL,"Saraogi Viniyog is a non-banking finance company (NBFC) providing lending solutions to fellow NBFCs, Corporates, MSMEs, and individuals, particularly women entrepreneurs. They offer various financial products to individuals, body corporates, NBFCs, and MSMEs. Their services include loan products for entrepreneurs and MSMEs.","MSME","{homepage:https://saraogiuduog.com/about.html}","medium","1.00"
847,"Saraogi Viniyog (P) Ltd","TEMP-1771699368",NULL,NULL,"https://saraogiuduog.com/about.html",NULL,NULL,NULL,"Saraogi Viniyog is a non-banking finance company (NBFC) providing lending solutions to fellow NBFCs, Corporates, MSMEs, and individuals, particularly women entrepreneurs. They offer various financial products to individuals, body corporates, NBFCs, and MSMEs. Their services include loan products for entrepreneurs and MSMEs.","MSME","{homepage:https://saraogiuduog.com/about.html}","high","1.00"
848,"Saraswati Securities (P) Ltd.","TEMP-1771699370",NULL,NULL,"https://www.saraswaticommercial.com/details-of-business.asp",NULL,NULL,NULL,"Saraswati Commercial Limited is a public limited company incorporated on January 24, 1983, and engaged in lending and investment activities, including trading in shares and securities.","MSME","{homepage:https://www.saraswaticommercial.com/details-of-business.asp}","high","1.00"
849,"Sark Commercial Co (P) Ltd","TEMP-1771699373",NULL,NULL,"https://sarkandco.in/",NULL,NULL,NULL,"The NBFC provides various financial services including accounting, taxation, statutory audits, and consultancy. It offers calculators for GST, MRP, tax, and other financial tools. The firm has expertise in corporate laws, companies act, and other regulatory matters.","Multi-Product","{products:https://sarkandco.in/resource/Services/Accounting.aspx,homepage:https://sarkandco.in/,team:https://sarkandco.in/resource/Partners.aspx,about:https://sarkandco.in/resource/About_Us.aspx}","medium","0.86"
850,"Sarnimal Investment Ltd.","TEMP-1771699374",NULL,NULL,"https://www.sarnimal.com/",NULL,NULL,NULL,"Sarnimal Investment Limited is a Non Banking Financial Company (NBFC) under the category B, carrying on activities of NBFC by way of lending and advancing money to industrials, commercials and other enterprises.","MSME","{about:https://www.sarnimal.com/company-profile,homepage:https://www.sarnimal.com/}","high","1.00"
851,"Sarva Commercial Pvt. Ltd.","TEMP-1771699376",NULL,NULL,"https://sarvasvacapital.com/home",NULL,NULL,NULL,"Sarvasva Capital Finance Pvt. Ltd. offers gold loans with competitive interest rates, instant approvals, and flexible repayment options. The company provides tailored loan plans for every need, with various schemes available for different loan amounts and tenures. Gold loans are secured and insured, ensuring complete safety and peace of mind.","Gold Loans","{about:https://sarvasvacapital.com/home/aboutus,homepage:https://sarvasvacapital.com/home,team:https://sarvasvacapital.com/home/aboutus}","high","1.00"
852,"Sarvodaya Nano Finance Limited","TEMP-1771699378",NULL,NULL,"http://sarvodayanano.in/",NULL,NULL,NULL,"Sarvodaya Nano Finance Limited is an NBFC that provides credit to rural and semi-rural women, facilitating easy access to credit for neglected and marginalized sections of society. It operates in Tamil Nadu and Puducherry with a focus on empowering women through financial inclusion. The company aims to emerge as a one-stop shop for all financial services in rural/semi-rural markets.","MSME","{homepage:http://sarvodayanano.in/,about:http://sarvodayanano.in/company_information}","high","1.00"
853,"Satin Creditcare Network Limited","TEMP-1771699380",NULL,NULL,"https://satincreditcare.com/",NULL,NULL,NULL,"Satin Creditcare Network Ltd. is an NBFC-MFI that provides microfinance, affordable housing, and MSME lending services to rural and underserved communities across India.","MSME","{products:https://satincreditcare.com/product-portfolio/,team:https://satincreditcare.com/contact-us/,about:https://satincreditcare.com/at-a-glance-microfinance-company/,homepage:https://satincreditcare.com/}","high","1.00"
854,"Satsai Finlease Pvt. Ltd.","TEMP-1771699381",NULL,NULL,"https://www.satsaifinlease.com/",NULL,NULL,NULL,"Satsai Finlease is a registered NBFC providing fast, secure, and transparent loan solutions for individuals and businesses across India. They offer various loan products with minimal documentation and a smooth loan approval process. The company focuses on empowering financial growth since 1996.","MSME","{about:https://www.satsaifinlease.com/about,team:https://www.satsaifinlease.com/our-partner,homepage:https://www.satsaifinlease.com/,products:https://www.satsaifinlease.com/loan-services}","high","1.00"
855,"Satya Microcapital Limited","TEMP-1771699386",NULL,NULL,"https://satyamicrocapital.com/",NULL,NULL,NULL,"SATYA MicroCapital Limited is a Reserve Bank of India (RBI) registered NBFC-MFI that provides microfinance services, including loans to MSMEs and rural women. The company aims to empower 10 million households by 2030 through financial inclusion and sustainable development. It integrates modern technology into its operations to enhance efficiency and elevate customer experience.","MSME","{about:https://satyamicrocapital.com/about/,products:https://satyamicrocapital.com/products/,team:https://satyamicrocapital.com/our-leadership-team/,homepage:https://satyamicrocapital.com/}","high","1.00"
856,"Satyam Finstock Pvt.Ltd.","TEMP-1771699388",NULL,NULL,"https://www.satyamprojectsltd.com.webresearchfoundation.com/",NULL,NULL,NULL,"Satyam Projects Limited is a Non-Banking Finance Company (NBFC) that offers infrastructure services to various sectors, including undertaking projects on a turnkey contract basis and preparing feasibility studies.","MSME","{about:https://www.satyamprojectsltd.com.webresearchfoundation.com/company-profile,homepage:https://www.satyamprojectsltd.com.webresearchfoundation.com/}","high","1.00"
857,"Satyam Securities & Finance Pvt Ltd","TEMP-1771699390",NULL,NULL,"https://www.satyamprojectsltd.com.webresearchfoundation.com/",NULL,NULL,NULL,"Satyam Projects Limited is a Non-Banking Finance Company (NBFC) that offers wide range of infrastructure services to various sectors, including undertaking projects on a turnkey contract basis and preparing feasibility studies both within India and internationally.","MSME","{about:https://www.satyamprojectsltd.com.webresearchfoundation.com/company-profile,homepage:https://www.satyamprojectsltd.com.webresearchfoundation.com/}","high","1.00"
858,"Satyatej Vyapaar Pvt Ltd","TEMP-1771699392",NULL,NULL,"https://vaibhav-vyapaar.com/Fair-Pratices-Code.html",NULL,NULL,NULL,"Vaibhav Vyapaar Private Limited is an NBFC that offers various financial services, including loans, with a focus on ethical and dependable practices. The company has adopted the Fair Practices Code to ensure transparency and fair treatment of customers. It provides loan applications forms in multiple languages and ensures timely processing and disbursement.","MSME","{homepage:https://vaibhav-vyapaar.com/Fair-Pratices-Code.html}","medium","0.86"
859,"Saumya Consultants Ltd","TEMP-1771699394",NULL,NULL,"https://saumyaconsultants.com/",NULL,NULL,NULL,"Saumya Consultants Limited is a distinguished Non-Banking Financial Company (NBFC) with over 25 years of financial excellence, providing loans to businesses and individuals, investing in securities, and enhancing capital growth through strategic investments.","MSME","{products:https://saumyaconsultants.com/index.php/service/,homepage:https://saumyaconsultants.com/,about:https://saumyaconsultants.com/index.php/about/,team:https://saumyaconsultants.com/index.php/service/}","high","1.00"
860,"Savantika Vanijya Pvt. Ltd.","TEMP-1771699396",NULL,NULL,"https://www.savantika.com/",NULL,NULL,NULL,"Savantika Vanijya Pvt. Ltd. is an RBI registered NBFC providing various financial services, including personal loans and top-up loans to individuals with low income or no credit history.","MSME","{homepage:https://www.savantika.com/}","high","1.00"
861,"Savery Transport Finance Limited","TEMP-1771699398",NULL,NULL,"https://savery.co.in/",NULL,NULL,NULL,"Savery Transport Finance Limited is a non-banking financial company that provides hire purchasing financing for two-wheelers across Tamil Nadu, with a focus on serving small businesses and rural communities.","MSME","{homepage:https://savery.co.in/}","high","1.00"
862,"Sawini Finvest Private Limited","TEMP-1771699400",NULL,NULL,"https://sawini-finvest-private-limited.charteredone.com/U67190MH1995PTC085334",NULL,NULL,NULL,"SAWINI FINVEST PRIVATE LIMITED is a Non-government company involved in Activities Auxiliary To Financial Intermediation N.E.C. and provides financial advisory services.","MSME","{homepage:https://sawini-finvest-private-limited.charteredone.com/U67190MH1995PTC085334}","medium","0.86"
863,"Sayyam Investments Pvt. Ltd.","TEMP-1771699403",NULL,NULL,"https://www.sayyaminvestments.in/",NULL,NULL,NULL,"Sayyam Investments is an RBI registered NBFC that specializes in personal loans, offering loans of up to Rs. 2,50,000 within minutes through its digital lending platform, PayRupik.","Consumer","{homepage:https://www.sayyaminvestments.in/,team:https://www.sayyaminvestments.in/contact.html}","high","1.00"
864,"SBFC Finance Limited","TEMP-1771699404",NULL,NULL,"https://www.sbfc.com/",NULL,NULL,NULL,"The SBFC is an NBFC that values privacy and uses cookies to enhance user experience. It provides various financial services, but the website does not specify its core business or loan products.","Not specified on website","{about:https://www.sbfc.com/about,products:https://www.sbfc.com/loans,homepage:https://www.sbfc.com/,team:https://www.sbfc.com/team}","medium","0.86"
865,"SBI Factors Limited (Earlier known as SBI Global Factors Limited)","TEMP-1771699406",NULL,NULL,"https://www.sbifactors.in/",NULL,NULL,NULL,"SBI Factors Ltd is a Non Banking Financial Company providing Domestic and Export Factoring services under one roof, aiming to be India's premier factoring company.","MSME","{homepage:https://www.sbifactors.in/,products:https://www.sbifactors.in/products/domestic-factoring,about:https://www.sbifactors.in/about-us,team:https://www.sbifactors.in/contact}","high","1.00"
866,"Scintilla Commercial & Credit Ltd","TEMP-1771699408",NULL,NULL,"https://www.scintilla.co.in/",NULL,NULL,NULL,"Scintilla Commercial & Credit Limited is a Non-Banking Financial Company (NBFC) registered under the Companies Act, 1956, providing loans and advances, investment in shares of other companies.","MSME","{homepage:https://www.scintilla.co.in/}","high","1.00"
867,"Scoreme Account Aggregation Solutions Private Limited","TEMP-1771699409",NULL,NULL,"https://www.scoremeaa.com/grievance-redressal-policy.html",NULL,NULL,NULL,"ScoremeAA is a Non-Banking Financial Company - Account Aggregator (NBFC-AA) that provides account aggregation solutions and addresses customer complaints through a well-structured grievance redressal process.","MSME","{homepage:https://www.scoremeaa.com/grievance-redressal-policy.html}","high","1.00"
868,"Scud Finlease Ltd.","TEMP-1771699411",NULL,NULL,"https://www.superiorfinlease.com/",NULL,NULL,NULL,"Superior Finlease Private Limited is an NBFC that aims to improve the business of its partners by offering a loan platform, providing various types of loans for accelerating businesses and modern services. The company's goal is to make every company a provider of financial services, making banks invisible to consumers. It offers digital loans with competitive rates and secure processes.","MSME","{team:https://www.superiorfinlease.com/contact-us/,homepage:https://www.superiorfinlease.com/,about:https://www.superiorfinlease.com/about-us/,products:https://www.superiorfinlease.com/loan-re-payment/}","high","1.00"
869,"Securis Finance Private Limited","TEMP-1771699413",NULL,NULL,"https://www.securis.in/",NULL,NULL,NULL,"Securis Finance is an NBFC that provides personal loans for college students, offering flexible and affordable financing options to help them pursue higher education.","MSME","{homepage:https://www.securis.in/}","high","1.00"
870,"Seeds Fincap Private Limited","TEMP-1771699415",NULL,NULL,"https://www.seedsfincap.com/",NULL,NULL,NULL,"Seeds Fincap Pvt. Ltd is a non-deposit-taking NBFC that aims to serve micro, small, and medium enterprises (MSMEs) in India by providing financing solutions.","MSME","{homepage:https://www.seedsfincap.com/}","high","1.00"
871,"Servitium Micro Finance Private Limited","TEMP-1771699417",NULL,NULL,"https://servitium.in/about-us/",NULL,NULL,NULL,"SEBA RAHARA is an NBFC-MFI that provides microfinance loans to SME/MSME businesses, with a focus on quality service delivery and catering to niche service recipients. The company has acquired an existing NBFC named SUNFLAG MERCHANTS PRIVATE LIMITED and was granted the NBFC-MFI licence in 2022. SEBA RAHARA's management team includes experienced professionals from UCO Bank and other financial institutions.","MSME","{team:https://servitium.in/about-us/management-team/,products:https://servitium.in/products/group-lending/,homepage:https://servitium.in/about-us/,about:https://servitium.in/about-us/company-profile/}","medium","0.86"
872,"Setia Auto Finance Private Ltd.","TEMP-1771699419",NULL,NULL,"https://www.setiafinance.com/",NULL,NULL,NULL,"Setia Auto Finance Private Limited is a finance company that provides various loan products, including commercial vehicle loans, car loans, loan against property, and SME loans. It was registered under the Reserve Bank of India as an NBFC in 1996. The company aims to provide financial services to individuals and businesses.","SME Loan","{homepage:https://www.setiafinance.com/}","low","0.86"
873,"Seyad Shariat Finance Limited","TEMP-1771699422",NULL,NULL,"https://shariatfinance.com/",NULL,NULL,NULL,"Seyad Shariat Finance Limited is a Deposit taking Non-Banking financial Company that provides various loan products, including property loans and vehicle loans, with the aim of empowering people to deliver good innovation to the world's best companies.","Multi-Product","{homepage:https://shariatfinance.com/,about:https://shariatfinance.com/about-us/,products:https://shariatfinance.com/ombudsman-nbfc/,team:https://shariatfinance.com/about-us/management-details/}","high","1.00"
874,"SGS Fintech Private Limited","TEMP-1771699424",NULL,NULL,"https://sgsfintech.com/",NULL,NULL,NULL,"SGS Fintech provides business loans to Corporates, Sole Proprietorship, and MSMEs, classified as Investment and Credit Company (NBFC-ICC) - Non Deposit taking Non Systemically Important.","MSME","{products:https://sgsfintech.com/loan-to-directors-senior-officers/,homepage:https://sgsfintech.com/,team:https://sgsfintech.com/about-management/,about:https://sgsfintech.com/about-us/}","medium","1.00"
875,"Shabros Fin-Vest Private Limited","TEMP-1771699426",NULL,NULL,"https://www.shabrosfinvest.com/",NULL,NULL,NULL,"Shabros Finvest is an NBFC that offers various types of loans, including personal loans, business loans, and loans against property. They aim to empower people to enrich their lives through financial assistance. The company has been in operation since 1995 and acquired a license from the Reserve Bank of India in 2001.","Multi-Product","{homepage:https://www.shabrosfinvest.com/}","medium","0.86"
876,"Shaha Finlease Private Limited","TEMP-1771699427",NULL,NULL,"https://www.shahafinlease.com/",NULL,NULL,NULL,"Shaha Finlease Pvt Ltd is an NBFC that acquires and manages retail NPA books, providing debt management and credit solutions to customers across the country.","Multi-Product","{homepage:https://www.shahafinlease.com/,team:https://www.shahafinlease.com/contact-us,about:https://www.shahafinlease.com/about-us}","high","1.00"
877,"Shakambari Trading Pvt Ltd","TEMP-1771699430",NULL,NULL,"https://shakambari.info/termsCondition",NULL,NULL,NULL,"Shakambari Trading Pvt. Ltd. is an NBFC that offers loan, credit, and allied financial facilities to borrowers. It provides a range of services including loan agreements, key fact statements, and repayment options. The company operates under RBI guidelines for Non-Banking Financial Companies (NBFCs) and its Fair Practices Code (FPC).","MSME","{homepage:https://shakambari.info/termsCondition}","medium","0.86"
878,"Shakti Suppliers Pvt Ltd","TEMP-1771699432",NULL,NULL,"https://www.retailershakti.com/aboutus",NULL,NULL,NULL,"RetailerShakti is a B2B wholesale marketplace for retailers, providing organized inventory, technology, and finance to empower neighbourhood retailers. It offers a wide range of products at competitive prices, with the option for online payment and financing through NBFCs. The platform aims to create India's most reliable retailing ecosystem.","MSME","{homepage:https://www.retailershakti.com/aboutus,products:https://www.retailershakti.com/service_request/listview/SR,team:https://www.retailershakti.com/contactus,about:https://www.retailershakti.com/aboutus}","medium","0.86"
879,"Shalibhadra Capital Market Limited","TEMP-1771699434",NULL,NULL,"https://www.shalibhadrafinance.com/",NULL,NULL,NULL,"Shalibhadra Finance Limited is a BSE listed Non Banking Financial Company (NBFC) focusing on rural, semi-urban & other under banked geographies of Gujarat, Maharashtra & Madhya Pradesh. It offers customized retail products such as financing New & Used Two wheelers, Auto rickshaws, Four-wheelers & consumer durables. The company aims to cater to the diverse financial needs of rural India.","MSME","{homepage:https://www.shalibhadrafinance.com/,products:https://www.shalibhadrafinance.com/,team:https://www.shalibhadrafinance.com/sourcing-partners/}","high","1.00"
880,"Share Microfin Ltd","TEMP-1771699435",NULL,NULL,"https://www.sharemicrofin.com/",NULL,NULL,NULL,"SHARE Microfin Limited is an NBFC-MFI that provides microcredit and financial services to low-income communities, supporting income generation and advancement in the quality of life for themselves and their families. It offers collateral-free loans to individuals, particularly women, across India with a major focus on rural and semi-urban geographies. The company aims to improve the quality of life of the poor by providing access to financial and support services.","MSME","{team:https://www.sharemicrofin.com/About/Leadership,products:https://www.sharemicrofin.com/Approach/Products,about:https://www.sharemicrofin.com/About,homepage:https://www.sharemicrofin.com/}","high","1.00"
881,"Shareware Finvin Pvt Ltd","TEMP-1771699437",NULL,NULL,"https://finvin.co.in/",NULL,NULL,NULL,"Finvin Turnaround and Restructuring Private limited is an Insolvency Professional Entity recognized by Insolvency and Bankruptcy Board of India (IBBI) engaged in providing support services to its affiliated Insolvency Professionals and to act as Insolvency Professional. They offer end-to-end services to Banks, NBFCs, Co-operative Banks, ARCs as well as Distressed Funds.","MSME","{about:https://finvin.co.in/about,products:https://finvin.co.in/services,homepage:https://finvin.co.in/,team:https://finvin.co.in/contacts}","medium","1.00"
882,"Shashank Finvest (P) Ltd","TEMP-1771699440",NULL,NULL,"https://shashank-finvest-pvt-ltd.charteredone.com/U65999WB1996PTC080442",NULL,NULL,NULL,"SHASHANK FINVEST PVT LTD is a private limited company that provides investment and financial services, including non-operating financial holding companies (investment companies) and other financial activities.","MSME","{homepage:https://shashank-finvest-pvt-ltd.charteredone.com/U65999WB1996PTC080442}","medium","0.86"
883,"Sherya Portfolio Pvt. Ltd.","TEMP-1771699442",NULL,NULL,"https://sherya-portfolio-private-limited.charteredone.com/U74899DL1993PTC051682",NULL,NULL,NULL,"SHERYA PORTFOLIO PRIVATE LIMITED is a private limited company incorporated in India, involved in various compliances and registrations related to corporate affairs, tax, and audit services.","Not specified on website","{homepage:https://sherya-portfolio-private-limited.charteredone.com/U74899DL1993PTC051682}","medium","0.86"
884,"Shimla Investment And Management Servicers Private Limited","TEMP-1771699443",NULL,NULL,"https://shimla-investment-and-management-servicers-pvt-ltd.charteredone.com/U67120KL1991PTC039422",NULL,NULL,NULL,"SHIMLA INVESTMENT AND MANAGEMENT SERVICERS PVT LTD is a private limited company that provides security dealing activities, including stock broking and related services.","MSME","{homepage:https://shimla-investment-and-management-servicers-pvt-ltd.charteredone.com/U67120KL1991PTC039422}","medium","0.86"
885,"Shine Blue Hire Purchase Private Limited","TEMP-1771699445",NULL,NULL,"https://www.shinebluehpl.com/",NULL,NULL,NULL,"Shine Blue Hire Purchase Pvt. Ltd. is a Non-Banking Financial Institution (NBFC) that provides vehicle loans, tractor loans, and MSME loans to customers in semi-urban and rural areas, focusing on growth and financial inclusivity.","MSME","{about:https://www.shinebluehpl.com/about-us,products:https://www.shinebluehpl.com/products,team:https://www.shinebluehpl.com/our-team,homepage:https://www.shinebluehpl.com/}","high","1.00"
886,"Shradha Projects Ltd","TEMP-1771699448",NULL,NULL,"https://www.shradhaprojects.com/",NULL,NULL,NULL,"Shradha Projects Limited is a Non Banking Financial Company (NBFC) providing financial and investment services.","MSME","{homepage:https://www.shradhaprojects.com/}","high","1.00"
887,"Shravan Finance And Estates (P)  Ltd.","TEMP-1771699449",NULL,NULL,"https://shravan-finance-and-estates-private-limited.charteredone.com/U65993TG1991PTC012827",NULL,NULL,NULL,"SHRAVAN FINANCE AND ESTATES PRIVATE LIMITED is a Non-government company involved in Activities Of Chit Fund/Kuri Companies. It provides financial services and has been incorporated for 34 years. The company's authorized share capital is Rs. 20,000,000 and its paid-up capital is Rs. 6,434,200.","MSME","{homepage:https://shravan-finance-and-estates-private-limited.charteredone.com/U65993TG1991PTC012827}","medium","0.86"
888,"Shree Bahubali Commoditis Pvt Ltd","TEMP-1771699451",NULL,NULL,"https://kyc.bahubali.co.in/",NULL,NULL,NULL,"Bahubali is a stock broking and demat account online service provider that offers trading, derivatives, commodities, depository services, and mutual funds. It also provides loan against shares and IPO distribution services. The company acts as a distributor for mutual funds and offers broking and DP services.","Multi-Product","{homepage:https://kyc.bahubali.co.in/}","medium","0.86"
889,"Shree Bahubali Corporation Ltd","TEMP-1771699453",NULL,NULL,"https://kyc.bahubali.co.in/",NULL,NULL,NULL,"Bahubali is a stock broking and demat account online service provider that offers trading, derivatives, commodities, depository services, and mutual funds. It also provides loan against shares and IPO distribution services. The company aims to create an environment where investors' interests come first.","Multi-Product","{homepage:https://kyc.bahubali.co.in/}","medium","0.86"
890,"Shree Marikamba Micro Finance Private Limited","TEMP-1771699457",NULL,NULL,"https://shreemarikambafinance.in/",NULL,NULL,NULL,"Shree Marikamba Micro Finance Pvt. Ltd. is a microfinance company that provides credit to women, farmers, youth, and other needy people for enabling them to raise their income and standard of living.","MSME","{team:https://shreemarikambafinance.in/contact/,products:https://shreemarikambafinance.in/,about:https://shreemarikambafinance.in/about/,homepage:https://shreemarikambafinance.in/}","high","1.00"
891,"Shree Naivedya Fincom Pvt.Ltd.","TEMP-1771699459",NULL,NULL,"https://shree-naivedya-fincom-private-limited.charteredone.com/U67120MP1993PTC023189",NULL,NULL,NULL,"SHREE NAIVEDYA FINCOM PRIVATE LIMITED is a private limited company incorporated in India, involved in security dealing activities, and provides various financial services.","MSME","{homepage:https://shree-naivedya-fincom-private-limited.charteredone.com/U67120MP1993PTC023189}","medium","0.86"
892,"Shree Shyam  Management  &  Investment  Pvt, Ltd.","TEMP-1771699460",NULL,NULL,"https://shreesmi.in/",NULL,NULL,NULL,"Shree Shyam Management & Investment Pvt. Ltd. is an RBI-approved NBFC offering fast, flexible, and secure financial solutions to individuals and businesses across India.","MSME","{homepage:https://shreesmi.in/,team:https://shreesmi.in/contact,products:https://shreesmi.in/service,about:https://shreesmi.in/about}","high","1.00"
893,"Shree Shyam Financial Consultants Pvt Ltd","TEMP-1771699462",NULL,NULL,"https://shreesmi.in/",NULL,NULL,NULL,"Shree Shyam Management & Investment Pvt. Ltd. is an RBI-approved NBFC offering fast, flexible, and secure financial solutions to individuals and businesses across India.","MSME","{homepage:https://shreesmi.in/,team:https://shreesmi.in/contact,products:https://shreesmi.in/service,about:https://shreesmi.in/about}","medium","1.00"
894,"Shree Shyam Promoters (P) Ltd.","TEMP-1771699464",NULL,NULL,"https://shreesmi.in/",NULL,NULL,NULL,"Shree Shyam Management & Investment Pvt. Ltd. is an RBI-approved NBFC offering fast, flexible, and secure financial solutions to individuals and businesses across India.","MSME","{homepage:https://shreesmi.in/,team:https://shreesmi.in/contact,products:https://shreesmi.in/service,about:https://shreesmi.in/about}","medium","1.00"
895,"Shree Vikash Finvest (P) Ltd","TEMP-1771699466",NULL,NULL,"https://shree-vikash-finvest-private-limited.charteredone.com/U67110WB1991PTC050701",NULL,NULL,NULL,"SHREE VIKASH FINVEST PRIVATE LIMITED is a private limited company incorporated in India, involved in the administration of financial markets. It provides various services including registration and compliance with government regulations. The company has been active for 35 years.","MSME","{homepage:https://shree-vikash-finvest-private-limited.charteredone.com/U67110WB1991PTC050701}","medium","0.86"
896,"Shree Vishnupriya Finance & Leasing Pvt. Ltd.","TEMP-1771699468",NULL,NULL,"https://shreevishnufinance.com/",NULL,NULL,NULL,"Shree Vishnu Finance and Leasing Limited is a public company incorporated on July 22, 1996, providing financial services and products to individuals, businesses, and organizations. It offers various types of loans, investments, leasing, factoring, and microfinance services. The company aims to provide accessible, affordable, and innovative financial solutions to promote financial inclusion, economic growth, and social development.","Multi-Product","{team:https://shreevishnufinance.com/contact-us/,homepage:https://shreevishnufinance.com/,about:https://shreevishnufinance.com/about/,products:https://shreevishnufinance.com}","high","1.00"
897,"Shreekunj Securities (P) Ltd","TEMP-1771699470",NULL,NULL,"https://shreekunj-securities-pvt-ltd.charteredone.com/U65921WB1996PTC080492",NULL,NULL,NULL,"Shreekunj Securities Pvt Ltd is a private limited company involved in hire-purchase financing activities.","Not specified on website","{homepage:https://shreekunj-securities-pvt-ltd.charteredone.com/U65921WB1996PTC080492}","low","0.71"
898,"Shreem Finance And Investments Private Limited","TEMP-1771699472",NULL,NULL,"https://shreemcorporate.com/",NULL,NULL,NULL,"Shreem is a professionally managed company engaged in Management Consultancy, Debt Syndication, Private Equity, and Mergers & Acquisitions. It provides various loan products for business and personal purposes, including structured credit solutions for companies. The company assists clients in meeting their funding requirements.","MSME","{homepage:https://shreemcorporate.com/}","medium","0.86"
899,"Shreepati Capital And Finance Private Limited","TEMP-1771699474",NULL,NULL,"https://shreepatihcapital.com/",NULL,NULL,NULL,"Shreepatih Capital Advisory Services Pvt Ltd provides term loans, working capital, and venture debt financing options for businesses, including SMEs and NBFCs/MFIs. They offer specialized investment banking services and fund raising solutions.","MSME","{homepage:https://shreepatihcapital.com/}","low","0.86"
900,"Shriram Credit Company Limited","TEMP-1771699476",NULL,NULL,"https://www.shriramfortune.in/board-of-directors.aspx",NULL,NULL,NULL,"Shriram Fortune is an NBFC that offers various financial services including life insurance, general insurance, deposits, mutual funds, and credit products. The company has a strong presence in the Indian market with a rich professional experience of over 35 years. It serves as a platform for delivering prosperity to its customers.","MSME","{homepage:https://www.shriramfortune.in/board-of-directors.aspx}","medium","0.86"
901,"Shubh Surya Easyloans Private Limited","TEMP-1771699478",NULL,NULL,"https://www.shubhsurya.com/",NULL,NULL,NULL,"Shubh Surya Easyloans Private Limited is a Non Deposit taking NBFC registered under Companies Act 2013, providing easy and fast loans to individuals and small businesses.","MSME","{products:https://www.shubhsurya.com,about:https://www.shubhsurya.com/company,homepage:https://www.shubhsurya.com/,team:https://www.shubhsurya.com/contact}","high","1.00"
902,"Shubham Trading Pvt Ltd","TEMP-1771699480",NULL,NULL,"http://shubhampahujaassociates.com/NBFCTakeover.aspx",NULL,NULL,NULL,"An NBFC provides financial services to individuals and businesses, offering various products such as loans, investments, leasing, and insurance. It is regulated by RBI and offers benefits like cheaper loans, quick functioning, and trading in money market instruments.","MSME","{homepage:http://shubhampahujaassociates.com/NBFCTakeover.aspx}","high","1.00"
903,"Shyamkamal Investments Ltd.","TEMP-1771699482",NULL,NULL,"https://www.shyamkamal.com/",NULL,NULL,NULL,"Shyamkamal Investments Limited is a Reserve Bank of India (RBI) registered Non-Banking Financial Company (NBFC) providing various types of short-term and long-term financing, investment, and trading in securities.","MSME","{homepage:https://www.shyamkamal.com/}","high","1.00"
904,"Siemens Syntex (P) Ltd","TEMP-1771699483",NULL,NULL,"https://press.siemens.com/in/en/pressrelease/siemens-granted-non-banking-finance-license-india",NULL,NULL,NULL,"Siemens Financial Services Private Limited (SFSPL) is a non-banking finance company that offers asset financing products such as loans, leasing, and other finance products to Siemens customers in India's Industry, Energy, and Healthcare sectors.","MSME","{products:https://press.siemens.com/in/en/pressrelease/siemens-granted-non-banking-finance-license-india/in/en/siemens-india-press-release,about:https://press.siemens.com/in/en/pressrelease/siemens-granted-non-banking-finance-license-india/in/en,homepage:https://press.siemens.com/in/en/pressrelease/siemens-granted-non-banking-finance-license-india}","high","1.00"
905,"Silver Star Finance & Leasing Ltd","TEMP-1771699485",NULL,NULL,"https://www.starfinance.co.in/",NULL,NULL,NULL,"Star Finance is a loan company that offers various financial products for vehicle loans, including three-wheeler, pre-owned car, commercial vehicle, utility vehicle, and tractor loans. They have an extensive presence across Madhya Pradesh and aim to make loans accessible and available to all. Their mission is to deliver reliable news and opinions.","Vehicle","{homepage:https://www.starfinance.co.in/}","high","1.00"
906,"Sindhuja Microcredit Private Limited","TEMP-1771699488",NULL,NULL,"https://sindhujamicrocredit.com/",NULL,NULL,NULL,"Sindhuja Microcredit Pvt Ltd is a new generation microfinance company offering microcredit and insurance services to rural and semi-urban populations, aiming to provide financial inclusion to the financially excluded and MSME entrepreneurs.","MSME","{homepage:https://sindhujamicrocredit.com/}","high","1.00"
907,"Singhvi Finlease (India) Limited","TEMP-1771699490",NULL,NULL,"https://singhvifintech.in/",NULL,NULL,NULL,"Singhvi Fintech Pvt Ltd (SFPL) is a newly established Non-Banking Financial Company (NBFC) focused on providing innovative, accessible, and timely financial solutions to small and medium enterprises (SMEs) across India.","MSME","{homepage:https://singhvifintech.in/}","medium","1.00"
908,"Singularity Creditworld Private Limited","TEMP-1771699492",NULL,NULL,"https://singularitycredit.com/",NULL,NULL,NULL,"Singularity CreditWorld is an NBFC offering embedded credit backed by technology to businesses in the impact sector, aiming to create a digital credit landscape that positively impacts the lives of millions of Indians.","MSME","{team:https://singularitycredit.com/partners,about:https://singularitycredit.com/about-us,homepage:https://singularitycredit.com/}","medium","1.00"
909,"Sintara Fincap Private Limited","TEMP-1771699496",NULL,NULL,"https://www.sintarafincap.com/",NULL,NULL,NULL,"Sintara Fincap Pvt. Ltd. is an NBFC that provides tailored financial solutions to businesses and individuals, including MSME loans, supply chain finance, and personal loans.","MSME","{team:https://www.sintarafincap.com/sintara-fincap-contact,about:https://www.sintarafincap.com/sintara-fincap,products:https://www.sintarafincap.com/sintara-fincap-loans,homepage:https://www.sintarafincap.com/}","high","1.00"
910,"Sipani Hire Purchase And Finance Company Private Limited","TEMP-1771699498",NULL,NULL,"https://www.cavksipani.com/",NULL,NULL,NULL,"SIPANI & ASSOCIATES is a Chartered Accountant Firm providing Assurance, Taxation and Advisory services.","Not specified on website","{homepage:https://www.cavksipani.com/,products:https://www.cavksipani.com/resource/Services/Auditing_Assurance.aspx,about:https://www.cavksipani.com/resource/About/About_Us.aspx,team:https://www.cavksipani.com/resource/About/Partners.aspx}","medium","0.86"
911,"Siri Infinlease Pvt. Ltd.","TEMP-1771699501",NULL,NULL,"https://yakshinfinlease.com/",NULL,NULL,NULL,"Yaksh Infinlease PVT LTD is an NBFC providing instant financial solutions and facilitating digital lending for fintech startups, with a focus on emergency loans and Short Ticket Loan services.","MSME","{homepage:https://yakshinfinlease.com/}","high","1.00"
912,"Sirsa Deposits And Advances  Ltd","TEMP-1771699502",NULL,NULL,"https://www.sirsadepositsadvances.com/about.html",NULL,NULL,NULL,"SIRSA DEPOSITS & ADVANCES LTD is a Non-Banking Finance Company (NBFC) providing secured loans to small and mid-sized corporates, with a recent expansion into lending solutions for small and medium enterprises (SMEs). They offer customized loan solutions for SMEs through a series of secured and unsecured loans. The company focuses on addressing the financial goals of SMEs through their unique approach to financial lending.","MSME","{homepage:https://www.sirsadepositsadvances.com/about.html}","high","1.00"
913,"Sita Enterprises Ltd.","TEMP-1771699504",NULL,NULL,"https://www.sitaenterprises.com/",NULL,NULL,NULL,"Sita Enterprises Limited is a Non-Banking Financial Company (NBFC) registered in India, engaged in investments and financing through loans and trade receivables.","MSME","{homepage:https://www.sitaenterprises.com/}","medium","1.00"
914,"Siyat Holdings Private Limited","TEMP-1771699506",NULL,NULL,"https://www.siyatholdings.com/",NULL,NULL,NULL,"Siyat Holdings Private Ltd is a non-banking financial company that offers various loan products.","Not specified on website","{homepage:https://www.siyatholdings.com/}","high","0.86"
915,"Ska Consultancy Services (P) Ltd","TEMP-1771699508",NULL,NULL,"https://ska-consultancy-services-pvt-ltd.charteredone.com/U74140WB1988PTC043740",NULL,NULL,NULL,"SKA CONSULTANCY SERVICES PVT LTD provides business setup and compliances services, including event-based compliances, director KYC, auditor's appointment, and more.","Not specified on website","{homepage:https://ska-consultancy-services-pvt-ltd.charteredone.com/U74140WB1988PTC043740}","low","0.71"
916,"Smeintellect Growth Capital Private Limited","TEMP-1771699510",NULL,NULL,"https://smeintellect.in/",NULL,NULL,NULL,"SMEIntellect provides financing solutions to small and medium enterprises (MSMEs) across India, focusing on the informal sector and lower-income groups. The company offers various loan products for MSMEs, including capex loans and equipment financing. Their approach is brick-and-mortar, with a focus on technology and analytics.","MSME","{homepage:https://smeintellect.in/,about:https://smeintellect.in/about-us,products:https://smeintellect.in/loan/secured-and-unsecured-loans-for-small-business-entrepreneurs/,team:https://smeintellect.in/management/}","high","1.00"
917,"Sojatia Auto Finance Pvt. Ltd.","TEMP-1771699512",NULL,NULL,"https://sojatia-farms-private-limited.charteredone.com/U15490MP2016PTC040795",NULL,NULL,NULL,"SOJATIA FARMS PRIVATE LIMITED is a private limited company incorporated in Madhya Pradesh, India, involved in various business setups and compliances.","Not specified on website","{homepage:https://sojatia-farms-private-limited.charteredone.com/U15490MP2016PTC040795}","medium","0.86"
918,"Solomon Capital Private Limited","TEMP-1771699514",NULL,NULL,"https://solomonfintech.com/privacy-policy.html",NULL,NULL,NULL,"Solomon Capital Private Limited is an NBFC registered with the Reserve Bank of India, offering digital lending and non-lending services. It collects user personal information for loan facilitation and underwriting, as well as social account information from Google accounts. The company holds a valid Certificate of Registration.","MSME","{homepage:https://solomonfintech.com/privacy-policy.html}","medium","1.00"
919,"Sonal Mercantile Ltd.","TEMP-1771699515",NULL,NULL,"https://www.sonalmercantile.in/",NULL,NULL,NULL,"Sonal Mercantile Limited is a Non Banking Financing Company (NBFC) providing financial services such as inter corporate loans, personal loans, long term and short term loans, Trade financing, Bills Discounting, Project Appraisal, Loans against Guarantee and Properties.","Multi-Product","{homepage:https://www.sonalmercantile.in/}","high","1.00"
920,"Sonal Tie Up Pvt Ltd","TEMP-1771699518",NULL,NULL,"https://www.sonalmercantile.in/",NULL,NULL,NULL,"Sonal Mercantile Limited is a Non Banking Financing Company (NBFC) providing financial services since 1985, including inter corporate loans, personal loans, trade financing, and other services.","Multi-Product","{homepage:https://www.sonalmercantile.in/}","high","1.00"
921,"South India Finvest Private Limited","TEMP-1771699520",NULL,NULL,"https://southindiafinvest.com/",NULL,NULL,NULL,"South India Finvest is a financial services company that aims to create a happy and growth-oriented work environment, focusing on customer centricity, societal equity, and employee first principle. It offers various loan products for different segments. The company's vision is to be the leading financial services company offering convenient and affordable loans.","MSME","{about:https://southindiafinvest.com/about-us,team:https://southindiafinvest.com/contact-us,products:https://southindiafinvest.com/services,homepage:https://southindiafinvest.com/}","medium","0.86"
922,"South Indian Credits Limited (Earlier known as South Indian Trading Syndicate (Kottapadi) Limited)","TEMP-1771699521",NULL,NULL,"https://southindiancredits.com/about",NULL,NULL,NULL,"South Indian Credit is an NBFC offering gold loans, personal loans, microfinance, and subordinated debt schemes to cater to the needs of underserved segments, with a legacy built on integrity and customer satisfaction.","MSME","{homepage:https://southindiancredits.com/about}","high","1.00"
923,"Spangle Marketing Ltd","TEMP-1771734635",NULL,NULL,"https://spanglemarketing.in/",NULL,NULL,NULL,"Spangle Marketing Limited is a Public Company Limited by Shares engaged in trading and dealing in shares, stock, securities, debentures, bonds etc, as well as financing industrial, commercial, and other enterprises through inter-corporate loans and advances, investment in shares and securities, and Mutual Fund.","Multi-Product","{homepage:https://spanglemarketing.in/,about:https://spanglemarketing.in/about-us/}","medium","0.86"
924,"Spheeti Fintech Private Limited","TEMP-1771734637",NULL,NULL,"https://spheetifintech.com/",NULL,NULL,NULL,"Spheeti Fintech Pvt Ltd is a Private Limited Company incorporated on March 8, 2018, and obtained RBI registration on September 16, 2019. It aims to provide financial services to middle-income families across India with various types of financial products.","MSME","{homepage:https://spheetifintech.com/,team:https://spheetifintech.com/contact-us/,products:https://spheetifintech.com/credit-card-refinance/,about:https://spheetifintech.com/about-us/}","high","1.00"
925,"Spinny Capital Private Limited","TEMP-1771734638",NULL,NULL,"https://www.spinny.com/",NULL,NULL,NULL,"Spinny is an online used car platform that aims to make car ownership accessible, simple and delightful. They offer a wide variety of quality cars for sale, with features like pre-delivery inspection, transparent bidding process, and hassle-free delivery. Their goal is to propel a billion dreams by making car ownership more accessible.","Vehicle","{products:https://www.spinny.com/service/,about:https://www.spinny.com/about-us/,team:https://www.spinny.com/partners/,homepage:https://www.spinny.com/}","high","1.00"
926,"Spotlight Vanijya Ltd.","TEMP-1771734641",NULL,NULL,"https://www.spotlightvanijya.com/",NULL,NULL,NULL,"Spotlight Vanijya Limited is a Non-Banking Finance Company registered with the Reserve Bank of India, established in 1981 to invest in shares, bonds, and other financial activities.","MSME","{homepage:https://www.spotlightvanijya.com/}","high","1.00"
927,"Square Broking & Agency (P) Ltd","TEMP-1771734643",NULL,NULL,"https://int.squareinsurance.in/royal-topup/company-profile",NULL,NULL,NULL,"Square Insurance Brokers Private Limited is a direct insurance broker that provides various insurance products, including life, general, travel, health, motor, bike, and car insurance. They aim to provide timely, honest, reliable, and satisfying services to their customers. The company has been serving in the insurance industry for a decade and emphasizes transparency, professionalism, integrity, reliability, quick services, and customer satisfaction.","Multi-Product","{homepage:https://int.squareinsurance.in/royal-topup/company-profile,products:https://int.squareinsurance.in/royal-topup/product/travel-insurance,about:https://int.squareinsurance.in/royal-topup/company-profile}","high","1.00"
928,"Srestha Finvest Limited","TEMP-1771734644",NULL,NULL,"https://www.srestha.co.in/who.php",NULL,NULL,NULL,"Srestha Finvest Limited is a Non-Banking Financial Company (NBFC) providing Loans, Finance and Investments. It is a public limited company incorporated under the Companies Act, 2013 with its registered office in Chennai, Tamil Nadu. The company offers various loan products.","MSME","{homepage:https://www.srestha.co.in/who.php}","medium","0.86"
929,"Sri Mahaveer Auto Finance (Madras) Private Limited (Earlier known as Sri Mahaveer Auto Finance (Madras) Limited, Chennai)","TEMP-1771734646",NULL,NULL,"https://mahaveerfinance.com/",NULL,NULL,NULL,"Mahaveer Finance India Limited is an NBFC that offers various loan products. The company's focus is on providing financial services to retail and business customers across the country. Mahaveer Finance has a strong presence in the market with a network of branches.","Multi-Product","{homepage:https://mahaveerfinance.com/}","high","1.00"
930,"Sridhar Securities Ltd.","TEMP-1771734648",NULL,NULL,"https://sridhar-securities-limited.charteredone.com/U74140WB1991PLC051737",NULL,NULL,NULL,"Sridhar Securities Limited is a private limited company that provides business and management consultancy activities, but no specific financial services are mentioned on the website.","Not specified on website","{homepage:https://sridhar-securities-limited.charteredone.com/U74140WB1991PLC051737}","low","0.71"
931,"SRM Share & Finance Brokers  Pvt. Ltd.","TEMP-1771734650",NULL,NULL,"https://www.sharekhan.com/stock/srm-contractors-ltd",NULL,NULL,NULL,"SRM Contractors Ltd is a financial services company that offers various products and services including equity trading, IPO options trading, futures trading, commodity trading, currency trading, mutual funds, and more. They provide platforms and calculators for traders and investors to stay ahead in the market. The company also provides research and analysis tools.","Multi-Product","{homepage:https://www.sharekhan.com/stock/srm-contractors-ltd,about:https://www.sharekhan.com/stock/srm-contractors-ltd/financial-services,products:https://www.sharekhan.com/stock/srm-contractors-ltd/financial-services,team:https://www.sharekhan.com/demat/franchisee/business-partner}","medium","0.86"
932,"SSA Finserv Private Limited","TEMP-1771734652",NULL,NULL,"https://www.ssafinserv.com/",NULL,NULL,NULL,"SSA Finserv Private Limited is an NBFC specializing in assisting small and medium enterprises (SMEs) with short/medium-term business loans.","MSME","{homepage:https://www.ssafinserv.com/}","low","0.86"
933,"Stable Trading Co Ltd","TEMP-1771734654",NULL,NULL,"https://www.stabletrading.in/",NULL,NULL,NULL,"Stable Trading Company Limited is a Systematic Investment Non-Banking Financing Company (SI-NBFC) engaged in finance and investing activities, focusing on long-term strategic investments.","MSME","{homepage:https://www.stabletrading.in/}","medium","0.86"
934,"Standard Capital Markets Ltd.","TEMP-1771734656",NULL,NULL,"https://www.marketscreener.com/quote/stock/STANDARD-CAPITAL-MARKETS--46729059/",NULL,NULL,NULL,"Not specified on website","Not specified on website","{products:https://www.marketscreener.com/quote/stock/STANDARD-CAPITAL-MARKETS--46729059/stock-exchange/commodities/agricultural_products/,team:https://www.marketscreener.com/quote/stock/STANDARD-CAPITAL-MARKETS--46729059/quote/stock/ELEMENT-FLEET-MANAGEMENT--9633130/,homepage:https://www.marketscreener.com/quote/stock/STANDARD-CAPITAL-MARKETS--46729059/,about:https://www.marketscreener.com/quote/stock/STANDARD-CAPITAL-MARKETS--46729059/stock-exchange/calendar/finance/}","low","0.57"
935,"Star Trafin (P) Ltd","TEMP-1771734658",NULL,NULL,"https://www.startrafin.com/",NULL,NULL,NULL,"NBFC Star Trafin Private Limited provides Group Loans, Gold Loans, Business Loans, Loan Against Property (LAP), and Vehicle Loans to support individuals' and businesses' financial ambitions.","Business","{homepage:https://www.startrafin.com/}","medium","1.00"
936,"Starlit Pharmaceuticals Pvt. Ltd.","TEMP-1771734660",NULL,NULL,"https://www.starlitfinance.com/",NULL,NULL,NULL,"Starlit Finance Limited is an NBFC providing exceptional financial solutions to individuals and businesses, leveraging innovative technology platforms and customer-centric service philosophy.","MSME","{homepage:https://www.starlitfinance.com/}","medium","1.00"
937,"Stellar Investments Ltd.","TEMP-1771734663",NULL,NULL,"https://www.stellarinvestments.in/",NULL,NULL,NULL,"Stellar Investments Limited is a non-banking financial institution (NBFC) providing customized loans to MSMEs, SMEs, Fintech, Business Correspondents, and Aggregators. It offers next-generation digitalization, workflow diversified automation, and secure lending products. The company aims to streamline financial processes for enterprises.","MSME","{homepage:https://www.stellarinvestments.in/}","medium","0.86"
938,"Storrose Vyapaar (P) Ltd","TEMP-1771734665",NULL,NULL,"https://www.storrosevyapaar.com/",NULL,NULL,NULL,"Storrose Vyapaar Pvt. Ltd is a non-banking finance company (NBFC) registered with the Reserve Bank of India (RBI). It offers collateral-free personal loans for various purposes, including travel, mobile phones, medical emergencies, weddings, education, home renovation, and more.","Consumer","{team:https://www.storrosevyapaar.com/partners,homepage:https://www.storrosevyapaar.com/,products:https://www.storrosevyapaar.com/personal-loan}","high","1.00"
939,"Stuti Securities Private Limited","TEMP-1771734666",NULL,NULL,"https://stuti-securities.com/",NULL,NULL,NULL,"Uang Ku is a non-banking financial company that provides loan services to eligible borrowers through its platform. The lender reviews the borrower's information, including credit history and financial information, before approving or rejecting the loan. The loan terms include interest rates, fees, and repayment plans.","MSME","{homepage:https://stuti-securities.com/}","high","1.00"
940,"Subhkam Ventures (I) Pvt. Ltd.","TEMP-1771734668",NULL,NULL,"https://www.subhkam.com/",NULL,NULL,NULL,"Subhkam Ventures is a Non-Banking Financial Institution (NBFI) registered with the Reserve Bank of India, engaged in investing in securities and providing growth capital to start-ups and mid-sized companies.","MSME","{homepage:https://www.subhkam.com/,team:https://www.subhkam.com/team,about:https://www.subhkam.com/about-5}","medium","0.86"
941,"Subhlakshmi Finance Private Limited (Old Name - Pepsu Capital Services Private Limited)","TEMP-1771734670",NULL,NULL,"https://www.subhlakshmi.in/",NULL,NULL,NULL,"Subhlakshmi Finance Pvt. Ltd. is a Non Banking Finance Company (Non Deposit Taking) that provides financing to small and micro enterprises in rural and semi-urban areas across North India, focusing on the 'missing middle' segment.","MSME","{homepage:https://www.subhlakshmi.in/}","high","1.00"
942,"Subitha Leasing Company Ltd.","TEMP-1771734672",NULL,NULL,"https://subithaleasing.in/about-us.html",NULL,NULL,NULL,"Subitha Leasing Company Ltd is an NBFC that provides hire purchase transactions, offering loans for various purposes. The company aims to promote good and fair practices in its dealings with customers, providing transparent business practices and a fair and cordial relationship between borrowers and the company. It offers structured funding to businesses to enable growth and capture profits from every opportunity.","MSME","{homepage:https://subithaleasing.in/about-us.html}","medium","0.86"
943,"Sudha Apparels Ltd","TEMP-1771734673",NULL,NULL,"https://www.sudhaapparels.com/",NULL,NULL,NULL,"Sudha Apparels Limited is a Non-Banking Financing Company (NBFC) engaged in finance and investing activities, focusing on long-term strategic investments in companies promoted by D.P. Jindal Group.","Not specified on website","{homepage:https://www.sudhaapparels.com/}","medium","0.86"
944,"Sudha Commercial Co.Ltd.","TEMP-1771734676",NULL,NULL,"https://sudhaapparels.com/",NULL,NULL,NULL,"Sudha Apparels Limited is a Non-Banking Financing Company (NBFC) engaged in finance and investing activities, focusing on long-term strategic investment in companies promoted by D.P. Jindal Group.","Not specified on website","{homepage:https://sudhaapparels.com/}","medium","0.86"
945,"Suganmul Dugar Finance Limited","TEMP-1771734677",NULL,NULL,"https://dugar.co.in/",NULL,NULL,NULL,"Dugar Finance & Investments Ltd is an RBI-registered NBFC providing inclusive, transparent, and customized loan solutions for individuals and businesses across India, with a strong focus on underserved and emerging markets.","MSME","{homepage:https://dugar.co.in/,products:https://dugar.co.in/msme-loans/,team:https://dugar.co.in/growth-partners/,about:https://dugar.co.in/company-overview/}","high","1.00"
946,"Sujala Trading & Holdings Ltd","TEMP-1771734680",NULL,NULL,"http://www.sujalagroup.com/",NULL,NULL,NULL,"Sujala Trading & Holdings Ltd is an NBFC that provides various loan products, including loans against shares, securities, and properties, corporate loans, personal loans, and trading in shares and securities.","Multi-Product","{homepage:http://www.sujalagroup.com/}","high","1.00"
947,"Sulabh Engineers & Services Ltd","TEMP-1771734681",NULL,NULL,"https://www.sulabh.org.in/",NULL,NULL,NULL,"Sulabh Engineers & Services Limited is a Non-Banking Finance Company (NBFC) registered with Reserve Bank of India (RBI) and listed on the Bombay Stock Exchange (BSE). It provides asset finance solutions for businesses, including loans for equipment purchases, working capital loans, and term loans against property. The company offers flexible finance options to micro, small, and medium-sized enterprises.","SME Loans","{products:https://www.sulabh.org.in,homepage:https://www.sulabh.org.in/}","low","0.86"
948,"Sulabh Resources (P) Ltd","TEMP-1771734683",NULL,NULL,"https://www.sulabh.org.in/",NULL,NULL,NULL,"Sulabh Engineers & Services Limited is a Non-Banking Finance Company (NBFC) registered with Reserve Bank of India (RBI) and listed on the Bombay Stock Exchange (BSE). It provides asset finance solutions for businesses, including loans for equipment purchases, working capital loans, and term loans against property. The company offers flexible finance options to micro, small, and medium-sized enterprises.","SME Loans","{products:https://www.sulabh.org.in,homepage:https://www.sulabh.org.in/}","medium","1.00"
949,"Sumati Projects Ltd","TEMP-1771734685",NULL,NULL,"https://www.sumatiprojects.com/",NULL,NULL,NULL,"Sumati Projects Limited is a non-banking financial company that offers various financial activities and investments. It is managed by experienced directors who have been engaged in the activities for over 10 to 15 years. The company has built reserves through its supervision.","Not specified on website","{homepage:https://www.sumatiprojects.com/}","medium","0.71"
950,"Sun Investments Private Limited","TEMP-1771734687",NULL,NULL,"https://www.suninvestments.in/",NULL,NULL,NULL,"Sun Investments Pvt. Ltd. is a financial services company specializing in investments and credit solutions, providing tailored financial services to valued clients.","Multi-Product","{homepage:https://www.suninvestments.in/}","medium","0.86"
951,"Sundrm Consultants Pvt Ltd","TEMP-1771734689",NULL,NULL,"https://sundrm-consultants-pvt-ltd.charteredone.com/U74140WB1996PTC079424",NULL,NULL,NULL,"Sundrm Consultants Pvt Ltd is a private limited company providing business and management consultancy activities, including provision of advice.","MSME","{homepage:https://sundrm-consultants-pvt-ltd.charteredone.com/U74140WB1996PTC079424}","medium","0.86"
952,"Sunita Bonds & Holdings Ltd","TEMP-1771734691",NULL,NULL,"https://www.sunitabonds.com/",NULL,NULL,NULL,"Sunita Bonds & Holdings Ltd is a Non-government company specializing in financial intermediation activities, facilitating financial transactions and offering innovative financial solutions to businesses and individuals.","MSME","{about:https://www.sunitabonds.com/about-us,homepage:https://www.sunitabonds.com/}","medium","0.86"
953,"Sunita Finlease Ltd.","TEMP-1771734694",NULL,NULL,"https://www.sunitafinance.com/",NULL,NULL,NULL,"Sunita Finlease Ltd. is an RBI-registered Non-Banking Financial Company (NBFC) providing financing solutions to individuals and businesses through digital lending platforms.","MSME","{homepage:https://www.sunitafinance.com/,team:https://www.sunitafinance.com/contact-us,about:https://www.sunitafinance.com/about-us,products:https://www.sunitafinance.com}","high","1.00"
954,"Suniyojit Viniyog Ltd","TEMP-1771734696",NULL,NULL,"https://suniyojit-viniyog-ltd.charteredone.com/U65999WB1994PLC062769",NULL,NULL,NULL,"SUNIYOJIT VINIYOG LTD is a Non-Operating Financial Holding Company (Investment Company) registered in India, providing various financial services and products.","Multi-Product","{homepage:https://suniyojit-viniyog-ltd.charteredone.com/U65999WB1994PLC062769}","medium","0.86"
955,"Sunlog Credits Pvt. Ltd.","TEMP-1771734699",NULL,NULL,"https://www.sunlogcredits.com/",NULL,NULL,NULL,"Sunlog Credits is a Non-Banking Financial Company (NBFC) that provides various loan products, including personal loans, home renovation loans, quick cash loans, and business loans, with the aim of empowering individuals and businesses to meet their financial needs.","Multi-Product","{homepage:https://www.sunlogcredits.com/}","high","1.00"
956,"Sunrise Manufacturing Co. Ltd.","TEMP-1771734700",NULL,NULL,"https://sunriseindustrial.co.in/about",NULL,NULL,NULL,"Sunrise Industrial Traders Limited is a publicly listed investment company in India, registered as a Non-Banking Financial Company (NBFC), focusing on managing and growing capital responsibly to deliver sustainable long-term value for its shareholders through investing in various industries.","Multi-Product","{about:https://sunriseindustrial.co.in/about/,homepage:https://sunriseindustrial.co.in/about}","high","1.00"
957,"Sunshine Fintrade Pvt Ltd","TEMP-1771734703",NULL,NULL,"https://www.sunshinecapital.in/resource/Company_Profile/About_Us.aspx",NULL,NULL,NULL,"Sunshine Capital Limited is a Non-Deposit Taking Non-Systematically Importance Non-Banking Financial Company (NBFC) registered and regulated by the Reserve Bank of India, providing loans & advances, trading of sale/purchase of equity shares, investments, and ancillary financial services.","MSME","{about:https://www.sunshinecapital.in/resource/Company_Profile/About_Us.aspx/resource/home.aspx,team:https://www.sunshinecapital.in/resource/Company_Profile/About_Us.aspx/resource/Company_Profile/Partners.aspx,homepage:https://www.sunshinecapital.in/resource/Company_Profile/About_Us.aspx}","medium","1.00"
958,"Sunshine Finvest Private Limited","TEMP-1771734705",NULL,NULL,"https://www.sunshinecapital.in/resource/Company_Profile/About_Us.aspx",NULL,NULL,NULL,"Sunshine Capital Limited is a Non-Deposit Taking Non-Systematically Importance Non-Banking Financial Company (NBFC) registered and regulated by the Reserve Bank of India, providing loans and advances to customers.","MSME","{about:https://www.sunshinecapital.in/resource/Company_Profile/About_Us.aspx/resource/home.aspx,team:https://www.sunshinecapital.in/resource/Company_Profile/About_Us.aspx/resource/Company_Profile/Partners.aspx,homepage:https://www.sunshinecapital.in/resource/Company_Profile/About_Us.aspx}","medium","0.86"
959,"Superior Finlease Ltd.","TEMP-1771734707",NULL,NULL,"https://www.superiorfinlease.com/",NULL,NULL,NULL,"Superior Finlease Private Limited is an NBFC that aims to improve the business of its partners by offering a loan platform, providing various types of loans to accelerate businesses and modernize financial services.","MSME","{about:https://www.superiorfinlease.com/about-us/,homepage:https://www.superiorfinlease.com/,products:https://www.superiorfinlease.com/loan-re-payment/,team:https://www.superiorfinlease.com/contact-us/}","high","1.00"
960,"Suraj Finvest Private Limited","TEMP-1771734709",NULL,NULL,"https://surajfinvest.in/",NULL,NULL,NULL,"Suraj Finvest Private Limited is an NBFC-CIC-ND-SI registered with the Reserve Bank of India, providing financial services. It is a promoter company of Emami Ltd. and was incorporated in 1996. The company has a diverse presence across various sectors.","Not specified on website","{homepage:https://surajfinvest.in/,team:https://surajfinvest.in/management-team,about:https://surajfinvest.in/about-us/}","medium","0.86"
961,"Suraj Holdings Limited","TEMP-1771734711",NULL,NULL,"https://surajfinvest.in/",NULL,NULL,NULL,"Suraj Finvest Private Limited is an NBFC-CIC-ND-SI registered with the Reserve Bank of India, providing financial services. It is a promoter company of Emami Ltd. and was incorporated in 1996. The company has its registered office at Emami Tower, Kolkata.","Not specified on website","{homepage:https://surajfinvest.in/,team:https://surajfinvest.in/management-team,about:https://surajfinvest.in/about-us/}","medium","0.86"
962,"Surendra Trexim (P) Ltd","TEMP-1771734714",NULL,NULL,"https://www.surendratrexim.com/",NULL,NULL,NULL,"SURENDRA TREXIM PVT LTD is a leading NBFC offering comprehensive loan services, providing competitive rates and flexible terms to meet diverse financial needs of individuals and businesses across India.","MSME","{homepage:https://www.surendratrexim.com/}","high","1.00"
963,"Surjit Hire Purchase Private Ltd. (Made Pvt Wef 6.3.2019)","TEMP-1771734716",NULL,NULL,"http://app.surjithirepurchase.com/careers",NULL,NULL,NULL,"Surjit Finance is a Non-Deposit taking RBI Registered NBFC that provides finance to small business owners and shopkeepers, offering various loan products such as unsecured business loans, secured business loans, electric vehicle loans, gold loans, and commercial vehicle loans.","MSME","{homepage:http://app.surjithirepurchase.com/careers}","medium","1.00"
964,"Survika Traders (P) Ltd","TEMP-1771734718",NULL,NULL,"https://www.survikatraders.com/",NULL,NULL,NULL,"Survika Traders Private Limited is a Reserve Bank of India (RBI)-registered Non-Banking Financial Company (NBFC) providing compliant, transparent, and efficient tailored financial solutions to Indian MSMEs, individual businesses, and retail customers.","MSME","{homepage:https://www.survikatraders.com/}","medium","1.00"
965,"Sushil Securities (P) Ltd","TEMP-1771734720",NULL,NULL,"https://www.sushilfinance.com/",NULL,NULL,NULL,"Sushil Finance is a stock broker and investment solutions provider offering various financial products such as equities, mutual funds, fixed income, loan against shares, online trading platforms, and more. They aim to provide an elite share trading experience with unmatched features. The company has over ₹20,000 cr in asset under management and 1,19,000+ clients across 107 cities and 19 states.","Multi-Product","{homepage:https://www.sushilfinance.com/,products:https://www.sushilfinance.com/}","medium","0.86"
966,"Suvidha Securities Private Limited","TEMP-1771734722",NULL,NULL,"https://suvidhaacredit.com/term&condition.html",NULL,NULL,NULL,"Suvidhaa Credit is an NBFC that provides loans, but the website does not mention loan products or services. It mentions a grievance redressal number and a refund policy.","Not specified on website","{homepage:https://suvidhaacredit.com/term&condition.html}","high","0.86"
967,"Suvidhaa Credit Finance Private Limited","TEMP-1771734723",NULL,NULL,"https://www.suvidhaa.com/",NULL,NULL,NULL,"Suvidhaa Infoserve Limited is a financial services company that provides various loan products to retail and business customers across India.","Multi-Product","{homepage:https://www.suvidhaa.com/}","high","1.00"
968,"Svakarma Finance Private Limited","TEMP-1771734725",NULL,NULL,"https://www.svakarma.com/",NULL,NULL,NULL,"Svakarma Finance is an NBFC that offers various loan products, including business loans, machinery and asset purchase loans, and Damini loans for women entrepreneurs. The company aims to empower businesses and strengthen the community through its lending services. It has a strong management team with experienced professionals in the financial services sector.","MSME","{products:https://www.svakarma.com/what-we-do,homepage:https://www.svakarma.com/,team:https://www.svakarma.com/partners,about:https://www.svakarma.com/aboutus}","high","1.00"
969,"Svamaan Financial Services Private Limited","TEMP-1771734727",NULL,NULL,"https://www.svamaan.in/",NULL,NULL,NULL,"Svamaan Financial Services is an NBFC-MFI that aims to drive impact for its customers through financial inclusion and a data-based approach. It employs a completely digital approach with 100% cashless disbursement. The company focuses on empowering micro-entrepreneurs of India.","MSME","{homepage:https://www.svamaan.in/}","high","1.00"
970,"Svasti Micro Finance Pvt Ltd","TEMP-1771734729",NULL,NULL,"https://www.svasti.in/",NULL,NULL,NULL,"Svasti Microfinance provides microfinance products, including MSME loans, to women and their families, aiming to transform the lives of 10 million people by 2030.","MSME","{products:https://www.svasti.in/svasti-microfinance-performance/,about:https://www.svasti.in/about/,team:https://www.svasti.in/team/,homepage:https://www.svasti.in/}","high","1.00"
971,"Svatantra Microfin Private Limited","TEMP-1771734732",NULL,NULL,"https://www.svatantramicrofin.com/",NULL,NULL,NULL,"Svatantra Microfin provides microfinance loans to women entrepreneurs, offering accessible credit solutions with one of the lowest interest rates in the country. The company aims to fuel growth and self-reliance among rural and semi-urban communities through innovative technology and transparent practices. Svatantra's mission is to create a self-powered system of growth by empowering grassroots entrepreneurship.","MSME","{about:https://www.svatantramicrofin.com/we-are-svatantra/about-us,team:https://www.svatantramicrofin.com/contact,products:https://www.svatantramicrofin.com/our-products/microfinance-loans,homepage:https://www.svatantramicrofin.com/}","high","1.00"
972,"Swagat Hire Purchase & Finance Co Pvt Ltd","TEMP-1771734733",NULL,NULL,"https://swagat.mitrsewa.com/",NULL,NULL,NULL,"Swagat Hire Purchase & Finance Company Pvt. Ltd. is an NBFC that offers various loan products, including personal loans, business loans, MSME loans, gold loans, vehicle loans, and loan against property. The company provides transparent, paperless loans with competitive interest rates and flexible repayment options.","MSME","{homepage:https://swagat.mitrsewa.com/}","high","1.00"
973,"Swara Fincare Limited","TEMP-1771734736",NULL,NULL,"https://www.swarafincare.com/",NULL,NULL,NULL,"Swara Fincare Limited is a registered Non-Banking Financial Company – Non-Deposit (NBFC) that aims to play a pivotal role in financial inclusion by providing financing solutions to stage entrepreneurs and helping them with economic upliftment.","MSME","{products:https://www.swarafincare.com/loan-apply-now,team:https://www.swarafincare.com/team-4,about:https://www.swarafincare.com/about-swara,homepage:https://www.swarafincare.com/}","high","1.00"
974,"Swarnodhayam Credits Private Limited","TEMP-1771734738",NULL,NULL,"https://www.swarnodhayam.com/",NULL,NULL,NULL,"Swarnodhayam Credits Private Limited is an NBFC that provides financial inclusion services to underserved and unbanked communities, especially women from economically disadvantaged backgrounds. It offers a range of credit products designed to support income-generating activities and promote economic independence. The company aims to bridge the financial divide in rural India by providing access to credit and financial services.","MSME","{about:https://www.swarnodhayam.com/who-we-are,products:https://www.swarnodhayam.com/business-loan-products,homepage:https://www.swarnodhayam.com/,team:https://www.swarnodhayam.com/contact-us}","high","1.00"
975,"Swaroop Commercial Co.(P) Ltd","TEMP-1771734740",NULL,NULL,"https://www.swaroopjain.com/vision-mission-purpose/",NULL,NULL,NULL,"Swaroop Jain & Co. is a chartered accountancy firm providing corporate services, taxation advisory, and financial solutions to businesses and individuals across India.","Multi-Product","{homepage:https://www.swaroopjain.com/vision-mission-purpose/}","high","1.00"
976,"Swavin Business Consultants Private Limited","TEMP-1771734742",NULL,NULL,"https://www.swavin.com/",NULL,NULL,NULL,NULL,NULL,NULL,NULL,NULL
977,"Tapstart Capital Private Limited","TEMP-1771734744",NULL,NULL,"https://tapstart.in/",NULL,NULL,NULL,"TapStart Digital Lending Partners is an RBI-licensed NBFC providing consumer credit through digital channels to retail customers in India, aiming to simplify credit.","Consumer","{homepage:https://tapstart.in/}","medium","1.00"
978,"Tata Industries Limited (CIC)","TEMP-1771734745",NULL,NULL,"https://www.tataindustries.com/",NULL,NULL,NULL,"Tata Industries Limited is an investment holding company that promotes and incubates the Tata Group's entry into new businesses, with a focus on financial services.","MSME","{homepage:https://www.tataindustries.com/}","medium","0.86"
979,"Tattva Fincorp Limited","TEMP-1771734747",NULL,NULL,"https://www.tattvafincorp.com/",NULL,NULL,NULL,"Tattva Fincorp Limited is a Non-Banking Financial Services company that offers various loan products such as Two Wheeler Loan, Pre-Owned Car Loan, Gold Loan, Personal Loan, and Home Loan. The company aims to provide rapid processing, unwavering transparency, and unmatched value to its customers. It has a commitment to customer delight and aims to be the preferred choice in Non-Banking Financial Services.","Multi-Product","{homepage:https://www.tattvafincorp.com/}","high","1.00"
980,"Taurus Commercial Services Pvt. Ltd.","TEMP-1771734748",NULL,NULL,"https://www.taurusgrp.com/aboutus",NULL,NULL,NULL,"Taurus Group is a leading financial services provider offering broking, advisory, depository, NBFC, and primary issuance services across financial markets and asset classes.","Multi-Product","{homepage:https://www.taurusgrp.com/aboutus,about:https://www.taurusgrp.com/aboutus/}","medium","1.00"
981,"Team India Guaranty Limited (Earlier known as Times Guaranty Limited)","TEMP-1771734751",NULL,NULL,"https://www.teamindiaguarantylimited.com/",NULL,NULL,NULL,"Team India Guaranty Limited is a Non-Banking Financial Institution (NBFI) primarily engaged in the business of investments, without accepting public deposits. The company was incorporated on November 27, 1989, and received its certificate of registration under Section 45-IA of the Reserve Bank of India Act, 1934. It is promoted by Team India Managers Ltd and specializes in catalyzing franchising opportunities.","MSME","{team:https://www.teamindiaguarantylimited.com/,homepage:https://www.teamindiaguarantylimited.com/}","high","1.00"
982,"Techaviom Finance Private Limited","TEMP-1771734753",NULL,NULL,"https://www.techaviom.in/",NULL,NULL,NULL,"TechAviom is a climate-focused NBFC providing loan financing to unbanked populations in semi-urban and rural India, with a focus on tier 3 & 4 cities. They offer customized finance solutions for target customers, including business loans, personal loans, and lending against property documents.","MSME","{homepage:https://www.techaviom.in/}","high","1.00"
983,"Telecom Finance (India) Limited,","TEMP-1771734755",NULL,NULL,"https://www.bhartitelecom.in/",NULL,NULL,NULL,NULL,NULL,NULL,NULL,NULL
984,"Tenmark Capital Private Limited","TEMP-1771734757",NULL,NULL,"https://tenmarkcapital.com/",NULL,NULL,NULL,"Tenmark Capital is an NBFC that provides instant gold loans and personal loans, with a focus on providing safe and secure financial solutions.","Multi-Product","{homepage:https://tenmarkcapital.com/,team:https://tenmarkcapital.com/partners}","medium","0.86"
985,"Thanvir Bros (P) Ltd","TEMP-1771734759",NULL,NULL,"https://thanvirbros.in/",NULL,NULL,NULL,"Thanvir Bros. Pvt. Ltd. is an NBFC that provides various loan products for personal and business needs, including education loans, short-term loans, and home loans. The company aims to make finance available to those who need it most. It has been registered with the Reserve Bank of India (RBI) as a Non-Banking Financial Company (NBFC).","Multi-Product","{about:https://thanvirbros.in/about/,products:https://thanvirbros.in/fair-practices-code/,team:https://thanvirbros.in/contact/,homepage:https://thanvirbros.in/}","medium","0.86"
986,"Thirani Projects Ltd","TEMP-1771734760",NULL,NULL,"https://www.thiraniprojects.com/",NULL,NULL,NULL,"Thirani Projects Limited is a Non Banking Financial Company (NBFC) that makes investments in quoted and unquoted shares and provides short term and long term loans to its borrowers.","MSME","{homepage:https://www.thiraniprojects.com/}","medium","0.86"
987,"Thirani Resources Private Limited","TEMP-1771734762",NULL,NULL,"https://www.thiraniprojects.com/",NULL,NULL,NULL,"Thirani Projects Limited is a Non Banking Financial Company (NBFC) that makes both long term and short term investments in shares and provides short term and long term loans to its borrowers, earning revenue through interest on loans.","MSME","{homepage:https://www.thiraniprojects.com/}","medium","0.86"
988,"Thirukochi Fincap Private Limited (Earlier known as Jayanth Financial Services Private Limited)","TEMP-1771734764",NULL,NULL,"https://thirukochifincap.com/",NULL,NULL,NULL,"Thirukochi Fincap is a trusted finance company in Kerala, providing secure, simple, and accessible loan solutions for individuals and businesses. They offer various loan products including Gold Loans, Personal Loans, Business Loans, Agro Loans, Microfinance, Car Loans, and Two-Wheeler Loans. The company aims to empower customers with fast approvals, transparent interest rates, and a customer-first experience.","Gold Loans","{homepage:https://thirukochifincap.com/,team:https://thirukochifincap.com/contact-us/,about:https://thirukochifincap.com/thirukochi-fincap-gold-loan/,products:https://thirukochifincap.com/loans/}","high","1.00"
989,"Tina Finlease Pvt.Ltd.","TEMP-1771734766",NULL,NULL,"https://www.chintamanifinlease.com/",NULL,NULL,NULL,"Chintamani Finlease Ltd. is a fast-growing Non-Banking Financial Company (NBFC) in Delhi that offers Personal loans, Business loans, Gold loans, Loan Against Property and Car loans.","MSME","{homepage:https://www.chintamanifinlease.com/,products:https://www.chintamanifinlease.com/loan-detail/personal-loan-in-delhi-ncr,about:https://www.chintamanifinlease.com/home/about-us,team:https://www.chintamanifinlease.com/home/contact-us}","low","0.86"
990,"Tirumala Holdings (P) Ltd","TEMP-1771734768",NULL,NULL,"https://tirumalafinance.com/",NULL,NULL,NULL,"Tirumala Finance provides various financial services including loan against shares, mutual funds, warehouse receipts, IPOs, margin funding, and IPO funding.","Multi-Product","{homepage:https://tirumalafinance.com/}","medium","0.86"
991,"Tirumala Vintra (P) Ltd (Name as per MCA - Tirumala Irons Private Limited)","TEMP-1771734770",NULL,NULL,"https://tirumalafinance.com/contact.php",NULL,NULL,NULL,"Tirumala Finance specializes in providing a spectrum of financial services to corporations, financial institutions, and high net worth individuals. They offer various loan products against shares, mutual funds, warehouse receipts, and IPOs. The company is registered in West Bengal, India.","MSME","{homepage:https://tirumalafinance.com/contact.php}","low","0.86"
992,"Tivoli Investment And Trading Company Pvt Ltd","TEMP-1771734772",NULL,NULL,"https://tivoli-investment-and-trading-company-private-limited.charteredone.com/U65990MH1981PTC024409",NULL,NULL,NULL,"TIVOLI INVESTMENT AND TRADING COMPANY PRIVATE LIMITED is a private limited company incorporated on 14 May 1981, involved in various activities such as event-based compliances, tax and audit services, and registration with government agencies.","Not specified on website","{homepage:https://tivoli-investment-and-trading-company-private-limited.charteredone.com/U65990MH1981PTC024409}","low","0.71"
993,"Todi Investments Ltd","TEMP-1771734775",NULL,NULL,"https://www.todiinvestors.com/about.php",NULL,NULL,NULL,"Todi Investors is an RBI-registered NBFC providing trusted financial solutions in housing finance, gold loans, and personal finance.","Multi-Product","{homepage:https://www.todiinvestors.com/about.php}","high","1.00"
994,"Track Fin-Ed (P) Ltd","TEMP-1771734777",NULL,NULL,"https://timesofindia.indiatimes.com/india/ed-slaps-rs-2100cr-fine-on-nbfc-for-loan-app-with-chinese-links/articleshow/114130856.cms",NULL,NULL,NULL,"Not specified on website","Not specified on website","{products:https://timesofindia.indiatimes.com/india/ed-slaps-rs-2100cr-fine-on-nbfc-for-loan-app-with-chinese-links/articleshow/114130856.cms/articleshowprint/114130856.cms,about:https://timesofindia.indiatimes.com/world/us/amid-groping-allegation-donald-trumps-past-comments-about-daughter-ivanka-viral/articleshow/114550651.cms,homepage:https://timesofindia.indiatimes.com/india/ed-slaps-rs-2100cr-fine-on-nbfc-for-loan-app-with-chinese-links/articleshow/114130856.cms}","low","0.57"
995,"Tradewell Capfin Private Limited","TEMP-1771734778",NULL,NULL,"https://www.tradewellcapfin.com/",NULL,NULL,NULL,"Tradewell Capfin Private Limited is a Hyderabad-based NBFC offering accessible, transparent, and customer-centric lending solutions since 2015. It provides loans against securities with several benefits such as convenient access of funds, maintaining ownership, flexible terms, low interest rates, and quick processing. The company focuses on responsible lending and financial inclusion.","MSME","{homepage:https://www.tradewellcapfin.com/}","high","1.00"
996,"Trans Securities Pvt Ltd","TEMP-1771734781",NULL,NULL,"https://www.transcansec.com/",NULL,NULL,NULL,"Trans Scan Securities Pvt. Ltd. is a financial services conglomerate offering various services under one roof, including equity and commodity trading, depository services, and research knowledge center.","Multi-Product","{homepage:https://www.transcansec.com/}","high","1.00"
997,"Transwarranty Finance Limited","TEMP-1771734782",NULL,NULL,"https://www.transwarranty.com/",NULL,NULL,NULL,"Transwarranty Finance Limited is a Mumbai (India) Head Quartered, full service Financial & Capital Market Services Company providing a wide range of services to Large, Small and Medium companies and thousands of retail clients all over India.","MSME","{products:https://www.transwarranty.com/Transwarranty/Services,about:https://www.transwarranty.com/Transwarranty/Aboutus,team:https://www.transwarranty.com/Transwarranty/Contact,homepage:https://www.transwarranty.com/}","medium","1.00"
998,"Trinidhi Finance (P) Ltd.","TEMP-1771734784",NULL,NULL,"https://trinidhifinance.in/tfpl/about-us/",NULL,NULL,NULL,"Trinidhi Finance Private Ltd. is an NBFC registered with the Reserve Bank of India in 2002, offering various loan products such as Business Loan, Bridge Loan, Loan Against Property, and Personal Loan, prioritizing transparency, speed, and convenience.","MSME","{about:https://trinidhifinance.in/tfpl/about-us/,products:https://trinidhifinance.in/tfpl/,team:https://trinidhifinance.in/tfpl/contact-us/,homepage:https://trinidhifinance.in/tfpl/about-us/}","high","1.00"
999,"True Credits Private Limited","TEMP-1771734786",NULL,NULL,"https://www.truecredits.in/",NULL,NULL,NULL,"True Credits is an NBFC that offers various loan products, including personal loans and digital lending through its partner True Balance. The company focuses on serving the underserved market with a neo-South Korean culture-driven approach. It has partnerships with other financial institutions to expand its services.","MSME","{about:https://www.truecredits.in/about,products:https://www.truecredits.in/loan-products,team:https://www.truecredits.in/partner,homepage:https://www.truecredits.in/}","high","1.00"
1000,"TSB Finance Pvt. Ltd","TEMP-1771734788",NULL,NULL,"https://www.tsbfinancepvtltd.com/products.html",NULL,NULL,NULL,"TSB Finance Private Limited is an RBI-registered NBFC that offers various financial products and services, including loans, to individuals and businesses. The company aims to provide smarter, faster, and more efficient financial services through its technology-driven platform. It has evolved from a traditional financial services provider into a modern financial solutions company.","Multi-Product","{homepage:https://www.tsbfinancepvtltd.com/products.html}","high","1.00"
1001,"TVS Holdings Limited","TEMP-1771734790",NULL,NULL,"https://www.tvsholdings.com/",NULL,NULL,NULL,"TVS Holdings Limited is a registered Core Investment Company that carries on the business of Non-Banking Financial Companies (NBFCs) without accepting public deposits.","MSME","{homepage:https://www.tvsholdings.com/}","high","1.00"
1002,"Twi-Light Marketing Pvt. Ltd.","TEMP-1771734792",NULL,NULL,"https://www.lightfinance.com/",NULL,NULL,NULL,"Light is a Non-Banking Finance Company that offers financial solutions to small businesses and entrepreneurs, providing working capital to empower their dreams. It aims to become the leading financial products and services company in India driven by its cutting-edge technology platform.","MSME","{about:https://www.lightfinance.com/about-us/,team:https://www.lightfinance.com/our-team/,homepage:https://www.lightfinance.com/,products:https://www.lightfinance.com/}","high","1.00"
1003,"Tycoon Credit &Portfolio Ltd.","TEMP-1771734794",NULL,NULL,"https://tycooncredit.in/",NULL,NULL,NULL,"Tycoon Credit And Portfolios Limited is a publicly listed Non-Banking Financial Company (NBFC) offering digital lending solutions to businesses and individuals. It provides various loan products, including personal loans, business loans, medical emergency loans, education loans, and loan against property. The company aims to revolutionize the traditional lending market by empowering organizations to offer fully automated and compliant digital lending services.","Multi-Product","{about:https://tycooncredit.in/about-us/,products:https://tycooncredit.in/loans/,homepage:https://tycooncredit.in/,team:https://tycooncredit.in/our-partners/}","high","1.00"
1004,"U.Y. Fincorp Limited","TEMP-1771734796",NULL,NULL,"https://uyfincorp.com/",NULL,NULL,NULL,"U. Y. Fincorp Limited is a RBI registered Non-Banking Financial Company providing inter corporate loans, personal loans and investments in securities and trading in securities.","Multi-Product","{products:https://uyfincorp.com/fund-based,team:https://uyfincorp.com/management-team,about:https://uyfincorp.com/company-overview,homepage:https://uyfincorp.com/}","high","1.00"
1005,"Uca Finvest Private Limited","TEMP-1771734798",NULL,NULL,"https://www.ucafinvest.com/",NULL,NULL,NULL,"UCA Finvest Private Limited is a Non-Banking Finance Company (NBFC) that focuses on consumer and MSME financing, offering personal loans, credit lines, business loans, and other financial solutions.","MSME","{team:https://www.ucafinvest.com/contact-us,products:https://www.ucafinvest.com/services,about:https://www.ucafinvest.com/about-us,homepage:https://www.ucafinvest.com/}","medium","0.86"
1006,"Udhyam Financial Services Private Limited","TEMP-1771734799",NULL,NULL,"https://udhyamfin.com/",NULL,NULL,NULL,"Udhyam Financial Services provides superior financial solutions to support entrepreneurs by developing sustainable finance models for MSMEs, ensuring easier and timely access to necessary funds.","MSME","{team:https://udhyamfin.com/contact-us/,about:https://udhyamfin.com/about-us/,homepage:https://udhyamfin.com/,products:https://udhyamfin.com/business-loan/}","high","1.00"
1007,"Ujjawal Fiscal Services Pvt. Ltd.","TEMP-1771734801",NULL,NULL,"https://www.ujjawalfiscal.com/",NULL,NULL,NULL,"Ujjawal Fiscal Services is a socially responsible financial institution that provides affordable finance to eligible rural borrowers for becoming entrepreneurs. They offer microcredit loans and comprehensive financial education programs to foster economic growth and improve livelihoods in rural India.","MSME","{team:https://www.ujjawalfiscal.com/about-us/leadership-team/,homepage:https://www.ujjawalfiscal.com/,about:https://www.ujjawalfiscal.com/about-us/,products:https://www.ujjawalfiscal.com/products-and-services/}","high","1.00"
1008,"Ulekh Vinimay (P) Ltd","TEMP-1771734803",NULL,NULL,"https://ulekh-vinimay-pvt-ltd.charteredone.com/U51909WB1995PTC074538",NULL,NULL,NULL,"ULEKH VINIMAY PVT LTD is a private limited company involved in Other Wholesale N.E.C. activities, and it has been operational for 30 years.","Not specified on website","{homepage:https://ulekh-vinimay-pvt-ltd.charteredone.com/U51909WB1995PTC074538}","medium","0.86"
1009,"Ultimate Management And Financial Services Private Limited","TEMP-1771734805",NULL,NULL,"https://ultimatefinindia.com/index.php/about/",NULL,NULL,NULL,"Ultimate Finance is a non-banking finance company offering a wide range of financial services to corporate and retail customers through various delivery channels. They provide funds with fair dealing and prompt disbursement on priority basis. The company is classified as a Non-govt company registered in West Bengal.","Multi-Product","{about:https://ultimatefinindia.com/index.php/about/,team:https://ultimatefinindia.com/index.php/contact/,homepage:https://ultimatefinindia.com/index.php/about/,products:https://ultimatefinindia.com/index.php/personal-loan/}","medium","0.86"
1010,"Ultra Portfolio Management Pvt. Ltd.","TEMP-1771734807",NULL,NULL,"https://ultraportfolio.in/",NULL,NULL,NULL,"Ultra Portfolio Management is a visionary NBFC committed to redefining the landscape of financial services, providing strategic financial solutions to businesses. They offer short-term business loans and working capital loans for e-commerce exporters. The company aims to empower businesses with innovative financial solutions.","MSME","{homepage:https://ultraportfolio.in/}","medium","0.86"
1011,"Umashiv Garments Pvt. Ltd","TEMP-1771734810",NULL,NULL,"https://umashiv-garments-pvt-ltd.charteredone.com/U18109WB1996PTC077627",NULL,NULL,NULL,"UMASHIV GARMENTS PVT LTD is a Private Limited company incorporated in India, involved in the manufacture of wearing apparel. It has an authorized share capital of Rs. 69,500,000 and a paid-up capital of Rs. 35,223,590. The company is classified as a Non-government company.","MSME","{homepage:https://umashiv-garments-pvt-ltd.charteredone.com/U18109WB1996PTC077627}","medium","0.86"
1012,"Unacco Financial Services Private Limited","TEMP-1771734812",NULL,NULL,"https://www.unacco.in/",NULL,NULL,NULL,"UNACCO Financial Services Pvt. Ltd is a non-deposit taking NBFC-MFI providing micro credit to woman entrepreneurs in areas with limited access to banking and financial services.","MSME","{homepage:https://www.unacco.in/,about:https://www.unacco.in/about-us,team:https://www.unacco.in/management-team,products:https://www.unacco.in/our-products}","medium","0.86"
1013,"United Credit Ltd.","TEMP-1771734813",NULL,NULL,"https://unitedcreditltd.com/",NULL,NULL,NULL,"United Credit Ltd. is a Non-Banking Financial Company registered with Reserve Bank of India, mainly involved in hire purchase, leasing and other financial services.","MSME","{homepage:https://unitedcreditltd.com/,about:https://unitedcreditltd.com/about-us/,team:https://unitedcreditltd.com/contact-us/}","high","1.00"
1014,"United Finsec Private Limited","TEMP-1771734816",NULL,NULL,"https://www.indiafinsec.in/",NULL,NULL,NULL,"India Finsec Limited is a private limited company that began operations in 1994 and voluntarily surrendered its NBFC-ICC registration to operate as an unregistered Core Investment Company. The company invests in subsidiaries or group companies within regulatory guidelines and approves strategic investments for further business growth. It focuses on providing gold loan solutions to individuals.","MSME","{homepage:https://www.indiafinsec.in/,about:https://www.indiafinsec.in/about-us/,team:https://www.indiafinsec.in/contact-us/}","medium","0.86"
1015,"Unitrade Assam Ltd.","TEMP-1771734818",NULL,NULL,"https://www.assamentrade.com/",NULL,NULL,NULL,NULL,NULL,NULL,NULL,NULL
1016,"Universal Fingrowth Private Limited","TEMP-1771734820",NULL,NULL,"https://www.universalfingrowth.com/",NULL,NULL,NULL,"Universal Fingrowth is a Non-Banking Finance Company (NBFC) that provides customized financial solutions to Small and Medium Business Owners, empowering them to transform their vision into reality.","MSME","{about:https://www.universalfingrowth.com/about-us/,team:https://www.universalfingrowth.com/contact/,products:https://www.universalfingrowth.com/product/,homepage:https://www.universalfingrowth.com/}","high","1.00"
1017,"Unnao Trading Pvt Ltd","TEMP-1771734822",NULL,NULL,"https://www.unnaotrading.com/",NULL,NULL,NULL,"Unnao Trading Pvt. Ltd. is a Non-Banking Financial Company (NBFC) based in Kolkata, West Bengal, India, established in 1994. It specializes in providing financial products and services to individual and corporate clients. The company offers personal loans and business loans.","MSME","{homepage:https://www.unnaotrading.com/}","medium","0.86"
1018,"Upercon Marketing Pvt. Ltd.","TEMP-1771734824",NULL,NULL,"https://upercon-marketing-private-limited.charteredone.com/U51909DL1993PTC053886",NULL,NULL,NULL,"UPERCON MARKETING PRIVATE LIMITED is a Non-government company involved in Other Wholesale N.E.C. activities, providing various financial services including registration, tax and audit, and more.","Multi-Product","{homepage:https://upercon-marketing-private-limited.charteredone.com/U51909DL1993PTC053886}","medium","0.86"
1019,"Upkar Leasing & Finance Company Pvt. Ltd.","TEMP-1771734825",NULL,NULL,"https://www.upkarfinance.com/",NULL,NULL,NULL,"Upkar Leasing & Finance Co. Pvt. Ltd is a non-banking financial company (NBFC) registered with RBI, providing various loan products such as business loans, personal loans, car loans, and gold loans to support small scale industrialists, traders, hoteliers, and businessmen.","MSME","{about:https://www.upkarfinance.com/about-us,products:https://www.upkarfinance.com,homepage:https://www.upkarfinance.com/}","high","1.00"
1020,"Uranium Finvest Company Private Limited","TEMP-1771734827",NULL,NULL,"https://company.vakilsearch.com/uranium-finvest-company-pvt-ltd/U51226WB1991PTC051831",NULL,NULL,NULL,"The NBFC provides various company registration services, including private limited company registration, partnership firm registration, and sole proprietorship registration.","Not specified on website","{products:https://company.vakilsearch.com/uranium-finvest-company-pvt-ltd/U51226WB1991PTC051831/chartered-accountant-services,homepage:https://company.vakilsearch.com/uranium-finvest-company-pvt-ltd/U51226WB1991PTC051831,about:https://company.vakilsearch.com,team:https://company.vakilsearch.com/uranium-finvest-company-pvt-ltd/U51226WB1991PTC051831/partnership-firm-registration}","medium","0.86"
1021,"USB Financial Corporation Ltd","TEMP-1771734829",NULL,NULL,"https://www.usbfinin.com/PrivacyPolicy.html",NULL,NULL,NULL,"USBFin is a Non-Banking Financial Company (NBFC) that provides loan services, officially authorized by USB FINANCIAL CORPORATION LIMITED. The company operates under the Corporate Identification Number (CIN): U65910UP1982PLC005784 and has its office in Ghaziabad, Uttar Pradesh. It offers various loan products to retail and business customers.","MSME","{homepage:https://www.usbfinin.com/PrivacyPolicy.html}","high","0.86"
1022,"Usha Finlease India Private Limited","TEMP-1771734831",NULL,NULL,"https://ushafin.com/",NULL,NULL,NULL,"Usha Finlease is an RBI-registered NBFC specializing in MSME loans and Loans Against Property with quick approvals, flexible terms, and personalized service.","MSME","{homepage:https://ushafin.com/}","high","1.00"
1023,"Utkarsh Motor Finance (P) Ltd","TEMP-1771734832",NULL,NULL,"https://www.utkarsh.bank.in/",NULL,NULL,NULL,"Utkarsh Small Finance Bank offers a range of financial services including personal and business loans, savings accounts, and investments. The bank has a focus on serving small businesses and individuals, with products such as MSME loans and micro banking facilities.","MSME","{homepage:https://www.utkarsh.bank.in/,products:https://www.utkarsh.bank.in/group-loans/,about:https://www.utkarsh.bank.in/about-us/,team:https://www.utkarsh.bank.in/personal/cards/rupay-debit-card/rupay-classic-international-contactless}","high","1.00"
1024,"Vagmi Capital Services Private Limited","TEMP-1771734834",NULL,NULL,"https://www.vagmicapital.com/blank-5",NULL,NULL,NULL,"Vagmi Capital is an NBFC that offers flexible and transparent financial solutions, focusing on personalization and simplicity. They provide various loan products, including vehicle loans and equipment financing, with a focus on reducing complexity and ensuring every step is straightforward. Their mission is to simplify the financing process and pave the way for growth.","MSME","{team:https://www.vagmicapital.com/blank-9,homepage:https://www.vagmicapital.com/blank-5,about:https://www.vagmicapital.com/aboutus,products:https://www.vagmicapital.com/blank-4}","high","1.00"
1025,"Vaibhav Vyapaar Pvt Ltd","TEMP-1771734836",NULL,NULL,"https://www.vaibhav-vyapaar.com/",NULL,NULL,NULL,"Vaibhav Vyapaar Private Limited is a leading NBFC offering various financial retail products, including personal loans and digital lending services. It aims to provide easy, effortless, and hassle-free cost-efficient financial support to customers from diverse income groups. The company uses cutting-edge technologies to deliver financial support.","MSME","{homepage:https://www.vaibhav-vyapaar.com/}","medium","0.86"
1026,"Valar Aditi Social Finance Private Ltd","TEMP-1771734838",NULL,NULL,"https://valaraditi.in/",NULL,NULL,NULL,"Valar Aditi Social Finance is a Micro Finance institution with a development focus, providing financial and social inclusion services to improve the standards of living of excluded people in society, specifically focusing on underprivileged women.","MSME","{products:https://valaraditi.in/finance-performance,team:https://valaraditi.in/management-team,about:https://valaraditi.in/about-us,homepage:https://valaraditi.in/}","high","1.00"
1027,"Valuefin India Credit Services Private Limited","TEMP-1771734840",NULL,NULL,"https://www.valuefin.in/",NULL,NULL,NULL,"ValueFin provides fast and flexible working capital loans tailored for VC-backed startups, offering competitive interest rates, rapid approvals, and no hidden charges.","MSME","{homepage:https://www.valuefin.in/}","high","1.00"
1028,"Valueline Securities Pvt.Ltd.","TEMP-1771734842",NULL,NULL,"https://valuelineloans.com/",NULL,NULL,NULL,"Valueline is an NBFC focused on providing growth capital to small businesses and entrepreneurs, offering loan against property and MSME loans with a personalized approach.","MSME","{products:https://valuelineloans.com/,team:https://valuelineloans.com/contact-us/,homepage:https://valuelineloans.com/,about:https://valuelineloans.com/about-us/}","high","0.86"
1029,"Vanchinad Finance Pvt. Ltd","TEMP-1771734844",NULL,NULL,"https://vanchinad.com/",NULL,NULL,NULL,"Vanchinad Finance Pvt. Ltd. is a non-deposit taking non-banking finance company offering Personal Loan, Business Loan, Gold Loan and Micro Finance Loans to rural people in Kerala and Tamil Nadu.","MSME","{products:https://vanchinad.com,homepage:https://vanchinad.com/,about:https://vanchinad.com//index.php/who-we-are/}","high","1.00"
1030,"Vani Commercials Ltd","TEMP-1771734847",NULL,NULL,"https://vanicommercials.com/",NULL,NULL,NULL,"Vani Commercials Limited is a listed NBFC empowering MSMEs and retail borrowers with tailored financing solutions since 1988. It operates strictly in compliance with applicable laws and RBI regulations. The company offers various loan products to its customers.","MSME","{products:https://vanicommercials.com/index.php/loan-products/,team:https://vanicommercials.com/index.php/contact/,about:https://vanicommercials.com/index.php/about-us/,homepage:https://vanicommercials.com/}","high","1.00"
1031,"Vardan Securities Pvt.Ltd","TEMP-1771734849",NULL,NULL,"https://vardanservices.com/digital-finance-products-accounting-solutions/",NULL,NULL,NULL,"Vardan Services is a digital transformation and software development company that provides solutions for business growth, security, and efficiency. They offer technology enablement services to businesses of all sizes, including government and private enterprises.","Multi-Product","{products:https://vardanservices.com/,homepage:https://vardanservices.com/digital-finance-products-accounting-solutions/,about:https://vardanservices.com/vardan-innovate-revenue-model/,team:https://vardanservices.com/contactus/}","medium","0.86"
1032,"Vasanti Finvest Pvt Ltd","TEMP-1771734851",NULL,NULL,"https://www.vasantifinvest.in/",NULL,NULL,NULL,"Vasantifinvest is a real estate-focused NBFC that provides funding to small and mid-sized developers, as well as rural sector partnerships, with the goal of empowering businesses and creating economic and social impact.","MSME","{homepage:https://www.vasantifinvest.in/}","high","1.00"
1033,"Vayoo Nandan Finance Co. Pvt. Ltd.","TEMP-1771734854",NULL,NULL,"https://vayoofin.com/",NULL,NULL,NULL,"Vayoo Nandan Finance Company Private Limited is a Non-Deposit Taking NBFC providing innovative and reliable financial services to meet the diverse needs of its customers. It offers customized business loan solutions, microfinance services, personal loans, trade finance, and asset financing. The company aims to empower individuals and businesses to achieve their financial goals.","MSME","{about:https://vayoofin.com/index.php/about,homepage:https://vayoofin.com/,products:https://vayoofin.com/index.php/our-service,team:https://vayoofin.com/index.php/contact}","high","1.00"
1034,"Ventura Guaranty Ltd","TEMP-1771734856",NULL,NULL,"https://www.venturaguaranty.com/",NULL,NULL,NULL,"Ventura Guaranty Limited is a Non-banking finance company registered with Reserve Bank of India, performing functions of an Investment Company. It aims to become an emerging player in the non-banking financial segment. The company is professionally managed and maintains a status backed by consistency, trust, transparency, and honesty.","MSME","{homepage:https://www.venturaguaranty.com/}","high","1.00"
1035,"Venus Barter Pvt Ltd","TEMP-1771734858",NULL,NULL,"https://www.venusbarter.com/",NULL,NULL,NULL,"Venus Barter Pvt Ltd is an RBI registered NBFC that specializes in personal loans, providing innovative financial solutions with a focus on trust, speed, and simplicity.","Personal Loans","{products:https://www.venusbarter.com/services,about:https://www.venusbarter.com/about,homepage:https://www.venusbarter.com/,team:https://www.venusbarter.com/contact}","medium","1.00"
1036,"Venus Star Investments Pvt Ltd","TEMP-1771734859",NULL,NULL,"https://venusstarindia.com/why-choose-venus-star-india",NULL,NULL,NULL,"Venus Star India is a real estate developer that offers construction services, focusing on superior craftsmanship and exceptional service. They deliver projects on time, within budget, and with unmatched precision. The company prioritizes customer satisfaction and sustainability.","Not specified on website","{homepage:https://venusstarindia.com/why-choose-venus-star-india}","medium","0.86"
1037,"Vibhuti Vyapaar Private Limited","TEMP-1771734861",NULL,NULL,"https://www.vaibhav-vyapaar.com/",NULL,NULL,NULL,"Vaibhav Vyapaar Private Limited is a leading NBFC offering various financial retail products, including personal loans and digital lending platform LoanFront. It aims to provide easy, effortless, and hassle-free cost-efficient financial support to customers from diverse income groups. The company uses cutting-edge technologies to deliver financial support.","MSME","{homepage:https://www.vaibhav-vyapaar.com/}","medium","0.86"
1038,"Vijay Finlease Ltd.","TEMP-1771734863",NULL,NULL,"https://digvijayfin.com/company-profile/",NULL,NULL,NULL,"Digvijay Finlease Limited is a Non-Deposit taking – Non Banking Financial Company (NBFC) engaged in the business of investment in shares & securities and financial activity, without any Public Funds or customer interface.","MSME","{about:https://digvijayfin.com/company-profile/,homepage:https://digvijayfin.com/company-profile/,team:https://digvijayfin.com/contact/}","high","1.00"
1039,"Vikas Finance And Credit Co. (P) Ltd.","TEMP-1771734866",NULL,NULL,"https://www.vikasmoney.com/",NULL,NULL,NULL,"Vikas Money Limited is an RBI-registered NBFC that offers a wide range of financial solutions, including gold loans, business loans, and consumer loans, with a focus on empowering individuals and businesses in rural communities and underserved segments.","Multi-Product","{team:https://www.vikasmoney.com/contact-us,homepage:https://www.vikasmoney.com/,products:https://www.vikasmoney.com/Our-Services/business-gold-loan,about:https://www.vikasmoney.com/about-us}","high","1.00"
1040,"Vinata Finance Solutions Private Limited","TEMP-1771734868",NULL,NULL,"https://vinata.in/",NULL,NULL,NULL,"Vinata Finance Solutions Private Limited is an NBFC that offers comprehensive vehicle financing solutions with competitive interest rates, flexible repayment options, and personalized solutions tailored to customers' needs.","Vehicle","{homepage:https://vinata.in/}","high","1.00"
1041,"Vindus Holdings Limited","TEMP-1771734870",NULL,NULL,"https://www.vindusholdings.com/",NULL,NULL,NULL,"Vindus Holdings Limited is a professional Non-Banking Financial Company (NBFC) providing personal loans and business loans to individual and corporate clients.","Business Loans","{homepage:https://www.vindusholdings.com/}","low","0.86"
1042,"Vishawas Finvest Private Limited","TEMP-1771734872",NULL,NULL,"https://www.vishawasfinvest.com/",NULL,NULL,NULL,"Vishawas Finvest is a comprehensive financial services provider offering vehicle finance, home loans, LAP, SME Loans, and other financial services to individual customers and micro & small medium enterprises.","SME","{products:https://www.vishawasfinvest.com/products,about:https://www.vishawasfinvest.com/opportunity,homepage:https://www.vishawasfinvest.com/,team:https://www.vishawasfinvest.com/contact}","low","1.00"
1043,"Vishwaratan Vinimay (P) Ltd","TEMP-1771734874",NULL,NULL,"https://vishwaratan-vinimay-pvt-ltd.charteredone.com/U51109WB1995PTC070596",NULL,NULL,NULL,"Vishwaratan Vinimay Pvt Ltd is a private limited company incorporated in India, involved in other passenger air-transport n.e.c. It provides various financial services including tax and audit services, registration, and compliances.","Not specified on website","{homepage:https://vishwaratan-vinimay-pvt-ltd.charteredone.com/U51109WB1995PTC070596}","medium","0.86"
1044,"Visolent India Private Limited","TEMP-1771734875",NULL,NULL,"https://www.visolent.com/",NULL,NULL,NULL,"3ES is a digitalized delivery platform of Visolent India Private Limited, providing working capital loans to MSMEs across the country.","MSME","{homepage:https://www.visolent.com/,about:https://www.visolent.com/about-us,team:https://www.visolent.com/contact-us}","medium","1.00"
1045,"Vivardhana Microfinance Ltd","TEMP-1771734877",NULL,NULL,"https://vivardhanamfl.co.in/",NULL,NULL,NULL,"Vivardhana Microfinance Limited is a Chennai-based NBFC-MFI that extends microfinance loans and services to underprivileged sections of society. The company operates in Tamilnadu and Puducherry, financing over Rs. 17 Crores to 7300+ clients. It offers various loan products, including individual small loans and joint lending group (JLG) micro loans.","MSME","{about:https://vivardhanamfl.co.in/about-us/,team:https://vivardhanamfl.co.in/management-team/,homepage:https://vivardhanamfl.co.in/,products:https://vivardhanamfl.co.in/products/}","high","1.00"
1046,"Vivriti Capital Limited*","TEMP-1771734880",NULL,NULL,"https://www.vivriticapital.com/",NULL,NULL,NULL,"Vivriti Group is a fintech NBFC that offers various financial solutions, including term loans, working capital demand loans, supply chain finance, and securitization. The company aims to empower mid-market enterprises with tailored debt solutions. It has raised INR 1,400 crore of equity since inception.","MSME","{team:https://www.vivriticapital.com/contact-us.html,about:https://www.vivriticapital.com/vivriti-group.html,homepage:https://www.vivriticapital.com/}","high","1.00"
1047,"VPG Finsec Private Limited","TEMP-1771734882",NULL,NULL,"https://www.indiafinsec.in/",NULL,NULL,NULL,"India Finsec Limited is a private limited company that began operations in 1994 and voluntarily surrendered its NBFC-ICC registration to operate as an unregistered Core Investment Company. The company invests in subsidiaries or group companies within regulatory guidelines and approves strategic investments for business growth. It focuses on providing gold loan solutions.","MSME","{homepage:https://www.indiafinsec.in/,about:https://www.indiafinsec.in/about-us/,team:https://www.indiafinsec.in/contact-us/}","medium","0.86"
1048,"VRA Finance and Investments Private Limited","TEMP-1771734883",NULL,NULL,"https://vrafinance.com/know-your-customer-kyc-and-anti-money-launderingaml-policy/",NULL,NULL,NULL,"VRA Finance is a leading Non-Banking Finance Company that provides financial solutions to small, medium and startup enterprises in India. They offer quick and easy corporate loans tailored to the specific needs of businesses, with competitive interest rates and flexible repayment options.","MSME","{about:https://vrafinance.com/about-us/,homepage:https://vrafinance.com/know-your-customer-kyc-and-anti-money-launderingaml-policy/,products:https://vrafinance.com/,team:https://vrafinance.com/contact-us/}","high","1.00"
1049,"Vraddhi Finvest Private Limited","TEMP-1771734885",NULL,NULL,"https://vraddhifinvest.com/",NULL,NULL,NULL,"Vraddhi Finvest Pvt Ltd is a financial services company offering loans for various purposes, including business expansion, personal needs, and property financing. They provide tailored funding solutions with minimal documentation and competitive interest rates. The company aims to support growth by delivering reliable and transparent financing.","Multi-Product","{team:https://vraddhifinvest.com/contact-us/,products:https://vraddhifinvest.com/services/,homepage:https://vraddhifinvest.com/}","medium","0.86"
1050,"Vrinda Finlease Limited","TEMP-1771734887",NULL,NULL,"https://www.vrindafinlease.com/",NULL,NULL,NULL,"VRINDA FINLEASE LIMITED is a Non-Banking Finance Company (NBFC) registered with the Reserve Bank of India (RBI), providing swift and accessible financial solutions to address immediate financial needs.","MSME","{about:https://www.vrindafinlease.com/about-us,team:https://www.vrindafinlease.com/contact-us,homepage:https://www.vrindafinlease.com/}","medium","1.00"
1051,"Vruksha Microfin Private Limited","TEMP-1771734890",NULL,NULL,"https://www.vrukshamicrofin.com/",NULL,NULL,NULL,"Vrukshamicrofin is an NBFC-MFI that provides micro finance services, with a paid-up capital of Rs. 20.00Cr and a team of experts guided by CEO Mr. D. Ramesh and Executive Director Mr. G. Velu.","MSME","{products:https://www.vrukshamicrofin.com/micro-finance/,team:https://www.vrukshamicrofin.com/management/,homepage:https://www.vrukshamicrofin.com/,about:https://www.vrukshamicrofin.com/about-us/}","medium","0.86"
1052,"Waqt Finance Private Ltd.","TEMP-1771734891",NULL,NULL,"https://waqtfinance.com/",NULL,NULL,NULL,"Waqt Finance is a digital lending platform that provides quick, paperless personal loans with transparent terms to salaried and self-employed individuals. They offer various loan products for small businesses, including MSME loans, home loans, car loans, and gold loans. The company aims to make finance simple, fast, and accessible for individuals and businesses.","MSME","{homepage:https://waqtfinance.com/}","high","1.00"
1053,"Weekline Investment & Trading Co. Ltd.","TEMP-1771734893",NULL,NULL,"https://www.weekline.in/",NULL,NULL,NULL,"Weekline Investment and Trading Company Ltd is a Delhi-based Non-Banking Financial Company (NBFC) providing Short-Term Loans, Personal Loans, and Gold Loans. It leverages an AI-enabled fintech platform to ensure a seamless lending experience with efficient approvals and timely disbursals.","Multi-Product","{homepage:https://www.weekline.in/}","medium","0.86"
1054,"Wesghats Finance Limited (Earlier known as Wesghats Micro Finance Limited)","TEMP-1771734895",NULL,NULL,"https://www.wesghatslimited.in/",NULL,NULL,NULL,"Wesghats Micro Finance Limited is a microfinance company providing loans to salaried and self-employed individuals for various purposes, including vehicle purchase, small business, travel, home purchase/renovation, and rural households.","MSME","{products:https://www.wesghatslimited.in/products,team:https://www.wesghatslimited.in/contact-us,homepage:https://www.wesghatslimited.in/,about:https://www.wesghatslimited.in/about-us}","medium","0.86"
1055,"Winro Commercial (India) Ltd.","TEMP-1771734897",NULL,NULL,"https://www.winrocommercial.com/",NULL,NULL,NULL,"Winro Commercial India Limited is a systemically important Non-Banking Financial Company registered with the Reserve Bank of India (RBI) and carries out Lending & investment Activities.","MSME","{homepage:https://www.winrocommercial.com/}","high","1.00"
1056,"Wise Investment (P) Ltd","TEMP-1771734900",NULL,NULL,"https://wise.com/",NULL,NULL,NULL,"Wise is a digital money transfer service that allows individuals and businesses to send, spend, and convert money internationally. It offers a personal account for individuals and a business platform for start-ups and scale-ups. The company provides multi-currency accounts, debit cards, and fast international transfers with competitive fees.","Multi-Product","{about:https://wise.com/in/card/,homepage:https://wise.com/,team:https://wise.com/in/business/manage-team}","high","1.00"
1057,"Yaduka Financial Services Limited ( Formerly P R Vyapaar Pvt Ltd)","TEMP-1771734901",NULL,NULL,"https://www.cayaduka.com/",NULL,NULL,NULL,"The website provides various services including accounting, audit, corporate services, and tax-related services. It also offers calculators for different taxes and financial tools. The company seems to cater to a wide range of customers, including businesses and individuals.","Multi-Product","{homepage:https://www.cayaduka.com/,products:https://www.cayaduka.com/resource/Services/TDS2.aspx,team:https://www.cayaduka.com/resource/Partners.aspx,about:https://www.cayaduka.com/resources/Bulletins/Corporate_Matters/Corporate_Matters.aspx}","medium","0.86"
1058,"Yaksh Infinlease Pvt.Ltd","TEMP-1771734903",NULL,NULL,"https://www.yakshinfinlease.com/",NULL,NULL,NULL,"Yaksh Infinlease PVT LTD is an NBFC providing instant financial solutions and facilitating digital lending for fintech startups, with services including emergency loans and Short Ticket Loans.","MSME","{homepage:https://www.yakshinfinlease.com/}","medium","0.86"
1059,"Yashik Finlease Pvt.Ltd","TEMP-1771734905",NULL,NULL,"https://yashikfinlease.com/",NULL,NULL,NULL,"Yashik Finlease Pvt. Ltd. is a private company that specializes in offering innovative financial services designed to meet the diverse needs of both individuals and businesses, with a focus on digital lending solutions.","Multi-Product","{homepage:https://yashikfinlease.com/}","high","1.00"
1060,"Yashman Deepak Ltd.","TEMP-1771734907",NULL,NULL,"https://yashmandeepak.com/",NULL,NULL,NULL,"YASHMAN DEEPAK LTD. is a Non Banking Financial Company (NBFC) providing various financial solutions, including corporate lending, loan against property, gold loans, and special situations lending.","Multi-Product","{about:https://yashmandeepak.com/about-us/,team:https://yashmandeepak.com/contact-us/,homepage:https://yashmandeepak.com/,products:https://yashmandeepak.com/products/}","medium","0.86"
1061,"Yuvaraj Agrofin (P) Ltd","TEMP-1771734909",NULL,NULL,"https://yuvarajfinance.in/",NULL,NULL,NULL,"Yuvaraj Finance Private Limited is a Non-Banking Financial Company (NBFC) providing lending solutions to individual customers across geographies.","MSME","{team:https://yuvarajfinance.in/partners/,homepage:https://yuvarajfinance.in/,about:https://yuvarajfinance.in/about-us-3/,products:https://yuvarajfinance.in/}","medium","1.00"
1062,"Yuvaraj Finance (Pvt) Ltd.","TEMP-1771734912",NULL,NULL,"https://yuvarajfinance.in/",NULL,NULL,NULL,"Yuvaraj Finance Private Limited is a Non-Banking Financial Company (NBFC) providing lending solutions to individual customers across geographies.","MSME","{team:https://yuvarajfinance.in/partners/,homepage:https://yuvarajfinance.in/,about:https://yuvarajfinance.in/about-us-3/,products:https://yuvarajfinance.in/}","medium","1.00"
1063,"YVU Financial Services Pvt.Ltd. (Formerly known as Chand Fairdeal Financiers Pvt.Ltd.)","TEMP-1771734913",NULL,NULL,"https://www.yvumf.com/",NULL,NULL,NULL,"YVU Financial is a microfinance institution providing microfinance services in Manipur, Assam, and Tripura. It offers various loan products with outstanding amounts of ₹216,918,418, ₹48,730,359, and ₹18,90,50,681. The company has received NBFC-MFI registration certificate from Reserve Bank of India.","MSME","{homepage:https://www.yvumf.com/}","medium","0.86"
1064,"Zeal Holdings Private Limited","TEMP-1771734915",NULL,NULL,"https://www.zealholdings.in/",NULL,NULL,NULL,"Zeal Holdings is an RBI-registered NBFC providing business loans, working capital loans, supply chain finance, and other financial solutions for MSMEs. They offer flexible repayment options, competitive interest rates, and dedicated relationship managers. Their products cater to small and medium businesses, corporate enterprises, and emerging enterprises.","MSME","{homepage:https://www.zealholdings.in/}","high","1.00"
